"text","intent"
"Θα ήθελα ένα πιστοποιητικό οικογενειακής κατάστασης.","πιστοποιητικό_οικογενειακής_κατάστασης"
"Μπορώ να βγάλω το χαρτί που δείχνει την οικογενειακή μου κατάσταση;","πιστοποιητικό_οικογενειακής_κατάστασης"
"Χρειάζομαι πιστοποιητικό οικογενειακής κατάστασης για μια αίτηση.","πιστοποιητικό_οικογενειακής_κατάστασης"
"Μπορείτε να μου δώσετε το πιστοποιητικό που φαίνεται η οικογενειακή μου κατάσταση;","πιστοποιητικό_οικογενειακής_κατάστασης"
"Πού κάνω αίτηση για οικογενειακή κατάσταση;","πιστοποιητικό_οικογενειακής_κατάστασης"
"Χρειάζομαι το έγγραφο που αναφέρει ποιοι είναι στην οικογένειά μου.","πιστοποιητικό_οικογενειακής_κατάστασης"
"Ψάχνω να κατεβάσω το πιστοποιητικό οικογενειακής κατάστασης από το gov.gr.","πιστοποιητικό_οικογενειακής_κατάστασης"
"Θέλω ένα χαρτί που να φαίνεται ότι είμαι παντρεμένος και έχω δύο παιδιά.","πιστοποιητικό_οικογενειακής_κατάστασης"
"Υπάρχει τρόπος να το πάρω ηλεκτρονικά το πιστοποιητικό οικογενειακής κατάστασης;","πιστοποιητικό_οικογενειακής_κατάστασης"
"Είναι για μια δημόσια υπηρεσία ζητάνε οικογενειακή κατάσταση.","πιστοποιητικό_οικογενειακής_κατάστασης"
"Θέλω να βγάλω το πιστοποιητικό που δείχνει την οικογενειακή μου σύνθεση.","πιστοποιητικό_οικογενειακής_κατάστασης"
"Πού μπορώ να βρω το πιστοποιητικό οικογενειακής κατάστασης;","πιστοποιητικό_οικογενειακής_κατάστασης"
"Πώς μπορώ να πάρω πιστοποιητικό για την οικογένειά μου;","πιστοποιητικό_οικογενειακής_κατάστασης"
"Μπορώ να το εκδώσω online το πιστοποιητικό οικογενειακής κατάστασης;","πιστοποιητικό_οικογενειακής_κατάστασης"
"Χρειάζομαι ένα χαρτί που να δείχνει ότι είμαι άγαμος.","πιστοποιητικό_οικογενειακής_κατάστασης"
"Πού υποβάλλω αίτηση για να βγάλω την οικογενειακή μου κατάσταση;","πιστοποιητικό_οικογενειακής_κατάστασης"
"Θα ήθελα ένα επίσημο έγγραφο που να αναφέρει τα μέλη της οικογένειάς μου.","πιστοποιητικό_οικογενειακής_κατάστασης"
"Χρειάζομαι το πιστοποιητικό οικογενειακής κατάστασης για τον ΟΑΕΔ.","πιστοποιητικό_οικογενειακής_κατάστασης"
"Γίνεται να το βγάλω από το ΚΕΠ το πιστοποιητικό οικογενειακής κατάστασης;","πιστοποιητικό_οικογενειακής_κατάστασης"
"Πού μπορώ να εκτυπώσω την οικογενειακή μου κατάσταση από το διαδίκτυο;","πιστοποιητικό_οικογενειακής_κατάστασης"
"Χρειάζομαι ένα έγγραφο που να βεβαιώνει την οικογενειακή μου κατάσταση.","πιστοποιητικό_οικογενειακής_κατάστασης"
"Πώς μπορώ να εκδώσω επίσημα την οικογενειακή μου κατάσταση;","πιστοποιητικό_οικογενειακής_κατάστασης"
"Θέλω να κατεβάσω το πιστοποιητικό που δείχνει πόσα μέλη έχει η οικογένειά μου.","πιστοποιητικό_οικογενειακής_κατάστασης"
"Γίνεται να μου στείλετε την οικογενειακή μου κατάσταση με email;","πιστοποιητικό_οικογενειακής_κατάστασης"
"Πού μπορώ να κάνω αίτηση για να πάρω την κατάσταση της οικογένειάς μου;","πιστοποιητικό_οικογενειακής_κατάστασης"
"Υπάρχει δυνατότητα να εκδοθεί ψηφιακά το έγγραφο για την οικογενειακή μου σύνθεση;","πιστοποιητικό_οικογενειακής_κατάστασης"
"Θα ήθελα να πάρω το αποδεικτικό της οικογενειακής μου κατάστασης για δικαστική χρήση.","πιστοποιητικό_οικογενειακής_κατάστασης"
"Χρειάζομαι βεβαίωση για την οικογενειακή μου κατάσταση για χρήση στο εξωτερικό.","πιστοποιητικό_οικογενειακής_κατάστασης"
"Ποια είναι η διαδικασία για να αποκτήσω πιστοποιητικό οικογενειακής σύνθεσης;","πιστοποιητικό_οικογενειακής_κατάστασης"
"Πώς μπορώ να αποδείξω επίσημα ότι είμαι γονέας δύο παιδιών;","πιστοποιητικό_οικογενειακής_κατάστασης"
"Μπορώ να πάρω οικογενειακή κατάσταση για συγγενή μου;","πιστοποιητικό_οικογενειακής_κατάστασης"
"Χρειάζομαι οικογενειακή κατάσταση για επίδομα παιδιού.","πιστοποιητικό_οικογενειακής_κατάστασης"
"Θα ήθελα να δω αν φαίνονται τα παιδιά μου στην οικογενειακή κατάσταση.","πιστοποιητικό_οικογενειακής_κατάστασης"
"Το σχολείο ζήτησε οικογενειακή κατάσταση για εγγραφή – πώς την παίρνω;","πιστοποιητικό_οικογενειακής_κατάστασης"
"Υπάρχει τρόπος να εκδοθεί οικογενειακή κατάσταση για χρήση στην πρεσβεία;","πιστοποιητικό_οικογενειακής_κατάστασης"
"Πώς μπορώ να λάβω τη νέα μου οικογενειακή κατάσταση μετά από διαζύγιο;","πιστοποιητικό_οικογενειακής_κατάστασης"
"Το επίδομα στέγασης ζητάει οικογενειακή κατάσταση, πού την βρίσκω;","πιστοποιητικό_οικογενειακής_κατάστασης"
"Πρέπει να αποδείξω ότι δεν έχω παιδιά – βγαίνει αυτό στο πιστοποιητικό;","πιστοποιητικό_οικογενειακής_κατάστασης"
"Θέλω έγγραφο που να δείχνει ότι συζώ με τον/την σύντροφό μου – τι ισχύει;","πιστοποιητικό_οικογενειακής_κατάστασης"
"Χρειάζομαι πιστοποιητικό οικογενειακής κατάστασης με σφραγίδα και υπογραφή.","πιστοποιητικό_οικογενειακής_κατάστασης"
"Γίνεται να παραλάβει άλλος το πιστοποιητικό οικογενειακής μου κατάστασης;","πιστοποιητικό_οικογενειακής_κατάστασης"
"Το δικαστήριο ζητάει επίσημο χαρτί για την οικογενειακή μου κατάσταση – πώς το εκδίδω;","πιστοποιητικό_οικογενειακής_κατάστασης"
"Υπάρχει ειδικό έντυπο για την οικογενειακή κατάσταση σε περίπτωση θανάτου μέλους;","πιστοποιητικό_οικογενειακής_κατάστασης"
"Μπορώ να λάβω οικογενειακή κατάσταση χωρίς να είμαι ο αιτών;","πιστοποιητικό_οικογενειακής_κατάστασης"
"Χρειάζομαι οικογενειακή κατάσταση που να περιλαμβάνει και τον πρώην σύζυγό μου.","πιστοποιητικό_οικογενειακής_κατάστασης"
"Θα ήθελα αναλυτικό έγγραφο με τα τέκνα μου και την ημερομηνία γέννησής τους.","πιστοποιητικό_οικογενειακής_κατάστασης"
"Πώς μπορώ να επικαιροποιήσω τα στοιχεία της οικογενειακής μου κατάστασης;","πιστοποιητικό_οικογενειακής_κατάστασης"
"Το ληξιαρχείο μου είπε να πάρω οικογενειακή κατάσταση για αλλαγή στοιχείων.","πιστοποιητικό_οικογενειακής_κατάστασης"
"Χρειάζομαι πιστοποιητικό οικογενειακής κατάστασης για μεταδημότευση.","πιστοποιητικό_οικογενειακής_κατάστασης"
"Θέλω το έγγραφο που φαίνεται πως είμαι μονογονεϊκή οικογένεια.","πιστοποιητικό_οικογενειακής_κατάστασης"
"Μετά τον γάμο μου, τι πρέπει να κάνω για να ενημερώσω την οικογενειακή μου κατάσταση;","πιστοποιητικό_οικογενειακής_κατάστασης"
"Ο παππούς μου απεβίωσε και χρειάζομαι το πιστοποιητικό της οικογένειάς μας για την κληρονομιά.","πιστοποιητικό_οικογενειακής_κατάστασης"
"Πώς μπορώ να δω αν τα στοιχεία της οικογένειάς μου στο δημοτολόγιο είναι σωστά;","πιστοποιητικό_οικογενειακής_κατάστασης"
"Χρειάζομαι ένα χαρτί για τα μέλη της οικογένειάς μου, αλλά ο σύζυγός μου λείπει στο εξωτερικό.","πιστοποιητικό_οικογενειακής_κατάστασης"
"Πρέπει να καταθέσω πιστοποιητικό οικογενειακής κατάστασης για να κάνω φορολογική δήλωση.","πιστοποιητικό_οικογενειακής_κατάστασης"
"Η φοιτητική εστία ζητάει πιστοποιητικό για να αποδείξω ότι είμαι άγαμος.","πιστοποιητικό_οικογενειακής_κατάστασης"
"Τι δικαιολογητικά χρειάζομαι για να πάρω πιστοποιητικό οικογενειακής κατάστασης για το παιδί μου;","πιστοποιητικό_οικογενειακής_κατάστασης"
"Πρέπει να ανανεώσω το πιστοποιητικό οικογενειακής μου κατάστασης;","πιστοποιητικό_οικογενειακής_κατάστασης"
"Θέλω να βεβαιώσω την οικογενειακή μου κατάσταση για να πάρω δάνειο.","πιστοποιητικό_οικογενειακής_κατάστασης"
"Το πιστοποιητικό οικογενειακής κατάστασης που έχω είναι παλιό, πώς παίρνω ένα καινούριο;","πιστοποιητικό_οικογενειακής_κατάστασης"
"Πώς μπορώ να αποκτήσω πιστοποιητικό οικογενειακής κατάστασης για άτομο με αναπηρία;","πιστοποιητικό_οικογενειακής_κατάστασης"
"Ψάχνω για το έγγραφο που να αποδεικνύει την οικογενειακή μου κατάσταση για το επίδομα θέρμανσης.","πιστοποιητικό_οικογενειακής_κατάστασης"
"Είναι η οικογενειακή μου κατάσταση απαραίτητη για να λάβω το κοινωνικό τιμολόγιο της ΔΕΗ;","πιστοποιητικό_οικογενειακής_κατάστασης"
"Πώς μπορώ να ζητήσω ένα πιστοποιητικό που να αναφέρει όλα τα μέλη της οικογένειάς μου;","πιστοποιητικό_οικογενειακής_κατάστασης"
"Θέλω να υποβάλω αίτηση για το voucher τουρισμού και ζητάνε πιστοποιητικό οικογενειακής κατάστασης.","πιστοποιητικό_οικογενειακής_κατάστασης"
"Ο πρώην σύζυγός μου έχει αποβιώσει και χρειάζομαι πιστοποιητικό για την οικογένειά μας.","πιστοποιητικό_οικογενειακής_κατάστασης"
"Πρέπει να πάω στο δημαρχείο για να βγάλω την οικογενειακή μου κατάσταση;","πιστοποιητικό_οικογενειακής_κατάστασης"
"Χρειάζομαι πιστοποιητικό οικογενειακής κατάστασης για το εξωτερικό.","πιστοποιητικό_οικογενειακής_κατάστασης"
"Πώς μπορώ να πάρω πιστοποιητικό οικογενειακής κατάστασης για τους γονείς μου;","πιστοποιητικό_οικογενειακής_κατάστασης"
"Απέκτησα ένα παιδί και θέλω να το δηλώσω, χρειάζομαι πιστοποιητικό οικογενειακής κατάστασης;","πιστοποιητικό_οικογενειακής_κατάστασης"
"Η σχολική εφορεία ζητάει πιστοποιητικό για την οικογενειακή μου κατάσταση.","πιστοποιητικό_οικογενειακής_κατάστασης"
"Για να βγάλω διαβατήριο για το παιδί μου, μου ζητάνε πιστοποιητικό οικογενειακής κατάστασης.","πιστοποιητικό_οικογενειακής_κατάστασης"
"Πώς μπορώ να βεβαιώσω την οικογενειακή μου κατάσταση για να πάρω επίδομα ενοικίου;","πιστοποιητικό_οικογενειακής_κατάστασης"
"Το πιστοποιητικό που είχα λήγει σύντομα, πώς μπορώ να πάρω ένα καινούριο;","πιστοποιητικό_οικογενειακής_κατάστασης"
"Θέλω να δηλώσω την σύναψη συμφώνου συμβίωσης στο πιστοποιητικό μου.","πιστοποιητικό_οικογενειακής_κατάστασης"
"Χρειάζομαι ένα πιστοποιητικό που να αναφέρει την οικογενειακή μου σύνθεση για το ταμείο σύνταξης.","πιστοποιητικό_οικογενειακής_κατάστασης"
"Πώς μπορώ να ενημερώσω την οικογενειακή μου κατάσταση μετά από θάνατο συγγενή;","πιστοποιητικό_οικογενειακής_κατάστασης"
"Χρειάζομαι πιστοποιητικό οικογενειακής κατάστασης για την εγγραφή του παιδιού μου στον παιδικό σταθμό.","πιστοποιητικό_οικογενειακής_κατάστασης"
"Πώς μπορώ να εκδώσω το πιστοποιητικό οικογενειακής κατάστασης μέσω του κινητού μου;","πιστοποιητικό_οικογενειακής_κατάστασης"
"Υπάρχει κάποιο κόστος για την έκδοση του πιστοποιητικού οικογενειακής κατάστασης;","πιστοποιητικό_οικογενειακής_κατάστασης"
"Μπορώ να ζητήσω το πιστοποιητικό οικογενειακής κατάστασης από το προξενείο αν είμαι στο εξωτερικό;","πιστοποιητικό_οικογενειακής_κατάστασης"
"Θέλω να δω αν ο γιος μου περιλαμβάνεται ακόμα στην οικογενειακή μου μερίδα.","πιστοποιητικό_οικογενειακής_κατάστασης"
"Ποια έγγραφα πρέπει να προσκομίσω στο δήμο για να βγει η οικογενειακή μου κατάσταση;","πιστοποιητικό_οικογενειακής_κατάστασης"
"Χρειάζομαι το πιστοποιητικό οικογενειακής κατάστασης για να πάρω την άδεια μητρότητας.","πιστοποιητικό_οικογενειακής_κατάστασης"
"Είναι απαραίτητο το πιστοποιητικό οικογενειακής κατάστασης για την έκδοση κάρτας ανεργίας;","πιστοποιητικό_οικογενειακής_κατάστασης"
"Πώς θα πάρω το πιστοποιητικό αν η οικογενειακή μου μερίδα είναι σε άλλο δήμο;","πιστοποιητικό_οικογενειακής_κατάστασης"
"Μπορώ να εκδώσω πιστοποιητικό οικογενειακής κατάστασης για τον θανόντα σύζυγό μου;","πιστοποιητικό_οικογενειακής_κατάστασης"
"Θέλω ένα αντίγραφο της οικογενειακής μου κατάστασης για να το καταθέσω στην τράπεζα.","πιστοποιητικό_οικογενειακής_κατάστασης"
"Πόσο καιρό ισχύει το πιστοποιητικό οικογενειακής κατάστασης από τη στιγμή που θα εκδοθεί;","πιστοποιητικό_οικογενειακής_κατάστασης"
"Χρειάζομαι το έγγραφο της οικογενειακής κατάστασης για να αποδείξω την πολυτεκνία μου.","πιστοποιητικό_οικογενειακής_κατάστασης"
"Πώς μπορώ να διορθώσω ένα λάθος στο όνομα του παιδιού μου στην οικογενειακή κατάσταση;","πιστοποιητικό_οικογενειακής_κατάστασης"
"Μπορώ να εκδώσω το πιστοποιητικό οικογενειακής κατάστασης αν έχω κάνει σύμφωνο συμβίωσης;","πιστοποιητικό_οικογενειακής_κατάστασης"
"Χρειάζεται να κλείσω ραντεβού στο ΚΕΠ για να πάρω την οικογενειακή μου κατάσταση;","πιστοποιητικό_οικογενειακής_κατάστασης"
"Θέλω το πιστοποιητικό οικογενειακής κατάστασης για να το χρησιμοποιήσω σε διαγωνισμό του ΑΣΕΠ.","πιστοποιητικό_οικογενειακής_κατάστασης"
"Πώς μπορώ να βρω την οικογενειακή μου μερίδα online;","πιστοποιητικό_οικογενειακής_κατάστασης"
"Χρειάζομαι πιστοποιητικό οικογενειακής κατάστασης για να γραφτώ στο κοινωνικό φροντιστήριο.","πιστοποιητικό_οικογενειακής_κατάστασης"
"Μπορεί η σύζυγός μου να πάρει το πιστοποιητικό οικογενειακής κατάστασης χωρίς εξουσιοδότηση;","πιστοποιητικό_οικογενειακής_κατάστασης"
"Πού μπορώ να δω το ιστορικό της οικογενειακής μου κατάστασης;","πιστοποιητικό_οικογενειακής_κατάστασης"
"Θέλω να βγάλω οικογενειακή κατάσταση για να πάρω το επίδομα παιδιού της πρόνοιας.","πιστοποιητικό_οικογενειακής_κατάστασης"
"Χρειάζομαι το πιστοποιητικό για να αποδείξω ότι είμαι προστάτης οικογένειας.","πιστοποιητικό_οικογενειακής_κατάστασης"

"Θα ήθελα να πάρω το πιστοποιητικό γέννησής μου.","πιστοποιητικό_γέννησης"
"Χρειάζομαι το χαρτί που δείχνει πότε και πού γεννήθηκα.","πιστοποιητικό_γέννησης"
"Πού μπορώ να βγάλω πιστοποιητικό γέννησης;","πιστοποιητικό_γέννησης"
"Θέλω να κατεβάσω το πιστοποιητικό γέννησης του παιδιού μου.","πιστοποιητικό_γέννησης"
"Μπορώ να έχω ένα αντίγραφο του πιστοποιητικού γέννησης;","πιστοποιητικό_γέννησης"
"Χρειάζομαι το πιστοποιητικό γέννησης για επίσημη χρήση.","πιστοποιητικό_γέννησης"
"Υπάρχει τρόπος να παραλάβω ψηφιακά το πιστοποιητικό γέννησης;","πιστοποιητικό_γέννησης"
"Πρέπει να καταθέσω πιστοποιητικό γέννησης σε μια υπηρεσία.","πιστοποιητικό_γέννησης"
"Το νοσοκομείο μου ζήτησε το πιστοποιητικό γέννησης του παιδιού.","πιστοποιητικό_γέννησης"
"Πώς μπορώ να εκδώσω το πιστοποιητικό γέννησης για δεύτερη φορά;","πιστοποιητικό_γέννησης"
"Θέλω να βγάλω το πιστοποιητικό γέννησης επειδή το έχασα.","πιστοποιητικό_γέννησης"
"Γίνεται να στείλετε το πιστοποιητικό γέννησης με email;","πιστοποιητικό_γέννησης"
"Μπορώ να το παραλάβω από το ληξιαρχείο το πιστοποιητικό γέννησης;","πιστοποιητικό_γέννησης"
"Χρειάζομαι το πιστοποιητικό γέννησης μεταφρασμένο στα αγγλικά.","πιστοποιητικό_γέννησης"
"Θα ήθελα ένα αντίγραφο του ληξιαρχικού πιστοποιητικού γέννησης.","πιστοποιητικό_γέννησης"
"Πού μπορώ να βρω το έγγραφο που αποδεικνύει την ημερομηνία γέννησής μου;","πιστοποιητικό_γέννησης"
"Μπορώ να αποκτήσω το πιστοποιητικό γέννησης του παιδιού μου ηλεκτρονικά;","πιστοποιητικό_γέννησης"
"Χρειάζομαι επίσημη βεβαίωση για τα στοιχεία γέννησης.","πιστοποιητικό_γέννησης"
"Θέλω να αιτηθώ ένα νέο πιστοποιητικό γέννησης λόγω απώλειας.","πιστοποιητικό_γέννησης"
"Πώς γίνεται να εκδώσω ξανά το πιστοποιητικό που δείχνει πού γεννήθηκα;","πιστοποιητικό_γέννησης"
"Ζητώ το έγγραφο γέννησης για να το χρησιμοποιήσω στην πρεσβεία.","πιστοποιητικό_γέννησης"
"Θα ήθελα ένα αντίγραφο του πιστοποιητικού γέννησης για μεταφραστική χρήση.","πιστοποιητικό_γέννησης"
"Ποια είναι η διαδικασία για την απόκτηση ληξιαρχικής πράξης γέννησης;","πιστοποιητικό_γέννησης"
"Ζητείται το πιστοποιητικό γέννησης για τη βάπτιση, πού το βρίσκω;","πιστοποιητικό_γέννησης"
"Πώς μπορώ να παραλάβω πιστοποιητικό γέννησης από τα ΚΕΠ;","πιστοποιητικό_γέννησης"
"Η υπηρεσία στρατολογίας ζητά πιστοποιητικό γέννησης – πώς το εκδίδω;","πιστοποιητικό_γέννησης"
"Το σχολείο ζητάει πρόσφατο πιστοποιητικό γέννησης για το παιδί μου.","πιστοποιητικό_γέννησης"
"Πώς να ζητήσω πιστοποιητικό γέννησης αν είμαι στο εξωτερικό;","πιστοποιητικό_γέννησης"
"Χρειάζομαι αντίγραφο πιστοποιητικού γέννησης για έκδοση ΑΜΚΑ.","πιστοποιητικό_γέννησης"
"Μπορώ να λάβω το πιστοποιητικό γέννησης μέσω φυσικού ταχυδρομείου;","πιστοποιητικό_γέννησης"
"Θέλω να εκδώσω πιστοποιητικό γέννησης για υιοθετημένο παιδί.","πιστοποιητικό_γέννησης"
"Πού υποβάλλω αίτηση για διορθωμένο πιστοποιητικό γέννησης (λάθος όνομα);","πιστοποιητικό_γέννησης"
"Χρειάζομαι επικυρωμένο πιστοποιητικό γέννησης για νομική διαδικασία.","πιστοποιητικό_γέννησης"
"Η ασφάλειά μου ζητάει το πιστοποιητικό γέννησης – πώς το αποκτώ;","πιστοποιητικό_γέννησης"
"Πού φαίνεται το φύλο στο πιστοποιητικό γέννησης;","πιστοποιητικό_γέννησης"
"Θα ήθελα πιστοποιητικό γέννησης που να φέρει σφραγίδα και υπογραφή.","πιστοποιητικό_γέννησης"
"Μπορώ να ζητήσω πιστοποιητικό γέννησης για χρήση σε διαγωνισμό ΑΣΕΠ;","πιστοποιητικό_γέννησης"
"Πού μπορώ να δηλώσω τη γέννηση του παιδιού μου;","πιστοποιητικό_γέννησης"
"Δεν μπορώ να πάω στον δήμο, μπορεί κάποιος άλλος να βγάλει το πιστοποιητικό γέννησης για μένα;","πιστοποιητικό_γέννησης"
"Θέλω να κάνω αίτηση για δουλειά και ζητάνε το πιστοποιητικό γέννησής μου, πώς το βρίσκω;","πιστοποιητικό_γέννησης"
"Είμαι γονέας δύο παιδιών και χρειάζομαι το πιστοποιητικό γέννησης και των δύο.","πιστοποιητικό_γέννησης"
"Το πιστοποιητικό γέννησης του παιδιού μου έχει λάθος όνομα, πώς το διορθώνω;","πιστοποιητικό_γέννησης"
"Πρέπει να καταθέσω το χαρτί γέννησης για να πάρω επίδομα παιδιού.","πιστοποιητικό_γέννησης"
"Ψάχνω για ένα χαρτί που να λέει ποιοι είναι οι γονείς μου.","πιστοποιητικό_γέννησης"
"Ο γιος μου χρειάζεται το πιστοποιητικό γέννησής του για να κάνει στρατιωτική θητεία.","πιστοποιητικό_γέννησης"
"Χρειάζομαι ένα διεθνές πιστοποιητικό γέννησης για χρήση στο εξωτερικό.","πιστοποιητικό_γέννησης"
"Το πιστοποιητικό γέννησής μου χάθηκε, μπορώ να πάρω αντίγραφο από το ΚΕΠ;","πιστοποιητικό_γέννησης"
"Πώς μπορώ να πάρω το πιστοποιητικό γέννησης του πατέρα μου που έχει πεθάνει;","πιστοποιητικό_γέννησης"
"Θα ήθελα ένα πιστοποιητικό γέννησης με πρόσφατη ημερομηνία έκδοσης για τράπεζα.","πιστοποιητικό_γέννησης"
"Είναι η ληξιαρχική πράξη γέννησης το ίδιο με το πιστοποιητικό γέννησης;","πιστοποιητικό_γέννησης"
"Πώς μπορώ να πάρω πιστοποιητικό γέννησης για ενήλικο;","πιστοποιητικό_γέννησης"
"Χρειάζομαι πιστοποιητικό γέννησης για να γραφτώ σε εκλογικούς καταλόγους.","πιστοποιητικό_γέννησης"
"Το πιστοποιητικό γέννησης είναι υποχρεωτικό για το δάνειο που ζήτησα.","πιστοποιητικό_γέννησης"
"Μπορώ να πάρω πιστοποιητικό γέννησης για να δηλώσω το παιδί μου στην εφορία;","πιστοποιητικό_γέννησης"
"Πώς μπορώ να διορθώσω λάθη σε πιστοποιητικό γέννησης;","πιστοποιητικό_γέννησης"
"Υπάρχει διαφορετικό έντυπο για πιστοποιητικό γέννησης παλαιότερων ετών;","πιστοποιητικό_γέννησης"
"Ποια στοιχεία αναγράφονται στο πιστοποιητικό γέννησης;","πιστοποιητικό_γέννησης"
"Μπορώ να αιτηθώ πιστοποιητικό γέννησης για τρίτο πρόσωπο;","πιστοποιητικό_γέννησης"
"Ποια είναι η διαδικασία για επανέκδοση πιστοποιητικού γέννησης;","πιστοποιητικό_γέννησης"
"Χρειάζεται να κλείσω ραντεβού για το πιστοποιητικό γέννησης;","πιστοποιητικό_γέννησης"
"Πού μπορώ να βρω το έντυπο αίτησης για πιστοποιητικό γέννησης;","πιστοποιητικό_γέννησης"
"Είναι το πιστοποιητικό γέννησης απαραίτητο για το σχολείο;","πιστοποιητικό_γέννησης"
"Πώς μπορώ να αποκτήσω ένα διεθνές πιστοποιητικό γέννησης;","πιστοποιητικό_γέννησης"
"Υπάρχει υπηρεσία έκδοσης πιστοποιητικού γέννησης σε επείγουσες περιπτώσεις;","πιστοποιητικό_γέννησης"
"Ποια είναι η αρμόδια αρχή για τα πιστοποιητικά γέννησης;","πιστοποιητικό_γέννησης"
"Χρειάζεται ταυτότητα για την παραλαβή πιστοποιητικού γέννησης;","πιστοποιητικό_γέννησης"
"Πού μπορώ να δω το δείγμα ενός πιστοποιητικού γέννησης;","πιστοποιητικό_γέννησης"
"Είναι υποχρεωτικό το πιστοποιητικό γέννησης για την ταυτότητα;","πιστοποιητικό_γέννησης"
"Πώς μπορώ να ζητήσω ένα ιστορικό πιστοποιητικό γέννησης;","πιστοποιητικό_γέννησης"
"Υπάρχουν περιορισμοί στην έκδοση πιστοποιητικού γέννησης;","πιστοποιητικό_γέννησης"
"Ποια είναι η διαδικασία για άρνηση έκδοσης πιστοποιητικού γέννησης;","πιστοποιητικό_γέννησης"
"Μπορώ να παραλάβω το πιστοποιητικό γέννησης από άλλο δήμο;","πιστοποιητικό_γέννησης"
"Πώς μπορώ να εξουσιοδοτήσω κάποιον να παραλάβει το πιστοποιητικό γέννησης;","πιστοποιητικό_γέννησης"
"Ποια είναι η νομική βάση για την έκδοση πιστοποιητικού γέννησης;","πιστοποιητικό_γέννησης"
"Χρειάζεται υπογραφή δικηγόρου για πιστοποιητικό γέννησης;","πιστοποιητικό_γέννησης"
"Πού μπορώ να βρω συχνές ερωτήσεις για πιστοποιητικά γέννησης;","πιστοποιητικό_γέννησης"
"Είναι το πιστοποιητικό γέννησης διαθέσιμο σε περισσότερες γλώσσες;","πιστοποιητικό_γέννησης"
"Πώς γίνεται η αναγνώριση πατρότητας στο πιστοποιητικό γέννησης;","πιστοποιητικό_γέννησης"
"Μπορώ να βγάλω πιστοποιητικό γέννησης για το εγγόνι μου;","πιστοποιητικό_γέννησης"
"Πώς θα αποδείξω την ημερομηνία γέννησής μου αν δεν έχω ταυτότητα;","πιστοποιητικό_γέννησης"
"Χρειάζομαι πιστοποιητικό γέννησης για την έκδοση διαβατηρίου πρώτης φοράς.","πιστοποιητικό_γέννησης"
"Πού μπορώ να κάνω ένσταση για τα στοιχεία που αναγράφονται στο πιστοποιητικό γέννησης;","πιστοποιητικό_γέννησης"
"Είναι το πιστοποιητικό γέννησης διαθέσιμο μέσω της εφαρμογής gov.gr wallet;","πιστοποιητικό_γέννησης"
"Πώς μπορώ να λάβω το πιστοποιητικό γέννησης αν γεννήθηκα σε πλοίο ή αεροπλάνο;","πιστοποιητικό_γέννησης"
"Χρειάζομαι το έγγραφο γέννησης για να γραφτώ σε αθλητικό σωματείο.","πιστοποιητικό_γέννησης"
"Μπορώ να χρησιμοποιήσω το πιστοποιητικό γέννησης αντί για ληξιαρχική πράξη;","πιστοποιητικό_γέννησης"
"Ποιο είναι το χρονικό όριο για να δηλώσω μια γέννηση και να βγει το πιστοποιητικό;","πιστοποιητικό_γέννησης"
"Θέλω να βγάλω πιστοποιητικό γέννησης για να το στείλω στο ασφαλιστικό μου ταμείο.","πιστοποιητικό_γέννησης"
"Πώς μπορώ να δω αν έχει εκδοθεί το πιστοποιητικό γέννησης του μωρού μου;","πιστοποιητικό_γέννησης"
"Χρειάζομαι το πιστοποιητικό γέννησης για να αποκτήσω την ελληνική ιθαγένεια.","πιστοποιητικό_γέννησης"
"Πού μπορώ να ζητήσω αντίγραφο γέννησης αν ο δήμος μου έχει συγχωνευθεί;","πιστοποιητικό_γέννησης"
"Μπορώ να ζητήσω πιστοποιητικό γέννησης με αναγραφή θρησκεύματος;","πιστοποιητικό_γέννησης"
"Πώς μπορώ να ακυρώσω μια αίτηση για πιστοποιητικό γέννησης;","πιστοποιητικό_γέννησης"
"Χρειάζομαι το πιστοποιητικό γέννησης για τη διαδικασία ονοματοδοσίας.","πιστοποιητικό_γέννησης"
"Πώς μπορώ να λάβω πιστοποιητικό γέννησης για άτομο που τελεί υπό δικαστική συμπαράσταση;","πιστοποιητικό_γέννησης"
"Είναι το πιστοποιητικό γέννησης απαραίτητο για την εγγραφή στο πανεπιστήμιο;","πιστοποιητικό_γέννησης"
"Πού μπορώ να καταθέσω το πιστοποιητικό γέννησης για να βγει το πρώτο μου ένσημο;","πιστοποιητικό_γέννησης"
"Θέλω να επιβεβαιώσω την ώρα γέννησης που αναγράφεται στο πιστοποιητικό.","πιστοποιητικό_γέννησης"
"Πώς μπορώ να πάρω πιστοποιητικό γέννησης αν είμαι μόνιμος κάτοικος εξωτερικού;","πιστοποιητικό_γέννησης"
"Χρειάζομαι το έγγραφο γέννησης για να αποδείξω την ηλικία μου σε δημόσιο φορέα.","πιστοποιητικό_γέννησης"

"Ο δρόμος μπροστά από το σπίτι μου έχει λακκούβες","επισκευή_οδοστρώματος"
"Το οδόστρωμα κοντα στη δουλειά μου είναι χάλια","επισκευή_οδοστρώματος"
"Υπάρχουν πολλες ζημιές στο δρόμο","επισκευή_οδοστρώματος"
"Πότε θα φτιαχτεί ο δρόμος έξω από το σπίτι μου;","επισκευή_οδοστρώματος"
"Υπάρχει μεγάλη λακκούβα στην οδό Πίνδου πρέπει να επισκευαστεί.","επισκευή_οδοστρώματος"
"Το οδόστρωμα είναι επικίνδυνο μπορείτε να το φτιάξετε;","επισκευή_οδοστρώματος"
"Θα ήθελα να δηλώσω πρόβλημα στο δρόμο.","επισκευή_οδοστρώματος"
"Υπάρχει φθορά στο οδόστρωμα και χρειάζεται παρέμβαση.","επισκευή_οδοστρώματος"
"Έχει σπάσει η άσφαλτος πού μπορώ να το αναφέρω;","επισκευή_οδοστρώματος"
"Στην οδό Τατοΐου υπάρχουν σοβαρές ζημιές στο οδόστρωμα.","επισκευή_οδοστρώματος"
"Μπορεί κάποιος από τον δήμο να επιθεωρήσει το δρόμο μας;","επισκευή_οδοστρώματος"
"Ο δρόμος είναι γεμάτος λακκούβες έχει γίνει επικίνδυνος.","επισκευή_οδοστρώματος"
"Παρακαλώ για άμεση επισκευή του οδοστρώματος στην περιοχή μας.","επισκευή_οδοστρώματος"
"Υπέβαλα αίτημα για αποκατάσταση δρόμου μέσω της εφαρμογής του δήμου.","επισκευή_οδοστρώματος"
"Μπορείτε να επισκευάσετε τη γειτονιά μου; Έχει λακκούβες.","επισκευή_οδοστρώματος"
"Ο δρόμος μπροστά από το σχολείο έχει καταστραφεί.","επισκευή_οδοστρώματος"
"Υπάρχουν σπασμένα σημεία στο δρόμο και δυσκολεύουν την κυκλοφορία.","επισκευή_οδοστρώματος"
"Η άσφαλτος έχει φθαρεί εντελώς στην οδό Σμύρνης.","επισκευή_οδοστρώματος"
"Πρέπει να γίνει αποκατάσταση στο οδόστρωμα γιατί υπάρχει κίνδυνος ατυχήματος.","επισκευή_οδοστρώματος"
"Περνάω καθημερινά από δρόμο με σοβαρές ζημιές – χρειάζεται επιδιόρθωση.","επισκευή_οδοστρώματος"
"Ο ασφαλτοτάπητας στον δρόμο μου έχει ξεφτίσει τελείως.","επισκευή_οδοστρώματος"
"Το πεζοδρόμιο και ο δρόμος δίπλα έχουν καταστραφεί και χρειάζονται αποκατάσταση.","επισκευή_οδοστρώματος"
"Η κατάσταση του δρόμου στον οποίο μένω είναι απαράδεκτη – πρέπει να επισκευαστεί.","επισκευή_οδοστρώματος"
"Θα μπορούσε ο δήμος να στείλει συνεργείο για την επιδιόρθωση του δρόμου;","επισκευή_οδοστρώματος"
"Στην περιοχή μας υπάρχουν μεγάλες λακκούβες που δημιουργούν προβλήματα στα οχήματα.","επισκευή_οδοστρώματος"
"Θα ήθελα να αναφέρω φθορά στον δρόμο της πολυκατοικίας μας.","επισκευή_οδοστρώματος"
"Η άσφαλτος έχει ξεκολλήσει σε αρκετά σημεία – πότε θα γίνει παρέμβαση;","επισκευή_οδοστρώματος"
"Χρειάζεται άμεση παρέμβαση στον δρόμο – έχουν εμφανιστεί ρωγμές και καθιζήσεις.","επισκευή_οδοστρώματος"
"Ο δρόμος κοντά στην πλατεία έχει καταστραφεί και είναι επικίνδυνος για τους πεζούς.","επισκευή_οδοστρώματος"
"Υπάρχει σοβαρό πρόβλημα με το οδόστρωμα στην έξοδο της γειτονιάς μας – κινδυνεύουμε.","επισκευή_οδοστρώματος"
"Ο δρόμος έχει καθιζήσεις και είναι επικίνδυνος για τα οχήματα.","επισκευή_οδοστρώματος"
"Χρειάζεται άμεσα επιδιόρθωση ο ασφαλτοτάπητας έξω από το πάρκο.","επισκευή_οδοστρώματος"
"Θα μπορούσε ο δήμος να κάνει επιδιόρθωση στο δρόμο με τα σχολεία;","επισκευή_οδοστρώματος"
"Η διασταύρωση έχει μεγάλες ρωγμές και λακκούβες.","επισκευή_οδοστρώματος"
"Το πέρασμα μπροστά από το γηροκομείο είναι γεμάτο σπασίματα.","επισκευή_οδοστρώματος"
"Ο δρόμος έχει γίνει σχεδόν απροσπέλαστος λόγω ζημιών.","επισκευή_οδοστρώματος"
"Πού μπορώ να αναφέρω επικίνδυνο οδόστρωμα;","επισκευή_οδοστρώματος"
"Υπάρχει σημείο του δρόμου που έχει φύγει τελείως η άσφαλτος.","επισκευή_οδοστρώματος"
"Χρειάζεται επείγουσα αποκατάσταση του δρόμου – έχει γίνει παγίδα.","επισκευή_οδοστρώματος"
"Η κατάσταση του δρόμου δυσκολεύει πολύ τα ποδήλατα και τους πεζούς.","επισκευή_οδοστρώματος"
"Στην είσοδο της γειτονιάς υπάρχει λακκούβα που προκαλεί ζημιές σε αυτοκίνητα.","επισκευή_οδοστρώματος"
"Το νερό συγκεντρώνεται στις λακκούβες και δεν απορροφάται – είναι επικίνδυνο.","επισκευή_οδοστρώματος"
"Κάθε φορά που βρέχει, οι ζημιές στο δρόμο γίνονται χειρότερες.","επισκευή_οδοστρώματος"
"Υπάρχει σπασμένος δρόμος μπροστά από στάση λεωφορείου – παρακαλώ παρέμβαση.","επισκευή_οδοστρώματος"
"Ο δρόμος έχει γεμίσει σκόνη και χαλίκι λόγω φθοράς της ασφάλτου.","επισκευή_οδοστρώματος"
"Πότε είναι προγραμματισμένη η αποκατάσταση δρόμων στην περιοχή μας;","επισκευή_οδοστρώματος"
"Ο δρόμος είναι άκρως επικίνδυνος για μηχανάκια – χρειάζεται επισκευή.","επισκευή_οδοστρώματος"
"Οι φθορές στο οδόστρωμα προκαλούν ζημιές στα ελαστικά των αυτοκινήτων.","επισκευή_οδοστρώματος"
"Θα μπορούσε να γίνει τσιμεντόστρωση στην είσοδο του χωματόδρομου;","επισκευή_οδοστρώματος"
"Η κατάσταση στο δρόμο επιδεινώνεται – πρέπει να γίνει κάτι άμεσα.","επισκευή_οδοστρώματος"
"Περνάω κάθε μέρα με το παιδικό καρότσι και το πεζοδρόμιο είναι σπασμένο.","επισκευή_οδοστρώματος"
"Το οδόστρωμα έχει σηκωθεί σε ένα σημείο και κινδυνεύουν τα αυτοκίνητα.","επισκευή_οδοστρώματος"
"Χρειάζομαι να αναφέρω μια μεγάλη τρύπα στον δρόμο της γειτονιάς μου.","επισκευή_οδοστρώματος"
"Ο δρόμος έχει φθαρεί πολύ από τις ρίζες των δέντρων, πρέπει να γίνει κάτι.","επισκευή_οδοστρώματος"
"Είναι αδύνατο να κυκλοφορήσω με το ποδήλατο λόγω της κακής κατάστασης του δρόμου.","επισκευή_οδόστρωματος"
"Μήπως μπορείτε να μας πείτε πότε θα επισκευαστούν οι δρόμοι στη γειτονιά μας;","επισκευή_οδοστρώματος"
"Η γειτονιά έχει γεμίσει με μπαλώματα, θα γίνει ποτέ μια ολική επισκευή του οδοστρώματος;","επισκευή_οδοστρώματος"
"Έχει σπάσει η άσφαλτος και έχει βγει το χαλίκι από κάτω, πού μπορώ να κάνω καταγγελία;","επισκευή_οδοστρώματος"
"Το πεζοδρόμιο μπροστά από το σπίτι μου είναι γεμάτο τρύπες, πού μπορώ να το αναφέρω;","επισκευή_οδοστρώματος"
"Είναι πολύ επικίνδυνο να περπατάμε στον δρόμο της πλατείας, παρακαλώ για επισκευή.","επισκευή_οδοστρώματος"
"Χρειάζεται να επιδιορθωθούν οι δρόμοι γιατί έχουν γίνει πολλές ζημιές από τα έργα.","επισκευή_οδοστρώματος"
"Ποιος είναι υπεύθυνος για να φτιάξει τον κατεστραμμένο δρόμο της γειτονιάς μας;","επισκευή_οδοστρώματος"
"Θα ήθελα να αναφέρω ένα κομμάτι οδοστρώματος που έχει καταρρεύσει.","επισκευή_οδοστρώματος"
"Μια μεγάλη ρωγμή έχει εμφανιστεί στο δρόμο και περνάει νερό από εκεί.","επισκευή_οδοστρώματος"
"Το οδόστρωμα είναι τόσο φθαρμένο που οι πινακίδες δεν φαίνονται καλά.","επισκευή_οδοστρώματος"
"Χρειάζεται να γίνει επιδιόρθωση στο δρόμο μετά την τοποθέτηση των σωληνώσεων.","επισκευή_οδοστρώματος"
"Είναι πολύ δύσκολο να παρκάρω το αυτοκίνητο λόγω της κακής κατάστασης του δρόμου.","επισκευή_οδοστρώματος"
"Υπάρχει ένα σημείο στον δρόμο που μαζεύει πολύ νερό και δεν μπορεί να περάσει κανείς.","επισκευή_οδοστρώματος"
"Η άσφαλτος είναι τόσο σπασμένη που έχω φοβηθεί για το λάστιχο του αυτοκινήτου μου.","επισκευή_οδοστρώματος"
"Ο δρόμος έχει πάθει καθίζηση και έχει δημιουργηθεί μια ανωμαλία.","επισκευή_οδοστρώματος"
"Θα ήθελα να αναφέρω μια λακκούβα που είναι κρυμμένη και μπορεί να προκαλέσει ατύχημα.","επισκευή_οδοστρώματος"
"Πότε θα γίνει η συντήρηση του οδοστρώματος στην οδό μας;","επισκευή_οδοστρώματος"
"Το οδόστρωμα έχει σκάσει και έχει γίνει ένας λάκκος, μπορείτε να τον καλύψετε;","επισκευή_οδοστρώματος"
"Υπάρχει κίνδυνος ανατροπής για δίκυκλα λόγω της ολισθηρότητας και των ρωγμών στην άσφαλτο.","επισκευή_οδοστρώματος"
"Παρακαλώ να κλειστεί η λακκούβα που άνοιξε μετά την τελευταία νεροποντή στη γωνία του δρόμου.","επισκευή_οδοστρώματος"
"Το οδόστρωμα έχει υποχωρήσει επικίνδυνα κοντά στο φρεάτιο της αποχέτευσης.","επισκευή_οδοστρώματος"
"Πότε θα περάσει το συνεργείο για την επούλωση των λάκκων στην περιοχή μας;","επισκευή_οδοστρώματος"
"Η άσφαλτος έχει φουσκώσει και έχει δημιουργήσει ένα επικίνδυνο σαμαράκι στο δρόμο.","επισκευή_οδοστρώματος"
"Χρειάζεται συνολική ανακατασκευή της οδού γιατί τα μπαλώματα δεν αρκούν πλέον.","επισκευή_οδοστρώματος"
"Υπάρχουν σκόρπιες πέτρες και χώματα στο δρόμο από σπασμένο κομμάτι ασφάλτου.","επισκευή_οδοστρώματος"
"Πού μπορώ να υποβάλω φωτογραφίες από τις ζημιές στο οδόστρωμα της γειτονιάς μου;","επισκευή_οδοστρώματος"
"Το οδόστρωμα μπροστά από την είσοδο του νοσοκομείου χρειάζεται άμεση συντήρηση.","επισκευή_οδοστρώματος"
"Έχει δημιουργηθεί μια βαθιά σχισμή στην άσφαλτο που εμποδίζει την ασφαλή διέλευση.","επισκευή_οδοστρώματος"
"Μπορείτε να στείλετε τεχνικό να εκτιμήσει την καθίζηση του εδάφους στον κεντρικό δρόμο;","επισκευή_οδοστρώματος"
"Οι λακκούβες στον παράδρομο έχουν γίνει τόσο μεγάλες που δεν χωράνε τα αυτοκίνητα.","επισκευή_οδοστρώματος"
"Ζητώ την αποκατάσταση του δρόμου μετά τις εργασίες του εργολάβου που έμεινε ημιτελής.","επισκευή_οδοστρώματος"
"Ο δρόμος έχει τρύπες που γεμίζουν λάσπη και είναι αδύνατο να περάσουν οι πεζοί.","επισκευή_οδοστρώματος"
"Υπάρχει μεγάλη φθορά στον τάπητα της ασφάλτου έξω από τον παιδικό σταθμό.","επισκευή_οδοστρώματος"
"Ποιο είναι το χρονοδιάγραμμα για την ασφαλτόστρωση των στενών της περιοχής;","επισκευή_οδοστρώματος"
"Η άσφαλτος έχει γίνει 'κύματα' σε ορισμένα σημεία και είναι δύσκολη η οδήγηση.","επισκευή_οδοστρώματος"
"Χρειάζεται επειγόντως κλείσιμο η τρύπα στη μέση του δρόμου στην οδό Αθηνάς.","επισκευή_οδοστρώματος"
"Το οδόστρωμα έχει καταστραφεί από τα βαρέα οχήματα που περνούν καθημερινά.","επισκευή_οδοστρώματος"
"Θέλω να δηλώσω βλάβη στο οδόστρωμα που προκλήθηκε από σπάσιμο σωλήνα νερού.","επισκευή_οδοστρώματος"
"Υπάρχει ανάγκη για περιοδική συντήρηση των δρόμων του οικισμού μας.","επισκευή_οδοστρώματος"
"Τα αυτοκίνητα αναγκάζονται να μπαίνουν στο αντίθετο ρεύμα για να αποφύγουν τις λακκούβες.","επισκευή_οδοστρώματος"
"Έχει ξηλωθεί ένα μεγάλο μέρος της ασφάλτου και χρειάζεται νέος τάπητας.","επισκευή_οδοστρώματος"
"Πώς μπορώ να ενημερωθώ αν το αίτημά μου για επισκευή δρόμου έχει εγκριθεί;","επισκευή_οδοστρώματος"
"Η κατάσταση της ασφάλτου είναι τραγική και προκαλεί κραδασμούς στα γύρω κτίρια.","επισκευή_οδοστρώματος"
"Χρειάζεται άμεσα πίσσα και χαλίκι για να καλυφθούν οι τρύπες στο οδόστρωμα.","επισκευή_οδοστρώματος"
"Το οδόστρωμα στην ανηφόρα έχει λειανθεί πολύ και τα αυτοκίνητα γλιστρούν.","επισκευή_οδοστρώματος"

"Το φανάρι στη διασταύρωση δεν ανάβει","φωτισμός"
"Υπάρχει νεκρός λαμπτήρας έξω από το σπίτι μου","φωτισμός"
"Υπάρχει τρόπος να τοποθετηθεί φως στη γειτονιά μου;","φωτισμός"
"Θέλω να ζητήσω περισσότερους δημοτικούς φανοστάτες.","φωτισμός"
"Πώς κάνω αίτηση για νέο φωτισμό στο δρόμο μου;","φωτισμός"
"Μπορεί να μπει φως στην παιδική χαρά της περιοχής;","φωτισμός"
"Πού δηλώνω πρόβλημα με το δημοτικό φωτισμό;","φωτισμός"
"Θέλω ενίσχυση φωτισμού στην είσοδο του σπιτιού μου.","φωτισμός"
"Υπάρχει υπηρεσία για τοποθέτηση νέων φωτιστικών;","φωτισμός"
"Πώς μπορώ να αιτηθώ αλλαγή λαμπτήρα στον δήμο;","φωτισμός"
"Πού κάνω καταγγελία για χαμηλό φωτισμό στη γειτονιά;","φωτισμός"
"Έχει χαλάσει μια λάμπα στο δρόμο πώς το αναφέρω;","φωτισμός"
"Ο δρόμος είναι σκοτεινός, χρειάζεται επιπλέον φωτισμό.","φωτισμός"
"Υπάρχει στύλος χωρίς λάμπα απέναντι από το σπίτι μου.","φωτισμός"
"Η λάμπα στο στενό δεν λειτουργεί εδώ και μέρες.","φωτισμός"
"Θα ήθελα να τοποθετηθεί δημοτικός φωτισμός σε νέο σημείο.","φωτισμός"
"Ο φωτισμός στην πλατεία είναι ανεπαρκής, μπορείτε να βοηθήσετε;","φωτισμός"
"Ολόκληρη η γειτονιά είναι χωρίς φώτα τη νύχτα.","φωτισμός"
"Έχει σπάσει το φως στον στύλο και δεν ανάβει.","φωτισμός"
"Πότε θα επισκευαστεί ο δημοτικός φωτισμός στην οδό Κρήτης;","φωτισμός"
"Μπορεί να επισκευαστεί η λάμπα που τρεμοπαίζει έξω από το σπίτι μου;","φωτισμός"
"Θα ήθελα να ενημερώσω ότι δεν λειτουργεί ο δημοτικός φωτισμός στην περιοχή μας.","φωτισμός"
"Χρειάζεται να τοποθετηθεί φωτιστικό σώμα σε σκοτεινό σημείο του δρόμου.","φωτισμός"
"Ο δρόμος μετά τις 9 το βράδυ είναι τελείως σκοτεινός – μήπως μπορεί να μπει φως;","φωτισμός"
"Η λάμπα στη στάση του λεωφορείου δεν ανάβει και φοβόμαστε τα βράδια.","φωτισμός"
"Θα μπορούσα να ζητήσω ενίσχυση φωτισμού στον πεζόδρομο της γειτονιάς;","φωτισμός"
"Η στήλη φωτισμού στην οδό Παπαφλέσσα έχει πέσει – χρειάζεται παρέμβαση.","φωτισμός"
"Υπάρχουν καμένες λάμπες σε όλη τη διαδρομή προς το σχολείο – ποιος είναι υπεύθυνος;","φωτισμός"
"Η περιοχή μας είναι στο σκοτάδι – πότε θα αποκατασταθεί ο φωτισμός;","φωτισμός"
"Θα ήθελα να αιτηθώ την αντικατάσταση των παλιών φωτιστικών με νέου τύπου LED.","φωτισμός"
"Ποιος είναι υπεύθυνος για τη συντήρηση των δημοτικών φωτιστικών;","φωτισμός"
"Υπάρχει φόρμα στο site του δήμου για αναφορά προβλημάτων φωτισμού;","φωτισμός"
"Θα ήθελα να δηλώσω ότι δεν υπάρχει καθόλου φως στον παράδρομο.","φωτισμός"
"Μπορώ να ζητήσω αλλαγή φωτιστικού τύπου στη γειτονιά μου;","φωτισμός"
"Το φως στην παιδική χαρά μένει σβηστό και τα παιδιά δεν μπορούν να παίξουν το απόγευμα.","φωτισμός"
"Υπάρχουν συχνές βλάβες στους φανοστάτες της περιοχής – πού να απευθυνθώ;","φωτισμός"
"Θέλω να καταθέσω αίτημα για αποκατάσταση φωτισμού σε πεζοδρόμιο.","φωτισμός"
"Το φωτιστικό αναβοσβήνει συνεχώς και ενοχλεί τους κατοίκους.","φωτισμός"
"Το φανάρι για τους πεζούς δεν λειτουργεί σωστά το βράδυ.","φωτισμός"
"Πόσος χρόνος χρειάζεται για την αλλαγή ενός λαμπτήρα από τον δήμο;","φωτισμός"
"Υπάρχει δυνατότητα ενίσχυσης φωτισμού στην είσοδο της πολυκατοικίας;","φωτισμός"
"Ο φωτισμός στην περιοχή έχει μειωθεί αισθητά, πότε θα επιδιορθωθεί;","φωτισμός"
"Η λάμπα στον δημοτικό στύλο είναι καμένη εδώ και εβδομάδες.","φωτισμός"
"Θα ήθελα να τοποθετηθεί επιπλέον φως στον χώρο στάθμευσης.","φωτισμός"
"Μπορώ να ζητήσω προτεραιότητα για επισκευή φωτιστικού σε σχολική ζώνη;","φωτισμός"
"Υπάρχει πρόγραμμα αντικατάστασης των λαμπών με LED;","φωτισμός"
"Το φως στον δημοτικό στύλο κάνει συνεχώς διακοπές – τι μπορώ να κάνω;","φωτισμός"
"Πώς γίνεται η αναφορά για καμένο φως μέσω εφαρμογής του δήμου;","φωτισμός"
"Θα ήθελα να αναφέρω ότι υπάρχει επικίνδυνο σκοτεινό σημείο κοντά στο πάρκο.","φωτισμός"
"Το φανάρι της διάβασης δεν λειτουργεί καθόλου τη νύχτα.","φωτισμός"
"Το φως του δρόμου έχει σβήσει και η περιοχή είναι σκοτεινή.","φωτισμός"
"Κάποιος στύλος φωτισμού έχει πέσει μετά την καταιγίδα.","φωτισμός"
"Δεν υπάρχει φωτισμός στον πεζόδρομο που πάει στην παιδική χαρά και είναι επικίνδυνο.","φωτισμός"
"Το φανάρι στη διασταύρωση δεν λειτουργεί και φοβάμαι να περάσω.","φωτισμός"
"Το φως στο πάρκο έχει χαλάσει και το βράδυ είναι σκοτεινά.","φωτισμός"
"Χρειάζεται να αντικατασταθεί ένα φωτιστικό που αναβοσβήνει συνεχώς και ενοχλεί.","φωτισμός"
"Θα ήθελα να ρωτήσω αν μπορεί να μπει φωτισμός στον δρόμο μου, γιατί είναι πολύ στενός και σκοτεινός.","φωτισμός"
"Περνάω κάθε βράδυ από ένα σημείο που δεν έχει καθόλου φως και νιώθω ανασφάλεια.","φωτισμός"
"Υπάρχει μια λάμπα καμένη στο φωτιστικό της οδού... και δεν υπάρχει ορατότητα.","φωτισμός"
"Το φως του δρόμου είναι πολύ δυνατό και μπαίνει μέσα στο σπίτι μου, μπορώ να κάνω κάτι;","φωτισμός"
"Πού μπορώ να κάνω μια αναφορά για ένα χαλασμένο φως;","φωτισμός"
"Το φωτιστικό σώμα στον δρόμο μας είναι σπασμένο, πού το δηλώνω;","φωτισμός"
"Η λάμπα του δρόμου έχει καεί και δεν μπορεί κανείς να παρκάρει το βράδυ.","φωτισμός"
"Πρέπει να μπει φωτισμός στον δρόμο που βρίσκεται το σχολείο, γιατί είναι επικίνδυνο για τα παιδιά.","φωτισμός"
"Ο φωτισμός στην κεντρική πλατεία είναι ανεπαρκής για εκδηλώσεις.","φωτισμός"
"Το φανάρι που ρυθμίζει την κυκλοφορία είναι εκτός λειτουργίας.","φωτισμός"
"Χρειάζεται να αντικατασταθεί μια λάμπα που τρεμοπαίζει συνέχεια και κάνει θόρυβο.","φωτισμός"
"Θα ήθελα να ρωτήσω αν ο δήμος μπορεί να μας βάλει περισσότερα φώτα στη γειτονιά.","φωτισμός"
"Υπάρχει πρόβλημα με τα φώτα του δρόμου, μπορείτε να στείλετε κάποιον να τα κοιτάξει;","φωτισμός"
"Η λάμπα του δρόμου έχει σβηστεί εντελώς, με αποτέλεσμα να μην βλέπουμε τίποτα.","φωτισμός"
"Η λάμπα στην κολώνα έξω από την πόρτα μου τρεμοπαίζει συνεχώς.","φωτισμός"
"Ολόκληρο το τετράγωνο στην οδό Αρτέμιδος είναι στο σκοτάδι απόψε.","φωτισμός"
"Ο δημοτικός φωτισμός στο πάρκο της γειτονιάς δεν λειτουργεί εδώ και μέρες.","φωτισμός"
"Χρειάζεται να αντικατασταθεί ο καμένος λαμπτήρας στη διασταύρωση των οδών.","φωτισμός"
"Το φως του δρόμου μένει αναμμένο και κατά τη διάρκεια της ημέρας.","φωτισμός"
"Υπάρχει σπασμένο φανάρι στην κολώνα φωτισμού έξω από το σχολείο.","φωτισμός"
"Ο φωτισμός στο στενό μου είναι πολύ χαμηλός και νιώθουμε ανασφάλεια.","φωτισμός"
"Πού μπορώ να δηλώσω μια βλάβη στον φωτισμό της περιοχής μου;","φωτισμός"
"Μπορείτε να στείλετε το συνεργείο να ελέγξει τις κολώνες στην πλατεία;","φωτισμός"
"Η κολώνα της ΔΕΗ έχει πάρει κλίση και το φως δεν λειτουργεί.","φωτισμός"
"Χρειαζόμαστε επιπλέον φωτισμό στον δρόμο που οδηγεί στο γήπεδο.","φωτισμός"
"Το φως στην οδό μου σβήνει και ανάβει μόνο του, μάλλον έχει βλάβη.","φωτισμός"
"Υπάρχει κίνδυνος βραχυκυκλώματος σε κολώνα φωτισμού μετά τη βροχή.","φωτισμός"
"Ο φωτισμός στον πεζόδρομο είναι ανεπαρκής, χρειάζονται περισσότερες λάμπες.","φωτισμός"
"Πότε θα αποκατασταθεί η βλάβη στον φωτισμό της κεντρικής λεωφόρου;","φωτισμός"
"Το καπάκι στη βάση της κολώνας φωτισμού είναι ανοιχτό και φαίνονται καλώδια.","φωτισμός"
"Θα ήθελα να ζητήσω την τοποθέτηση νέας κολώνας φωτισμού στο οικόπεδό μου.","φωτισμός"
"Οι λάμπες LED που βάλατε τρεμοπαίζουν, μπορείτε να τις ελέγξετε;","φωτισμός"
"Ο φωτισμός στη γέφυρα έχει κοπεί τελείως, παρακαλώ για άμεση επισκευή.","φωτισμός"
"Δεν λειτουργεί το φωτοκύτταρο και τα φώτα του δρόμου δεν ανάβουν το βράδυ.","φωτισμός"
"Υπάρχουν δέντρα που καλύπτουν το φως της κολώνας και ο δρόμος είναι σκοτεινός.","φωτισμός"
"Ποια υπηρεσία είναι υπεύθυνη για την αλλαγή λαμπτήρων στον δήμο μας;","φωτισμός"
"Το φανάρι της κολώνας κρέμεται επικίνδυνα μετά τον δυνατό αέρα.","φωτισμός"
"Στο ύψος του αριθμού 45 της οδού μου, ο φωτισμός είναι κομμένος.","φωτισμός"
"Παρακαλώ όπως φροντίσετε για τον φωτισμό της παιδικής χαράς τις βραδινές ώρες.","φωτισμός"
"Χρειάζεται συντήρηση όλο το δίκτυο φωτισμού στην περιοχή της επέκτασης.","φωτισμός"
"Ο φωτισμός στην είσοδο της πόλης είναι υποτυπώδης και επικίνδυνος.","φωτισμός"
"Έχει καεί η ασφάλεια στον πίνακα φωτισμού του δρόμου μας.","φωτισμός"
"Μπορώ να ζητήσω να στραφεί ο προβολέας του δρόμου γιατί τυφλώνει το σπίτι μου;","φωτισμός"
"Υπάρχει ολική συσκότιση στην περιοχή γύρω από την εκκλησία.","φωτισμός"

"Πώς μπορώ να επικοινωνήσω με τον Δήμο;","επικοινωνία"
"Πού μπορώ να βρω τα στοιχεία επικοινωνίας του Δήμου;","επικοινωνία"
"Θέλω το e-mail επικοινωνίας με τον Δήμο Κρωπίας.","επικοινωνία"
"Πώς μπορώ να επικοινωνήσω με το ληξιαρχείο;","επικοινωνία"
"Υπάρχει γραφείο εξυπηρέτησης πολιτών στον δήμο;","επικοινωνία"
"Πού θα βρω το τηλέφωνο του δημάρχου;","επικοινωνία"
"Υπάρχει φόρμα επικοινωνίας στο site του δήμου;","επικοινωνία"
"Πώς μπορώ να βρω τη διεύθυνση του δημαρχείου;","επικοινωνία"
"Υπάρχει viber ή facebook για επικοινωνία με το δήμο;","επικοινωνία"
"Με ποιον τρόπο μπορώ να ρωτήσω για υπηρεσίες του δήμου;","επικοινωνία"
"Πού μπορώ να βρω τα τηλέφωνα του δήμου;","επικοινωνία"
"Θέλω να στείλω μήνυμα στο δήμο πού απευθύνομαι;","επικοινωνία"
"Μπορώ να μιλήσω με κάποιον υπεύθυνο από τον δήμο;","επικοινωνία"
"Υπάρχει τηλεφωνικό κέντρο για πολίτες στον Δήμο Κρωπίας;","επικοινωνία"
"Θέλω να στείλω ένα έγγραφο στον δήμο, ποια είναι η διεύθυνση;","επικοινωνία"
"Υπάρχει email για να κάνω ερώτηση σε κάποια υπηρεσία του δήμου;","επικοινωνία"
"Πώς μπορώ να επικοινωνήσω με το τεχνικό τμήμα του δήμου;","επικοινωνία"
"Χρειάζομαι επαφή με την κοινωνική υπηρεσία του δήμου.","επικοινωνία"
"Πού μπορώ να απευθυνθώ για πληροφορίες σχετικά με τον δήμο;","επικοινωνία"
"Θέλω να καλέσω στο δημαρχείο, ποιος είναι ο αριθμός;","επικοινωνία"
"Υπάρχει κάποιος τρόπος να μιλήσω απευθείας με δημοτικό υπάλληλο;","επικοινωνία"
"Πώς μπορώ να υποβάλω παράπονο στον δήμο;","επικοινωνία"
"Θα ήθελα να επικοινωνήσω με το γραφείο δημάρχου, ποια είναι η διαδικασία;","επικοινωνία"
"Μπορώ να βρω στοιχεία επικοινωνίας για κάθε υπηρεσία του δήμου ξεχωριστά;","επικοινωνία"
"Υπάρχει κάποιο helpdesk για πολίτες στο site του δήμου;","επικοινωνία"
"Θα ήθελα να ενημερωθώ για τις ώρες λειτουργίας του δημαρχείου.","επικοινωνία"
"Ποια είναι η καλύτερη ώρα να καλέσω για να βρω κάποιον υπεύθυνο στον δήμο;","επικοινωνία"
"Πού μπορώ να στείλω ηλεκτρονικά ένα αίτημα προς τον δήμο;","επικοινωνία"
"Χρειάζομαι τον αριθμό τηλεφώνου του πρωτοκόλλου του δήμου.","επικοινωνία"
"Γίνεται να στείλω μήνυμα μέσω της πλατφόρμας του gov.gr προς τον δήμο;","επικοινωνία"
"Υπάρχει τρόπος να επικοινωνήσω με τον δήμο μέσω chat;","επικοινωνία"
"Πού μπορώ να βρω φόρμα επικοινωνίας για τεχνικά προβλήματα;","επικοινωνία"
"Θέλω να στείλω επιστολή στον δήμαρχο – σε ποια διεύθυνση;","επικοινωνία"
"Υπάρχει email επικοινωνίας για δημότες;","επικοινωνία"
"Μπορώ να επικοινωνήσω με τον δήμο μέσω κινητής εφαρμογής;","επικοινωνία"
"Πού δηλώνω κάποιο πρόβλημα μέσω διαδικτύου στον δήμο;","επικοινωνία"
"Υπάρχει live chat στον ιστότοπο του δήμου Κρωπίας;","επικοινωνία"
"Ποιο είναι το fax του δήμου για να στείλω ένα έγγραφο;","επικοινωνία"
"Θα ήθελα να επικοινωνήσω με το οικονομικό τμήμα του δήμου.","επικοινωνία"
"Ποιο email να χρησιμοποιήσω για ερωτήσεις σχετικά με τέλη;","επικοινωνία"
"Υπάρχει κάποιος υπεύθυνος επικοινωνίας στον δήμο;","επικοινωνία"
"Μπορώ να έρθω σε επαφή με το γραφείο πολιτικής προστασίας;","επικοινωνία"
"Θέλω να μάθω αν μπορώ να επικοινωνήσω με το ληξιαρχείο μέσω email.","επικοινωνία"
"Υπάρχει κάποια τηλεφωνική γραμμή έκτακτης ανάγκης του δήμου;","επικοινωνία"
"Μπορώ να ζητήσω ραντεβού με υπηρεσία του δήμου τηλεφωνικά;","επικοινωνία"
"Πώς ενημερώνομαι για έκτακτες ανακοινώσεις του δήμου;","επικοινωνία"
"Πού καταχωρώ ερώτηση για κάποιο έργο του δήμου;","επικοινωνία"
"Θέλω να στείλω παρατήρηση ή πρόταση – πού απευθύνομαι;","επικοινωνία"
"Ποιος είναι ο αρμόδιος υπάλληλος για αιτήματα δημοτών;","επικοινωνία"
"Υπάρχει φόρμα επικοινωνίας ειδικά για θέματα καθαριότητας;","επικοινωνία"
"Πώς μπορώ να βρω τον υπεύθυνο για την αίτηση που κατέθεσα;","επικοινωνία"
"Χρειάζομαι να βρω τον αριθμό τηλεφώνου για το τμήμα καθαριότητας;","επικοινωνία"
"Θα ήθελα να επικοινωνήσω με τον δήμο για ένα παράπονο που έχω;","επικοινωνία"
"Ποια είναι τα τηλέφωνα επικοινωνίας για έκτακτες ανάγκες, όπως πτώση δέντρου;","επικοινωνία"
"Θέλω να ρωτήσω για το στάδιο της αίτησής μου, πού μπορώ να πάρω πληροφορίες;","επικοινωνία"
"Μπορώ να στείλω ένα μήνυμα στον δήμαρχο για να του εκφράσω την άποψή μου;","επικοινωνία"
"Είναι ο Δήμος διαθέσιμος για επικοινωνία μέσω των social media;","επικοινωνία"
"Χρειάζομαι να βρω τα στοιχεία επικοινωνίας για τη σχολική επιτροπή;","επικοινωνία"
"Το site του δήμου δεν έχει τα στοιχεία επικοινωνίας που ψάχνω, μπορείτε να με βοηθήσετε;","επικοινωνία"
"Πού μπορώ να κλείσω ραντεβού για να συναντήσω έναν δημοτικό υπάλληλο;","επικοινωνία"
"Η τηλεφωνική γραμμή του δήμου είναι μονίμως κατειλημμένη, υπάρχει άλλη λύση;","επικοινωνία"
"Θα ήθελα να ενημερώσω τον δήμο για ένα πρόβλημα στον δρόμο μας.","επικοινωνία"
"Πώς μπορώ να βρω τα στοιχεία επικοινωνίας για το τμήμα τεχνικών έργων;","επικοινωνία"
"Μπορώ να στείλω ένα fax στον δήμο για να καταθέσω ένα έγγραφο;","επικοινωνία"
"Χρειάζεται να μιλήσω με το οικονομικό τμήμα για τις οφειλές μου.","επικοινωνία"
"Ποιος είναι ο αριθμός τηλεφώνου για το γραφείο εξυπηρέτησης πολιτών;","επικοινωνία"
"Θα ήθελα να μάθω αν ο δήμος έχει μια ειδική εφαρμογή για επικοινωνία;","επικοινωνία"
"Πώς μπορώ να λάβω ενημερώσεις από τον δήμο μέσω email ή SMS;","επικοινωνία"
"Χρειάζεται να μιλήσω με κάποιον υπεύθυνο για την παιδική χαρά της γειτονιάς;","επικοινωνία"
"Πού μπορώ να βρω το e-mail του δήμου για γενικές ερωτήσεις;","επικοινωνία"
"Πώς μπορώ να έρθω σε επαφή με το γραφείο του Δημάρχου;","επικοινωνία"
"Θα ήθελα να κλείσω ένα ραντεβού με την τεχνική υπηρεσία του δήμου.","επικοινωνία"
"Ποιο είναι το τηλέφωνο επικοινωνίας για το τμήμα καθαριότητας;","επικοινωνία"
"Υπάρχει κάποιο email όπου μπορώ να στείλω τα δικαιολογητικά μου;","επικοινωνία"
"Ποιες είναι οι ώρες κοινού για την πολεοδομία;","επικοινωνία"
"Θέλω να μιλήσω με έναν εκπρόσωπο για ένα πρόβλημα στην ύδρευση.","επικοινωνία"
"Μπορώ να στείλω μήνυμα στη σελίδα του δήμου στο Facebook;","επικοινωνία"
"Πού βρίσκεται η κεντρική γραμματεία του δημαρχείου;","επικοινωνία"
"Χρειάζομαι το τηλέφωνο της δημοτικής αστυνομίας για μια καταγγελία.","επικοινωνία"
"Υπάρχει γραμμή εξυπηρέτησης του πολίτη που λειτουργεί 24 ώρες;","επικοινωνία"
"Πώς μπορώ να ενημερωθώ για την πορεία της αίτησής μου τηλεφωνικά;","επικοινωνία"
"Θα ήθελα να υποβάλω ένα παράπονο γραπτώς, πού πρέπει να απευθυνθώ;","επικοινωνία"
"Ποιο είναι το fax του δήμου για την αποστολή εγγράφων;","επικοινωνία"
"Μπορείτε να μου δώσετε τα στοιχεία επικοινωνίας του τοπικού αντιδημάρχου;","επικοινωνία"
"Πού μπορώ να βρω τον κατάλογο με τα τηλέφωνα όλων των υπηρεσιών του δήμου;","επικοινωνία"
"Θέλω να κλείσω ραντεβού στο ΚΕΠ της περιοχής μου, πώς γίνεται;","επικοινωνία"
"Υπάρχει κάποια φόρμα επικοινωνίας στην επίσημη ιστοσελίδα του δήμου;","επικοινωνία"
"Ποια είναι η διεύθυνση στην οποία πρέπει να ταχυδρομήσω την επιστολή μου;","επικοινωνία"
"Πώς μπορώ να εγγραφώ στο newsletter του δήμου για να λαμβάνω ενημερώσεις;","επικοινωνία"
"Θέλω να επικοινωνήσω με την υπηρεσία πρασίνου για ένα δέντρο στην οδό μου.","επικοινωνία"
"Πού μπορώ να βρω το ωράριο λειτουργίας των δημοτικών ιατρείων;","επικοινωνία"
"Υπάρχει κάποιο νούμερο για επείγοντα περιστατικά που αφορούν τον δήμο;","επικοινωνία"
"Πώς μπορώ να ζητήσω μια κατ' οίκον επίσκεψη από την κοινωνική υπηρεσία;","επικοινωνία"
"Θέλω να ενημερωθώ για τις πολιτιστικές εκδηλώσεις, με ποιον να μιλήσω;","επικοινωνία"
"Ποιος είναι ο υπεύθυνος επικοινωνίας για τα αδέσποτα ζώα στον δήμο;","επικοινωνία"
"Μπορώ να έχω μια λίστα με τα email των δημοτικών συμβούλων;","επικοινωνία"
"Πού υποβάλλω αίτηση για συνάντηση με τον αρμόδιο Αντιδήμαρχο Πολεοδομίας;","επικοινωνία"
"Υπάρχει εφαρμογή για κινητά για την άμεση επικοινωνία με τις υπηρεσίες;","επικοινωνία"
"Πώς μπορώ να επικοινωνήσω με το γραφείο τύπου του δήμου;","επικοινωνία"
"Θα ήθελα να μιλήσω με το τμήμα εσόδων για μια οφειλή μου.","επικοινωνία"
"Ποια είναι η διαδικασία για να κλείσω ραντεβού με τον νομικό σύμβουλο του δήμου;","επικοινωνία"


"Χρειάζομαι αντίγραφο ληξιαρχικής πράξης θανάτου.","ληξιαρχική_πράξη_θανάτου"
"Πώς εκδίδω ληξιαρχική πράξη θανάτου;","ληξιαρχική_πράξη_θανάτου"
"Πού κάνω αίτηση για ληξιαρχική πράξη θανάτου;","ληξιαρχική_πράξη_θανάτου"
"Ποια δικαιολογητικά χρειάζονται για πράξη θανάτου;","ληξιαρχική_πράξη_θανάτου"
"Θέλω αντίγραφο ληξιαρχικής πράξης θανάτου.","ληξιαρχική_πράξη_θανάτου"
"Υπάρχει online αίτηση για πράξη θανάτου;","ληξιαρχική_πράξη_θανάτου"
"Πόσο χρόνο θέλει να βγει πράξη θανάτου;","ληξιαρχική_πράξη_θανάτου"
"Σε ποια υπηρεσία εκδίδεται η πράξη θανάτου;","ληξιαρχική_πράξη_θανάτου"
"Πώς μπορώ να παραλάβω πράξη θανάτου εξ αποστάσεως;","ληξιαρχική_πράξη_θανάτου"
"Πού απευθύνομαι για ληξιαρχική πράξη θανάτου;","ληξιαρχική_πράξη_θανάτου"
"Μπορώ να πάρω πράξη θανάτου για συγγενή μου;","ληξιαρχική_πράξη_θανάτου"
"Χρειάζομαι το έγγραφο που πιστοποιεί τον θάνατο του πατέρα μου.","ληξιαρχική_πράξη_θανάτου"
"Μπορώ να αιτηθώ ληξιαρχική πράξη θανάτου μέσω gov.gr;","ληξιαρχική_πράξη_θανάτου"
"Ποιος μπορεί να ζητήσει ληξιαρχική πράξη θανάτου;","ληξιαρχική_πράξη_θανάτου"
"Θέλω ληξιαρχική πράξη για να τακτοποιήσω κληρονομικά.","ληξιαρχική_πράξη_θανάτου"
"Χρειάζομαι πράξη θανάτου για ασφαλιστική εταιρεία.","ληξιαρχική_πράξη_θανάτου"
"Το γραφείο τελετών μου ζήτησε τη ληξιαρχική πράξη θανάτου.","ληξιαρχική_πράξη_θανάτου"
"Πού βρίσκεται το ληξιαρχείο για να πάρω την πράξη θανάτου;","ληξιαρχική_πράξη_θανάτου"
"Γίνεται να μου στείλετε την πράξη θανάτου ταχυδρομικά;","ληξιαρχική_πράξη_θανάτου"
"Μπορώ να κατεβάσω το πιστοποιητικό θανάτου ηλεκτρονικά;","ληξιαρχική_πράξη_θανάτου"
"Θα ήθελα να ζητήσω επίσημο αντίγραφο ληξιαρχικής πράξης θανάτου.","ληξιαρχική_πράξη_θανάτου"
"Μπορώ να παραλάβω ψηφιακά την πράξη θανάτου του συγγενή μου;","ληξιαρχική_πράξη_θανάτου"
"Χρειάζομαι την πράξη θανάτου για διαδικασία στη ΔΟΥ.","ληξιαρχική_πράξη_θανάτου"
"Σε ποιο ληξιαρχείο κατατίθεται η δήλωση θανάτου και πότε εκδίδεται η πράξη;","ληξιαρχική_πράξη_θανάτου"
"Μπορώ να κάνω αίτηση για ληξιαρχική πράξη θανάτου με εξουσιοδότηση;","ληξιαρχική_πράξη_θανάτου"
"Πώς μπορώ να αποκτήσω επικυρωμένο αντίγραφο πράξης θανάτου;","ληξιαρχική_πράξη_θανάτου"
"Θα ήθελα να μάθω αν μπορώ να αιτηθώ πράξη θανάτου μέσω ΚΕΠ.","ληξιαρχική_πράξη_θανάτου"
"Υπάρχει τρόπος να τη λάβω μέσω courier ή email;","ληξιαρχική_πράξη_θανάτου"
"Ποια είναι η διαδικασία για την έκδοση ληξιαρχικής πράξης θανάτου όταν ο θάνατος συνέβη στο εξωτερικό;","ληξιαρχική_πράξη_θανάτου"
"Μπορώ να ζητήσω περισσότερα από ένα αντίγραφα της πράξης θανάτου;","ληξιαρχική_πράξη_θανάτου"
"Πώς μπορώ να βρω παλιά ληξιαρχική πράξη θανάτου;","ληξιαρχική_πράξη_θανάτου"
"Χρειάζομαι πράξη θανάτου για συμβολαιογραφική πράξη – πού την παίρνω;","ληξιαρχική_πράξη_θανάτου"
"Γίνεται να ζητήσω πράξη θανάτου για μακρινό συγγενή;","ληξιαρχική_πράξη_θανάτου"
"Ποια στοιχεία απαιτούνται για να εκδοθεί η πράξη θανάτου;","ληξιαρχική_πράξη_θανάτου"
"Το νοσοκομείο μου ζήτησε τη ληξιαρχική πράξη θανάτου, πώς την προμηθεύομαι;","ληξιαρχική_πράξη_θανάτου"
"Χρειάζομαι τη ληξιαρχική πράξη θανάτου για σύνταξη χηρείας.","ληξιαρχική_πράξη_θανάτου"
"Πόσο κοστίζει η έκδοση πράξης θανάτου;","ληξιαρχική_πράξη_θανάτου"
"Μπορώ να κάνω ηλεκτρονική αίτηση για πράξη θανάτου χωρίς κωδικούς Taxisnet;","ληξιαρχική_πράξη_θανάτου"
"Πώς μπορώ να ελέγξω αν έχει ήδη δηλωθεί ο θάνατος στο ληξιαρχείο;","ληξιαρχική_πράξη_θανάτου"
"Ποιο ληξιαρχείο είναι αρμόδιο αν ο θάνατος έγινε σε άλλη πόλη;","ληξιαρχική_πράξη_θανάτου"
"Χρειάζεται κάποιο πιστοποιητικό για να ζητήσω πράξη θανάτου τρίτου προσώπου;","ληξιαρχική_πράξη_θανάτου"
"Το υποθηκοφυλακείο ζητά πράξη θανάτου για μεταβίβαση – πού την παίρνω;","ληξιαρχική_πράξη_θανάτου"
"Υπάρχει περιορισμός στο ποιος μπορεί να αιτηθεί πράξη θανάτου;","ληξιαρχική_πράξη_θανάτου"
"Μπορεί ο δικηγόρος μου να ζητήσει ληξιαρχική πράξη θανάτου εκ μέρους μου;","ληξιαρχική_πράξη_θανάτου"
"Χρειάζομαι μεταφρασμένο αντίγραφο πράξης θανάτου για χρήση στο εξωτερικό.","ληξιαρχική_πράξη_θανάτου"
"Πώς γίνεται η παραλαβή επικυρωμένου αντιγράφου πράξης θανάτου;","ληξιαρχική_πράξη_θανάτου"
"Ποια είναι τα βήματα για να αιτηθώ πράξη θανάτου μέσω gov.gr;","ληξιαρχική_πράξη_θανάτου"
"Μπορώ να ζητήσω πράξη θανάτου για πρόσωπο που δεν είναι συγγενής μου;","ληξιαρχική_πράξη_θανάτου"
"Χρειάζομαι την πράξη θανάτου για έκδοση άδειας ταφής – πού τη βρίσκω;","ληξιαρχική_πράξη_θανάτου"
"Γίνεται να προγραμματιστεί παραλαβή της πράξης θανάτου σε συγκεκριμένη ημερομηνία;","ληξιαρχική_πράξη_θανάτου"
"Πώς μπορώ να βρω τα στοιχεία του θανόντα για να εκδώσω την πράξη;","ληξιαρχική_πράξη_θανάτου"
"Μπορώ να έχω πράξη θανάτου για να κάνω δήλωση στη ΔΕΗ;","ληξιαρχική_πράξη_θανάτου"
"Θέλω να ρωτήσω αν το ληξιαρχείο έχει αποστείλει την πράξη θανάτου στην ασφάλεια;","ληξιαρχική_πράξη_θανάτου"
"Το Δημόσιο μου ζήτησε πιστοποιητικό θανάτου, πώς το παίρνω;","ληξιαρχική_πράξη_θανάτου"
"Πού κάνω διόρθωση σε ληξιαρχική πράξη θανάτου αν υπάρχει λάθος;","ληξιαρχική_πράξη_θανάτου"
"Μπορώ να λάβω ληξιαρχική πράξη θανάτου για παππού/γιαγιά;","ληξιαρχική_πράξη_θανάτου"
"Ποια είναι η διαδικασία για την απόκτηση πράξης θανάτου αν ο θανών δεν είχε συγγενείς;","ληξιαρχική_πράξη_θανάτου"
"Πόσο καιρό είναι ισχύουσα η ληξιαρχική πράξη θανάτου;","ληξιαρχική_πράξη_θανάτου"
"Θέλω να βρω πληροφορίες για το πότε δηλώθηκε ο θάνατος στο ληξιαρχείο;","ληξιαρχική_πράξη_θανάτου"
"Χρειάζεται να πάω οπωσδήποτε στο ληξιαρχείο για να αιτηθώ την πράξη;","ληξιαρχική_πράξη_θανάτου"
"Ποια είναι η χρονική προθεσμία για να δηλωθεί ένας θάνατος;","ληξιαρχική_πράξη_θανάτου"
"Μπορώ να ζητήσω πράξη θανάτου για να αλλάξω το όνομα της ιδιοκτησίας;","ληξιαρχική_πράξη_θανάτου"
"Θα ήθελα να ενημερωθώ για το πώς καταχωρείται ένας θάνατος στο ληξιαρχείο.","ληξιαρχική_πράξη_θανάτου"
"Πώς μπορώ να βρω τα στοιχεία του ληξιαρχείου όπου δηλώθηκε ο θάνατος;","ληξιαρχική_πράξη_θανάτου"
"Χρειάζομαι ένα απόσπασμα ληξιαρχικής πράξης θανάτου για το εξωτερικό.","ληξιαρχική_πράξη_θανάτου"
"Μπορώ να έχω ένα έγγραφο που να πιστοποιεί τον θάνατο και να το χρησιμοποιήσω για την τράπεζα;","ληξιαρχική_πράξη_θανάτου"
"Πού υποβάλλω αίτηση για να λάβω πιστοποιητικό οικογενειακής κατάστασης λόγω θανάτου;","ληξιαρχική_πράξη_θανάτου"
"Θέλω να βρω την πράξη θανάτου για να πάρω την σύνταξη του συζύγου μου.","ληξιαρχική_πράξη_θανάτου"
"Είναι η πράξη θανάτου το ίδιο με το πιστοποιητικό θανάτου;","ληξιαρχική_πράξη_θανάτου"
"Χρειάζομαι την πράξη θανάτου για να προχωρήσω στην διαδικασία της αποποίησης κληρονομιάς.","ληξιαρχική_πράξη_θανάτου"
"Πού μπορώ να ζητήσω αντίγραφο της ληξιαρχικής πράξης θανάτου για να το στείλω στην εφορία;","ληξιαρχική_πράξη_θανάτου"
"Πώς μπορώ να εκδώσω ηλεκτρονικά μια ληξιαρχική πράξη θανάτου;","ληξιαρχική_πράξη_θανάτου"
"Χρειάζομαι ένα αντίγραφο της πράξης θανάτου για την εφορία.","ληξιαρχική_πράξη_θανάτου"
"Πού πρέπει να απευθυνθώ για να δηλώσω έναν θάνατο που συνέβη στο σπίτι;","ληξιαρχική_πράξη_θανάτου"
"Ποια δικαιολογητικά απαιτούνται για την έκδοση ληξιαρχικής πράξης θανάτου;","ληξιαρχική_πράξη_θανάτου"
"Μπορώ να πάρω την πράξη θανάτου από οποιοδήποτε ΚΕΠ;","ληξιαρχική_πράξη_θανάτου"
"Χρειάζομαι το έγγραφο για τη διαδικασία της κηδείας.","ληξιαρχική_πράξη_θανάτου"
"Πόσες μέρες έχω περιθώριο για να δηλώσω έναν θάνατο στο ληξιαρχείο;","ληξιαρχική_πράξη_θανάτου"
"Θα ήθελα ένα αντίγραφο της πράξης θανάτου για τραπεζική χρήση.","ληξιαρχική_πράξη_θανάτου"
"Πώς μπορώ να διορθώσω ένα λάθος στα στοιχεία της ληξιαρχικής πράξης θανάτου;","ληξιαρχική_πράξη_θανάτου"
"Είναι απαραίτητη η πράξη θανάτου για τη διακοπή της σύνταξης του θανόντος;","ληξιαρχική_πράξη_θανάτου"
"Μπορεί ένας συγγενής δεύτερου βαθμού να ζητήσει το έγγραφο;","ληξιαρχική_πράξη_θανάτου"
"Πού μπορώ να βρω την πράξη θανάτου αν ο θάνατος συνέβη στο εξωτερικό;","ληξιαρχική_πράξη_θανάτου"
"Χρειάζομαι επικυρωμένο αντίγραφο για τη δημοσίευση της διαθήκης.","ληξιαρχική_πράξη_θανάτου"
"Υπάρχει κάποιο κόστος για την έκδοση της ληξιαρχικής πράξης θανάτου;","ληξιαρχική_πράξη_θανάτου"
"Πώς θα πάρω το πιστοποιητικό αν δεν γνωρίζω σε ποιο ληξιαρχείο δηλώθηκε;","ληξιαρχική_πράξη_θανάτου"
"Θέλω να κατεβάσω την πράξη θανάτου από το gov.gr, ποια είναι η διαδικασία;","ληξιαρχική_πράξη_θανάτου"
"Ποιος γιατρός πρέπει να υπογράψει το πιστοποιητικό για να βγει η ληξιαρχική πράξη;","ληξιαρχική_πράξη_θανάτου"
"Χρειάζομαι την πράξη θανάτου για να προχωρήσω σε αποδοχή κληρονομιάς.","ληξιαρχική_πράξη_θανάτου"
"Μπορώ να ζητήσω από το γραφείο τελετών να μου φέρει τη ληξιαρχική πράξη;","ληξιαρχική_πράξη_θανάτου"
"Τι γίνεται αν χάθηκε η αρχική ληξιαρχική πράξη θανάτου;","ληξιαρχική_πράξη_θανάτου"
"Χρειάζομαι το έγγραφο μεταφρασμένο για χρήση σε ασφαλιστική εταιρεία στο εξωτερικό.","ληξιαρχική_πράξη_θανάτου"
"Πώς ενημερώνεται αυτόματα το μητρώο μετά την έκδοση της πράξης;","ληξιαρχική_πράξη_θανάτου"
"Είναι δυνατόν να εκδοθεί ληξιαρχική πράξη θανάτου χωρίς ΑΜΚΑ;","ληξιαρχική_πράξη_θανάτου"
"Θέλω να δω αν έχει καταχωρηθεί ο θάνατος στο σύστημα του δήμου.","ληξιαρχική_πράξη_θανάτου"
"Ποια είναι η διαφορά μεταξύ πιστοποιητικού θανάτου και ληξιαρχικής πράξης;","ληξιαρχική_πράξη_θανάτου"
"Μπορώ να εκδώσω την πράξη θανάτου του παππού μου που απεβίωσε πριν χρόνια;","ληξιαρχική_πράξη_θανάτου"
"Χρειάζεται εξουσιοδότηση για να παραλάβω την πράξη θανάτου κάποιου άλλου;","ληξιαρχική_πράξη_θανάτου"
"Πού δηλώνεται ο θάνατος αν συνέβη μέσα σε νοσοκομείο;","ληξιαρχική_πράξη_θανάτου"
"Θέλω την πράξη θανάτου για να την καταθέσω στο κτηματολόγιο.","ληξιαρχική_πράξη_θανάτου"
"Πώς μπορώ να βρω το ψηφιοποιημένο αρχείο της πράξης θανάτου;","ληξιαρχική_πράξη_θανάτου"

"Μπορώ να πάρω ληξιαρχική πράξη γάμου ηλεκτρονικά;","ληξιαρχική_πράξη_γάμου"	
"Θέλω ληξιαρχική πράξη γάμου από τον δήμο.","ληξιαρχική_πράξη_γάμου"
"Πού κάνω αίτηση για πράξη γάμου;","ληξιαρχική_πράξη_γάμου"
"Ποια δικαιολογητικά χρειάζονται για ληξιαρχική πράξη γάμου;","ληξιαρχική_πράξη_γάμου"
"Μπορώ να βγάλω πράξη γάμου ηλεκτρονικά;","ληξιαρχική_πράξη_γάμου"
"Πόσο χρόνο θέλει να πάρω πράξη γάμου;","ληξιαρχική_πράξη_γάμου"
"Θέλω αντίγραφο ληξιαρχικής πράξης γάμου για υπηρεσίες.","ληξιαρχική_πράξη_γάμου"
"Υπάρχει online αίτηση για ληξιαρχική πράξη γάμου;","ληξιαρχική_πράξη_γάμου"
"Σε ποιο γραφείο καταθέτω αίτηση για πράξη γάμου;","ληξιαρχική_πράξη_γάμου"
"Μπορώ να παραλάβω πράξη γάμου από το ληξιαρχείο;","ληξιαρχική_πράξη_γάμου"
"Πού απευθύνομαι αν χάσω το πιστοποιητικό γάμου;","ληξιαρχική_πράξη_γάμου"
"Χρειάζομαι ληξιαρχική πράξη γάμου για μεταφραστική χρήση.","ληξιαρχική_πράξη_γάμου"
"Το προξενείο μου ζήτησε πράξη γάμου, πώς την αποκτώ;","ληξιαρχική_πράξη_γάμου"
"Μπορώ να παραλάβω ληξιαρχική πράξη γάμου μέσω ΚΕΠ;","ληξιαρχική_πράξη_γάμου"
"Χρειάζομαι πράξη γάμου για φορολογική χρήση.","ληξιαρχική_πράξη_γάμου"
"Θέλω ένα αντίγραφο του γάμου μου από το ληξιαρχείο.","ληξιαρχική_πράξη_γάμου"
"Πώς μπορώ να βρω την πράξη γάμου μου αν δεν θυμάμαι την ημερομηνία;","ληξιαρχική_πράξη_γάμου"
"Μπορεί άλλος να παραλάβει τη ληξιαρχική πράξη γάμου για μένα;","ληξιαρχική_πράξη_γάμου"
"Πού δηλώνεται ο γάμος για να εκδοθεί πράξη;","ληξιαρχική_πράξη_γάμου"
"Το ληξιαρχείο δεν μου έδωσε πράξη γάμου, τι μπορώ να κάνω;","ληξιαρχική_πράξη_γάμου"
"Θα ήθελα να αιτηθώ επίσημο αντίγραφο ληξιαρχικής πράξης γάμου.","ληξιαρχική_πράξη_γάμου"
"Γίνεται να κατεβάσω την πράξη γάμου σε μορφή PDF από gov.gr;","ληξιαρχική_πράξη_γάμου"
"Πώς μπορώ να αποκτήσω επικυρωμένο αντίγραφο πράξης γάμου;","ληξιαρχική_πράξη_γάμου"
"Χρειάζομαι πράξη γάμου για να την καταθέσω σε δημόσια υπηρεσία.","ληξιαρχική_πράξη_γάμου"
"Σε ποιο ληξιαρχείο μπορώ να απευθυνθώ για την πράξη του γάμου μου;","ληξιαρχική_πράξη_γάμου"
"Η ασφαλιστική εταιρεία μου ζητά πράξη γάμου – πώς την παίρνω;","ληξιαρχική_πράξη_γάμου"
"Μπορώ να ζητήσω περισσότερα αντίγραφα της ληξιαρχικής πράξης γάμου;","ληξιαρχική_πράξη_γάμου"
"Υπάρχει δυνατότητα αποστολής της πράξης γάμου μέσω ταχυδρομείου;","ληξιαρχική_πράξη_γάμου"
"Χρειάζομαι τη ληξιαρχική πράξη γάμου για να ξεκινήσω διαδικασία διαζυγίου.","ληξιαρχική_πράξη_γάμου"
"Ποιος έχει δικαίωμα να ζητήσει αντίγραφο ληξιαρχικής πράξης γάμου;","ληξιαρχική_πράξη_γάμου"
"Θέλω να βρω την πράξη γάμου των γονιών μου – γίνεται;","ληξιαρχική_πράξη_γάμου"
"Μπορώ να ζητήσω την πράξη γάμου για λογαριασμό του/της συζύγου μου;","ληξιαρχική_πράξη_γάμου"
"Χρειάζομαι αντίγραφο πράξης γάμου με σφραγίδα και υπογραφή.","ληξιαρχική_πράξη_γάμου"
"Ποια στοιχεία πρέπει να γνωρίζω για να βρω την πράξη γάμου;","ληξιαρχική_πράξη_γάμου"
"Γίνεται να εκδοθεί πράξη γάμου παλιού έτους;","ληξιαρχική_πράξη_γάμου"
"Η πράξη γάμου χρειάζεται μετάφραση για χρήση στο εξωτερικό – τι να κάνω;","ληξιαρχική_πράξη_γάμου"
"Ποια είναι η διαδικασία για έκδοση πιστοποιητικού γάμου διεθνώς αναγνωρισμένου;","ληξιαρχική_πράξη_γάμου"
"Θέλω να επικυρώσω την πράξη γάμου με Apostille – πώς προχωρώ;","ληξιαρχική_πράξη_γάμου"
"Μπορώ να εκδώσω την πράξη γάμου μέσω gov.gr με τους κωδικούς TAXISnet;","ληξιαρχική_πράξη_γάμου"
"Πόσες φορές μπορώ να ζητήσω αντίγραφα πράξης γάμου;","ληξιαρχική_πράξη_γάμου"
"Χρειάζομαι επίσημο έγγραφο που να αποδεικνύει ότι είμαι παντρεμένος/η.","ληξιαρχική_πράξη_γάμου"
"Πώς δηλώνεται ο γάμος στο ληξιαρχείο ώστε να εκδοθεί πράξη;","ληξιαρχική_πράξη_γάμου"
"Ο γάμος έγινε σε άλλο δήμο – πού εκδίδεται η ληξιαρχική πράξη;","ληξιαρχική_πράξη_γάμου"
"Το δικαστήριο μου ζήτησε την πράξη γάμου – πώς τη λαμβάνω;","ληξιαρχική_πράξη_γάμου"
"Γίνεται η παραλαβή της πράξης γάμου να γίνει από πληρεξούσιο;","ληξιαρχική_πράξη_γάμου"
"Έχω χάσει την πράξη γάμου – πώς μπορώ να την ξαναπάρω;","ληξιαρχική_πράξη_γάμου"
"Θέλω την πράξη γάμου με ημερομηνία και τόπο τέλεσης – μπορώ να τη ζητήσω;","ληξιαρχική_πράξη_γάμου"
"Ποια υπηρεσία είναι αρμόδια για την έκδοση πράξης γάμου;","ληξιαρχική_πράξη_γάμου"
"Μπορώ να κατεβάσω προσωρινό αντίγραφο πράξης γάμου;","ληξιαρχική_πράξη_γάμου"
"Πρέπει να πληρώσω παράβολο για να πάρω ληξιαρχική πράξη γάμου;","ληξιαρχική_πράξη_γάμου"
"Παντρεύτηκα με τη γυναίκα μου το Σάββατο, τι πρέπει να κάνω τώρα;","ληξιαρχική_πράξη_γάμου"
"Θέλω να δηλώσω τον γάμο μου στο ληξιαρχείο, ποια είναι η διαδικασία;","ληξιαρχική_πράξη_γάμου"
"Ο εργοδότης μου ζήτησε ένα χαρτί που να λέει ότι είμαι παντρεμένος, πώς το παίρνω;","ληξιαρχική_πράξη_γάμου"
"Μετά τον γάμο μου, χρειάζομαι ένα έγγραφο για να αλλάξω το επώνυμό μου.","ληξιαρχική_πράξη_γάμου"
"Πού υποβάλλω τα χαρτιά για να καταχωρηθεί ο γάμος μου;","ληξιαρχική_πράξη_γάμου"
"Χρειάζεται να ενημερώσω την οικογενειακή μου κατάσταση μετά τον γάμο;","ληξιαρχική_πράξη_γάμου"
"Πώς μπορώ να βρω το έγγραφο του γάμου μου για να το χρησιμοποιήσω στην τράπεζα;","ληξιαρχική_πράξη_γάμου"
"Θέλω ένα αντίγραφο της πράξης του γάμου μου, επειδή το πρωτότυπο κάηκε σε μια πυρκαγιά.","ληξιαρχική_πράξη_γάμου"
"Η τράπεζα ζητάει ένα πρόσφατο πιστοποιητικό γάμου για ένα δάνειο.","ληξιαρχική_πράξη_γάμου"
"Είναι υποχρεωτικό να δηλώσω τον γάμο μου στο ληξιαρχείο;","ληξιαρχική_πράξη_γάμου"
"Πώς μπορώ να πάρω ένα χαρτί που να αποδεικνύει ότι παντρεύτηκα στο εξωτερικό;","ληξιαρχική_πράξη_γάμου"
"Ο σύζυγός μου έχει αποβιώσει και χρειάζομαι την πράξη του γάμου μας για τη σύνταξη.","ληξιαρχική_πράξη_γάμου"
"Πρέπει να ενημερώσω τον δήμο για τον γάμο μου αμέσως μετά την τελετή;","ληξιαρχική_πράξη_γάμου"
"Χρειάζομαι ένα επίσημο έγγραφο που να λέει ότι είμαι παντρεμένος για να πάρω φοιτητική εστία.","ληξιαρχική_πράξη_γάμου"
"Μπορώ να ζητήσω αντίγραφο της πράξης γάμου των γονιών μου αν έχουν πεθάνει;","ληξιαρχική_πράξη_γάμου"
"Θέλω να κάνω αίτηση για αλλαγή διεύθυνσης και ζητάνε το πιστοποιητικό γάμου.","ληξιαρχική_πράξη_γάμου"
"Πώς μπορώ να βρω τα στοιχεία του ληξιαρχείου όπου καταχωρήθηκε ο γάμος μου;","ληξιαρχική_πράξη_γάμου"
"Είμαι παντρεμένος με σύμφωνο συμβίωσης, μπορώ να πάρω ληξιαρχική πράξη γάμου;","ληξιαρχική_πράξη_γάμου"
"Χρειάζομαι την πράξη του γάμου μου για να βγάλω οικογενειακή κατάσταση.","ληξιαρχική_πράξη_γάμου"
"Το πιστοποιητικό γάμου που πήρα έχει ένα λάθος στο όνομα, τι πρέπει να κάνω;","ληξιαρχική_πράξη_γάμου"
"Πού μπορώ να βρω την ψηφιοποιημένη πράξη γάμου μου στο σύστημα του δήμου;","ληξιαρχική_πράξη_γάμου"
"Χρειάζομαι τη ληξιαρχική πράξη γάμου για να τη στείλω στην πρεσβεία για βίζα.","ληξιαρχική_πράξη_γάμου"
"Πώς μπορώ να ζητήσω αντίγραφο πράξης γάμου αν ο γάμος έγινε πριν το 1980;","ληξιαρχική_πράξη_γάμου"
"Είναι απαραίτητο να προσκομίσω την πράξη γάμου για την έκδοση κοινού τραπεζικού λογαριασμού;","ληξιαρχική_πράξη_γάμου"
"Μπορώ να λάβω την πράξη γάμου μου με ψηφιακή υπογραφή μέσω email;","ληξιαρχική_πράξη_γάμου"
"Ποια είναι η διαδικασία για να πάρω ληξιαρχική πράξη για θρησκευτικό γάμο;","ληξιαρχική_πράξη_γάμου"
"Θέλω να επιβεβαιώσω αν ο γάμος μου έχει διαβιβαστεί σωστά στο κεντρικό μητρώο.","ληξιαρχική_πράξη_γάμου"
"Χρειάζομαι την πράξη γάμου για να αποδείξω τη συγγένεια σε κληρονομική υπόθεση.","ληξιαρχική_πράξη_γάμου"
"Πώς μπορώ να εκδώσω την πράξη γάμου αν μένω μόνιμα στο εξωτερικό;","ληξιαρχική_πράξη_γάμου"
"Μπορεί ο δικηγόρος μου να παραλάβει την πράξη γάμου με απλή εξουσιοδότηση;","ληξιαρχική_πράξη_γάμου"
"Υπάρχει κάποιο παράβολο που πρέπει να πληρώσω για το αντίγραφο της πράξης;","ληξιαρχική_πράξη_γάμου"
"Πού μπορώ να δω το ιστορικό των μεταβολών στη ληξιαρχική πράξη γάμου μου;","ληξιαρχική_πράξη_γάμου"
"Χρειάζομαι την πράξη γάμου για να την καταθέσω στο ταμείο νομικών.","ληξιαρχική_πράξη_γάμου"
"Πώς ενημερώνεται η πράξη γάμου μετά την έκδοση αμετάκλητου διαζυγίου;","ληξιαρχική_πράξη_γάμου"
"Θέλω ένα επίσημο αντίγραφο της πράξης γάμου για το αρχείο μου.","ληξιαρχική_πράξη_γάμου"
"Ποια είναι η προθεσμία δήλωσης του γάμου στο ληξιαρχείο μετά την τελετή;","ληξιαρχική_πράξη_γάμου"
"Μπορώ να ζητήσω ληξιαρχική πράξη γάμου για γάμο που λύθηκε;","ληξιαρχική_πράξη_γάμου"
"Χρειάζομαι το έγγραφο για να γραφτεί η σύζυγός μου στο ασφαλιστικό μου ταμείο.","ληξιαρχική_πράξη_γάμου"
"Πού απευθύνομαι αν η πράξη γάμου δεν εμφανίζεται στην εφαρμογή gov.gr;","ληξιαρχική_πράξη_γάμου"
"Θέλω να πάρω ληξιαρχική πράξη γάμου από το ειδικό ληξιαρχείο Αθηνών.","ληξιαρχική_πράξη_γάμου"
"Είναι η πράξη γάμου το ίδιο έγγραφο με το πιστοποιητικό γάμου;","ληξιαρχική_πράξη_γάμου"
"Πώς μπορώ να βρω τον τόμο και τον αριθμό της ληξιαρχικής μου πράξης;","ληξιαρχική_πράξη_γάμου"
"Χρειάζομαι την πράξη γάμου για την εγγραφή του παιδιού μου στον παιδικό σταθμό.","ληξιαρχική_πράξη_γάμου"
"Μπορώ να χρησιμοποιήσω τη ληξιαρχική πράξη γάμου αντί για πιστοποιητικό οικογενειακής κατάστασης;","ληξιαρχική_πράξη_γάμου"
"Πώς μπορώ να διορθώσω την ημερομηνία γέννησης που γράφτηκε λάθος στην πράξη γάμου;","ληξιαρχική_πράξη_γάμου"
"Θέλω να εκδώσω πράξη γάμου για χρήση σε δικαστήριο στο εξωτερικό.","ληξιαρχική_πράξη_γάμου"
"Ποια είναι τα απαραίτητα στοιχεία για την αναζήτηση μιας παλιάς πράξης γάμου;","ληξιαρχική_πράξη_γάμου"
"Μπορώ να πάρω την πράξη γάμου μου από το ΚΕΠ χωρίς ραντεβού;","ληξιαρχική_πράξη_γάμου"
"Χρειάζομαι την πράξη γάμου για να την υποβάλω μαζί με τη φορολογική μου δήλωση.","ληξιαρχική_πράξη_γάμου"
"Πώς μπορώ να λάβω επικυρωμένο αντίγραφο της πράξης γάμου μου ταχυδρομικά;","ληξιαρχική_πράξη_γάμου"

"Πώς να κάνω αίτηση για άδεια οικοδομής;","άδεια_οικοδομής"
"Τι χρειάζεται για να βγάλω οικοδομική άδεια;","άδεια_οικοδομής"
"Πού καταθέτω τα δικαιολογητικά για άδεια οικοδομής;","άδεια_οικοδομής"
"Θέλω να βγάλω άδεια για ανέγερση κτιρίου.","άδεια_οικοδομής"
"Υπάρχει ηλεκτρονική αίτηση για οικοδομική άδεια;","άδεια_οικοδομής"
"Πόσο κοστίζει μια άδεια οικοδομής στον δήμο;","άδεια_οικοδομής"
"Ποιες υπηρεσίες ασχολούνται με τις άδειες οικοδομής;","άδεια_οικοδομής"
"Ποια είναι η διαδικασία για την έκδοση οικοδομικής άδειας;","άδεια_οικοδομής"
"Ποιος εγκρίνει τις άδειες οικοδομής;","άδεια_οικοδομής"
"Θέλω να ρωτήσω για τα χαρτιά που χρειάζομαι για άδεια οικοδομής.","άδεια_οικοδομής"
"Μπορώ να κάνω αίτηση για άδεια οικοδομής μέσω μηχανικού;","άδεια_οικοδομής"
"Χρειάζεται αρχιτέκτονας για την έκδοση οικοδομικής άδειας;","άδεια_οικοδομής"
"Γίνεται να ανανεώσω παλιά άδεια οικοδομής;","άδεια_οικοδομής"
"Πού απευθύνομαι για άδεια μικρής κλίμακας;","άδεια_οικοδομής"
"Θέλω άδεια για ανακαίνιση, τι διαδικασία ακολουθώ;","άδεια_οικοδομής"
"Μπορώ να χτίσω χωρίς άδεια σε εκτός σχεδίου περιοχή;","άδεια_οικοδομής"
"Υπάρχει πλατφόρμα για την υποβολή οικοδομικών αδειών;","άδεια_οικοδομής"
"Θέλω πληροφορίες για άδεια προσθήκης ορόφου.","άδεια_οικοδομής"
"Ποια έγγραφα χρειάζομαι για να ξεκινήσω έκδοση άδειας;","άδεια_οικοδομής"
"Η άδεια οικοδομής ισχύει για πόσο χρονικό διάστημα;","άδεια_οικοδομής"
"Θα ήθελα να μάθω αν χρειάζεται άδεια για κατασκευή αποθήκης.","άδεια_οικοδομής"
"Τι ισχύει για τις άδειες οικοδομής σε διατηρητέα κτίρια;","άδεια_οικοδομής"
"Μπορεί ο δήμος να με ενημερώσει για τα στάδια έγκρισης της άδειας;","άδεια_οικοδομής"
"Ποια είναι η διαδικασία για έκδοση άδειας για περίφραξη οικοπέδου;","άδεια_οικοδομής"
"Θα χρειαστώ πολεοδομική άδεια για να βάλω στέγαστρο στο μπαλκόνι μου;","άδεια_οικοδομής"
"Μπορώ να αιτηθώ τροποποίηση υπάρχουσας οικοδομικής άδειας;","άδεια_οικοδομής"
"Χρειάζομαι άδεια για αλλαγή χρήσης του ακινήτου μου;","άδεια_οικοδομής"
"Υπάρχει κάποιος οδηγός για τα βήματα έκδοσης άδειας οικοδομής;","άδεια_οικοδομής"
"Πώς μπορώ να παρακολουθώ την πορεία της αίτησής μου για άδεια;","άδεια_οικοδομής"
"Θέλω να ενημερωθώ για τις προθεσμίες σχετικά με την έκδοση άδειας οικοδομής.","άδεια_οικοδομής"
"Θέλω να ξεκινήσω οικοδομή – ποιο είναι το πρώτο βήμα;","άδεια_οικοδομής"
"Ποια είναι η διαδικασία για να πάρω άδεια για αναστήλωση παλιού σπιτιού;","άδεια_οικοδομής"
"Υπάρχει προθεσμία λήξης για την οικοδομική άδεια;","άδεια_οικοδομής"
"Πώς μπορώ να ελέγξω αν το οικόπεδο μου είναι οικοδομήσιμο;","άδεια_οικοδομής"
"Χρειάζεται άδεια για να κτίσω φράχτη ή μάντρα;","άδεια_οικοδομής"
"Μπορώ να ζητήσω επανέκδοση άδειας που έχει λήξει;","άδεια_οικοδομής"
"Πού μπορώ να δω αν έχει εκδοθεί άδεια οικοδομής για διπλανό ακίνητο;","άδεια_οικοδομής"
"Θέλω να επεκτείνω την κατοικία μου – ποια άδεια χρειάζομαι;","άδεια_οικοδομής"
"Πώς υποβάλλω φάκελο για νέα οικοδομική άδεια μέσω ηλεκτρονικής πλατφόρμας;","άδεια_οικοδομής"
"Γίνεται να αιτηθώ άδεια για προκατασκευασμένο σπίτι;","άδεια_οικοδομής"
"Πρέπει να χτίσω μια πισίνα, χρειάζομαι ειδική άδεια γι' αυτό;","άδεια_οικοδομής"
"Θα ήθελα να ρωτήσω ποια έγγραφα χρειάζονται για άδεια δόμησης σε αγροτεμάχιο.","άδεια_οικοδομής"
"Πώς μπορώ να δηλώσω την αυθαίρετη προσθήκη ενός δωματίου στον δήμο;","άδεια_οικοδομής"
"Μπορώ να ζητήσω άδεια για την εγκατάσταση φωτοβολταϊκών στο σπίτι μου;","άδεια_οικοδομής"
"Ο δήμος μου ζητάει άδεια οικοδομής για να βάλω φυσικό αέριο, πού την παίρνω;","άδεια_οικοδομής"
"Χρειάζεται άδεια για να βάψω το εξωτερικό του σπιτιού μου;","άδεια_οικοδομής"
"Πώς μπορώ να ελέγξω αν ο γείτονάς μου χτίζει με νόμιμη άδεια;","άδεια_οικοδομής"
"Θέλω να βγάλω άδεια για ανακαίνιση κουζίνας και μπάνιου, χρειάζομαι πολλά χαρτιά;","άδεια_οικοδομής"
"Έχει λήξει η άδεια οικοδομής μου και δεν πρόλαβα να τελειώσω, τι πρέπει να κάνω;","άδεια_οικοδομής"
"Ποιος είναι ο αρμόδιος μηχανικός που μπορεί να με βοηθήσει με την άδεια οικοδομής;","άδεια_οικοδομής"
"Πρέπει να βγάλω άδεια για να κάνω μόνωση στο σπίτι μου;","άδεια_οικοδομής"
"Πού μπορώ να βρω τα πολεοδομικά σχέδια για την περιοχή μου;","άδεια_οικοδομής"
"Η τράπεζα μου ζητάει άδεια οικοδομής για ένα δάνειο, πού την παίρνω;","άδεια_οικοδομής"
"Χρειάζεται άδεια για να τοποθετήσω κεραμοσκεπή;","άδεια_οικοδομής"
"Θέλω να χτίσω σε ένα οικόπεδο που δεν είναι άρτιο, υπάρχει κάποια λύση;","άδεια_οικοδομής"
"Ο δήμος με ενημέρωσε ότι η άδειά μου δεν είναι πλήρης, τι πρέπει να κάνω;","άδεια_οικοδομής"
"Μπορώ να ζητήσω άδεια για να αλλάξω τα κουφώματα στο σπίτι μου;","άδεια_οικοδομής"
"Υπάρχει κάποιο παράβολο για την έκδοση οικοδομικής άδειας;","άδεια_οικοδομής"
"Χρειάζεται άδεια για να εγκαταστήσω τέντες στο μπαλκόνι μου;","άδεια_οικοδομής"
"Πώς μπορώ να ελέγξω αν η άδεια οικοδομής που έχω είναι σε ισχύ;","άδεια_οικοδομής"
"Θέλω να βάλω ένα κοντέινερ στο οικόπεδό μου, χρειάζεται άδεια;","άδεια_οικοδομής"
"Πώς μπορώ να ελέγξω αν ο γείτονάς μου χτίζει με νόμιμη άδεια;","άδεια_οικοδομής"
"Ο δήμος μου ζητάει άδεια οικοδομής για να βάλω φυσικό αέριο, πού την παίρνω;","άδεια_οικοδομής"
"Θέλω να ανακαινίσω το μπάνιο και την κουζίνα μου, χρειάζεται άδεια γι' αυτό;","άδεια_οικοδομής"
"Πού μπορώ να βρω τα πολεοδομικά σχέδια για την περιοχή μου;","άδεια_οικοδομής"
"Η τράπεζα μου ζητάει άδεια οικοδομής για ένα δάνειο, πού την παίρνω;","άδεια_οικοδομής"
"Χρειάζεται άδεια για να τοποθετήσω κεραμοσκεπή;","άδεια_οικοδομής"
"Έχει λήξει η άδεια οικοδομής μου και δεν πρόλαβα να τελειώσω, τι πρέπει να κάνω;","άδεια_οικοδομής"
"Πώς μπορώ να ελέγξω αν το οικόπεδο μου είναι οικοδομήσιμο;","άδεια_οικοδομής"
"Θέλω να επεκτείνω την κατοικία μου, χρειάζομαι ειδική άδεια;","άδεια_οικοδομής"
"Πρέπει να βγάλω άδεια για να κάνω μόνωση στο σπίτι μου;","άδεια_οικοδομής"
"Πώς μπορώ να εκδώσω μια νέα άδεια οικοδομής για το οικόπεδό μου;","άδεια_οικοδομής"
"Ποια είναι τα απαραίτητα δικαιολογητικά για την έκδοση οικοδομικής άδειας;","άδεια_οικοδομής"
"Θέλω να ελέγξω αν έχει εκδοθεί άδεια οικοδομής για μια συγκεκριμένη κατασκευή.","άδεια_οικοδομής"
"Πόσο κοστίζει το παράβολο για την αναθεώρηση μιας οικοδομικής άδειας;","άδεια_οικοδομής"
"Χρειάζομαι αντίγραφο της άδειας οικοδομής από το αρχείο της πολεοδομίας.","άδεια_οικοδομής"
"Ποια είναι η διαδικασία για την παράταση ισχύος μιας άδειας οικοδομής;","άδεια_οικοδομής"
"Μπορώ να βρω την άδεια οικοδομής της πολυκατοικίας μου ηλεκτρονικά;","άδεια_οικοδομής"
"Τι έγγραφα πρέπει να καταθέσει ο μηχανικός μου για την έκδοση της άδειας;","άδεια_οικοδομής"
"Υπάρχει άδεια οικοδομής για το κτίσμα που βρίσκεται στην οδό Αρτέμιδος;","άδεια_οικοδομής"
"Πώς μπορώ να κάνω καταγγελία για οικοδομή που χτίζεται χωρίς άδεια;","άδεια_οικοδομής"
"Χρειάζεται άδεια οικοδομής για την προσθήκη στέγης σε υπάρχον κτίριο;","άδεια_οικοδομής"
"Ποιο είναι το χρονικό όριο ισχύος μιας νέας οικοδομικής άδειας;","άδεια_οικοδομής"
"Θέλω να ενημερωθώ για την πορεία της αίτησής μου για άδεια ανέγερσης.","άδεια_οικοδομής"
"Είναι απαραίτητη η οικοδομική άδεια για την κατασκευή περίφραξης;","άδεια_οικοδομής"
"Πού μπορώ να βρω το στέλεχος της οικοδομικής άδειας παλαιού κτιρίου;","άδεια_οικοδομής"
"Πώς γίνεται η μετατροπή μιας άδειας από έγχαρτη σε ηλεκτρονική;","άδεια_οικοδομής"
"Ποιες είναι οι προϋποθέσεις για την έκδοση άδειας νομιμοποίησης αυθαιρέτου;","άδεια_οικοδομής"
"Μπορεί ο δήμος να μου δώσει βεβαίωση ότι δεν υπάρχει άδεια οικοδομής;","άδεια_οικοδομής"
"Πόσες ημέρες διαρκεί η προέγκριση μιας οικοδομικής άδειας;","άδεια_οικοδομής"
"Χρειάζομαι την άδεια οικοδομής για να συνδέσω το κτίριο με το δίκτυο της ΔΕΗ.","άδεια_οικοδομής"
"Ποια είναι η διαφορά μεταξύ άδειας οικοδομής και άδειας μικρής κλίμακας;","άδεια_οικοδομής"
"Θέλω να αλλάξω τον επιβλέποντα μηχανικό στην τρέχουσα άδεια οικοδομής.","άδεια_οικοδομής"
"Πού καταθέτω την αίτηση για την τελική θεώρηση της οικοδομικής άδειας;","άδεια_οικοδομής"
"Υπάρχει πρόστιμο αν οι εργασίες ξεκινήσουν πριν την έκδοση της άδειας;","άδεια_οικοδομής"
"Πώς μπορώ να αναζητήσω παλιές οικοδομικές άδειες στο ψηφιακό αρχείο;","άδεια_οικοδομής"
"Είναι έγκυρη η άδεια οικοδομής αν έχει λήξει ο χρόνος υλοποίησης;","άδεια_οικοδομής"
"Τι συμβαίνει σε περίπτωση απώλειας του φακέλου της οικοδομικής άδειας;","άδεια_οικοδομής"
"Χρειάζεται άδεια οικοδομής για την κατεδάφιση ενός παλαιού πέτρινου τοίχου;","άδεια_οικοδομής"
"Ποια υπηρεσία εκδίδει την άδεια οικοδομής για βιομηχανικά κτίρια;","άδεια_οικοδομής"

"Πού κάνω αίτηση για βεβαίωση χρήσης γης;","βεβαίωση_χρήσης_γης"
"Θέλω βεβαίωση χρήσης γης για το ακίνητό μου.","βεβαίωση_χρήσης_γης"
"Πώς να πάρω πιστοποιητικό χρήσης γης από τον δήμο;","βεβαίωση_χρήσης_γης"
"Πού βρίσκω το έντυπο βεβαίωσης χρήσης γης;","βεβαίωση_χρήσης_γης"
"Τι στοιχεία απαιτούνται για βεβαίωση χρήσης γης;","βεβαίωση_χρήσης_γης"
"Θέλω να εκδώσω βεβαίωση χρήσης γης για πολεοδομική χρήση.","βεβαίωση_χρήσης_γης"
"Πώς μπορώ να βγάλω βεβαίωση για τη χρήση του οικοπέδου μου;","βεβαίωση_χρήσης_γης"
"Υπάρχει online βεβαίωση χρήσης γης;","βεβαίωση_χρήσης_γης"
"Πόσο χρόνο χρειάζεται για να πάρω βεβαίωση χρήσης γης;","βεβαίωση_χρήσης_γης"
"Ποιες είναι οι διαδικασίες για πιστοποίηση χρήσης γης;","βεβαίωση_χρήσης_γης"
"Χρειάζομαι βεβαίωση χρήσης γης για συμβόλαιο.","βεβαίωση_χρήσης_γης"
"Μπορώ να αιτηθώ ηλεκτρονικά τη χρήση γης για το ακίνητο μου;","βεβαίωση_χρήσης_γης"
"Πού απευθύνομαι για να μάθω τι χρήση έχει το οικόπεδό μου;","βεβαίωση_χρήσης_γης"
"Το μεσιτικό μου ζήτησε πιστοποιητικό χρήσης γης, πώς το παίρνω;","βεβαίωση_χρήσης_γης"
"Χρειάζεται κάποιο τοπογραφικό για βεβαίωση χρήσης γης;","βεβαίωση_χρήσης_γης"
"Μπορώ να πάρω βεβαίωση για χρήση κατοικίας;","βεβαίωση_χρήσης_γης"
"Θέλω να δηλώσω αλλαγή στη χρήση γης τι κάνω;","βεβαίωση_χρήσης_γης"
"Η πολεοδομία ζήτησε βεβαίωση για τη χρήση του οικοπέδου.","βεβαίωση_χρήσης_γης"
"Ποιος εκδίδει τη βεβαίωση χρήσης γης στον δήμο;","βεβαίωση_χρήσης_γης"
"Χρειάζομαι το έγγραφο που να δείχνει τη χρήση γης για να χτίσω.","βεβαίωση_χρήσης_γης"
"Θα ήθελα να μάθω αν το ακίνητό μου είναι σε ζώνη κατοικίας ή επαγγελματικής χρήσης.","βεβαίωση_χρήσης_γης"
"Μπορώ να εκδώσω πιστοποιητικό χρήσης γης για έκταση εκτός σχεδίου;","βεβαίωση_χρήσης_γης"
"Υπάρχει δυνατότητα να λάβω ψηφιακά τη βεβαίωση χρήσης γης;","βεβαίωση_χρήσης_γης"
"Ποια υπηρεσία του δήμου είναι αρμόδια για χρήση γης;","βεβαίωση_χρήσης_γης"
"Χρειάζομαι έγγραφο που να αναφέρει επίσημα τι επιτρέπεται να χτίσω στο οικόπεδο.","βεβαίωση_χρήσης_γης"
"Πού μπορώ να δω εάν η περιοχή μου είναι χαρακτηρισμένη ως αγροτική ή οικιστική;","βεβαίωση_χρήσης_γης"
"Η τράπεζα μου ζήτησε βεβαίωση χρήσης γης για να εγκρίνει δάνειο.","βεβαίωση_χρήσης_γης"
"Μπορώ να αιτηθώ βεβαίωση για χρήση επαγγελματικής στέγης;","βεβαίωση_χρήσης_γης"
"Χρειάζομαι το έγγραφο που να αναφέρει τι χρήση προβλέπεται για το οικόπεδο.","βεβαίωση_χρήσης_γης"
"Γίνεται να εκδώσω βεβαίωση χρήσης γης μέσω της πλατφόρμας του gov.gr;","βεβαίωση_χρήσης_γης"
"Θέλω βεβαίωση χρήσης γης για ακίνητο που θέλω να αγοράσω.","βεβαίωση_χρήσης_γης"
"Πώς μπορώ να αποδείξω τη χρήση γης για ένα οικόπεδο σε εκτός σχεδίου περιοχή;","βεβαίωση_χρήσης_γης"
"Χρειάζεται βεβαίωση χρήσης γης για να γίνει διαχωρισμός οικοπέδου;","βεβαίωση_χρήσης_γης"
"Μπορεί ο μηχανικός μου να ζητήσει τη χρήση γης αντί για μένα;","βεβαίωση_χρήσης_γης"
"Γίνεται να επισυνάψω τοπογραφικό στην αίτηση για χρήση γης;","βεβαίωση_χρήσης_γης"
"Θέλω να βεβαιωθεί η δυνατότητα επαγγελματικής χρήσης για ακίνητο.","βεβαίωση_χρήσης_γης"
"Πώς δηλώνω αλλαγή από γεωργική χρήση σε οικιστική;","βεβαίωση_χρήσης_γης"
"Υπάρχει περιορισμός χρήσης γης λόγω περιβαλλοντικής προστασίας;","βεβαίωση_χρήσης_γης"
"Πού φαίνεται αν το ακίνητο είναι σε ζώνη Βιομηχανική ή Εμπορική;","βεβαίωση_χρήσης_γης"
"Μπορώ να δω τον πολεοδομικό χάρτη για να εντοπίσω τη χρήση γης;","βεβαίωση_χρήσης_γης"
"Θέλω χρήση γης για μετατροπή κατοικίας σε τουριστικό κατάλυμα.","βεβαίωση_χρήσης_γης"
"Υπάρχει χρέωση για τη χορήγηση πιστοποιητικού χρήσης γης;","βεβαίωση_χρήσης_γης"
"Χρειάζομαι επίσημο έγγραφο που να δηλώνει ότι επιτρέπεται οικοδομή.","βεβαίωση_χρήσης_γης"
"Θέλω να γνωρίζω τι επιτρέπεται να ανεγερθεί στο συγκεκριμένο ακίνητο.","βεβαίωση_χρήσης_γης"
"Η χρήση γης που μου δήλωσαν διαφέρει με το τοπικό ρυμοτομικό – τι κάνω;","βεβαίωση_χρήσης_γης"
"Μπορεί να γίνει χρήση γης για σχολείο ή εκπαιδευτήριο στο ακίνητο;","βεβαίωση_χρήσης_γης"
"Πώς θα πάρω βεβαίωση χρήσης γης για να ανοίξω κατάστημα;","βεβαίωση_χρήσης_γης"
"Θέλω να χτίσω βιοτεχνία, αλλά δεν ξέρω τι χρήση έχει η περιοχή.","βεβαίωση_χρήσης_γης"
"Ποιο είναι το αρμόδιο τμήμα για έγκριση χρήσης γης σε νέα δραστηριότητα;","βεβαίωση_χρήσης_γης"
"Χρειάζομαι επικαιροποιημένη βεβαίωση χρήσης γης γιατί η προηγούμενη είναι παλιά.","βεβαίωση_χρήσης_γης"
"Σκέφτομαι να ανοίξω ένα κατάστημα εστίασης, αλλά δεν ξέρω αν επιτρέπεται στην περιοχή μου.","βεβαίωση_χρήσης_γης"
"Πού μπορώ να δω τι μπορώ να χτίσω σε ένα οικόπεδο που κοιτάζω να αγοράσω;","βεβαίωση_χρήσης_γης"
"Ένας φίλος θέλει να βάλει ένα συνεργείο, αλλά δεν ξέρουμε αν ο χώρος έχει τη σωστή χρήση.","βεβαίωση_χρήσης_γης"
"Μπορώ να αλλάξω την αγροτική χρήση του οικοπέδου μου σε οικιστική; Ποια είναι η διαδικασία;","βεβαίωση_χρήσης_γης"
"Ζητάω ένα χαρτί που να λέει ότι στο οικόπεδό μου επιτρέπεται η κατασκευή κατοικίας.","βεβαίωση_χρήσης_γης"
"Η εφορία μου ζητάει ένα επίσημο έγγραφο που να αποδεικνύει την χρήση του ακινήτου μου.","βεβαίωση_χρήσης_γης"
"Ποιο είναι το επίσημο έγγραφο που αναφέρει τις επιτρεπόμενες χρήσεις γης σε μια περιοχή;","βεβαίωση_χρήσης_γης"
"Χρειάζομαι να αποδείξω ότι το οικόπεδό μου δεν είναι σε δασική έκταση, πού το βρίσκω;","βεβαίωση_χρήσης_γης"
"Ποιος είναι ο αρμόδιος φορέας για να μου πει αν μπορώ να χτίσω ξενοδοχείο σε ένα οικόπεδο;","βεβαίωση_χρήσης_γης"
"Αν αγοράσω ένα οικόπεδο, πώς μπορώ να είμαι σίγουρος/η για το τι μπορώ να το κάνω;","βεβαίωση_χρήσης_γης"
"Έχω ένα ακίνητο που ήταν αποθήκη και τώρα θέλω να το κάνω σπίτι, τι χαρτί χρειάζομαι;","βεβαίωση_χρήσης_γης"
"Για να κάνω μια αίτηση για επιδότηση, μου ζητάνε ένα έγγραφο για τη χρήση γης.","βεβαίωση_χρήσης_γης"
"Πώς μπορώ να πάρω ένα έγγραφο που να δείχνει τις επιτρεπόμενες χρήσεις στην περιοχή μου;","βεβαίωση_χρήσης_γης"
"Πού μπορώ να δω αν ο δήμος έχει βάλει περιορισμούς χρήσης γης στην περιοχή μου;","βεβαίωση_χρήσης_γης"
"Θέλω να ανοίξω έναν χώρο στάθμευσης, πού μπορώ να ελέγξω αν επιτρέπεται η χρήση αυτή;","βεβαίωση_χρήσης_γης"
"Αγόρασα ένα οικόπεδο και θέλω να επιβεβαιώσω τη χρήση γης πριν κάνω οτιδήποτε.","βεβαίωση_χρήσης_γης"
"Η πολεοδομία μου ζήτησε να αποδείξω την χρήση του κτιρίου μου.","βεβαίωση_χρήσης_γης"
"Μπορώ να χρησιμοποιήσω το σπίτι μου ως επαγγελματική έδρα; Τι χαρτιά χρειάζομαι;","βεβαίωση_χρήσης_γης"
"Πώς μπορώ να πάρω ένα έγγραφο που να δείχνει τις χρήσεις γης για το οικόπεδό μου;","βεβαίωση_χρήσης_γης"
"Θέλω να μάθω αν η περιοχή μου είναι για κατοικία ή για εμπορικά καταστήματα.","βεβαίωση_χρήσης_γης"
"Ποιες δραστηριότητες επιτρέπονται στο οικόπεδό μου σύμφωνα με τη χρήση γης;","βεβαίωση_χρήσης_γης"
"Θέλω να μάθω αν μπορώ να ανοίξω κατάστημα υγειονομικού ενδιαφέροντος σε αυτή την περιοχή.","βεβαίωση_χρήσης_γης"
"Χρειάζομαι βεβαίωση χρήσης γης για να προχωρήσω σε έναρξη στην εφορία.","βεβαίωση_χρήσης_γης"
"Επιτρέπεται η ανέγερση βιοτεχνικού κτιρίου στη συγκεκριμένη τοποθεσία;","βεβαίωση_χρήσης_γης"
"Πώς μπορώ να λάβω βεβαίωση για τις επιτρεπόμενες χρήσεις γης σε ένα ακίνητο;","βεβαίωση_χρήσης_γης"
"Ποια είναι τα δικαιολογητικά για την έκδοση βεβαίωσης χρήσης γης από την πολεοδομία;","βεβαίωση_χρήσης_γης"
"Είναι η περιοχή μου ενταγμένη στο σχέδιο πόλης και τι χρήσεις προβλέπονται;","βεβαίωση_χρήσης_γης"
"Θέλω να εκδώσω βεβαίωση χρήσης γης για τη λειτουργία συνεργείου αυτοκινήτων.","βεβαίωση_χρήσης_γης"
"Μπορώ να χρησιμοποιήσω το κτίριο ως γραφείο βάσει των εγκεκριμένων χρήσεων γης;","βεβαίωση_χρήσης_γης"
"Ποιο είναι το κόστος για την αίτηση βεβαίωσης χρήσης γης;","βεβαίωση_χρήσης_γης"
"Χρειάζεται ο μηχανικός μου τη βεβαίωση χρήσης γης για τον φάκελο της άδειας;","βεβαίωση_χρήσης_γης"
"Πού μπορώ να δω τον χάρτη με τις ζώνες χρήσης γης του δήμου μας;","βεβαίωση_χρήσης_γης"
"Επιτρέπεται η λειτουργία ξενοδοχειακής μονάδας στο συγκεκριμένο αγροτεμάχιο;","βεβαίωση_χρήσης_γης"
"Πόσες ημέρες απαιτούνται για την έκδοση της βεβαίωσης χρήσης γης;","βεβαίωση_χρήσης_γης"
"Μπορεί να αλλάξει η χρήση γης σε μια περιοχή με απόφαση του δημοτικού συμβουλίου;","βεβαίωση_χρήσης_γης"
"Θέλω βεβαίωση ότι το οικόπεδο βρίσκεται σε ζώνη οικιστικού ελέγχου.","βεβαίωση_χρήσης_γης"
"Ποιος είναι ο αρμόδιος υπάλληλος για τις βεβαιώσεις χρήσεων γης στην πολεοδομία;","βεβαίωση_χρήσης_γης"
"Είναι δυνατή η λειτουργία εκπαιδευτηρίου σε αυτή τη γειτονιά;","βεβαίωση_χρήσης_γης"
"Χρειάζομαι τη βεβαίωση για να την προσκομίσω στην περιφέρεια για αδειοδότηση.","βεβαίωση_χρήσης_γης"
"Πώς μπορώ να ξέρω αν το ακίνητό μου βρίσκεται σε δασική ή αγροτική γη;","βεβαίωση_χρήσης_γης"
"Επιτρέπονται οι εμπορικές δραστηριότητες στον δρόμο που μένω;","βεβαίωση_χρήσης_γης"
"Θέλω να ελέγξω αν η χρήση γης επιτρέπει την τοποθέτηση κεραιών τηλεφωνίας.","βεβαίωση_χρήσης_γης"
"Πού υποβάλλω την ηλεκτρονική αίτηση για βεβαίωση χρήσης γης;","βεβαίωση_χρήσης_γης"
"Υπάρχουν περιορισμοί στη χρήση γης λόγω γειτνίασης με αρχαιολογικό χώρο;","βεβαίωση_χρήσης_γης"
"Μπορώ να έχω μια βεβαίωση για το τι μπορούσε να χτιστεί εκεί το 1990;","βεβαίωση_χρήσης_γης"
"Είναι η βεβαίωση χρήσης γης απαραίτητη για τη μεταβίβαση του ακινήτου;","βεβαίωση_χρήσης_γης"
"Ποια είναι η ισχύς της βεβαίωσης χρήσης γης που εκδόθηκε πέρυσι;","βεβαίωση_χρήσης_γης"
"Θέλω να μάθω αν η περιοχή μου χαρακτηρίζεται ως αμιγής κατοικία.","βεβαίωση_χρήσης_γης"
"Πώς επηρεάζει το νέο τοπικό πολεοδομικό σχέδιο τη χρήση γης στο οικόπεδό μου;","βεβαίωση_χρήσης_γης"
"Χρειάζομαι βεβαίωση χρήσης γης για την εγκατάσταση φωτοβολταϊκών συστημάτων.","βεβαίωση_χρήσης_γης"

"Πώς εκδίδεται βεβαίωση ορίων ιδιοκτησίας;","βεβαίωση_ορίων_ιδιοκτησίας"
"Θέλω βεβαίωση για τα όρια του οικοπέδου μου.","βεβαίωση_ορίων_ιδιοκτησίας"
"Πού βρίσκω αίτηση για βεβαίωση ορίων ιδιοκτησίας;","βεβαίωση_ορίων_ιδιοκτησίας"
"Μπορώ να ζητήσω βεβαίωση ορίων ιδιοκτησίας ηλεκτρονικά;","βεβαίωση_ορίων_ιδιοκτησίας"
"Τι χρειάζομαι για να πάρω βεβαίωση ορίων ιδιοκτησίας;","βεβαίωση_ορίων_ιδιοκτησίας"
"Θέλω πιστοποιητικό για τα όρια της ιδιοκτησίας μου.","βεβαίωση_ορίων_ιδιοκτησίας"
"Σε ποιο τμήμα του δήμου βγάζω βεβαίωση ορίων ιδιοκτησίας;","βεβαίωση_ορίων_ιδιοκτησίας"
"Πώς θα ξέρω πού είναι τα όρια του οικοπέδου μου;","βεβαίωση_ορίων_ιδιοκτησίας"
"Πόσο διαρκεί η έκδοση βεβαίωσης ορίων ιδιοκτησίας;","βεβαίωση_ορίων_ιδιοκτησίας"
"Μπορώ να χρησιμοποιήσω τη βεβαίωση ορίων για συμβόλαιο;","βεβαίωση_ορίων_ιδιοκτησίας"
"Χρειάζομαι βεβαίωση για να αποδείξω πού τελειώνει το οικόπεδό μου.","βεβαίωση_ορίων_ιδιοκτησίας"
"Πώς γίνεται η επιμέτρηση για τα όρια ιδιοκτησίας;","βεβαίωση_ορίων_ιδιοκτησίας"
"Το τοπογραφικό μου δεν έχει σαφή όρια, πού απευθύνομαι;","βεβαίωση_ορίων_ιδιοκτησίας"
"Πρέπει να καταθέσω βεβαίωση ορίων για πολεοδομική χρήση.","βεβαίωση_ορίων_ιδιοκτησίας"
"Η συμβολαιογράφος μου ζήτησε χαρτί με τα όρια του ακινήτου.","βεβαίωση_ορίων_ιδιοκτησίας"
"Ποιος μηχανικός είναι αρμόδιος για όρια ιδιοκτησίας;","βεβαίωση_ορίων_ιδιοκτησίας"
"Θέλω σχέδιο με τα όρια του οικοπέδου μου από τον δήμο.","βεβαίωση_ορίων_ιδιοκτησίας"
"Υπάρχει ειδικό έντυπο για δήλωση ορίων ιδιοκτησίας;","βεβαίωση_ορίων_ιδιοκτησίας"
"Πού καταθέτω αίτημα για έλεγχο ορίων ιδιοκτησίας;","βεβαίωση_ορίων_ιδιοκτησίας"
"Χρειάζομαι τα όρια για να λύσω διαφορά με τον γείτονα.","βεβαίωση_ορίων_ιδιοκτησίας"
"Θα ήθελα να αιτηθώ επίσημη βεβαίωση για τα όρια της ιδιοκτησίας μου.","βεβαίωση_ορίων_ιδιοκτησίας"
"Γίνεται να μου σταλεί το έγγραφο που δείχνει πού ξεκινά και πού τελειώνει το οικόπεδο;","βεβαίωση_ορίων_ιδιοκτησίας"
"Μπορεί ο δήμος να επιβεβαιώσει τα όρια του ακινήτου μου επί τόπου;","βεβαίωση_ορίων_ιδιοκτησίας"
"Χρειάζομαι τα εγκεκριμένα όρια για να καταθέσω φάκελο στην πολεοδομία.","βεβαίωση_ορίων_ιδιοκτησίας"
"Ποιος είναι υπεύθυνος για την επιβεβαίωση των ορίων της ιδιοκτησίας;","βεβαίωση_ορίων_ιδιοκτησίας"
"Θέλω αντίγραφο από τα επίσημα όρια του ακινήτου από τα αρχεία του δήμου.","βεβαίωση_ορίων_ιδιοκτησίας"
"Υπάρχει κάποια ηλεκτρονική εφαρμογή για τα όρια ιδιοκτησίας;","βεβαίωση_ορίων_ιδιοκτησίας"
"Θα χρειαστώ τη βεβαίωση ορίων για έκδοση άδειας δόμησης.","βεβαίωση_ορίων_ιδιοκτησίας"
"Μπορώ να δώ κάπου αν τα όρια της ιδιοκτησίας μου είναι μέσα σε σχέδιο πόλης;","βεβαίωση_ορίων_ιδιοκτησίας"
"Χρειάζομαι το χαρτί με τα όρια για να κάνω συμβολαιογραφική πράξη μεταβίβασης.","βεβαίωση_ορίων_ιδιοκτησίας"
"Ποια διαδικασία πρέπει να ακολουθήσω για να αποτυπωθούν τα όρια της ιδιοκτησίας μου;","βεβαίωση_ορίων_ιδιοκτησίας"
"Μπορώ να ζητήσω επαναπροσδιορισμό των ορίων του οικοπέδου μου από τον δήμο;","βεβαίωση_ορίων_ιδιοκτησίας"
"Χρειάζομαι βεβαίωση των ορίων για να κάνω περίφραξη.","βεβαίωση_ορίων_ιδιοκτησίας"
"Η τράπεζα ζητά χαρτί με τα όρια του οικοπέδου μου – πού το βρίσκω;","βεβαίωση_ορίων_ιδιοκτησίας"
"Θέλω να είμαι βέβαιος ότι το ακίνητο δεν υπερβαίνει τα όρια – χρειάζομαι βεβαίωση.","βεβαίωση_ορίων_ιδιοκτησίας"
"Πού γίνεται η αυτοψία για την επιβεβαίωση ορίων ιδιοκτησίας;","βεβαίωση_ορίων_ιδιοκτησίας"
"Μπορεί το πολεοδομικό γραφείο να εκδώσει βεβαίωση ορίων ιδιοκτησίας;","βεβαίωση_ορίων_ιδιοκτησίας"
"Ο συμβολαιογράφος μου ζήτησε επικαιροποιημένη βεβαίωση ορίων.","βεβαίωση_ορίων_ιδιοκτησίας"
"Χρειάζομαι επίσημο έγγραφο που να αποδεικνύει το όριο μεταξύ δύο ιδιοκτησιών.","βεβαίωση_ορίων_ιδιοκτησίας"
"Ποια χαρτιά απαιτούνται για να εκδοθεί βεβαίωση ορίων ιδιοκτησίας;","βεβαίωση_ορίων_ιδιοκτησίας"
"Η τεχνική υπηρεσία του δήμου μπορεί να κάνει επιμέτρηση ορίων;","βεβαίωση_ορίων_ιδιοκτησίας"
"Θέλω έγγραφο που να δείχνει ότι η κατασκευή είναι εντός ορίων του οικοπέδου.","βεβαίωση_ορίων_ιδιοκτησίας"
"Πώς μπορώ να ζητήσω έλεγχο για πιθανή υπέρβαση στα όρια ιδιοκτησίας;","βεβαίωση_ορίων_ιδιοκτησίας"
"Μπορώ να δώ χάρτη με τα όρια του ακινήτου μου στον δήμο;","βεβαίωση_ορίων_ιδιοκτησίας"
"Υπάρχει κόστος για την έκδοση βεβαίωσης ορίων ιδιοκτησίας;","βεβαίωση_ορίων_ιδιοκτησίας"
"Ο εργολάβος μου ζητάει έγγραφο με τα επίσημα όρια του οικοπέδου.","βεβαίωση_ορίων_ιδιοκτησίας"
"Θέλω τη βεβαίωση για τα όρια του αγροτεμαχίου μου.","βεβαίωση_ορίων_ιδιοκτησίας"
"Ποια υπηρεσία είναι αρμόδια για την έκδοση των ορίων ιδιοκτησίας;","βεβαίωση_ορίων_ιδιοκτησίας"
"Μπορώ να κάνω ένσταση για βεβαίωση ορίων που εκδόθηκε λανθασμένα;","βεβαίωση_ορίων_ιδιοκτησίας"
"Θα χρειαστώ τα όρια του οικοπέδου για να δηλώσω αυθαίρετο – πού τα βρίσκω;","βεβαίωση_ορίων_ιδιοκτησίας"
"Ο γείτονας ισχυρίζεται ότι έχω χτίσει μέσα στα όριά του, πού μπορώ να βρω το επίσημο έγγραφο;","βεβαίωση_ορίων_ιδιοκτησίας"
"Πώς μπορώ να αποδείξω ότι τα όρια του οικοπέδου μου είναι αυτά που δείχνει το τοπογραφικό;","βεβαίωση_ορίων_ιδιοκτησίας"
"Πού μπορώ να βρω τα όρια του οικοπέδου μου στον επίσημο χάρτη του δήμου;","βεβαίωση_ορίων_ιδιοκτησίας"
"Η τράπεζα μου ζητάει επίσημο χαρτί που να βεβαιώνει τα όρια της ιδιοκτησίας μου για το δάνειο.","βεβαίωση_ορίων_ιδιοκτησίας"
"Χρειάζεται να πληρώσω κάτι για να μου βγάλουν τη βεβαίωση ορίων ιδιοκτησίας;","βεβαίωση_ορίων_ιδιοκτησίας"
"Θέλω να περιφράξω το οικόπεδό μου, αλλά δεν είμαι σίγουρος/η για τα ακριβή όρια.","βεβαίωση_ορίων_ιδιοκτησίας"
"Πώς μπορώ να πάρω ένα αντίγραφο της βεβαίωσης ορίων που έχω ήδη;","βεβαίωση_ορίων_ιδιοκτησίας"
"Η τεχνική υπηρεσία του δήμου μπορεί να μας βοηθήσει με ένα πρόβλημα ορίων με τον γείτονα;","βεβαίωση_ορίων_ιδιοκτησίας"
"Υπάρχει κάποιο χρονικό όριο για την ισχύ της βεβαίωσης ορίων ιδιοκτησίας;","βεβαίωση_ορίων_ιδιοκτησίας"
"Πού μπορώ να βρω πληροφορίες για τα όρια οικοπέδων στην περιοχή του Κτηματολογίου;","βεβαίωση_ορίων_ιδιοκτησίας"
"Έχω ένα παλιό συμβόλαιο και τα όρια δεν είναι σαφή, τι πρέπει να κάνω;","βεβαίωση_ορίων_ιδιοκτησίας"
"Χρειάζομαι επίσημο έγγραφο που να δείχνει τα όρια του οικοπέδου για να κάνω πώληση.","βεβαίωση_ορίων_ιδιοκτησίας"
"Πώς μπορώ να βρω τα όρια της ιδιοκτησίας μου στο σχέδιο πόλης;","βεβαίωση_ορίων_ιδιοκτησίας"
"Ο δήμος έχει τα αρχεία με τα όρια των οικοπέδων;","βεβαίωση_ορίων_ιδιοκτησίας"
"Θέλω να βεβαιώσω ότι ο φράχτης μου είναι χτισμένος μέσα στα όρια του οικοπέδου.","βεβαίωση_ορίων_ιδιοκτησίας"
"Μπορώ να ζητήσω από τον δήμο να κάνει μια αυτοψία για να επιβεβαιώσει τα όρια;","βεβαίωση_ορίων_ιδιοκτησίας"
"Χρειάζεται να έχω πρόσφατο τοπογραφικό για την αίτηση ορίων;","βεβαίωση_ορίων_ιδιοκτησίας"
"Η βεβαίωση ορίων ιδιοκτησίας που έχω είναι πολύ παλιά, πώς την επικαιροποιώ;","βεβαίωση_ορίων_ιδιοκτησίας"
"Πού μπορώ να βρω το έντυπο αίτησης για τη βεβαίωση ορίων ιδιοκτησίας;","βεβαίωση_ορίων_ιδιοκτησίας"
"Ο δικηγόρος μου ζητάει τη βεβαίωση ορίων για να προχωρήσει η δικαστική υπόθεση.","βεβαίωση_ορίων_ιδιοκτησίας"
"Θέλω να μάθω αν τα όρια του οικοπέδου μου έχουν αλλάξει με τα νέα σχέδια του δήμου.","βεβαίωση_ορίων_ιδιοκτησίας"
"Πώς μπορώ να ζητήσω βεβαίωση για τα όρια του οικοπέδου μου;","βεβαίωση_ορίων_ιδιοκτησίας"
"Χρειάζομαι ένα έγγραφο που να προσδιορίζει επακριβώς τα σύνορα της ιδιοκτησίας μου.","βεβαίωση_ορίων_ιδιοκτησίας"
"Ποια δικαιολογητικά απαιτούνται για τον καθορισμό ορίων από την πολεοδομία;","βεβαίωση_ορίων_ιδιοκτησίας"
"Θέλω να μάθω αν το οικόπεδό μου συνορεύει με δημοτική έκταση.","βεβαίωση_ορίων_ιδιοκτησίας"
"Υπάρχει αμφισβήτηση ορίων με τον γείτονα, πώς μπορεί ο δήμος να βοηθήσει;","βεβαίωση_ορίων_ιδιοκτησίας"
"Πού μπορώ να βρω το επίσημο τοπογραφικό που δείχνει τα όρια του ακινήτου;","βεβαίωση_ορίων_ιδιοκτησίας"
"Είναι απαραίτητη η βεβαίωση ορίων για την ανέγερση περίφραξης;","βεβαίωση_ορίων_ιδιοκτησίας"
"Ποιο είναι το κόστος για την αυτοψία μηχανικού σχετικά με τα όρια ιδιοκτησίας;","βεβαίωση_ορίων_ιδιοκτησίας"
"Θέλω να βεβαιωθώ ότι η οικοδομή μου δεν παραβιάζει τα όρια του διπλανού οικοπέδου.","βεβαίωση_ορίων_ιδιοκτησίας"
"Πώς μπορώ να λάβω επικυρωμένο αντίγραφο της πράξης καθορισμού ορίων;","βεβαίωση_ορίων_ιδιοκτησίας"
"Χρειάζομαι τη βεβαίωση ορίων για να την καταθέσω στο Κτηματολόγιο.","βεβαίωση_ορίων_ιδιοκτησίας"
"Μπορεί ο δήμος να επιβεβαιώσει αν ο δρόμος κλέβει μέτρα από το οικόπεδό μου;","βεβαίωση_ορίων_ιδιοκτησίας"
"Ποια είναι η διαδικασία για την οριοθέτηση αγροτεμαχίου εντός ζώνης οικισμού;","βεβαίωση_ορίων_ιδιοκτησίας"
"Θέλω να αιτηθώ βεβαίωση ότι η ιδιοκτησία μου δεν περιλαμβάνει κοινόχρηστο χώρο.","βεβαίωση_ορίων_ιδιοκτησίας"
"Πώς μπορώ να δω τα όρια της ιδιοκτησίας μου στον ψηφιακό χάρτη του δήμου;","βεβαίωση_ορίων_ιδιοκτησίας"
"Είναι έγκυρη η παλιά βεβαίωση ορίων που έχω από το 1995;","βεβαίωση_ορίων_ιδιοκτησίας"
"Τι έγγραφα πρέπει να καταθέσει ο τοπογράφος μου για τη βεβαίωση ορίων;","βεβαίωση_ορίων_ιδιοκτησίας"
"Χρειάζομαι βεβαίωση ορίων για τη σύνταξη συμβολαίου μεταβίβασης.","βεβαίωση_ορίων_ιδιοκτησίας"
"Πόσες μέρες διαρκεί η εξέταση της αίτησης για οριοθέτηση ακινήτου;","βεβαίωση_ορίων_ιδιοκτησίας"
"Πού υποβάλλω ένσταση αν διαφωνώ με τη βεβαίωση ορίων της τεχνικής υπηρεσίας;","βεβαίωση_ορίων_ιδιοκτησίας"
"Μπορώ να ζητήσω βεβαίωση ορίων για ακίνητο που βρίσκεται εκτός σχεδίου πόλεως;","βεβαίωση_ορίων_ιδιοκτησίας"
"Υπάρχει συγκεκριμένο έντυπο αίτησης για τον προσδιορισμό ορίων ιδιοκτησίας;","βεβαίωση_ορίων_ιδιοκτησίας"
"Θέλω να μάθω αν η περίφραξη του γείτονα πατάει στο δικό μου οικόπεδο.","βεβαίωση_ορίων_ιδιοκτησίας"
"Ποιος είναι ο αρμόδιος υπάλληλος για τον έλεγχο των ορίων στην περιοχή μου;","βεβαίωση_ορίων_ιδιοκτησίας"
"Χρειάζομαι βεβαίωση ορίων για δικαστική χρήση σε υπόθεση καταπάτησης.","βεβαίωση_ορίων_ιδιοκτησίας"
"Πώς μπορώ να κλείσω ραντεβού με την πολεοδομία για έλεγχο ορίων;","βεβαίωση_ορίων_ιδιοκτησίας"
"Είναι απαραίτητο το τοπογραφικό διάγραμμα για την έκδοση βεβαίωσης ορίων;","βεβαίωση_ορίων_ιδιοκτησίας"
"Θέλω να ξέρω αν το οικόπεδό μου επηρεάζεται από τη νέα χάραξη του δρόμου.","βεβαίωση_ορίων_ιδιοκτησίας"
"Πώς μπορώ να λάβω βεβαίωση ότι τα όρια της ιδιοκτησίας μου είναι σταθερά;","βεβαίωση_ορίων_ιδιοκτησίας"

"Χρειάζομαι τους όρους δόμησης για μεταβίβαση ακινήτου.","βεβαίωση_όρων_δόμησης"
"Πού μπορώ να βρω τους όρους δόμησης για ένα παλιό οικόπεδο;","βεβαίωση_όρων_δόμησης"
"Μπορώ να εκδώσω βεβαίωση δόμησης χωρίς παρουσία στον δήμο;","βεβαίωση_όρων_δόμησης"
"Θέλω τους όρους δόμησης για να κάνω αίτηση οικοδομικής άδειας.","βεβαίωση_όρων_δόμησης"
"Μου ζήτησαν βεβαίωση για το συντελεστή δόμησης – πού την βρίσκω;","βεβαίωση_όρων_δόμησης"
"Υπάρχει χρέωση για την έκδοση βεβαίωσης όρων δόμησης;","βεβαίωση_όρων_δόμησης"
"Ποια είναι η διαφορά ανάμεσα σε όρους δόμησης και άδεια δόμησης;","βεβαίωση_όρων_δόμησης"
"Χρειάζεται κάποιος μηχανικός για την αίτηση της βεβαίωσης;","βεβαίωση_όρων_δόμησης"
"Μπορώ να ζητήσω όρους δόμησης για γειτονικό οικόπεδο;","βεβαίωση_όρων_δόμησης"
"Θέλω βεβαίωση για το αν είναι άρτιο και οικοδομήσιμο το οικόπεδο.","βεβαίωση_όρων_δόμησης"
"Ποιος ελέγχει την ακρίβεια των όρων δόμησης που δίνονται;","βεβαίωση_όρων_δόμησης"
"Μπορεί η βεβαίωση όρων δόμησης να εκδοθεί αυθημερόν;","βεβαίωση_όρων_δόμησης"
"Η περιοχή είναι σε ΖΟΕ – πώς επηρεάζει τους όρους δόμησης;","βεβαίωση_όρων_δόμησης"
"Πώς αποδεικνύω ότι ισχύουν συγκεκριμένοι όροι δόμησης για την περιοχή μου;","βεβαίωση_όρων_δόμησης"
"Υπάρχει διαφορά στους όρους δόμησης εντός και εκτός σχεδίου;","βεβαίωση_όρων_δόμησης"
"Πού φαίνεται αν επιτρέπεται προσθήκη ορόφου σε υφιστάμενο κτίριο;","βεβαίωση_όρων_δόμησης"
"Χρειάζομαι αναλυτικό διάγραμμα δόμησης μαζί με τη βεβαίωση – πώς το αποκτώ;","βεβαίωση_όρων_δόμησης"
"Μπορεί ο ιδιοκτήτης να ζητήσει μόνος του τη βεβαίωση ή χρειάζεται εκπρόσωπος;","βεβαίωση_όρων_δόμησης"
"Πώς δηλώνω αλλαγή στους όρους δόμησης αν έχει γίνει τροποποίηση στο σχέδιο πόλης;","βεβαίωση_όρων_δόμησης"
"Η βεβαίωση όρων δόμησης έχει ημερομηνία λήξης;","βεβαίωση_όρων_δόμησης"
"Θέλω να πάρω βεβαίωση όρων δόμησης.","βεβαίωση_όρων_δόμησης"
"Πού κάνω αίτηση για βεβαίωση όρων δόμησης;","βεβαίωση_όρων_δόμησης"
"Τι στοιχεία χρειάζονται για βεβαίωση όρων δόμησης;","βεβαίωση_όρων_δόμησης"
"Ποια είναι τα δικαιολογητικά για βεβαίωση όρων δόμησης;","βεβαίωση_όρων_δόμησης"
"Πόσο χρόνο χρειάζεται για να εκδοθεί βεβαίωση όρων δόμησης;","βεβαίωση_όρων_δόμησης"
"Μπορώ να κάνω αίτηση για όρους δόμησης online;","βεβαίωση_όρων_δόμησης"
"Θέλω πιστοποιητικό όρων δόμησης για το ακίνητό μου.","βεβαίωση_όρων_δόμησης"
"Πώς βγάζω βεβαίωση για όρους δόμησης στον δήμο;","βεβαίωση_όρων_δόμησης"
"Πού θα βρω το έντυπο για όρους δόμησης;","βεβαίωση_όρων_δόμησης"
"Ποιος εγκρίνει τα όρια/όρους δόμησης;","βεβαίωση_όρων_δόμησης"
"Πώς μπορώ να μάθω τι όροι δόμησης ισχύουν για το οικόπεδό μου;","βεβαίωση_όρων_δόμησης"
"Χρειάζομαι βεβαίωση δόμησης για πολεοδομική μελέτη.","βεβαίωση_όρων_δόμησης"
"Το γραφείο μου ζήτησε χαρτί με τους όρους δόμησης.","βεβαίωση_όρων_δόμησης"
"Μπορώ να βρω τους όρους δόμησης κάπου στο διαδίκτυο;","βεβαίωση_όρων_δόμησης"
"Χρειάζομαι επίσημο έγγραφο με τους επιτρεπόμενους όρους δόμησης.","βεβαίωση_όρων_δόμησης"
"Πού γίνεται ο έλεγχος για όρους δόμησης σε εκτός σχεδίου περιοχή;","βεβαίωση_όρων_δόμησης"
"Θέλω να χτίσω και χρειάζομαι τους όρους δόμησης της περιοχής.","βεβαίωση_όρων_δόμησης"
"Γίνεται να πάρω τη βεβαίωση όρων δόμησης με email;","βεβαίωση_όρων_δόμησης"
"Ο μηχανικός μου ζήτησε τους όρους δόμησης για μελέτη οικοδομής.","βεβαίωση_όρων_δόμησης"
"Σε ποιο γραφείο του δήμου εκδίδεται η βεβαίωση όρων δόμησης;","βεβαίωση_όρων_δόμησης"
"Θα ήθελα να μάθω αν το οικόπεδό μου έχει περιορισμούς δόμησης.","βεβαίωση_όρων_δόμησης"
"Χρειάζομαι αναλυτική βεβαίωση για το τι επιτρέπεται να κτίσω.","βεβαίωση_όρων_δόμησης"
"Μπορείτε να μου εκδώσετε χαρτί με τους ισχύοντες όρους δόμησης στην περιοχή;","βεβαίωση_όρων_δόμησης"
"Θέλω το ΦΕΚ ή τη βεβαίωση που ορίζει τους όρους δόμησης του ακινήτου μου.","βεβαίωση_όρων_δόμησης"
"Γίνεται να εκδοθεί βεβαίωση δόμησης για χρήση σε συμβόλαιο;","βεβαίωση_όρων_δόμησης"
"Η πολεοδομία μου ζήτησε εγγράφως τους όρους δόμησης – πού το βρίσκω;","βεβαίωση_όρων_δόμησης"
"Μπορώ να υποβάλω αίτηση για βεβαίωση όρων δόμησης μέσω gov.gr;","βεβαίωση_όρων_δόμησης"
"Θα χρειαστώ το έγγραφο για να προχωρήσω σε προμελέτη οικοδομής.","βεβαίωση_όρων_δόμησης"
"Υπάρχει τρόπος να δω τους όρους δόμησης χωρίς να επισκεφθώ το δημαρχείο;","βεβαίωση_όρων_δόμησης"
"Θέλω βεβαίωση όρων δόμησης για ακίνητο σε εκτός σχεδίου περιοχή – ποια είναι η διαδικασία;","βεβαίωση_όρων_δόμησης"
"Θα ήθελα να ελέγξω τη δόμηση σε ένα οικόπεδο που με ενδιαφέρει να αγοράσω.","βεβαίωση_όρων_δόμησης"
"Ο μηχανικός μου ζήτησε να του φέρω τους όρους δόμησης του οικοπέδου για να κάνει τα σχέδια.","βεβαίωση_όρων_δόμησης"
"Πρέπει να χτίσω μια αποθήκη, αλλά δεν ξέρω τι ύψος μπορώ να βάλω.","βεβαίωση_όρων_δόμησης"
"Αν θέλω να βάλω ένα κοντέινερ στο οικόπεδό μου, χρειάζομαι χαρτί με τους όρους δόμησης;","βεβαίωση_όρων_δόμησης"
"Πώς μπορώ να βρω τον μέγιστο αριθμό ορόφων που επιτρέπεται να χτίσω;","βεβαίωση_όρων_δόμησης"
"Για να βάλω μια ράμπα για ΑμεΑ, πρέπει να έχω βεβαίωση όρων δόμησης;","βεβαίωση_όρων_δόμησης"
"Θέλω να δω αν η περιοχή μου έχει περιορισμούς δόμησης λόγω αρχαιολογικού χώρου.","βεβαίωση_όρων_δόμησης"
"Πρέπει να αλλάξω την χρήση του ακινήτου μου, τι όροι δόμησης ισχύουν για τη νέα χρήση;","βεβαίωση_όρων_δόμησης"
"Ο φίλος μου θέλει να χτίσει σε οικόπεδο που αγόρασε, πού μπορεί να βρει τους όρους δόμησης;","βεβαίωση_όρων_δόμησης"
"Χρειάζομαι ένα έγγραφο που να λέει ποιος είναι ο συντελεστής δόμησης στην οδό Μ. Αλεξάνδρου.","βεβαίωση_όρων_δόμησης"
"Για να πάρω δάνειο από την τράπεζα, μου ζήτησαν ένα επίσημο χαρτί που να αναφέρει τους όρους δόμησης.","βεβαίωση_όρων_δόμησης"
"Πώς μπορώ να βεβαιωθώ ότι η δυνατότητα δόμησης του οικοπέδου μου είναι σωστή;","βεβαίωση_όρων_δόμησης"
"Χρειάζομαι ένα χαρτί από τον δήμο που να λέει πόσα τετραγωνικά μπορώ να χτίσω.","βεβαίωση_όρων_δόμησης"
"Ο δήμος μου ζήτησε να αποδείξω τους όρους δόμησης για να κάνω μια μικρή προσθήκη.","βεβαίωση_όρων_δόμησης"
"Πού μπορώ να βρω τους όρους δόμησης για αγροτεμάχιο που αγόρασα πρόσφατα;","βεβαίωση_όρων_δόμησης"
"Πώς μπορώ να πάρω αντίγραφα παλαιών όρων δόμησης;","βεβαίωση_όρων_δόμησης"
"Η βεβαίωση όρων δόμησης που έχω είναι πολύ παλιά, είναι ακόμα σε ισχύ;","βεβαίωση_όρων_δόμησης"
"Χρειάζεται να πληρώσω κάτι για να μου βγάλουν τη βεβαίωση των όρων δόμησης;","βεβαίωση_όρων_δόμησης"
"Θέλω να κάνω μια αίτηση για επέκταση σπιτιού, αλλά δεν ξέρω ποιοι είναι οι ισχύοντες όροι.","βεβαίωση_όρων_δόμησης"
"Πού μπορώ να δω τους όρους δόμησης για μια περιοχή που έχει χαρακτηριστεί ως παραδοσιακή;","βεβαίωση_όρων_δόμησης"
"Ποιοι είναι οι ισχύοντες όροι δόμησης για το οικόπεδό μου;","βεβαίωση_όρων_δόμησης"
"Θέλω να μάθω τον συντελεστή δόμησης στην περιοχή που βρίσκεται το ακίνητό μου.","βεβαίωση_όρων_δόμησης"
"Ποιο είναι το μέγιστο επιτρεπόμενο ύψος κτιρίου στη γειτονιά μου;","βεβαίωση_όρων_δόμησης"
"Χρειάζομαι βεβαίωση όρων δόμησης για να ξεκινήσω τη μελέτη ανέγερσης.","βεβαίωση_όρων_δόμησης"
"Ποιο είναι το ποσοστό κάλυψης που επιτρέπεται στο συγκεκριμένο οικοδομικό τετράγωνο;","βεβαίωση_όρων_δόμησης"
"Πώς μπορώ να λάβω πληροφορίες για τις πλάγιες αποστάσεις που πρέπει να τηρήσω;","βεβαίωση_όρων_δόμησης"
"Είναι το οικόπεδό μου άρτιο και οικοδομήσιμο σύμφωνα με τους ισχύοντες κανόνες;","βεβαίωση_όρων_δόμησης"
"Πού μπορώ να βρω το ΦΕΚ που καθορίζει τους όρους δόμησης για τον δήμο μας;","βεβαίωση_όρων_δόμησης"
"Θέλω να εκδώσω βεβαίωση όρων δόμησης για ένα αγροτεμάχιο εκτός σχεδίου.","βεβαίωση_όρων_δόμησης"
"Υπάρχουν ειδικοί περιορισμοί δόμησης λόγω αρχαιολογικού ενδιαφέροντος στην περιοχή;","βεβαίωση_όρων_δόμησης"
"Ποια είναι η ελάχιστη επιφάνεια προσώπου που απαιτείται για να χτίσω;","βεβαίωση_όρων_δόμησης"
"Πώς μπορώ να αιτηθώ ηλεκτρονικά τους όρους δόμησης από την πολεοδομία;","βεβαίωση_όρων_δόμησης"
"Επιτρέπεται η προσθήκη ορόφου βάσει του τρέχοντος συντελεστή δόμησης;","βεβαίωση_όρων_δόμησης"
"Χρειάζομαι τη βεβαίωση όρων δόμησης για να την καταθέσω στην τράπεζα για δάνειο.","βεβαίωση_όρων_δόμησης"
"Ποιοι είναι οι περιορισμοί για την κατασκευή στέγης ή σοφίτας στο κτίριο;","βεβαίωση_όρων_δόμησης"
"Πόσο χρόνο διαρκεί η ισχύς μιας βεβαίωσης όρων δόμησης που εκδόθηκε πρόσφατα;","βεβαίωση_όρων_δόμησης"
"Υπάρχουν αλλαγές στους όρους δόμησης μετά την εφαρμογή του νέου πολεοδομικού σχεδίου;","βεβαίωση_όρων_δόμησης"
"Ποιες είναι οι προϋποθέσεις για την παρέκκλιση στους όρους δόμησης;","βεβαίωση_όρων_δόμησης"
"Θέλω να μάθω αν η ιδιοκτησία μου εμπίπτει σε ζώνη οικιστικού ελέγχου.","βεβαίωση_όρων_δόμησης"
"Μπορεί ο μηχανικός μου να λάβει τους όρους δόμησης μέσω του συστήματος e-Άδειες;","βεβαίωση_όρων_δόμησης"
"Ποιο είναι το απαραίτητο βάθος του οικοπέδου για να θεωρηθεί οικοδομήσιμο;","βεβαίωση_όρων_δόμησης"
"Υπάρχει δέσμευση για υποχρεωτική φύτευση στον ακάλυπτο χώρο;","βεβαίωση_όρων_δόμησης"
"Πώς επηρεάζει η πρασιά τους όρους δόμησης της οικοδομής μου;","βεβαίωση_όρων_δόμησης"
"Θέλω βεβαίωση ότι το οικόπεδο δεν έχει υποχρέωση εισφοράς σε γη ή χρήμα.","βεβαίωση_όρων_δόμησης"
"Πού μπορώ να δω τις ρυμοτομικές και γραμμές δόμησης για τον δρόμο μου;","βεβαίωση_όρων_δόμησης"
"Χρειάζομαι διευκρινίσεις για τον υπολογισμό του όγκου του κτιρίου.","βεβαίωση_όρων_δόμησης"
"Ποια είναι η ελάχιστη απόσταση από τα όρια του οικοπέδου για χαμηλά κτίρια;","βεβαίωση_όρων_δόμησης"
"Είναι δυνατή η μεταφορά συντελεστή δόμησης στο δικό μου ακίνητο;","βεβαίωση_όρων_δόμησης"
"Πώς μπορώ να λάβω βεβαίωση για το αν επιτρέπεται η κατασκευή υπογείου;","βεβαίωση_όρων_δόμησης"
"Ποιες είναι οι ειδικές διατάξεις για τη δόμηση σε παραδοσιακούς οικισμούς;","βεβαίωση_όρων_δόμησης"

"Πώς κάνω αίτηση για διακοπή υδροδότησης;","διακοπή_υδροδότησης"
"Θέλω να διακόψω την παροχή νερού στο ακίνητό μου.","διακοπή_υδροδότησης"
"Πού καταθέτω δικαιολογητικά για διακοπή υδροδότησης;","διακοπή_υδροδότησης"
"Ποια διαδικασία ακολουθώ για διακοπή υδροδότησης;","διακοπή_υδροδότησης"
"Υπάρχει online υπηρεσία για διακοπή υδροδότησης;","διακοπή_υδροδότησης"
"Πόσο κοστίζει η διακοπή υδροδότησης;","διακοπή_υδροδότησης"
"Ποια δικαιολογητικά χρειάζονται για να διακοπεί η υδροδότηση;","διακοπή_υδροδότησης"
"Πόσος χρόνος χρειάζεται για τη διακοπή υδροδότησης;","διακοπή_υδροδότησης"
"Πώς γίνεται η διακοπή υδροδότησης μετά από πώληση ακινήτου;","διακοπή_υδροδότησης"
"Θέλω να σταματήσει η υδροδότηση στο σπίτι μου.","διακοπή_υδροδότησης"
"Χρειάζομαι αίτηση για να σταματήσει η παροχή νερού.","διακοπή_υδροδότησης"
"Μπορώ να ζητήσω διακοπή υδροδότησης μέσω e-mail;","διακοπή_υδροδότησης"
"Θέλω να γίνει άμεση διακοπή νερού στο ακίνητο που νοίκιαζα.","διακοπή_υδροδότησης"
"Σε ποιο τμήμα απευθύνομαι για να διακόψω την υδροδότηση;","διακοπή_υδροδότησης"
"Τι γίνεται με τον λογαριασμό νερού μετά τη διακοπή;","διακοπή_υδροδότησης"
"Η σύνδεση νερού πρέπει να κλείσει οριστικά, τι κάνω;","διακοπή_υδροδότησης"
"Υπάρχει φόρμα αίτησης για διακοπή παροχής ύδρευσης;","διακοπή_υδροδότησης"
"Μετακομίζω και πρέπει να διακοπεί η υδροδότηση, πώς προχωράω;","διακοπή_υδροδότησης"
"Μπορεί ο ιδιοκτήτης να ζητήσει διακοπή υδροδότησης για τον ενοικιαστή;","διακοπή_υδροδότησης"
"Γίνεται προσωρινή διακοπή υδροδότησης για έργα στο ακίνητο;","διακοπή_υδροδότησης"
"Θα ήθελα να προγραμματίσω τη διακοπή παροχής νερού λόγω κατεδάφισης.","διακοπή_υδροδότησης"
"Χρειάζεται να γίνει διακοπή υδροδότησης πριν από εργασίες ανακαίνισης.","διακοπή_υδροδότησης"
"Υπάρχει δυνατότητα να κλείσει προσωρινά ο μετρητής νερού;","διακοπή_υδροδότησης"
"Ποιος είναι υπεύθυνος για να σταματήσει η παροχή νερού σε ακατοίκητο ακίνητο;","διακοπή_υδροδότησης"
"Μπορώ να σταματήσω την υδροδότηση σε ακίνητο που δεν χρησιμοποιείται;","διακοπή_υδροδότησης"
"Γίνεται να καταθέσω υπεύθυνη δήλωση για να γίνει διακοπή υδροδότησης;","διακοπή_υδροδότησης"
"Θα ήθελα να ζητήσω αποσύνδεση του ρολογιού νερού.","διακοπή_υδροδότησης"
"Η υδροδότηση πρέπει να διακοπεί για λογαριασμό συγγενή μου – τι χρειάζεται;","διακοπή_υδροδότησης"
"Ποια είναι η διαδικασία για να αφαιρεθεί ο υδρομετρητής;","διακοπή_υδροδότησης"
"Θέλω να ενημερώσω ότι δεν χρειάζομαι πια παροχή νερού στο συγκεκριμένο ακίνητο.","διακοπή_υδροδότησης"
"Μπορώ να σταματήσω προσωρινά την υδροδότηση για λόγους ασφαλείας;","διακοπή_υδροδότησης"
"Θέλω να κάνω αίτημα για παύση κατανάλωσης νερού σε ακατοίκητο σπίτι.","διακοπή_υδροδότησης"
"Γίνεται να ανασταλεί η παροχή νερού χωρίς να αφαιρεθεί το ρολόι;","διακοπή_υδροδότησης"
"Χρειάζεται ραντεβού για να γίνει διακοπή της υδροδότησης;","διακοπή_υδροδότησης"
"Η επιχείρησή μου κλείνει – πώς σταματά η παροχή νερού;","διακοπή_υδροδότησης"
"Τι κάνω αν η αίτηση διακοπής καθυστερεί να εκτελεστεί;","διακοπή_υδροδότησης"
"Πρέπει να πληρώσω τυχόν εκκρεμότητες πριν γίνει διακοπή νερού;","διακοπή_υδροδότησης"
"Γίνεται να διακοπεί η υδροδότηση για συγκεκριμένες ώρες/ημέρες;","διακοπή_υδροδότησης"
"Θέλω να υποβάλω online αίτηση για αποσύνδεση παροχής ύδρευσης.","διακοπή_υδροδότησης"
"Ποια είναι τα βήματα για να κλείσω τη σύνδεση νερού σε δεύτερη κατοικία;","διακοπή_υδροδότησης"
"Μπορώ να αναθέσω τη διαδικασία διακοπής σε εκπρόσωπο μου;","διακοπή_υδροδότησης"
"Το ρολόι νερού παραμένει ανενεργό – χρειάζεται διακοπή;","διακοπή_υδροδότησης"
"Γίνεται η διακοπή υδροδότησης να γίνει αυθημερόν;","διακοπή_υδροδότησης"
"Μπορεί να γίνει αυτόματη διακοπή παροχής αν δεν υπάρχει κατανάλωση;","διακοπή_υδροδότησης"
"Πώς ενημερώνομαι ότι ολοκληρώθηκε η αίτηση διακοπής νερού;","διακοπή_υδροδότησης"
"Χρειάζεται η παρουσία ιδιοκτήτη για να γίνει η αποσύνδεση της παροχής;","διακοπή_υδροδότησης"
"Μπορώ να ζητήσω διακοπή μόνο για τον κοινόχρηστο λογαριασμό νερού;","διακοπή_υδροδότησης"
"Έχω κάνει διακοπή νερού – γιατί συνεχίζω να χρεώνομαι;","διακοπή_υδροδότησης"
"Σε ποιο email μπορώ να στείλω την αίτηση διακοπής παροχής ύδρευσης;","διακοπή_υδροδότησης"
"Πόσος χρόνος χρειάζεται για να αφαιρεθεί το ρολόι νερού μετά τη διακοπή;","διακοπή_υδροδότησης"
"Πρέπει να διακόψω την παροχή νερού γιατί θα πουλήσω το σπίτι μου, τι κάνω;","διακοπή_υδροδότησης"
"Θέλω να κλείσω την παροχή νερού για ένα οικόπεδο που δεν πρόκειται να χτίσω.","διακοπή_υδροδότησης"
"Μπορώ να ζητήσω διακοπή νερού για τον ενοικιαστή μου που έφυγε;","διακοπή_υδροδότησης"
"Ο γείτονάς μου έκοψε το νερό, αλλά η παροχή μας είναι κοινή – πού το δηλώνω;","διακοπή_υδροδότησης"
"Πώς μπορώ να κάνω αίτηση διακοπής υδροδότησης για ένα αγροτεμάχιο;","διακοπή_υδροδότησης"
"Υπάρχει κάποιο πρόστιμο για παράνομη επανασύνδεση του νερού;","διακοπή_υδροδότησης"
"Θέλω να δηλώσω την οριστική διακοπή του ρολογιού νερού στο παλιό μου σπίτι.","διακοπή_υδροδότησης"
"Χρειάζεται να πληρώσω κάτι για να αφαιρεθεί ο μετρητής του νερού;","διακοπή_υδροδότησης"
"Μπορώ να ζητήσω αναστολή της παροχής νερού για 6 μήνες;","διακοπή_υδροδότησης"
"Ποια είναι η διαδικασία για την παύση της παροχής ύδρευσης σε ένα μη ηλεκτροδοτούμενο ακίνητο;","διακοπή_υδροδότησης"
"Είναι υποχρεωτική η διακοπή υδροδότησης πριν την κατεδάφιση ενός κτιρίου;","διακοπή_υδροδότησης"
"Θα ήθελα να ενημερωθώ για τα έγγραφα που χρειάζομαι για τη διακοπή νερού μετά από θάνατο ιδιοκτήτη.","διακοπή_υδροδότησης"
"Πού μπορώ να βρω τα τηλέφωνα για τη διακοπή νερού;","διακοπή_υδροδότησης"
"Χρειάζεται να δηλώσω διακοπή υδροδότησης στην ΔΕΔΔΗΕ;","διακοπή_υδροδότησης"
"Μπορώ να κάνω αίτηση για διακοπή νερού μέσω gov.gr;","διακοπή_υδροδότησης"
"Το σπίτι μου είναι ακατοίκητο και ο μετρητής έχει μηδενική κατανάλωση, χρειάζεται να κάνω κάτι;","διακοπή_υδροδότησης"
"Ποιος είναι ο αρμόδιος για να κλείσει την παροχή νερού στη βρύση του μετρητή;","διακοπή_υδροδότησης"
"Θέλω να διακόψω την υδροδότηση γιατί το σπίτι έχει πρόβλημα διαρροών.","διακοπή_υδροδότησης"
"Χρειάζεται να υπογράψω μια δήλωση για να σταματήσει το νερό;","διακοπή_υδροδότησης"
"Πόσο είναι το κόστος για την οριστική διακοπή της παροχής;","διακοπή_υδροδότησης"
"Έχω χάσει τον τελευταίο λογαριασμό, μπορώ να κάνω αίτηση διακοπής;","διακοπή_υδροδότησης"
"Πού μπορώ να δηλώσω μια προγραμματισμένη διακοπή υδροδότησης για επισκευές;","διακοπή_υδροδότησης"
"Δεν έχω νερό στο σπίτι μου από το πρωί, υπάρχει κάποια βλάβη στη γειτονιά;","διακοπή_υδροδότησης"
"Θέλω να αιτηθώ την προσωρινή διακοπή της παροχής νερού λόγω ανακαίνισης.","διακοπή_υδροδότησης"
"Ποιο είναι το τηλέφωνο για τις έκτακτες διακοπές νερού στον δήμο;","διακοπή_υδροδότησης"
"Πότε αναμένεται να αποκατασταθεί η υδροδότηση στην οδό Πίνδου;","διακοπή_υδροδότησης"
"Έχει κοπεί το νερό σε όλο το οικοδομικό τετράγωνο, μπορείτε να το ελέγξετε;","διακοπή_υδροδότησης"
"Θέλω να ενημερωθώ για τις προγραμματισμένες διακοπές νερού της επόμενης εβδομάδας.","διακοπή_υδροδότησης"
"Υπάρχει κάποια ανακοίνωση για τη διακοπή υδροδότησης στην περιοχή μας;","διακοπή_υδροδότησης"
"Πώς μπορώ να ζητήσω οριστική διακοπή της παροχής νερού σε ένα ακίνητο;","διακοπή_υδροδότησης"
"Το νερό έχει κοπεί χωρίς προειδοποίηση, πού μπορώ να κάνω παράπονα;","διακοπή_υδροδότησης"
"Ποιες ώρες θα διαρκέσει η διακοπή νερού λόγω των έργων στο δίκτυο;","διακοπή_υδροδότησης"
"Χρειάζομαι βεβαίωση διακοπής υδροδότησης για την παύση της επαγγελματικής μου δραστηριότητας.","διακοπή_υδροδότησης"
"Η πίεση του νερού είναι πολύ χαμηλή, πρόκειται για επικείμενη διακοπή;","διακοπή_υδροδότησης"
"Πού μπορώ να δω online τις τρέχουσες βλάβες στο δίκτυο ύδρευσης;","διακοπή_υδροδότησης"
"Θέλω να ακυρώσω την αίτηση διακοπής υδροδότησης που υπέβαλα χθες.","διακοπή_υδροδότησης"
"Είναι απαραίτητο να είμαι παρών κατά τη διακοπή της παροχής από το συνεργείο;","διακοπή_υδροδότησης"
"Πόσο χρόνο διαρκεί η διαδικασία για την επανασύνδεση μετά από διακοπή;","διακοπή_υδροδότησης"
"Υπάρχει πρόβλημα με την υδροδότηση μόνο στον δικό μου όροφο, τι να κάνω;","διακοπή_υδροδότησης"
"Θέλω να ενημερώσω τον δήμο για μια μεγάλη διαρροή που προκάλεσε διακοπή στο στενό.","διακοπή_υδροδότησης"
"Ποια είναι η διαδικασία διακοπής νερού σε περίπτωση κατεδάφισης κτιρίου;","διακοπή_υδροδότησης"
"Μπορώ να ζητήσω διακοπή υδροδότησης μέσω της ηλεκτρονικής πλατφόρμας του δήμου;","διακοπή_υδροδότησης"
"Υπάρχει κάποιο παράβολο για την αίτηση διακοπής της σύνδεσης νερού;","διακοπή_υδροδότησης"
"Το νερό που έρχεται μετά τη διακοπή είναι θολό, είναι φυσιολογικό;","διακοπή_υδροδότησης"
"Ποιος είναι ο υπεύθυνος για τη διαχείριση των κρίσεων υδροδότησης στον δήμο;","διακοπή_υδροδότησης"
"Χρειάζεται να κλείσω τον κεντρικό διακόπτη πριν την προγραμματισμένη διακοπή;","διακοπή_υδροδότησης"
"Πότε θα γίνουν οι εργασίες συντήρησης που απαιτούν διακοπή νερού;","διακοπή_υδροδότησης"
"Θέλω να μάθω αν η διακοπή νερού οφείλεται σε οφειλές ή σε τεχνικό πρόβλημα.","διακοπή_υδροδότησης"
"Υπάρχει υδροφόρα του δήμου που παρέχει νερό κατά τη διάρκεια μακροχρόνιας διακοπής;","διακοπή_υδροδότησης"
"Πώς μπορώ να εγγραφώ για να λαμβάνω SMS ειδοποιήσεις για διακοπές νερού;","διακοπή_υδροδότησης"

"Πώς συνδέω το σπίτι μου με το φυσικό αέριο;","σύνδεση_φυσικού_αερίου"
"Θέλω αίτηση για σύνδεση με φυσικό αέριο.","σύνδεση_φυσικού_αερίου"
"Πού μπορώ να κάνω αίτηση για φυσικό αέριο;","σύνδεση_φυσικού_αερίου"
"Ποια δικαιολογητικά χρειάζονται για σύνδεση με φυσικό αέριο;","σύνδεση_φυσικού_αερίου"
"Πόσο κοστίζει η σύνδεση με φυσικό αέριο;","σύνδεση_φυσικού_αερίου"
"Υπάρχει ηλεκτρονική υπηρεσία για φυσικό αέριο;","σύνδεση_φυσικού_αερίου"
"Ποια είναι η διαδικασία για σύνδεση φυσικού αερίου;","σύνδεση_φυσικού_αερίου"
"Πόσος χρόνος χρειάζεται για σύνδεση φυσικού αερίου;","σύνδεση_φυσικού_αερίου"
"Πού θα βρω το έντυπο για φυσικό αέριο;","σύνδεση_φυσικού_αερίου"
"Θέλω να μάθω αν η περιοχή μου καλύπτεται από φυσικό αέριο.","σύνδεση_φυσικού_αερίου"
"Μπορώ να κάνω αίτηση για φυσικό αέριο μέσω του δήμου;","σύνδεση_φυσικού_αερίου"
"Χρειάζομαι τεχνικό για να ξεκινήσει η σύνδεση φυσικού αερίου;","σύνδεση_φυσικού_αερίου"
"Γίνεται να συνδεθώ με φυσικό αέριο αν το κτίριο δεν έχει υποδομή;","σύνδεση_φυσικού_αερίου"
"Θέλω να βάλω φυσικό αέριο σε πολυκατοικία, τι κάνω;","σύνδεση_φυσικού_αερίου"
"Υπάρχουν επιδότησεις για σύνδεση με φυσικό αέριο;","σύνδεση_φυσικού_αερίου"
"Μετακομίζω και θέλω να ενεργοποιήσω φυσικό αέριο στο νέο σπίτι.","σύνδεση_φυσικού_αερίου"
"Ποιος φορέας είναι υπεύθυνος για τις συνδέσεις φυσικού αερίου;","σύνδεση_φυσικού_αερίου"
"Χρειάζεται άδεια για εγκατάσταση φυσικού αερίου;","σύνδεση_φυσικού_αερίου"
"Θέλω πληροφορίες για παροχή φυσικού αερίου στην οικοδομή.","σύνδεση_φυσικού_αερίου"
"Ποιο είναι το τηλέφωνο επικοινωνίας για σύνδεση με φυσικό αέριο;","σύνδεση_φυσικού_αερίου"
"Θα ήθελα να κάνω αίτηση για παροχή φυσικού αερίου σε μονοκατοικία.","σύνδεση_φυσικού_αερίου"
"Πώς μπορώ να δω αν το ακίνητό μου έχει δυνατότητα σύνδεσης με φυσικό αέριο;","σύνδεση_φυσικού_αερίου"
"Υπάρχει χρέωση για την τοποθέτηση μετρητή φυσικού αερίου;","σύνδεση_φυσικού_αερίου"
"Πρέπει να συμφωνήσει όλη η πολυκατοικία για να γίνει σύνδεση με φυσικό αέριο;","σύνδεση_φυσικού_αερίου"
"Χρειάζομαι οδηγίες για τη διαδικασία αίτησης φυσικού αερίου από την αρχή.","σύνδεση_φυσικού_αερίου"
"Γίνεται να αιτηθώ φυσικό αέριο για επαγγελματικό χώρο;","σύνδεση_φυσικού_αερίου"
"Μπορείτε να μου πείτε ποια είναι τα στάδια της εγκατάστασης φυσικού αερίου;","σύνδεση_φυσικού_αερίου"
"Θέλω σύνδεση φυσικού αερίου αλλά δεν ξέρω αν περνάει αγωγός από τον δρόμο.","σύνδεση_φυσικού_αερίου"
"Ποιες εταιρείες αναλαμβάνουν την εγκατάσταση φυσικού αερίου;","σύνδεση_φυσικού_αερίου"
"Μπορώ να κάνω αίτηση και να πληρώσω σε δόσεις τη σύνδεση φυσικού αερίου;","σύνδεση_φυσικού_αερίου"
"Η γειτονιά μου δεν έχει ακόμα φυσικό αέριο – μπορώ να αιτηθώ σύνδεση;","σύνδεση_φυσικού_αερίου"
"Θα ήθελα να μάθω αν προβλέπεται επέκταση του δικτύου φυσικού αερίου στην περιοχή μου.","σύνδεση_φυσικού_αερίου"
"Μένω σε εκτός σχεδίου περιοχή – μπορώ να συνδεθώ με φυσικό αέριο;","σύνδεση_φυσικού_αερίου"
"Το διαμέρισμά μου δεν έχει ανεξάρτητη παροχή αερίου – τι μπορώ να κάνω;","σύνδεση_φυσικού_αερίου"
"Θέλω να αποσυνδεθώ από το πετρέλαιο και να βάλω φυσικό αέριο – πώς ξεκινώ;","σύνδεση_φυσικού_αερίου"
"Μπορώ να υποβάλω αίτηση φυσικού αερίου για λογαριασμό τρίτου;","σύνδεση_φυσικού_αερίου"
"Τι έγγραφα χρειάζεται να υπογράψει ο διαχειριστής για να μπει φυσικό αέριο στην πολυκατοικία;","σύνδεση_φυσικού_αερίου"
"Η οικοδομή μας έχει ήδη σύνδεση – πώς αποκτώ δική μου παροχή;","σύνδεση_φυσικού_αερίου"
"Γίνεται η εγκατάσταση φυσικού αερίου να γίνει σταδιακά, πρώτα στον λέβητα και μετά στο διαμέρισμα;","σύνδεση_φυσικού_αερίου"
"Πόσα άτομα πρέπει να συμφωνήσουν στην πολυκατοικία για να γίνει σύνδεση με φυσικό αέριο;","σύνδεση_φυσικού_αερίου"
"Θέλω προσφορά για εγκατάσταση φυσικού αερίου στο ακίνητό μου – ποιον να καλέσω;","σύνδεση_φυσικού_αερίου"
"Η περιοχή έχει δίκτυο, αλλά δεν βλέπω παροχή στο ακίνητό μου – ποιο είναι το επόμενο βήμα;","σύνδεση_φυσικού_αερίου"
"Μπορώ να υποβάλω την αίτηση για φυσικό αέριο χωρίς να έχω άδεια οικοδομής;","σύνδεση_φυσικού_αερίου"
"Πώς μπορώ να παρακολουθήσω την πορεία της αίτησής μου για φυσικό αέριο;","σύνδεση_φυσικού_αερίου"
"Υπάρχει κάποιο σχέδιο επιδότησης για νοικοκυριά που θέλουν να συνδεθούν με αέριο;","σύνδεση_φυσικού_αερίου"
"Ο υδραυλικός μου είπε να ζητήσω παροχή αερίου – από πού ξεκινάω;","σύνδεση_φυσικού_αερίου"
"Θέλω να ξέρω αν υπάρχει τεχνικό προσωπικό του δήμου για εγκατάσταση φυσικού αερίου.","σύνδεση_φυσικού_αερίου"
"Είναι υποχρεωτική η έκδοση ενεργειακού πιστοποιητικού για σύνδεση με φυσικό αέριο;","σύνδεση_φυσικού_αερίου"
"Ποιο είναι το κόστος εγκατάστασης φυσικού αερίου για ένα διαμέρισμα 80 τ.μ.;","σύνδεση_φυσικού_αερίου"
"Υπάρχει διαφορά στη διαδικασία για κατοικία και επαγγελματικό χώρο;","σύνδεση_φυσικού_αερίου"
"Πώς μπορώ να συνδέσω το διαμέρισμα μου σε κεντρική θέρμανση φυσικού αερίου;","σύνδεση_φυσικού_αερίου"
"Είναι δυνατόν να γίνει σύνδεση με φυσικό αέριο αν το σπίτι μου είναι παλιό;","σύνδεση_φυσικού_αερίου"
"Έχω ήδη σύνδεση αλλά θέλω να αλλάξω πάροχο, χρειάζεται κάτι από τον δήμο;","σύνδεση_φυσικού_αερίου"
"Ο γείτονας συνδέθηκε με φυσικό αέριο, πώς μπορώ να συνδεθώ και εγώ;","σύνδεση_φυσικού_αερίου"
"Για να βάλω φυσικό αέριο στο κατάστημά μου, τι έγγραφα χρειάζομαι;","σύνδεση_φυσικού_αερίου"
"Ποια είναι τα απαραίτητα βήματα για να έχω φυσικό αέριο στο σπίτι μου;","σύνδεση_φυσικού_αερίου"
"Πώς μπορώ να μάθω αν υπάρχουν εμπόδια για τη σύνδεση φυσικού αερίου στην περιοχή μου;","σύνδεση_φυσικού_αερίου"
"Χρειάζεται να κάνω κάποια δήλωση στον δήμο για τη σύνδεση με φυσικό αέριο;","σύνδεση_φυσικού_αερίου"
"Μπορώ να ζητήσω την προέγκριση της σύνδεσης με φυσικό αέριο;","σύνδεση_φυσικού_αερίου"
"Θέλω να βάλω φυσικό αέριο στο σπίτι μου, αλλά ο δρόμος είναι χωματόδρομος, γίνεται;","σύνδεση_φυσικού_αερίου"
"Ποια είναι η διαδικασία για να δηλώσω στον δήμο την εγκατάσταση φυσικού αερίου;","σύνδεση_φυσικού_αερίου"
"Η πολυκατοικία έχει ήδη σύνδεση με φυσικό αέριο, πώς μπορώ να ενεργοποιήσω και το δικό μου διαμέρισμα;","σύνδεση_φυσικού_αερίου"
"Υπάρχει περίπτωση να μην εγκριθεί η σύνδεση με φυσικό αέριο λόγω γεωλογικών συνθηκών;","σύνδεση_φυσικού_αερίου"
"Χρειάζομαι ένα έγγραφο από τον δήμο για την άδεια εγκατάστασης του φυσικού αερίου;","σύνδεση_φυσικού_αερίου"
"Πόσος χρόνος χρειάζεται για να περάσει ο αγωγός φυσικού αερίου στον δρόμο μου;","σύνδεση_φυσικού_αερίου"
"Μπορώ να κάνω αίτηση για φυσικό αέριο αν έχω ήδη άδεια μικρής κλίμακας;","σύνδεση_φυσικού_αερίου"
"Πώς μπορώ να βρω τον κατάλογο με τους πιστοποιημένους τεχνικούς για την εγκατάσταση;","σύνδεση_φυσικού_αερίου"
"Θέλω να συνδέσω το σπίτι μου με φυσικό αέριο και να το χρησιμοποιήσω για θέρμανση και μαγείρεμα.","σύνδεση_φυσικού_αερίου"
"Ο γείτονας λέει ότι ο δήμος έχει ξεκινήσει έργα για επέκταση του δικτύου φυσικού αερίου, πού μπορώ να το επιβεβαιώσω;","σύνδεση_φυσικού_αερίου"
"Είναι η σύνδεση με φυσικό αέριο πιο οικονομική από το πετρέλαιο;","σύνδεση_φυσικού_αερίου"
"Χρειάζεται η υπογραφή μου για να συνδεθεί η πολυκατοικία με το φυσικό αέριο;","σύνδεση_φυσικού_αερίου"
"Ποια είναι η διαδικασία για τη σύνδεση του σπιτιού μου με το δίκτυο φυσικού αερίου;","σύνδεση_φυσικού_αερίου"
"Θέλω να μάθω αν υπάρχει ενεργό δίκτυο φυσικού αερίου στον δρόμο μου.","σύνδεση_φυσικού_αερίου"
"Ποια δικαιολογητικά πρέπει να καταθέσω για την αίτηση σύνδεσης φυσικού αερίου;","σύνδεση_φυσικού_αερίου"
"Πόσο κοστίζει η εγκατάσταση του μετρητή φυσικού αερίου στην πολυκατοικία;","σύνδεση_φυσικού_αερίου"
"Πού μπορώ να βρω την αίτηση για τη νέα παροχή φυσικού αερίου;","σύνδεση_φυσικού_αερίου"
"Πόσο χρόνο διαρκεί η ολοκλήρωση της σύνδεσης από την ημέρα της αίτησης;","σύνδεση_φυσικού_αερίου"
"Υπάρχουν επιδοτούμενα προγράμματα για την αντικατάσταση καυστήρα πετρελαίου με φυσικό αέριο;","σύνδεση_φυσικού_αερίου"
"Μπορώ να κάνω αίτηση για σύνδεση φυσικού αερίου ηλεκτρονικά;","σύνδεση_φυσικού_αερίου"
"Ποιος είναι ο αρμόδιος φορέας για τη διανομή φυσικού αερίου στην περιοχή μας;","σύνδεση_φυσικού_αερίου"
"Χρειάζομαι την έγκριση της συνέλευσης της πολυκατοικίας για να βάλω φυσικό αέριο;","σύνδεση_φυσικού_αερίου"
"Ποιες είναι οι τεχνικές προδιαγραφές για την εσωτερική εγκατάσταση φυσικού αερίου;","σύνδεση_φυσικού_αερίου"
"Θέλω να ενημερωθώ για την πορεία της αίτησής μου για νέα σύνδεση αερίου.","σύνδεση_φυσικού_αερίου"
"Τι έγγραφα πρέπει να υπογράψει ο μηχανικός μου για τη μελέτη του φυσικού αερίου;","σύνδεση_φυσικού_αερίου"
"Πού μπορώ να δω τον χάρτη με την επέκταση του δικτύου φυσικού αερίου στον δήμο;","σύνδεση_φυσικού_αερίου"
"Είναι υποχρεωτικός ο έλεγχος της εγκατάστασης πριν την ενεργοποίηση της παροχής;","σύνδεση_φυσικού_αερίου"
"Ποιο είναι το κόστος των τελών σύνδεσης για μια μονοκατοικία;","σύνδεση_φυσικού_αερίου"
"Θέλω να αλλάξω τον πάροχο φυσικού αερίου, ποια είναι η διαδικασία;","σύνδεση_φυσικού_αερίου"
"Υπάρχει δυνατότητα για σύνδεση φυσικού αερίου μόνο για μαγείρεμα;","σύνδεση_φυσικού_αερίου"
"Πότε θα περάσει το συνεργείο για την τοποθέτηση της παροχής στον δρόμο μας;","σύνδεση_φυσικού_αερίου"
"Χρειάζεται να κάνω κάποια τροποποίηση στο λεβητοστάσιο για το φυσικό αέριο;","σύνδεση_φυσικού_αερίου"
"Πώς μπορώ να ζητήσω μετατόπιση του υφιστάμενου μετρητή φυσικού αερίου;","σύνδεση_φυσικού_αερίου"
"Ποια είναι τα οφέλη της σύνδεσης με το φυσικό αέριο σε σχέση με το πετρέλαιο;","σύνδεση_φυσικού_αερίου"
"Μπορώ να συνδέσω το φυσικό αέριο με το σύστημα κεντρικής θέρμανσης;","σύνδεση_φυσικού_αερίου"
"Τι γίνεται αν η αίτησή μου για σύνδεση απορριφθεί λόγω τεχνικών δυσκολιών;","σύνδεση_φυσικού_αερίου"
"Υπάρχει κάποια εγγύηση που πρέπει να πληρώσω για τον λογαριασμό αερίου;","σύνδεση_φυσικού_αερίου"
"Πώς μπορώ να καταγγείλω μια κακοτεχνία στην εγκατάσταση του φυσικού αερίου;","σύνδεση_φυσικού_αερίου"
"Είναι δυνατή η σύνδεση φυσικού αερίου σε περιοχές εκτός σχεδίου πόλεως;","σύνδεση_φυσικού_αερίου"
"Πού μπορώ να βρω εγκεκριμένους εγκαταστάτες για το δίκτυο του φυσικού αερίου;","σύνδεση_φυσικού_αερίου"
"Ποια είναι η διαδικασία για την επανασύνδεση της παροχής μετά από διακοπή;","σύνδεση_φυσικού_αερίου"

"Πώς κάνω αίτηση για τοποθέτηση δημοτικού φωτισμού;","τοποθέτηση_δημοτικού_φωτισμού"
"Θέλω να μπει φως στη γειτονιά μου.","τοποθέτηση_δημοτικού_φωτισμού"
"Υπάρχει υπηρεσία για νέα φώτα στον δρόμο μου;","τοποθέτηση_δημοτικού_φωτισμού"
"Πού απευθύνομαι για εγκατάσταση δημοτικού φωτισμού;","τοποθέτηση_δημοτικού_φωτισμού"
"Θέλω να τοποθετηθεί κολόνα φωτισμού κοντά στο σπίτι μου.","τοποθέτηση_δημοτικού_φωτισμού"
"Πού γίνεται η αίτηση για δημοτικό φωτισμό;","τοποθέτηση_δημοτικού_φωτισμού"
"Πώς γίνεται η διαδικασία για τοποθέτηση φώτων σε δημόσιο χώρο;","τοποθέτηση_δημοτικού_φωτισμού"
"Θέλω να φωτίσω καλύτερα το δρόμο μπροστά στο σπίτι μου.","τοποθέτηση_δημοτικού_φωτισμού"
"Πώς μπορώ να ζητήσω περισσότερα φώτα στη γειτονιά;","τοποθέτηση_δημοτικού_φωτισμού"
"Τι δικαιολογητικά απαιτούνται για τοποθέτηση δημοτικού φωτισμού;","τοποθέτηση_δημοτικού_φωτισμού"
"Υπάρχει σκοτεινό σημείο στην πλατεία και χρειάζεται φωτισμό.","τοποθέτηση_δημοτικού_φωτισμού"
"Θα ήθελα να μπει δημοτικός φωτισμός στο πεζοδρόμιο της οδού Παύλου Μελά.","τοποθέτηση_δημοτικού_φωτισμού"
"Πώς υποβάλλω αίτημα για νέα φωτιστικά στη συνοικία μου;","τοποθέτηση_δημοτικού_φωτισμού"
"Η παιδική χαρά δεν έχει φώτα το βράδυ, τι μπορώ να κάνω;","τοποθέτηση_δημοτικού_φωτισμού"
"Ο δρόμος είναι επικίνδυνος χωρίς φώτα, μπορείτε να βοηθήσετε;","τοποθέτηση_δημοτικού_φωτισμού"
"Μπορεί να προστεθεί φως στην είσοδο του δημοτικού πάρκου;","τοποθέτηση_δημοτικού_φωτισμού"
"Χρειάζομαι φως σε μονοπάτι που περνάει από κοινόχρηστο χώρο.","τοποθέτηση_δημοτικού_φωτισμού"
"Υπάρχει τρόπος να ενισχυθεί ο φωτισμός στην είσοδο της πολυκατοικίας;","τοποθέτηση_δημοτικού_φωτισμού"
"Ποια είναι η διαδικασία για νέα εγκατάσταση κολόνας φωτισμού;","τοποθέτηση_δημοτικού_φωτισμού"
"Θέλουμε να φωτιστεί η διαδρομή προς το σχολείο – πού να απευθυνθούμε;","τοποθέτηση_δημοτικού_φωτισμού"
"Μπορεί να τοποθετηθεί φωτιστικό στον πεζόδρομο που οδηγεί στο Κέντρο Υγείας;","τοποθέτηση_δημοτικού_φωτισμού"
"Χρειάζεται επιπλέον φως στο πάρκινγκ του δημαρχείου – είναι τελείως σκοτεινό το βράδυ.","τοποθέτηση_δημοτικού_φωτισμού"
"Θα ήθελα να προτείνω εγκατάσταση δημοτικού φωτισμού στην είσοδο του οικισμού μας.","τοποθέτηση_δημοτικού_φωτισμού"
"Η γειτονιά μας είναι χωρίς φωτισμό – υπάρχει φόρμα για υποβολή αιτήματος;","τοποθέτηση_δημοτικού_φωτισμού"
"Πού υποβάλλω πρόταση για ενίσχυση φωτισμού σε διάβαση πεζών;","τοποθέτηση_δημοτικού_φωτισμού"
"Το σοκάκι ανάμεσα στις δύο πολυκατοικίες είναι εντελώς σκοτεινό – πώς μπορώ να ζητήσω φως;","τοποθέτηση_δημοτικού_φωτισμού"
"Θα μπορούσε να μπει φωτισμός σε διαδρομή που περνάει κόσμος για το σχολείο;","τοποθέτηση_δημοτικού_φωτισμού"
"Υπάρχει δυνατότητα να τοποθετηθεί φως έξω από τον παιδικό σταθμό;","τοποθέτηση_δημοτικού_φωτισμού"
"Θέλω να αιτηθώ φωτισμό στον χωματόδρομο που οδηγεί στα σπίτια μας.","τοποθέτηση_δημοτικού_φωτισμού"
"Η διαδρομή προς τον σταθμό του προαστιακού είναι σκοτεινή – μπορείτε να βάλετε φώτα;","τοποθέτηση_δημοτικού_φωτισμού"
"Έχει χαλάσει μια λάμπα σε δημοτικό στύλο και ο δρόμος είναι επικίνδυνος.","τοποθέτηση_δημοτικού_φωτισμού"
"Ποιος είναι ο αρμόδιος φορέας για να κάνει αίτηση για νέο φωτισμό;","τοποθέτηση_δημοτικού_φωτισμού"
"Θα ήθελα να τοποθετηθεί φωτισμός σε ένα σημείο του δρόμου που γίνεται συχνά κλοπή.","τοποθέτηση_δημοτικού_φωτισμού"
"Μπορώ να ζητήσω να μπει φως σε έναν αδιέξοδο δρόμο της γειτονιάς;","τοποθέτηση_δημοτικού_φωτισμού"
"Πρέπει να καταθέσω κάποιο έγγραφο για να αιτηθώ νέο φωτισμό στον δήμο;","τοποθέτηση_δημοτικού_φωτισμού"
"Πόσος χρόνος χρειάζεται για να εγκριθεί η τοποθέτηση ενός νέου φωτιστικού;","τοποθέτηση_δημοτικού_φωτισμού"
"Η περιοχή μας έχει παλιά φώτα, μπορούμε να ζητήσουμε να μπουν πιο σύγχρονα;","τοποθέτηση_δημοτικού_φωτισμού"
"Θέλω να δηλώσω ένα σκοτεινό σημείο κοντά στο σπίτι μου, πού μπορώ να κάνω την αναφορά;","τοποθέτηση_δημοτικού_φωτισμού"
"Πώς μπορώ να μάθω αν η αίτησή μου για τοποθέτηση φωτισμού έχει προχωρήσει;","τοποθέτηση_δημοτικού_φωτισμού"
"Ο δήμος έχει κάποιο πρόγραμμα για επέκταση του δικτύου φωτισμού;","τοποθέτηση_δημοτικού_φωτισμού"
"Μπορώ να ζητήσω να μπει ένα φωτιστικό μπροστά στο κατάστημά μου;","τοποθέτηση_δημοτικού_φωτισμού"
"Πού μπορώ να βρω τα τεχνικά χαρακτηριστικά των δημοτικών φωτιστικών;","τοποθέτηση_δημοτικού_φωτισμού"
"Χρειάζεται να πληρώσω για να μου τοποθετήσει ο δήμος φως στον δρόμο;","τοποθέτηση_δημοτικού_φωτισμού"
"Θα ήθελα να ενημερωθώ για τους περιορισμούς που υπάρχουν στην τοποθέτηση φωτισμού.","τοποθέτηση_δημοτικού_φωτισμού"
"Μπορώ να ζητήσω να μετακινηθεί μια κολόνα φωτισμού;","τοποθέτηση_δημοτικού_φωτισμού"
"Η περιοχή μας είναι σκοτεινή και νιώθουμε ανασφάλεια, πού κάνουμε αίτημα για φώτα;","τοποθέτηση_δημοτικού_φωτισμού"
"Ποιος εγκρίνει τα αιτήματα για τοποθέτηση νέου φωτισμού;","τοποθέτηση_δημοτικού_φωτισμού"
"Θέλω να ζητήσω φως σε ένα παλιό μονοπάτι που χρησιμοποιούμε για να πάμε στην πλατεία.","τοποθέτηση_δημοτικού_φωτισμού"
"Μπορώ να κάνω αίτηση για φωτισμό σε αγροτική οδό;","τοποθέτηση_δημοτικού_φωτισμού"
"Υπάρχει τρόπος να ζητήσω την τοποθέτηση ενός έξυπνου φωτιστικού σώματος;","τοποθέτηση_δημοτικού_φωτισμού"
"Θέλω να μπει φως στον δρόμο που οδηγεί στο σπίτι μου, είναι τελείως σκοτεινός.","τοποθέτηση_δημοτικού_φωτισμού"
"Πώς μπορώ να κάνω αίτηση για τοποθέτηση φωτιστικών σωμάτων στη γειτονιά;","τοποθέτηση_δημοτικού_φωτισμού"
"Η διαδρομή προς τον σταθμό του προαστιακού είναι σκοτεινή και επικίνδυνη.","τοποθέτηση_δημοτικού_φωτισμού"
"Πρέπει να πάρω άδεια για να τοποθετήσω μια κολόνα φωτισμού;","τοποθέτηση_δημοτικού_φωτισμού"
"Ποιος είναι ο αρμόδιος για να ελέγξει αν ο φωτισμός στη γειτονιά είναι επαρκής;","τοποθέτηση_δημοτικού_φωτισμού"
"Θέλω να δηλώσω ένα σημείο όπου δεν υπάρχει καθόλου φως και νιώθω ανασφάλεια.","τοποθέτηση_δημοτικού_φωτισμού"
"Μπορώ να ζητήσω να ενισχυθεί ο φωτισμός σε μια διασταύρωση;","τοποθέτηση_δημοτικού_φωτισμού"
"Πού μπορώ να βρω το κόστος για την εγκατάσταση ενός φωτιστικού;","τοποθέτηση_δημοτικού_φωτισμού"
"Χρειάζεται να υπογράψουμε μια αίτηση για να μπει φως στον δρόμο;","τοποθέτηση_δημοτικού_φωτισμού"
"Πώς μπορώ να βρω τα έντυπα για αίτηση τοποθέτησης φωτισμού;","τοποθέτηση_δημοτικού_φωτισμού"
"Πρέπει να πληρώσω ένα παράβολο για την αίτηση;","τοποθέτηση_δημοτικού_φωτισμού"
"Μπορώ να ζητήσω αντικατάσταση των παλιών φωτιστικών με καινούρια;","τοποθέτηση_δημοτικού_φωτισμού"
"Πού μπορώ να βρω τους κανονισμούς για την τοποθέτηση φωτιστικών;","τοποθέτηση_δημοτικού_φωτισμού"
"Ποιος είναι υπεύθυνος για τη συντήρηση των δημοτικών φωτιστικών;","τοποθέτηση_δημοτικού_φωτισμού"
"Θέλω να κάνω καταγγελία για ένα σημείο που δεν έχει φως.","τοποθέτηση_δημοτικού_φωτισμού"
"Πού μπορώ να βρω τα στοιχεία επικοινωνίας για την υπηρεσία που ασχολείται με τον φωτισμό;","τοποθέτηση_δημοτικού_φωτισμού"
"Μπορώ να ζητήσω η τοποθέτηση φωτισμού να γίνει με ηλιακή ενέργεια;","τοποθέτηση_δημοτικού_φωτισμού"
"Υπάρχει δυνατότητα προσωρινής τοποθέτησης φωτισμού για εκδήλωση;","τοποθέτηση_δημοτικού_φωτισμού"
"Μπορεί να προστεθεί φωτισμός με αισθητήρα κίνησης σε απομακρυσμένο σημείο του πάρκου;","τοποθέτηση_δημοτικού_φωτισμού"
"Ποια είναι η διαδικασία για να αντικατασταθούν οι συμβατικοί λαμπτήρες με LED στον δρόμο μου;","τοποθέτηση_δημοτικού_φωτισμού"
"Μπορεί να προγραμματιστεί ο φωτισμός της πλατείας να σβήνει αργότερα λόγω αυξημένης κίνησης το καλοκαίρι;","τοποθέτηση_δημοτικού_φωτισμού"
"Θα ήθελα να αιτηθώ την τοποθέτηση μιας νέας κολώνας φωτισμού έξω από το σπίτι μου.","τοποθέτηση_δημοτικού_φωτισμού"
"Ο δρόμος μας είναι πολύ σκοτεινός το βράδυ, χρειάζονται περισσότερα φώτα.","τοποθέτηση_δημοτικού_φωτισμού"
"Ποια είναι η διαδικασία για να μπει δημοτικός φωτισμός σε ένα αδιέξοδο στενό;","τοποθέτηση_δημοτικού_φωτισμού"
"Υπάρχει πρόβλεψη για εγκατάσταση φανοστατών στο νέο πάρκο της γειτονιάς;","τοποθέτηση_δημοτικού_φωτισμού"
"Χρειαζόμαστε επιπλέον φωτισμό στη διάβαση πεζών για λόγους ασφαλείας.","τοποθέτηση_δημοτικού_φωτισμού"
"Πού μπορώ να υποβάλω αίτημα για επέκταση του δικτύου δημοτικού φωτισμού;","τοποθέτηση_δημοτικού_φωτισμού"
"Μπορεί ο δήμος να τοποθετήσει προβολείς LED στην κεντρική πλατεία;","τοποθέτηση_δημοτικού_φωτισμού"
"Ο φωτισμός στην οδό Τατοΐου είναι ανεπαρκής, πότε θα μπουν νέες κολώνες;","τοποθέτηση_δημοτικού_φωτισμού"
"Θέλω να ζητήσω την τοποθέτηση φωτισμού στον παράδρομο της εθνικής οδού.","τοποθέτηση_δημοτικού_φωτισμού"
"Ποια δικαιολογητικά χρειάζονται για να εγκριθεί η τοποθέτηση δημοτικού φωτισμού;","τοποθέτηση_δημοτικού_φωτισμού"
"Είναι δυνατή η τοποθέτηση αυτόνομων ηλιακών φωτιστικών σε απόμακρα σημεία;","τοποθέτηση_δημοτικού_φωτισμού"
"Χρειάζεται ενίσχυση ο φωτισμός γύρω από το σχολικό συγκρότημα.","τοποθέτηση_δημοτικού_φωτισμού"
"Πόσο χρόνο διαρκεί η εξέταση ενός αιτήματος για νέο σημείο φωτισμού;","τοποθέτηση_δημοτικού_φωτισμού"
"Υπάρχει μελέτη για την αναβάθμιση του φωτισμού σε όλη τη δημοτική ενότητα;","τοποθέτηση_δημοτικού_φωτισμού"
"Θέλω να αναφέρω ένα σημείο που είναι τελείως σκοτεινό και χρειάζεται λάμπα.","τοποθέτηση_δημοτικού_φωτισμού"
"Ποιο τμήμα του δήμου είναι αρμόδιο για τη χωροθέτηση των νέων πυλώνων φωτισμού;","τοποθέτηση_δημοτικού_φωτισμού"
"Μπορώ να ζητήσω την τοποθέτηση φωτισμού σε ιδιωτικό δρόμο που είναι σε κοινή χρήση;","τοποθέτηση_δημοτικού_φωτισμού"
"Πότε θα υλοποιηθεί η εγκατάσταση των νέων φωτιστικών σωμάτων που εγκρίθηκαν;","τοποθέτηση_δημοτικού_φωτισμού"
"Χρειάζεται να μπει φως στην είσοδο του δημοτικού πάρκινγκ.","τοποθέτηση_δημοτικού_φωτισμού"
"Πώς μπορώ να μάθω αν το αίτημά μου για φωτισμό έχει συμπεριληφθεί στον προϋπολογισμό;","τοποθέτηση_δημοτικού_φωτισμού"
"Θα ήθελα να τοποθετηθεί μια κολώνα φωτισμού στη γωνία των οδών Αιγαίου και Πίνδου.","τοποθέτηση_δημοτικού_φωτισμού"
"Ο υφιστάμενος φωτισμός δεν επαρκεί, χρειαζόμαστε πυκνότερο δίκτυο κολωνών.","τοποθέτηση_δημοτικού_φωτισμού"
"Ποια είναι η διαδικασία για την αντικατάσταση παλιών κολωνών με νέες πιο σύγχρονες;","τοποθέτηση_δημοτικού_φωτισμού"
"Υπάρχει δυνατότητα τοποθέτησης φωτισμού με ανιχνευτή κίνησης σε δημοτικά μονοπάτια;","τοποθέτηση_δημοτικού_φωτισμού"
"Χρειάζομαι βεβαίωση ότι ο δήμος προτίθεται να βάλει φωτισμό στην περιοχή μου.","τοποθέτηση_δημοτικού_φωτισμού"
"Ποιος επιβλέπει την τοποθέτηση των νέων δικτύων φωτισμού από τους εργολάβους;","τοποθέτηση_δημοτικού_φωτισμού"
"Θέλω να διαμαρτυρηθώ για την έλλειψη φωτισμού στη γειτονιά μου.","τοποθέτηση_δημοτικού_φωτισμού"
"Είναι απαραίτητη η υπογραφή των κατοίκων για να μπει φως σε έναν δρόμο;","τοποθέτηση_δημοτικού_φωτισμού"
"Πώς μπορώ να προτείνω σημεία για την τοποθέτηση νέων φωτιστικών στο κέντρο;","τοποθέτηση_δημοτικού_φωτισμού"

"Πώς μπορώ να ζητήσω επέκταση του δικτύου ύδρευσης;","επέκταση_δικτύου_ύδρευσης"
"Υπάρχει αίτηση για επέκταση υδροδότησης στη γειτονιά μου;","επέκταση_δικτύου_ύδρευσης"
"Θέλω να συνδεθεί το ακίνητό μου με το δίκτυο ύδρευσης.","επέκταση_δικτύου_ύδρευσης"
"Πού μπορώ να κάνω αίτηση για νέα παροχή νερού;","επέκταση_δικτύου_ύδρευσης"
"Πώς γίνεται η διαδικασία για επέκταση υδρευτικού δικτύου;","επέκταση_δικτύου_ύδρευσης"
"Θέλω να μάθω αν θα περάσει νερό από τον δήμο στο οικόπεδό μου.","επέκταση_δικτύου_ύδρευσης"
"Υπάρχει online αίτηση για επέκταση δικτύου ύδρευσης;","επέκταση_δικτύου_ύδρευσης"
"Πόσο διαρκεί η επέκταση δικτύου ύδρευσης;","επέκταση_δικτύου_ύδρευσης"
"Ποιες περιοχές μπορούν να ενταχθούν σε νέο δίκτυο ύδρευσης;","επέκταση_δικτύου_ύδρευσης"
"Θέλω να μάθω το κόστος για σύνδεση με νέο δίκτυο νερού.","επέκταση_δικτύου_ύδρευσης"
"Υπάρχει σχέδιο για υδροδότηση στον δρόμο μου;","επέκταση_δικτύου_ύδρευσης"
"Πότε θα συνδεθεί το νέο οικόπεδο με το δημοτικό δίκτυο νερού;","επέκταση_δικτύου_ύδρευσης"
"Πρέπει να κάνω αίτηση για να μπει νερό στο αγροτεμάχιό μου;","επέκταση_δικτύου_ύδρευσης"
"Χτίζω σπίτι και χρειάζομαι σύνδεση με το δίκτυο ύδρευσης.","επέκταση_δικτύου_ύδρευσης"
"Το οικόπεδό μου δεν έχει νερό, μπορώ να ζητήσω παροχή;","επέκταση_δικτύου_ύδρευσης"
"Γίνεται να γίνει επέκταση ύδρευσης σε εκτός σχεδίου περιοχή;","επέκταση_δικτύου_ύδρευσης"
"Ποια διαδικασία ακολουθείται για να περάσει σωλήνα ύδρευσης;","επέκταση_δικτύου_ύδρευσης"
"Χρειάζομαι νέα σύνδεση νερού σε ακίνητο χωρίς υποδομή.","επέκταση_δικτύου_ύδρευσης"
"Το σπίτι μου είναι κοντά στο δίκτυο, αλλά δεν έχει σύνδεση.","επέκταση_δικτύου_ύδρευσης"
"Υπάρχει χρέωση για την επέκταση του αγωγού ύδρευσης;","επέκταση_δικτύου_ύδρευσης"
"Θα ήθελα να ζητήσω υδροδότηση για ακίνητο που δεν έχει σύνδεση μέχρι σήμερα.","επέκταση_δικτύου_ύδρευσης"
"Μπορεί να επεκταθεί το δίκτυο ύδρευσης μέχρι την ιδιοκτησία μου;","επέκταση_δικτύου_ύδρευσης"
"Χρειάζομαι παροχή νερού σε νεόδμητο ακίνητο – πού να απευθυνθώ;","επέκταση_δικτύου_ύδρευσης"
"Το οικόπεδο μου βρίσκεται στο τέρμα του δρόμου – υπάρχει πρόβλεψη για νερό;","επέκταση_δικτύου_ύδρευσης"
"Θα ήθελα να ενημερωθώ αν προβλέπεται έργο επέκτασης ύδρευσης στην περιοχή μου.","επέκταση_δικτύου_ύδρευσης"
"Η οδός μας δεν είναι συνδεδεμένη με το δίκτυο – πώς μπορεί να γίνει η σύνδεση;","επέκταση_δικτύου_ύδρευσης"
"Μπορεί ο δήμος να προχωρήσει σε υδροδότηση για αδόμητο οικόπεδο;","επέκταση_δικτύου_ύδρευσης"
"Υπάρχει τρόπος να αιτηθώ νέο σημείο παροχής νερού στο οικόπεδό μου;","επέκταση_δικτύου_ύδρευσης"
"Γίνεται να εγκατασταθεί παροχή νερού σε σημείο που δεν καλύπτεται ακόμα;","επέκταση_δικτύου_ύδρευσης"
"Ποιο είναι το αρμόδιο τμήμα για να ζητήσω επέκταση αγωγού ύδρευσης;","επέκταση_δικτύου_ύδρευσης"
"Ποια είναι τα δικαιολογητικά για αίτηση επέκτασης δικτύου ύδρευσης;","επέκταση_δικτύου_ύδρευσης"
"Πού υποβάλλω αίτηση για επέκταση του δικτύου ύδρευσης σε μια νέα οικοδομή;","επέκταση_δικτύου_ύδρευσης"
"Μπορώ να ζητήσω νέα παροχή νερού για το κατάστημά μου;","επέκταση_δικτύου_ύδρευσης"
"Θέλω να μάθω αν η γειτονιά μου θα αποκτήσει δίκτυο ύδρευσης στο άμεσο μέλλον.","επέκταση_δικτύου_ύδρευσης"
"Το οικόπεδο μου είναι αρτιο και οικοδομήσιμο αλλά δεν έχει νερό, πώς αποκτώ παροχή;","επέκταση_δικτύου_ύδρευσης"
"Υπάρχουν επιδότησεις για σύνδεση με το δίκτυο ύδρευσης;","επέκταση_δικτύου_ύδρευσης"
"Χρειάζεται να πληρώσω για την επέκταση του δικτύου μέχρι το σπίτι μου;","επέκταση_δικτύου_ύδρευσης"
"Πώς μπορώ να επιταχύνω τη διαδικασία σύνδεσης με το δίκτυο ύδρευσης;","επέκταση_δικτύου_ύδρευσης"
"Θέλω να δηλώσω την ανάγκη για νέα παροχή νερού σε μια περιοχή που αναπτύσσεται.","επέκταση_δικτύου_ύδρευσης"
"Μπορεί να μου δοθεί προσωρινή παροχή νερού για τις οικοδομικές εργασίες;","επέκταση_δικτύου_ύδρευσης"
"Πώς μπορώ να βρω το σχέδιο του υδρευτικού δικτύου του δήμου;","επέκταση_δικτύου_ύδρευσης"
"Χρειάζεται να υπογράψει η πλειοψηφία των κατοίκων για να γίνει επέκταση του δικτύου;","επέκταση_δικτύου_ύδρευσης"
"Πού μπορώ να ζητήσω αντίγραφο της μελέτης επέκτασης του δικτύου ύδρευσης;","επέκταση_δικτύου_ύδρευσης"
"Θα ήθελα να ενημερωθώ για τους περιορισμούς στην επέκταση δικτύου σε συγκεκριμένες περιοχές.","επέκταση_δικτύου_ύδρευσης"
"Ποιος είναι ο χρόνος υλοποίησης του έργου επέκτασης του δικτύου;","επέκταση_δικτύου_ύδρευσης"
"Είναι η νέα παροχή νερού το ίδιο με την επέκταση του δικτύου;","επέκταση_δικτύου_ύδρευσης"
"Πώς μπορώ να υποβάλω αίτημα για υδροδότηση σε ένα χωράφι;","επέκταση_δικτύου_ύδρευσης"
"Μπορείτε να μου πείτε ποια είναι τα απαραίτητα έντυπα για την επέκταση του δικτύου;","επέκταση_δικτύου_ύδρευσης"
"Χρειάζεται να κάνω αίτηση για σύνδεση με το δίκτυο αποχέτευσης μαζί με την ύδρευση;","επέκταση_δικτύου_ύδρευσης"
"Το οικόπεδό μου βρίσκεται σε μια περιοχή που δεν έχει οδικό δίκτυο, μπορεί να γίνει υδροδότηση;","επέκταση_δικτύου_ύδρευσης"
"Πού μπορώ να βρω τα αποτελέσματα των μελετών για το υδρευτικό δίκτυο;","επέκταση_δικτύου_ύδρευσης"
"Θέλω να βάλω νερό στο σπίτι μου, αλλά ο δρόμος δεν έχει περασμένες σωληνώσεις, τι πρέπει να κάνω;","επέκταση_δικτύου_ύδρευσης"
"Ποιος είναι ο αρμόδιος για να μου δώσει πληροφορίες για την κατάσταση του δικτύου ύδρευσης;","επέκταση_δικτύου_ύδρευσης"
"Χρειάζεται να καταθέσω σχέδιο του οικοπέδου για την αίτηση επέκτασης ύδρευσης;","επέκταση_δικτύου_ύδρευσης"
"Μπορώ να ζητήσω επέκταση δικτύου ύδρευσης για κοινή χρήση σε μια γειτονιά;","επέκταση_δικτύου_ύδρευσης"
"Υπάρχει κάποιο πρόγραμμα του δήμου για την αναβάθμιση του παλιού υδρευτικού δικτύου;","επέκταση_δικτύου_ύδρευσης"
"Θα ήθελα να κάνω αίτηση για νέα παροχή νερού σε ένα επαγγελματικό ακίνητο.","επέκταση_δικτύου_ύδρευσης"
"Πώς μπορώ να ενημερωθώ για την πορεία των έργων επέκτασης του δικτύου ύδρευσης;","επέκταση_δικτύου_ύδρευσης"
"Χρειάζεται να πληρώσω για τον μετρητή και την τοποθέτησή του;","επέκταση_δικτύου_ύδρευσης"
"Μπορείτε να μου πείτε ποιο είναι το αρμόδιο τμήμα για τις συνδέσεις ύδρευσης;","επέκταση_δικτύου_ύδρευσης"
"Πού μπορώ να βρω συχνές ερωτήσεις για την επέκταση του δικτύου ύδρευσης;","επέκταση_δικτύου_ύδρευσης"
"Η παροχή νερού στο σπίτι μου είναι ανεπαρκής, τι μπορώ να κάνω;","επέκταση_δικτύου_ύδρευσης"
"Χτίζω ένα σπίτι, αλλά δεν υπάρχει δίκτυο ύδρευσης στον δρόμο.","επέκταση_δικτύου_ύδρευσης"
"Θέλω να συνδέσω την πολυκατοικία μας στο δίκτυο ύδρευσης, πού πρέπει να απευθυνθώ;","επέκταση_δικτύου_ύδρευσης"
"Πρέπει να πληρώσω για την επέκταση του αγωγού ύδρευσης μέχρι το σπίτι μου;","επέκταση_δικτύου_ύδρευσης"
"Πού μπορώ να βρω πληροφορίες για τα δικαιολογητικά που χρειάζομαι για την επέκταση;","επέκταση_δικτύου_ύδρευσης"
"Ο δήμος έχει κάποιο πρόγραμμα για την υδροδότηση νέων περιοχών;","επέκταση_δικτύου_ύδρευσης"
"Μπορώ να ζητήσω να περάσει αγωγός ύδρευσης στον δρόμο μας;","επέκταση_δικτύου_ύδρευσης"
"Ποιος είναι ο αρμόδιος για να μου δώσει άδεια για νέα παροχή νερού;","επέκταση_δικτύου_ύδρευσης"
"Θέλω να δηλώσω την ανάγκη για υδροδότηση σε μια περιοχή που αναπτύσσεται.","επέκταση_δικτύου_ύδρευσης"
"Χρειάζεται να υπογράψουμε μια αίτηση για να γίνει επέκταση του δικτύου;","επέκταση_δικτύου_ύδρευσης"
"Πώς μπορώ να ζητήσω την επέκταση του αγωγού ύδρευσης μέχρι το οικόπεδό μου;","επέκταση_δικτύου_ύδρευσης"
"Το δίκτυο νερού σταματάει 50 μέτρα πριν το σπίτι μου, τι πρέπει να κάνω;","επέκταση_δικτύου_ύδρευσης"
"Υπάρχει προγραμματισμός για επέκταση της ύδρευσης στις νέες περιοχές του δήμου;","επέκταση_δικτύου_ύδρευσης"
"Ποια είναι τα δικαιολογητικά για την επέκταση του δικτύου ύδρευσης εκτός σχεδίου;","επέκταση_δικτύου_ύδρευσης"
"Ποιο είναι το κόστος συμμετοχής των ιδιοκτητών στην επέκταση του αγωγού;","επέκταση_δικτύου_ύδρευσης"
"Θέλω να αιτηθώ την κατασκευή νέου κλάδου ύδρευσης στον δρόμο μας.","επέκταση_δικτύου_ύδρευσης"
"Πόσο χρόνο διαρκεί η μελέτη για την επέκταση του δικτύου νερού;","επέκταση_δικτύου_ύδρευσης"
"Πού μπορώ να δω αν το οικόπεδό μου καλύπτεται από το υφιστάμενο δίκτυο ύδρευσης;","επέκταση_δικτύου_ύδρευσης"
"Χρειάζομαι βεβαίωση ότι είναι δυνατή η επέκταση της ύδρευσης στο ακίνητό μου.","επέκταση_δικτύου_ύδρευσης"
"Ποιος επιβαρύνεται με τα έξοδα για το σκάψιμο και την τοποθέτηση των νέων σωλήνων;","επέκταση_δικτύου_ύδρευσης"
"Είναι απαραίτητη η έγκριση της τεχνικής υπηρεσίας για την επέκταση του δικτύου;","επέκταση_δικτύου_ύδρευσης"
"Θέλω να μάθω αν η επέκταση του δικτύου ύδρευσης περιλαμβάνεται στο τεχνικό πρόγραμμα του έτους.","επέκταση_δικτύου_ύδρευσης"
"Πώς μπορώ να κάνω ομαδική αίτηση με τους γείτονες για επέκταση νερού;","επέκταση_δικτύου_ύδρευσης"
"Υπάρχουν τεχνικές δυσκολίες που εμποδίζουν την επέκταση της ύδρευσης στην περιοχή μας;","επέκταση_δικτύου_ύδρευσης"
"Ποια είναι η ελάχιστη απόσταση από τον κεντρικό αγωγό για να θεωρηθεί επέκταση;","επέκταση_δικτύου_ύδρευσης"
"Θέλω να ενημερωθώ για την εξέλιξη των έργων επέκτασης ύδρευσης στην οδό Πίνδου.","επέκταση_δικτύου_ύδρευσης"
"Τι έγγραφα απαιτούνται από την πολεοδομία για να εγκριθεί η επέκταση του νερού;","επέκταση_δικτύου_ύδρευσης"
"Μπορώ να αναλάβω εγώ το κόστος της επέκτασης αν ο δήμος δεν έχει κονδύλια;","επέκταση_δικτύου_ύδρευσης"
"Πού υποβάλλεται η ένσταση σε περίπτωση απόρριψης αιτήματος επέκτασης ύδρευσης;","επέκταση_δικτύου_ύδρευσης"
"Είναι δυνατή η επέκταση του δικτύου ύδρευσης σε ιδιωτικό δρόμο;","επέκταση_δικτύου_ύδρευσης"
"Ποιες είναι οι προδιαγραφές των σωλήνων που χρησιμοποιούνται στις επεκτάσεις;","επέκταση_δικτύου_ύδρευσης"
"Χρειάζεται να γίνει υψομετρική μελέτη πριν την επέκταση του δικτύου νερού;","επέκταση_δικτύου_ύδρευσης"
"Ποιο τμήμα του δήμου είναι αρμόδιο για τη χάραξη των νέων αγωγών ύδρευσης;","επέκταση_δικτύου_ύδρευσης"
"Πότε θα ξεκινήσει η τοποθέτηση των αγωγών για την επέκταση στο βόρειο τμήμα;","επέκταση_δικτύου_ύδρευσης"
"Θέλω να μάθω αν η επέκταση του δικτύου θα επηρεάσει την πίεση του νερού.","επέκταση_δικτύου_ύδρευσης"
"Υπάρχει πρόβλεψη για επέκταση της ύδρευσης στον οικισμό που χτίζεται;","επέκταση_δικτύου_ύδρευσης"
"Πώς μπορώ να πάρω προσφορά για το κόστος επέκτασης της παροχής μου;","επέκταση_δικτύου_ύδρευσης"
"Είναι υποχρεωτική η σύνδεση με το νέο δίκτυο μετά την ολοκλήρωση της επέκτασης;","επέκταση_δικτύου_ύδρευσης"
"Πού μπορώ να βρω το ιστορικό των επεκτάσεων δικτύου ύδρευσης στην περιοχή;","επέκταση_δικτύου_ύδρευσης"

"Πού δηλώνω βλάβη σε αγωγό νερού;","βλάβη_αγωγού_ύδρευσης"
"Ποιον να καλέσω αν σπάσει ο αγωγός ύδρευσης;","βλάβη_αγωγού_ύδρευσης"
"Υπάρχει online υπηρεσία για βλάβη αγωγού ύδρευσης;","βλάβη_αγωγού_ύδρευσης"
"Πώς γίνεται η διαδικασία αποκατάστασης βλάβης υδροδότησης;","βλάβη_αγωγού_ύδρευσης"
"Θέλω να κάνω αναφορά για διαρροή νερού στον δρόμο μου.","βλάβη_αγωγού_ύδρευσης"
"Πού ενημερώνω τον δήμο για πρόβλημα σε σωλήνα ύδρευσης;","βλάβη_αγωγού_ύδρευσης"
"Έχω χαμηλή πίεση λόγω βλάβης στον αγωγό τι κάνω;","βλάβη_αγωγού_ύδρευσης"
"Θέλω να κάνω αίτηση για άμεση επιδιόρθωση αγωγού ύδρευσης.","βλάβη_αγωγού_ύδρευσης"
"Έχω βλάβη στον αγωγό ύδρευσης τι να κάνω;","βλάβη_αγωγού_ύδρευσης"
"Σπάσιμο αγωγού νερού πού να απευθυνθώ;","βλάβη_αγωγού_ύδρευσης"
"Υπάρχει διαρροή νερού στην οδό Κωνσταντίνου – πού το δηλώνω;","βλάβη_αγωγού_ύδρευσης"
"Βρήκα σπασμένο αγωγό έξω από το σπίτι μου – τι να κάνω;","βλάβη_αγωγού_ύδρευσης"
"Τρέχει συνεχώς νερό από το πεζοδρόμιο, μάλλον έχει βλάβη ο αγωγός.","βλάβη_αγωγού_ύδρευσης"
"Χρειάζεται επιδιόρθωση σωλήνας νερού στην περιοχή μας.","βλάβη_αγωγού_ύδρευσης"
"Μπορείτε να ελέγξετε έναν αγωγό που έχει πιθανή ζημιά;","βλάβη_αγωγού_ύδρευσης"
"Υπάρχει διακοπή λόγω βλάβης αγωγού – πώς το δηλώνω;","βλάβη_αγωγού_ύδρευσης"
"Ο σωλήνας νερού φαίνεται να έχει σπάσει μέσα στο πεζοδρόμιο.","βλάβη_αγωγού_ύδρευσης"
"Πού μπορώ να αναφέρω βλάβη σε παλιό αγωγό ύδρευσης;","βλάβη_αγωγού_ύδρευσης"
"Χρειάζομαι συνεργείο για αποκατάσταση σε αγωγό νερού.","βλάβη_αγωγού_ύδρευσης"
"Η πίεση στο δίκτυο είναι πολύ χαμηλή, υπάρχει κάποια βλάβη;","βλάβη_αγωγού_ύδρευσης"
"Έχει πλημμυρίσει ο δρόμος από σπασμένο σωλήνα – πού να το αναφέρω;","βλάβη_αγωγού_ύδρευσης"
"Ακούγεται θόρυβος από αγωγό νερού στον δρόμο, μάλλον έχει διαρροή.","βλάβη_αγωγού_ύδρευσης"
"Στον πεζόδρομο της πλατείας υπάρχει συνεχής διαρροή νερού – μπορείτε να το ελέγξετε;","βλάβη_αγωγού_ύδρευσης"
"Το νερό κόπηκε ξαφνικά και ακούγεται θόρυβος στον αγωγό – υπάρχει βλάβη;","βλάβη_αγωγού_ύδρευσης"
"Το πεζοδρόμιο έχει υγρασία από κάτω – μάλλον περνά αγωγός με πρόβλημα.","βλάβη_αγωγού_ύδρευσης"
"Στην πολυκατοικία μας έχουμε πτώση πίεσης σε όλους τους ορόφους – είναι από βλάβη στον κεντρικό αγωγό;","βλάβη_αγωγού_ύδρευσης"
"Η διαρροή έχει φτάσει στον δρόμο – μπορείτε να στείλετε συνεργείο άμεσα;","βλάβη_αγωγού_ύδρευσης"
"Πού δηλώνω ότι υπάρχει σπασμένο εξάρτημα στον εξωτερικό αγωγό;","βλάβη_αγωγού_ύδρευσης"
"Μπορώ να στείλω φωτογραφία για να δηλώσω πρόβλημα σε αγωγό ύδρευσης;","βλάβη_αγωγού_ύδρευσης"
"Το νερό τρέχει από καπάκι υδρομέτρου στο πεζοδρόμιο – τι να κάνω;","βλάβη_αγωγού_ύδρευσης"
"Έχει γίνει μεγάλη καθίζηση στο οδόστρωμα λόγω διαρροής αγωγού – τι πρέπει να κάνω;","βλάβη_αγωγού_ύδρευσης"
"Η ΔΕΥΑ είναι αρμόδια για τις βλάβες στους κεντρικούς αγωγούς;","βλάβη_αγωγού_ύδρευσης"
"Πώς μπορώ να λάβω ενημέρωση για την πορεία αποκατάστασης μιας βλάβης;","βλάβη_αγωγού_ύδρευσης"
"Υπάρχει ειδική τηλεφωνική γραμμή για αναφορές βλαβών;","βλάβη_αγωγού_ύδρευσης"
"Το νερό που τρέχει έχει περίεργο χρώμα, μπορεί να είναι από βλάβη στον αγωγό;","βλάβη_αγωγού_ύδρευσης"
"Πού μπορώ να δηλώσω ένα πρόβλημα με τον σωλήνα νερού που βρίσκεται στο πεζοδρόμιο;","βλάβη_αγωγού_ύδρευσης"
"Χρειάζεται να κάνω γραπτή αίτηση για την επιδιόρθωση μιας βλάβης;","βλάβη_αγωγού_ύδρευσης"
"Η βλάβη στον αγωγό έχει επηρεάσει την ιδιοκτησία μου, ποιος είναι υπεύθυνος;","βλάβη_αγωγού_ύδρευσης"
"Είναι ο δήμος υπεύθυνος για την αποκατάσταση των ζημιών από τη διαρροή;","βλάβη_αγωγού_ύδρευσης"
"Θα ήθελα να ενημερώσω ότι έχω διαρροή νερού στον δρόμο μας.","βλάβη_αγωγού_ύδρευσης"
"Πού μπορώ να βρω πληροφορίες για το πλάνο αποκατάστασης της βλάβης;","βλάβη_αγωγού_ύδρευσης"
"Το συνεργείο ήρθε και έφυγε, αλλά η βλάβη στον αγωγό δεν έχει διορθωθεί.","βλάβη_αγωγού_ύδρευσης"
"Υπάρχει διακοπή νερού σε όλη τη γειτονιά, είναι λόγω βλάβης στον αγωγό;","βλάβη_αγωγού_ύδρευσης"
"Πώς μπορώ να ζητήσω έλεγχο για διαρροή στον αγωγό;","βλάβη_αγωγού_ύδρευσης"
"Χρειάζεται να βγάλω άδεια για να διορθώσω ένα σωλήνα νερού στο πεζοδρόμιο;","βλάβη_αγωγού_ύδρευσης"
"Πού μπορώ να κάνω μια αναφορά για ένα σπασμένο υδρόμετρο;","βλάβη_αγωγού_ύδρευσης"
"Ο σωλήνας νερού έχει σπάσει και το νερό χάνεται, πώς το δηλώνω;","βλάβη_αγωγού_ύδρευσης"
"Το νερό στον δρόμο έχει παγώσει από τη διαρροή και είναι επικίνδυνο για τους πεζούς.","βλάβη_αγωγού_ύδρευσης"
"Πρέπει να αναφέρω μια διαρροή στον αγωγό ύδρευσης, αλλά δεν ξέρω τον αριθμό τηλεφώνου.","βλάβη_αγωγού_ύδρευσης"
"Ο δρόμος έχει φουσκώσει από το νερό που διαρρέει από τον αγωγό.","βλάβη_αγωγού_ύδρευσης"
"Είμαι ενοικιαστής και έχω βλάβη στον αγωγό, ποιος είναι υπεύθυνος;","βλάβη_αγωγού_ύδρευσης"
"Πώς μπορώ να δηλώσω βλάβη σε αγωγό αποχέτευσης;","βλάβη_αγωγού_ύδρευσης"
"Ο δήμος έχει κάποια εφαρμογή για την αναφορά βλαβών;","βλάβη_αγωγού_ύδρευσης"
"Το νερό που έρχεται στο σπίτι μου έχει πολύ άσχημη γεύση, μπορεί να είναι από βλάβη;","βλάβη_αγωγού_ύδρευσης"
"Πού μπορώ να βρω το τηλέφωνο έκτακτης ανάγκης για βλάβες;","βλάβη_αγωγού_ύδρευσης"
"Ο σωλήνας νερού έχει σπάσει και δεν μπορούμε να βρούμε τον κεντρικό διακόπτη.","βλάβη_αγωγού_ύδρευσης"
"Έχω αναφέρει τη βλάβη, αλλά ακόμα δεν έχει έρθει κανείς.","βλάβη_αγωγού_ύδρευσης"
"Ποιος είναι ο αρμόδιος για τις βλάβες στους αγωγούς ύδρευσης;","βλάβη_αγωγού_ύδρευσης"
"Πρέπει να πληρώσω για την αποκατάσταση της βλάβης;","βλάβη_αγωγού_ύδρευσης"
"Το νερό από τον αγωγό έχει δημιουργήσει μια μεγάλη λακκούβα στο δρόμο.","βλάβη_αγωγού_ύδρευσης"
"Χρειάζεται να αναφέρω τη βλάβη και στον δήμο και στην ΕΥΔΑΠ;","βλάβη_αγωγού_ύδρευσης"
"Πώς μπορώ να βρω τα στοιχεία επικοινωνίας για το τμήμα βλαβών;","βλάβη_αγωγού_ύδρευσης"
"Η βλάβη στον αγωγό προκάλεσε ζημιά στο αυτοκίνητό μου, τι πρέπει να κάνω;","βλάβη_αγωγού_ύδρευσης"
"Θέλω να ρωτήσω για το πλάνο αποκατάστασης μιας βλάβης στην περιοχή μας.","βλάβη_αγωγού_ύδρευσης"
"Ο δρόμος έχει φουσκώσει από το νερό που διαρρέει, είναι επικίνδυνο.","βλάβη_αγωγού_ύδρευσης"
"Μπορώ να ζητήσω να γίνει έλεγχος για βλάβη στον αγωγό μου;","βλάβη_αγωγού_ύδρευσης"
"Χρειάζεται να βγάλω άδεια για να κάνω μια επισκευή στον αγωγό μου;","βλάβη_αγωγού_ύδρευσης"
"Πού μπορώ να κάνω μια αναφορά για ένα χαλασμένο υδρόμετρο;","βλάβη_αγωγού_ύδρευσης"
"Το νερό στον δρόμο έχει παγώσει από τη διαρροή και είναι επικίνδυνο για τους πεζούς.","βλάβη_αγωγού_ύδρευσης"
"Πρέπει να αναφέρω μια διαρροή στον αγωγό ύδρευσης, αλλά δεν ξέρω τον αριθμό τηλεφώνου.","βλάβη_αγωγού_ύδρευσης"
"Έχει σπάσει ένας μεγάλος σωλήνας στο δρόμο και τρέχει πολύ νερό.","βλάβη_αγωγού_ύδρευσης"
"Υπάρχει διαρροή νερού από το πεζοδρόμιο έξω από την πολυκατοικία μου.","βλάβη_αγωγού_ύδρευσης"
"Ο κεντρικός αγωγός στην πλατεία έχει τρυπήσει και έχει πλημμυρίσει ο δρόμος.","βλάβη_αγωγού_ύδρευσης"
"Τρέχουν νερά από μια κολώνα της ύδρευσης, μπορείτε να στείλετε συνεργείο;","βλάβη_αγωγού_ύδρευσης"
"Ακούγεται θόρυβος ροής νερού κάτω από την άσφαλτο χωρίς να φαίνεται διαρροή.","βλάβη_αγωγού_ύδρευσης"
"Η πίεση του νερού έπεσε απότομα, υποψιάζομαι σπάσιμο αγωγού στη γειτονιά.","βλάβη_αγωγού_ύδρευσης"
"Έχει ανοίξει μια τρύπα στο οδόστρωμα και από μέσα βγαίνει νερό.","βλάβη_αγωγού_ύδρευσης"
"Το φρεάτιο της ύδρευσης στη γωνία έχει γεμίσει νερά και ξεχειλίζει.","βλάβη_αγωγού_ύδρευσης"
"Πού μπορώ να αναφέρω μια επείγουσα βλάβη σε σωλήνα του δήμου;","βλάβη_αγωγού_ύδρευσης"
"Υπάρχει διαρροή στον κεντρικό αγωγό στην οδό Ερμού, παρακαλώ παρέμβαση.","βλάβη_αγωγού_ύδρευσης"
"Το νερό αναβλύζει από το δρόμο και έχει δημιουργηθεί μια μεγάλη λίμνη.","βλάβη_αγωγού_ύδρευσης"
"Έσπασε ο σωλήνας μετά από έργα που έκανε ένας εργολάβος στον δρόμο.","βλάβη_αγωγού_ύδρευσης"
"Υπάρχει υγρασία στο έδαφος σε σημείο που περνάει ο αγωγός ύδρευσης.","βλάβη_αγωγού_ύδρευσης"
"Παρακαλώ στείλτε κάποιον να ελέγξει μια πιθανή βλάβη στο δίκτυο νερού.","βλάβη_αγωγού_ύδρευσης"
"Η παροχή νερού έχει διακοπεί λόγω σπασμένου σωλήνα στην περιοχή.","βλάβη_αγωγού_ύδρευσης"
"Το νερό τρέχει με δύναμη από το σπασμένο φρεάτιο, είναι μεγάλη η ζημιά.","βλάβη_αγωγού_ύδρευσης"
"Είδα μια διαρροή νερού στο δρόμο καθώς περνούσα, πώς τη δηλώνω;","βλάβη_αγωγού_ύδρευσης"
"Έχει υποχωρήσει το χώμα κοντά στον αγωγό και φαίνεται να τρέχει νερό.","βλάβη_αγωγού_ύδρευσης"
"Ποιο είναι το τηλέφωνο για αναγγελία βλαβών ύδρευσης εκτός ωραρίου;","βλάβη_αγωγού_ύδρευσης"
"Ο αγωγός έχει σπάσει και το νερό μπαίνει στο υπόγειο του σπιτιού μου.","βλάβη_αγωγού_ύδρευσης"
"Υπάρχει διαρροή στο ρολόι του δήμου έξω από την αυλή μου.","βλάβη_αγωγού_ύδρευσης"
"Το συνεργείο ήρθε για τη βλάβη αλλά ο σωλήνας τρέχει ακόμα.","βλάβη_αγωγού_ύδρευσης"
"Χρειάζεται άμεση επιδιόρθωση ο αγωγός γιατί χάνεται πολύτιμο νερό.","βλάβη_αγωγού_ύδρευσης"
"Η άσφαλτος έχει φουσκώσει λόγω της πίεσης του νερού από σπασμένο αγωγό.","βλάβη_αγωγού_ύδρευσης"
"Πώς μπορώ να ενημερωθώ αν το συνεργείο είναι καθ' οδόν για τη βλάβη;","βλάβη_αγωγού_ύδρευσης"
"Το νερό τρέχει από τον αγωγό εδώ και δύο μέρες, πότε θα το φτιάξετε;","βλάβη_αγωγού_ύδρευσης"
"Υπάρχει βλάβη στον αγωγό που τροφοδοτεί ολόκληρο το χωριό.","βλάβη_αγωγού_ύδρευσης"
"Το σπάσιμο του σωλήνα έχει προκαλέσει καθίζηση στο δρόμο.","βλάβη_αγωγού_ύδρευσης"
"Θέλω να δηλώσω μια μικρή αλλά συνεχή διαρροή σε κεντρική βάνα.","βλάβη_αγωγού_ύδρευσης"
"Το νερό βγαίνει μέσα από το πεζοδρόμιο με μεγάλη πίεση.","βλάβη_αγωγού_ύδρευσης"

"Πού βρίσκεται το ληξιαρχείο Κορωπίου;","ληξιαρχείο"
"Τι ώρες λειτουργεί το ληξιαρχείο του δήμου;","ληξιαρχείο"
"Μπορώ να κλείσω ραντεβού με το ληξιαρχείο;","ληξιαρχείο"
"Πώς θα μιλήσω με υπεύθυνο του ληξιαρχείου;","ληξιαρχείο"
"Θέλω πληροφορίες για διαδικασίες του ληξιαρχείου.","ληξιαρχείο"
"Πού θα βρω το ληξιαρχείο για να βγάλω πιστοποιητικά;","ληξιαρχείο"
"Μπορώ να επικοινωνήσω με το ληξιαρχείο ηλεκτρονικά;","ληξιαρχείο"
"Υπάρχει online εξυπηρέτηση για το ληξιαρχείο;","ληξιαρχείο"
"Θέλω να μάθω δικαιολογητικά για ληξιαρχική πράξη.","ληξιαρχείο"
"Πώς γίνεται η έκδοση εγγράφων από το ληξιαρχείο;","ληξιαρχείο"
"Χρειάζομαι αντίγραφο ληξιαρχικής πράξης γάμου","ληξιαρχείο"
"Μπορώ να πάω χωρίς ραντεβού στο ληξιαρχείο;","ληξιαρχείο"
"Υπάρχει τρόπος να κατεβάσω έντυπα του ληξιαρχείου online;","ληξιαρχείο"
"Χρειάζομαι πιστοποιητικό από το ληξιαρχείο, πού να απευθυνθώ;","ληξιαρχείο"
"Ποια υπηρεσία του δήμου εκδίδει ληξιαρχικές πράξεις;","ληξιαρχείο"
"Το ληξιαρχείο είναι ανοιχτό τα απογεύματα;","ληξιαρχείο"
"Πώς μπορώ να παραλάβω έγγραφο από το ληξιαρχείο με εξουσιοδότηση;","ληξιαρχείο"
"Μπορώ να στείλω email στο ληξιαρχείο για να πάρω πιστοποιητικό;","ληξιαρχείο"
"Σε ποια διεύθυνση βρίσκεται το ληξιαρχείο του δήμου Κρωπίας;","ληξιαρχείο"
"Μπορώ να ζητήσω πιστοποιητικό γέννησης από το ληξιαρχείο τηλεφωνικά;","ληξιαρχείο"
"Θα ήθελα να μάθω αν μπορώ να πάρω ληξιαρχική πράξη χωρίς φυσική παρουσία.","ληξιαρχείο"
"Ποιο είναι το email επικοινωνίας του ληξιαρχείου Κρωπίας;","ληξιαρχείο"
"Μπορώ να στείλω εξουσιοδοτημένο άτομο να παραλάβει έγγραφο από το ληξιαρχείο;","ληξιαρχείο"
"Γίνεται να με ενημερώσετε για την εξέλιξη του αιτήματός μου στο ληξιαρχείο;","ληξιαρχείο"
"Υπάρχει τρόπος να κλείσω ραντεβού στο ληξιαρχείο μέσω gov.gr;","ληξιαρχείο"
"Το ληξιαρχείο μπορεί να μου αποστείλει τα έγγραφα ταχυδρομικά;","ληξιαρχείο"
"Χρειάζομαι οδηγίες για το πώς να υποβάλω αίτηση στο ληξιαρχείο.","ληξιαρχείο"
"Γίνεται να παραλάβω έγγραφα από το ληξιαρχείο μέσω courier;","ληξιαρχείο"
"Σε ποιο σημείο του δήμου είναι το κτίριο του ληξιαρχείου;","ληξιαρχείο"
"Το ληξιαρχείο δέχεται αιτήματα και μέσω τηλεφωνικής εξυπηρέτησης;","ληξιαρχείο"
"Πρέπει να δηλώσω ένα γεγονός (π.χ. γάμο, θάνατο) στο ληξιαρχείο;","ληξιαρχείο"
"Θέλω να βγάλω ένα πιστοποιητικό από το ληξιαρχείο για να το καταθέσω στην τράπεζα.","ληξιαρχείο"
"Το ληξιαρχείο είναι αρμόδιο για την έκδοση πιστοποιητικών γέννησης;","ληξιαρχείο"
"Πού μπορώ να βρω το τηλέφωνο του ληξιαρχείου του δήμου Κρωπίας;","ληξιαρχείο"
"Έχω χάσει την ληξιαρχική πράξη γάμου, πώς μπορώ να την ξαναβγάλω;","ληξιαρχείο"
"Πρέπει να καταθέσω κάποια δικαιολογητικά στο ληξιαρχείο για την έκδοση μιας πράξης;","ληξιαρχείο"
"Ο δικηγόρος μου είπε να πάρω ένα χαρτί από το ληξιαρχείο για μια δικαστική υπόθεση.","ληξιαρχείο"
"Θέλω να ρωτήσω αν το ληξιαρχείο έχει απογευματινό ωράριο.","ληξιαρχείο"
"Γίνεται να πάρω πιστοποιητικό από το ληξιαρχείο για τον πατέρα μου;","ληξιαρχείο"
"Το ληξιαρχείο μπορεί να μου στείλει ένα έγγραφο με email;","ληξιαρχείο"
"Έχω αλλάξει όνομα και πρέπει να το δηλώσω στο ληξιαρχείο.","ληξιαρχείο"
"Ποια είναι η διαδικασία για να πάρω ληξιαρχική πράξη θανάτου;","ληξιαρχείο"
"Χρειάζεται να κλείσω ραντεβού για κάθε συναλλαγή με το ληξιαρχείο;","ληξιαρχείο"
"Θα ήθελα να ενημερωθώ για τα δικαιολογητικά για ληξιαρχική πράξη γέννησης.","ληξιαρχείο"
"Μπορώ να βγάλω ένα πιστοποιητικό από το ληξιαρχείο από τα ΚΕΠ;","ληξιαρχείο"
"Το ληξιαρχείο είναι υπεύθυνο για την καταχώρηση γάμου;","ληξιαρχείο"
"Χρειάζομαι ένα χαρτί από το ληξιαρχείο για την εφορία.","ληξιαρχείο"
"Μπορείτε να μου πείτε που μπορώ να βρω τα έντυπα για αιτήσεις στο ληξιαρχείο;","ληξιαρχείο"
"Το ληξιαρχείο έχει τηλέφωνο για πληροφορίες σχετικά με πιστοποιητικά;","ληξιαρχείο"
"Είμαι στο εξωτερικό και χρειάζομαι ένα έγγραφο από το ληξιαρχείο, πώς το κάνω;","ληξιαρχείο"
"Χρειάζομαι αντίγραφο ληξιαρχικής πράξης γέννησης για το παιδί μου.","ληξιαρχείο"
"Θέλω να δηλώσω ένα σύμφωνο συμβίωσης στο ληξιαρχείο;","ληξιαρχείο"
"Μπορώ να πάρω ένα έγγραφο από το ληξιαρχείο για την υιοθεσία του παιδιού μου;","ληξιαρχείο"
"Πώς μπορώ να κάνω μια διόρθωση σε μια ληξιαρχική πράξη;","ληξιαρχείο"
"Χρειάζεται να πάω στο ληξιαρχείο για να δηλώσω την αναγνώριση του παιδιού μου;","ληξιαρχείο"
"Ποια είναι η διαδικασία για την έκδοση διεθνών πιστοποιητικών από το ληξιαρχείο;","ληξιαρχείο"
"Μπορώ να κάνω αίτηση για ένα χαρτί από το ληξιαρχείο μέσω του gov.gr;","ληξιαρχείο"
"Πόσο καιρό είναι σε ισχύ μια ληξιαρχική πράξη;","ληξιαρχείο"
"Είναι το ληξιαρχείο το ίδιο με το δημοτολόγιο;","ληξιαρχείο"
"Θέλω να βρω ένα παλιό έγγραφο από το ληξιαρχείο, γίνεται;","ληξιαρχείο"
"Ποιο είναι το τηλέφωνο του ληξιάρχου;","ληξιαρχείο"
"Μπορώ να λάβω αντίγραφο ληξιαρχικής πράξης θανάτου για ένα μέλος της οικογένειας;","ληξιαρχείο"
"Χρειάζεται να ενημερώσω το ληξιαρχείο αν έχω αλλάξει διεύθυνση;","ληξιαρχείο"
"Ποια δικαιολογητικά χρειάζονται για να κάνω αίτηση για ληξιαρχική πράξη;","ληξιαρχείο"
"Το ληξιαρχείο εκδίδει πιστοποιητικά γάμου;","ληξιαρχείο"
"Θέλω να βρω ένα έγγραφο από το ληξιαρχείο για να κάνω μεταγραφή ακινήτου.","ληξιαρχείο"
"Είναι το ληξιαρχείο αρμόδιο για την έκδοση πράξης βάπτισης;","ληξιαρχείο"
"Μπορώ να πάρω ένα αντίγραφο πιστοποιητικού γέννησης από το ληξιαρχείο;","ληξιαρχείο"
"Πώς μπορώ να λάβω πληροφορίες για το ληξιαρχείο;","ληξιαρχείο"
"Πού βρίσκεται το ληξιαρχείο του δήμου και ποιες είναι οι ώρες λειτουργίας;","ληξιαρχείο"
"Θέλω να κλείσω ένα ραντεβού με τον ληξίαρχο για μια διοικητική πράξη.","ληξιαρχείο"
"Ποιο είναι το τηλέφωνο επικοινωνίας του ληξιαρχείου για πληροφορίες;","ληξιαρχείο"
"Πώς μπορώ να ζητήσω τη διόρθωση ενός στοιχείου σε ληξιαρχική πράξη;","ληξιαρχείο"
"Χρειάζομαι πληροφορίες για τη δήλωση μιας ληξιαρχικής μεταβολής.","ληξιαρχείο"
"Μπορώ να στείλω τα δικαιολογητικά στο ληξιαρχείο μέσω ταχυδρομείου;","ληξιαρχείο"
"Πού μπορώ να βρω το email του ληξιαρχείου για να στείλω μια αίτηση;","ληξιαρχείο"
"Ποια είναι η διαδικασία για τη σύνταξη μιας έκθεσης στο ληξιαρχείο;","ληξιαρχείο"
"Θέλω να μάθω αν το ληξιαρχείο δέχεται κοινό χωρίς προγραμματισμένο ραντεβού.","ληξιαρχείο"
"Πώς μπορώ να πάρω βεβαίωση από το ληξιαρχείο για χρήση στο εξωτερικό;","ληξιαρχείο"
"Υπάρχει δυνατότητα εξυπηρέτησης από το ληξιαρχείο μέσω βιντεοκλήσης;","ληξιαρχείο"
"Πού υποβάλλονται οι δηλώσεις για τις ονοματοδοσίες και τις βαπτίσεις;","ληξιαρχείο"
"Χρειάζομαι ένα αντίγραφο ληξιαρχικής πράξης που εκδόθηκε πριν το 1950.","ληξιαρχείο"
"Πώς μπορώ να ενημερωθώ για την πορεία της υπόθεσής μου στο ληξιαρχείο;","ληξιαρχείο"
"Ποιος είναι ο αρμόδιος υπάλληλος για τις μεταβολές οικογενειακής κατάστασης;","ληξιαρχείο"
"Μπορεί το ληξιαρχείο να μου εκδώσει πιστοποιητικό εγγυτέρων συγγενών;","ληξιαρχείο"
"Πού δηλώνεται το σύμφωνο συμβίωσης για να καταχωρηθεί στο ληξιαρχείο;","ληξιαρχείο"
"Πόσο χρόνο διαρκεί η ενημέρωση των στοιχείων στο πληροφοριακό σύστημα;","ληξιαρχείο"
"Θέλω να ζητήσω την ακύρωση μιας ληξιαρχικής πράξης λόγω σφάλματος.","ληξιαρχείο"
"Ποιες είναι οι αρμοδιότητες του ειδικού ληξιαρχείου σε σχέση με το τοπικό;","ληξιαρχείο"
"Χρειάζομαι τη σφραγίδα της Χάγης σε ένα έγγραφο από το ληξιαρχείο.","ληξιαρχείο"
"Πού μπορώ να βρω τις αιτήσεις για όλες τις υπηρεσίες του ληξιαρχείου;","ληξιαρχείο"
"Είναι απαραίτητη η φυσική παρουσία για τη δήλωση ενός γεγονότος;","ληξιαρχείο"
"Πώς μπορώ να λάβω αντίγραφο της ληξιαρχικής πράξης γέννησής μου;","ληξιαρχείο"
"Θέλω να καταθέσω δικαστική απόφαση για αλλαγή στοιχείων στο ληξιαρχείο.","ληξιαρχείο"
"Ποιο είναι το κόστος των παραβόλων για τις εκπρόθεσμες δηλώσεις;","ληξιαρχείο"
"Μπορώ να ζητήσω έρευνα στα παλιά αρχεία του ληξιαρχείου για γενεαλογικό δέντρο;","ληξιαρχείο"
"Πώς μπορώ να πάρω μια βεβαίωση ότι δεν έχει εκδοθεί ληξιαρχική πράξη;","ληξιαρχείο"
"Πού απευθύνομαι για τη δήλωση θανάτου αν το γραφείο είναι κλειστό;","ληξιαρχείο"
"Χρειάζεται εξουσιοδότηση για να παραλάβω έγγραφα άλλου προσώπου;","ληξιαρχείο"
"Ποια είναι η διαδικασία ψηφιοποίησης των παλαιών βιβλίων του ληξιαρχείου;","ληξιαρχείο"

"Θέλω νέο κάδο απορριμμάτων στη γειτονιά μου.","κάδοι_καθαριότητας"
"Μπορώ να αιτηθώ αντικατάσταση κάδου σκουπιδιών;","κάδοι_καθαριότητας"
"Πώς γίνεται η τοποθέτηση ανακύκλωσης;","κάδοι_καθαριότητας"
"Πού κάνω αίτηση για πράσινο κάδο;","κάδοι_καθαριότητας"
"Θέλω επιπλέον κάδους για τα σκουπίδια.","κάδοι_καθαριότητας"
"Σε ποιον απευθύνομαι για καθαρισμό κάδων;","κάδοι_καθαριότητας"
"Πώς ζητάω να αδειάσουν τους κάδους σκουπιδιών;","κάδοι_καθαριότητας"
"Μπορώ να έχω μπλε κάδο στην πολυκατοικία μου;","κάδοι_καθαριότητας"
"Πού να αναφέρω βανδαλισμό σε κάδους;","κάδοι_καθαριότητας"
"Θέλω να κάνω αίτηση για τοποθέτηση κάδου απορριμμάτων","κάδοι_καθαριότητας"
"Θέλω να μου βάλετε κάδους έξω από το σπίτι μου.","κάδοι_καθαριότητας"
"Δεν έχω που να πάω τα σκουπίδια μου.","κάδοι_καθαριότητας"
"Έχει χαλάσει ο κάδος απορριμμάτων, τι να κάνω;","κάδοι_καθαριότητας"
"Ο κάδος έξω από την πολυκατοικία έχει σπάσει.","κάδοι_καθαριότητας"
"Θέλω να μετακινήσετε τον κάδο, εμποδίζει την είσοδο.","κάδοι_καθαριότητας"
"Πώς μπορώ να ζητήσω μπλε κάδο για χαρτί;","κάδοι_καθαριότητας"
"Χρειάζεται καινούριος κάδος γιατί ο παλιός μυρίζει πολύ.","κάδοι_καθαριότητας"
"Υπάρχει διαδικασία για αίτηση τοποθέτησης κάδων;","κάδοι_καθαριότητας"
"Μπορώ να παραγγείλω καφέ κάδο για οργανικά;","κάδοι_καθαριότητας"
"Πότε γίνεται καθαρισμός ή απολύμανση στους κάδους;","κάδοι_καθαριότητας"
"Θα ήθελα να αιτηθώ τοποθέτηση κάδου ανακύκλωσης γυαλιού στη γειτονιά.","κάδοι_καθαριότητας"
"Ο κάδος απορριμμάτων έχει τρομερή δυσοσμία, μπορείτε να τον αντικαταστήσετε;","κάδοι_καθαριότητας"
"Χρειαζόμαστε περισσότερους κάδους γιατί ξεχειλίζουν συνεχώς τα σκουπίδια.","κάδοι_καθαριότητας"
"Στην περιοχή μας δεν υπάρχει κανένας κάδος – πού το δηλώνω;","κάδοι_καθαριότητας"
"Θα μπορούσατε να μας δώσετε κάδο για κομποστοποίηση;","κάδοι_καθαριότητας"
"Ο κάδος είναι επικίνδυνα τοποθετημένος – εμποδίζει την κυκλοφορία.","κάδοι_καθαριότητας"
"Έχουμε συχνά πρόβλημα με ξεχειλισμένους κάδους, μπορείτε να βάλετε άλλον έναν;","κάδοι_καθαριότητας"
"Χρειάζεται απολύμανση ο κάδος έξω από το σχολείο – μυρίζει έντονα.","κάδοι_καθαριότητας"
"Ο κάδος έχει καεί μερικώς – πρέπει να αντικατασταθεί άμεσα.","κάδοι_καθαριότητας"
"Μπορώ να ζητήσω κάδο ειδικά για ρούχα ή μικρά ηλεκτρονικά;","κάδοι_καθαριότητας"
"Το πεζοδρόμιο είναι γεμάτο σκουπίδια γιατί δεν υπάρχουν αρκετοί κάδοι.","κάδοι_καθαριότητας"
"Ο κάδος ανακύκλωσης είναι μονίμως γεμάτος, μπορείτε να τον αδειάσετε πιο συχνά;","κάδοι_καθαριότητας"
"Θέλω να δηλώσω ένα παράνομο κάδο σκουπιδιών σε ιδιωτικό χώρο.","κάδοι_καθαριότητας"
"Πώς μπορώ να ζητήσω τοποθέτηση κάδων απορριμμάτων σε μια νέα περιοχή;","κάδοι_καθαριότητας"
"Μπορείτε να μου πείτε πότε περνάει το απορριμματοφόρο για να αδειάσει τους κάδους;","κάδοι_καθαριότητας"
"Ο μπλε κάδος της ανακύκλωσης έχει εξαφανιστεί, πώς μπορώ να ζητήσω άλλον;","κάδοι_καθαριότητας"
"Θέλω να κάνω μια αναφορά για έναν κάδο που είναι σπασμένος και δεν κλείνει.","κάδοι_καθαριότητας"
"Πρέπει να μπει κάδος ανακύκλωσης σε κεντρικό σημείο της γειτονιάς.","κάδοι_καθαριότητας"
"Ο κάδος απορριμμάτων είναι σπασμένος και τα σκυλιά σκορπάνε τα σκουπίδια – τι να κάνω;","κάδοι_καθαριότητας"
"Μπορώ να ζητήσω τοποθέτηση κάδου σε μια απομονωμένη περιοχή;","κάδοι_καθαριότητας"
"Η διαδικασία για αντικατάσταση κάδου είναι online;","κάδοι_καθαριότητας"
"Θέλω να ρωτήσω αν μπορώ να έχω ένα μικρό κάδο για τα οργανικά απορρίμματα;","κάδοι_καθαριότητας"
"Ο δήμος έχει κάποιο πρόγραμμα για τον καθαρισμό των κάδων;","κάδοι_καθαριότητας"
"Ένας κάδος απορριμμάτων έχει πέσει στον δρόμο και εμποδίζει την κυκλοφορία.","κάδοι_καθαριότητας"
"Πού μπορώ να δηλώσω ότι χρειάζεται καθαρισμός στους κάδους της περιοχής;","κάδοι_καθαριότητας"
"Θα ήθελα να ενημερωθώ για τους περιορισμούς στη θέση τοποθέτησης των κάδων.","κάδοι_καθαριότητας"
"Μπορείτε να μου πείτε αν υπάρχει κάδος για γυαλί στην γειτονιά μου;","κάδοι_καθαριότητας"
"Ο κάδος έξω από το σπίτι μου έχει γεμίσει και δεν τον έχουν αδειάσει.","κάδοι_καθαριότητας"
"Χρειάζεται να αντικατασταθεί ο κάδος ανακύκλωσης γιατί έχει τρύπα και τα υγρά χύνονται.","κάδοι_καθαριότητας"
"Πώς μπορώ να αιτηθώ τοποθέτηση κάδων σε μια πλατεία που δεν έχει;","κάδοι_καθαριότητας"
"Ο κάδος βρίσκεται ακριβώς μπροστά στην είσοδο της οικοδομής και εμποδίζει.","κάδοι_καθαριότητας"
"Θα ήθελα να κάνω μια αναφορά για σπασμένο κάδο απορριμμάτων στην οδό Τάδε.","κάδοι_καθαριότητας"
"Πότε είναι το πρόγραμμα απολύμανσης των κάδων;","κάδοι_καθαριότητας"
"Μπορώ να ζητήσω να μετακινήσετε τον κάδο της ανακύκλωσης που είναι πολύ μακριά;","κάδοι_καθαριότητας"
"Η περιοχή μας έχει πολλά σκουπίδια στο πεζοδρόμιο, θα μπορούσατε να βάλετε κάδους;","κάδοι_καθαριότητας"
"Το καπάκι του κάδου έχει σπάσει, με αποτέλεσμα να μυρίζει και να βγαίνουν σκουπίδια.","κάδοι_καθαριότητας"
"Πού δηλώνω την ανάγκη για επιπλέον κάδους απορριμμάτων;","κάδοι_καθαριότητας"
"Χρειάζεται να πληρώσω για να μου τοποθετήσουν έναν κάδο;","κάδοι_καθαριότητας"
"Πώς μπορώ να ζητήσω αντικατάσταση ενός κάδου που έχει φθορές;","κάδοι_καθαριότητας"
"Ο κάδος έξω από το μαγαζί μου είναι συνεχώς γεμάτος, μπορείτε να τον αδειάζετε πιο συχνά;","κάδοι_καθαριότητας"
"Πρέπει να πετάξω έναν παλιό καναπέ, μπορείτε να μου πείτε πώς να τον απομακρύνω;","κάδοι_καθαριότητας"
"Το περιεχόμενο ενός κάδου έχει χυθεί στο πεζοδρόμιο, πού μπορώ να κάνω αναφορά;","κάδοι_καθαριότητας"
"Υπάρχει κάποιο πρόστιμο για αυθαίρετη τοποθέτηση κάδου;","κάδοι_καθαριότητας"
"Χρειάζεται ειδική άδεια για κάδους σε εμπορικούς δρόμους;","κάδοι_καθαριότητας"
"Μπορώ να κάνω αίτηση για να μπουν κάδοι σε μια νέα παιδική χαρά;","κάδοι_καθαριότητας"
"Θέλω να δηλώσω ένα πρόβλημα με την καθαριότητα κάδων σε μια συγκεκριμένη οδό.","κάδοι_καθαριότητας"
"Πώς μπορώ να βρω το πρόγραμμα συλλογής ανακύκλωσης;","κάδοι_καθαριότητας"
"Ο κάδος είναι πλήρης και δεν χωράνε άλλα σκουπίδια.","κάδοι_καθαριότητας"
"Μπορώ να ζητήσω να αντικατασταθεί ένας κάδος που έχει χαλάσει;","κάδοι_καθαριότητας"
"Ποιος είναι ο αρμόδιος για να μου δώσει πληροφορίες για την ανακύκλωση;","κάδοι_καθαριότητας"
"Θέλω να κάνω καταγγελία για έναν κάδο που είναι σε κακή κατάσταση.","κάδοι_καθαριότητας"
"Πρέπει να πληρώσω ένα παράβολο για την αίτηση αντικατάστασης;","κάδοι_καθαριότητας"
"Πώς μπορώ να βρω τους κανονισμούς για την τοποθέτηση κάδων;","κάδοι_καθαριότητας"
"Ποιος είναι υπεύθυνος για να καθαρίζει τους κάδους;","κάδοι_καθαριότητας"
"Θέλω να δηλώσω ότι η περιοχή μας χρειάζεται περισσότερους κάδους απορριμμάτων.","κάδοι_καθαριότητας"
"Πού μπορώ να βρω τα στοιχεία επικοινωνίας για το τμήμα καθαριότητας;","κάδοι_καθαριότητας"
"Ο κάδος έξω από το σχολείο είναι συνεχώς γεμάτος, μπορείτε να τον αδειάζετε πιο συχνά;","κάδοι_καθαριότητας"
"Πώς μπορώ να ζητήσω να τοποθετηθεί ένας μικρός κάδος για σκουπίδια σε ένα πάρκο;","κάδοι_καθαριότητας"
"Ο κάδος έξω από το σπίτι μου έχει σπάσει και χύνονται τα σκουπίδια.","κάδοι_καθαριότητας"
"Χρειαζόμαστε έναν επιπλέον κάδο ανακύκλωσης στην οδό Σωκράτους.","κάδοι_καθαριότητας"
"Παρακαλώ όπως πλυθούν οι κάδοι της γειτονιάς μας γιατί η μυρωδιά είναι ανυπόφορη.","κάδοι_καθαριότητας"
"Ο κάδος απορριμμάτων έχει μετακινηθεί από τη θέση του και εμποδίζει την είσοδο του πάρκινγκ.","κάδοι_καθαριότητας"
"Πού μπορώ να υποβάλω αίτημα για τοποθέτηση κάδου για κομμένα κλαδιά;","κάδοι_καθαριότητας"
"Έχει καεί ο πλαστικός κάδος στη διασταύρωση, πότε θα αντικατασταθεί;","κάδοι_καθαριότητας"
"Οι κάδοι στην πλατεία είναι πάντα υπερπλήρεις, χρειάζεται συχνότερη αποκομιδή.","κάδοι_καθαριότητας"
"Θα ήθελα να ζητήσω την απομάκρυνση ενός κάδου που βρίσκεται μπροστά από την βιτρίνα μου.","κάδοι_καθαριότητας"
"Υπάρχει σπασμένο πεντάλ σε κάδο και δεν ανοίγει το καπάκι.","κάδοι_καθαριότητας"
"Χρειάζονται ειδικοί κάδοι για τη συλλογή ηλεκτρικών συσκευών στην περιοχή μας.","κάδοι_καθαριότητας"
"Ο κάδος κομποστοποίησης έχει γεμίσει, ποιος είναι υπεύθυνος για το άδειασμα;","κάδοι_καθαριότητας"
"Μπορείτε να βάλετε έναν κάδο για μπαταρίες μέσα στο δημαρχείο;","κάδοι_καθαριότητας"
"Οι ρόδες του κάδου έχουν χαλάσει και κάνει πολύ θόρυβο όταν τον μετακινούν.","κάδοι_καθαριότητας"
"Πώς μπορώ να ζητήσω την τοποθέτηση μπλε κάδου έξω από το κατάστημά μου;","κάδοι_καθαριότητας"
"Υπάρχουν πεταμένα ογκώδη αντικείμενα δίπλα στους κάδους, παρακαλώ μαζέψτε τα.","κάδοι_καθαριότητας"
"Ο κάδος στην οδό Αρτέμιδος είναι τρύπιος και τρέχουν υγρά στο οδόστρωμα.","κάδοι_καθαριότητας"
"Χρειαζόμαστε μικρούς κάδους απορριμμάτων για τους πεζούς κατά μήκος του πεζοδρομίου.","κάδοι_καθαριότητας"
"Ποια είναι η διαδικασία για να αλλάξει θέση ένας κάδος απορριμμάτων;","κάδοι_καθαριότητας"
"Ο κάδος της ανακύκλωσης έχει μπερδευτεί με τους κοινούς κάδους, χρειάζεται σωστή σήμανση.","κάδοι_καθαριότητας"
"Έχει χαθεί το καπάκι του κάδου και μπαίνουν μέσα αδέσποτα ζώα.","κάδοι_καθαριότητας"
"Πού μπορώ να βρω κάδους για τη συλλογή μεταχειρισμένων ρούχων και υποδημάτων;","κάδοι_καθαριότητας"
"Ο κάδος μπροστά από το σχολείο είναι επικίνδυνος έτσι όπως είναι τοποθετημένος.","κάδοι_καθαριότητας"

"Τι εργασίες καλύπτει η άδεια μικρής κλίμακας;","άδεια_μικρής_κλίμακας"
"Ποια δικαιολογητικά χρειάζομαι για άδεια μικρής κλίμακας;","άδεια_μικρής_κλίμακας"
"Θέλω να αλλάξω ταράτσα/σκεπή με άδεια μικρής κλίμακας","άδεια_μικρής_κλίμακας"
"Πώς εκδίδεται άδεια μικρής κλίμακας;","άδεια_μικρής_κλίμακας"
"Μπορώ να ζητήσω άδεια μικρής κλίμακας online;","άδεια_μικρής_κλίμακας"
"Πόσο κοστίζει η άδεια μικρής κλίμακας;","άδεια_μικρής_κλίμακας"
"Ποιος εγκρίνει τις άδειες μικρής κλίμακας;","άδεια_μικρής_κλίμακας"
"Θέλω να ρωτήσω για εργασίες ανακαίνισης με άδεια μικρής κλίμακας","άδεια_μικρής_κλίμακας"
"Θέλω άδεια μικρής κλίμακας για εργασίες στο σπίτι.","άδεια_μικρής_κλίμακας"
"Πού κάνω αίτηση για άδεια μικρής κλίμακας;","άδεια_μικρής_κλίμακας"
"Χρειάζομαι άδεια μικρής κλίμακας για βάψιμο εξωτερικών τοίχων;","άδεια_μικρής_κλίμακας"
"Ποιες εργασίες απαιτούν άδεια μικρής κλίμακας και ποιες όχι;","άδεια_μικρής_κλίμακας"
"Γίνεται να εκδώσω άδεια μικρής κλίμακας για μάντρα;","άδεια_μικρής_κλίμακας"
"Ποια είναι η διάρκεια ισχύος μιας άδειας μικρής κλίμακας;","άδεια_μικρής_κλίμακας"
"Ο μηχανικός μου ζήτησε άδεια μικρής κλίμακας για αλλαγές στη στέγη.","άδεια_μικρής_κλίμακας"
"Χρειάζομαι άδεια μικρής κλίμακας για να τοποθετήσω ηλιακό;","άδεια_μικρής_κλίμακας"
"Υπάρχει έντυπο για αίτηση άδειας μικρής κλίμακας;","άδεια_μικρής_κλίμακας"
"Θέλω να αλλάξω κουφώματα, χρειάζεται άδεια μικρής κλίμακας;","άδεια_μικρής_κλίμακας"
"Πού απευθύνομαι για έκδοση άδειας μικρής κλίμακας στον δήμο;","άδεια_μικρής_κλίμακας"
"Χρειάζεται πολεοδομική έγκριση για άδεια μικρής κλίμακας;","άδεια_μικρής_κλίμακας"
"Ποιες εργασίες εντάσσονται στο πλαίσιο της άδειας μικρής κλίμακας;","άδεια_μικρής_κλίμακας"
"Ποιες είναι οι απαιτήσεις για να αποκτήσω άδεια μικρής κλίμακας;","άδεια_μικρής_κλίμακας"
"Ποια διαδικασία ακολουθείται για την έκδοση άδειας μικρής κλίμακας;","άδεια_μικρής_κλίμακας"
"Που μπορώ να βρω το απαραίτητο έντυπο για άδεια μικρής κλίμακας;","άδεια_μικρής_κλίμακας"
"Ποιός είναι ο αρμόδιος φορέας για την έγκριση άδειας μικρής κλίμακας;","άδεια_μικρής_κλίμακας"
"Ποιες εργασίες ανακαίνισης χρειάζονται άδεια μικρής κλίμακας;","άδεια_μικρής_κλίμακας"
"Για ποιες εργασίες στο σπίτι χρειάζομαι άδεια μικρής κλίμακας;","άδεια_μικρής_κλίμακας"
"Που πρέπει να κάνω αίτηση για άδεια μικρής κλίμακας;","άδεια_μικρής_κλίμακας"
"Τι δικαιολογητικά απαιτούνται για την έκδοση άδειας μικρής κλίμακας;","άδεια_μικρής_κλίμακας"
"Χρειάζομαι άδεια μικρής κλίμακας για εξωτερική βαφή τοίχων;","άδεια_μικρής_κλίμακας"
"Ποιες εργασίες επιτρέπεται να γίνουν με άδεια μικρής κλίμακας;","άδεια_μικρής_κλίμακας"
"Υπάρχει όριο στην διάρκεια ισχύος μιας άδειας μικρής κλίμακας;","άδεια_μικρής_κλίμακας"
"Χρειάζεται άδεια μικρής κλίμακας για να κατασκευάσω μια μάντρα;","άδεια_μικρής_κλίμακας"
"Μπορώ να αποκτήσω άδεια μικρής κλίμακας για να τοποθετήσω ηλιακά πάνελ;","άδεια_μικρής_κλίμακας"
"Χρειάζομαι άδεια μικρής κλίμακας για να αντικαταστήσω τα κουφώματα του σπιτιού μου;","άδεια_μικρής_κλίμακας"
"Πως μπορώ να υποβάλω αίτηση για άδεια μικρής κλίμακας στον δήμο;","άδεια_μικρής_κλίμακας"
"Είναι υποχρεωτική η πολεοδομική έγκριση για την άδεια μικρής κλίμακας;","άδεια_μικρής_κλίμακας"
"Χρειάζομαι άδεια μικρής κλίμακας για να κάνω μικρές επισκευές στη στέγη;","άδεια_μικρής_κλίμακας"
"Τι περιλαμβάνει η διαδικασία για την άδεια μικρής κλίμακας στον τομέα των ανακαινίσεων;","άδεια_μικρής_κλίμακας"
"Μπορώ να αποκτήσω άδεια μικρής κλίμακας για έργα ανακαίνισης στο σπίτι μου;","άδεια_μικρής_κλίμακας"
"Τι ακριβώς περιλαμβάνει η άδεια μικρής κλίμακας και ποιες εργασίες επιτρέπεται να γίνουν με αυτή;","άδεια_μικρής_κλίμακας"
"Μπορώ να κάνω μια μικρή προσθήκη στην αυλή μου, χρειάζομαι άδεια;","άδεια_μικρής_κλίμακας"
"Πώς μπορώ να βγάλω άδεια για να τοποθετήσω μια πέργκολα στον κήπο;","άδεια_μικρής_κλίμακας"
"Έχω ένα παλιό σπίτι και θέλω να του αλλάξω την εξωτερική όψη, τι άδεια χρειάζομαι;","άδεια_μικρής_κλίμακας"
"Χρειάζεται άδεια μικρής κλίμακας για να αντικαταστήσω το τζάκι μου;","άδεια_μικρής_κλίμακας"
"Πρέπει να κάνω αίτηση για να εγκαταστήσω μια τέντα στο μπαλκόνι μου;","άδεια_μικρής_κλίμακας"
"Ποια είναι η διαδικασία για να αλλάξω τα πλακάκια στο μπαλκόνι;","άδεια_μικρής_κλίμακας"
"Θέλω να βάλω μια ράμπα για ΑμεΑ στην είσοδο του σπιτιού μου, τι άδεια χρειάζομαι;","άδεια_μικρής_κλίμακας"
"Μπορώ να κάνω αίτηση για άδεια μικρής κλίμακας για να εγκαταστήσω air-condition;","άδεια_μικρής_κλίμακας"
"Χρειάζεται άδεια για να χτίσω έναν μικρό τοίχο στον κήπο μου;","άδεια_μικρής_κλίμακας"
"Πού μπορώ να βρω τα έντυπα για να κάνω αίτηση για άδεια για μικροεπισκευές;","άδεια_μικρής_κλίμακας"
"Θέλω να κλείσω τον ημιυπαίθριο χώρο μου, χρειάζομαι άδεια;","άδεια_μικρής_κλίμακας"
"Είναι η άδεια μικρής κλίμακας το ίδιο με την έγκριση εργασιών μικρής κλίμακας;","άδεια_μικρής_κλίμακας"
"Ποια υπηρεσία του δήμου είναι υπεύθυνη για άδειες για μικροεπισκευές;","άδεια_μικρής_κλίμακας"
"Πρέπει να πληρώσω κάτι για να πάρω την άδεια για τις μικροεργασίες;","άδεια_μικρής_κλίμακας"
"Μπορώ να κάνω αίτηση για άδεια μικρής κλίμακας μέσω του gov.gr;","άδεια_μικρής_κλίμακας"
"Πώς μπορώ να ελέγξω αν χρειάζομαι άδεια για την εργασία που θέλω να κάνω;","άδεια_μικρής_κλίμακας"
"Χρειάζεται να υπογράψει ο μηχανικός την αίτηση για άδεια μικρής κλίμακας;","άδεια_μικρής_κλίμακας"
"Η άδεια μικρής κλίμακας καλύπτει την τοποθέτηση τζαμιών στο μπαλκόνι;","άδεια_μικρής_κλίμακας"
"Πρέπει να ανανεώνω την άδεια μικρής κλίμακας;","άδεια_μικρής_κλίμακας"
"Θέλω να κάνω αίτηση για άδεια μικρής κλίμακας, αλλά δεν ξέρω τι δικαιολογητικά χρειάζομαι.","άδεια_μικρής_κλίμακας"
"Μπορώ να εκδώσω άδεια μικρής κλίμακας για εργασίες σε διατηρητέο κτίριο;","άδεια_μικρής_κλίμακας"
"Ποια η διαφορά ανάμεσα σε άδεια μικρής κλίμακας και οικοδομική άδεια;","άδεια_μικρής_κλίμακας"
"Τι ισχύει για τις άδειες μικρής κλίμακας σε πολυκατοικίες;","άδεια_μικρής_κλίμακας"
"Χρειάζεται συναίνεση των συνιδιοκτητών για άδεια μικρής κλίμακας;","άδεια_μικρής_κλίμακας"
"Μπορώ να κάνω εργασίες Σαββατοκύριακο με άδεια μικρής κλίμακας;","άδεια_μικρής_κλίμακας"
"Τι πρόστιμα προβλέπονται αν κάνω έργα χωρίς άδεια μικρής κλίμακας;","άδεια_μικρής_κλίμακας"
"Μπορώ να μεταβιβάσω άδεια μικρής κλίμακας σε άλλο ιδιοκτήτη;","άδεια_μικρής_κλίμακας"
"Ισχύει η ίδια διαδικασία για άδεια μικρής κλίμακας σε νησί;","άδεια_μικρής_κλίμακας"
"Μπορεί να απορριφθεί η αίτηση για άδεια μικρής κλίμακας;","άδεια_μικρής_κλίμακας"
"Τι ισχύει για άδεια μικρής κλίμακας σε επαγγελματικό χώρο;","άδεια_μικρής_κλίμακας"
"Πρέπει να δηλώσω την άδεια μικρής κλίμακας στο Κτηματολόγιο;","άδεια_μικρής_κλίμακας"
"Ποιες εργασίες θεωρούνται μικρής κλίμακας και δεν απαιτούν κανονική άδεια οικοδομής;","άδεια_μικρής_κλίμακας"
"Χρειάζομαι άδεια μικρής κλίμακας για την τοποθέτηση εξωτερικής θερμομόνωσης;","άδεια_μικρής_κλίμακας"
"Ποια είναι τα δικαιολογητικά για την έκδοση έγκρισης εργασιών δόμησης μικρής κλίμακας;","άδεια_μικρής_κλίμακας"
"Μπορώ να βγάλω άδεια μικρής κλίμακας για την κατασκευή πέργκολας στο δώμα;","άδεια_μικρής_κλίμακας"
"Πόσο κοστίζει το παράβολο για μια άδεια μικρής κλίμακας;","άδεια_μικρής_κλίμακας"
"Είναι απαραίτητη η άδεια για την τοποθέτηση ικριωμάτων (σκαλωσιών) σε ανακαίνιση όψης;","άδεια_μικρής_κλίμακας"
"Ποιο είναι το χρονικό διάστημα ισχύος μιας έγκρισης εργασιών μικρής κλίμακας;","άδεια_μικρής_κλίμακας"
"Χρειάζομαι άδεια για να κόψω ένα δέντρο στον ακάλυπτο χώρο της πολυκατοικίας;","άδεια_μικρής_κλίμακας"
"Πώς μπορώ να εκδώσω άδεια μικρής κλίμακας μέσω του συστήματος e-Άδειες;","άδεια_μικρής_κλίμακας"
"Επιτρέπεται η κατασκευή περίφραξης με άδεια μικρής κλίμακας σε εκτός σχεδίου περιοχή;","άδεια_μικρής_κλίμακας"
"Ποιες μελέτες μηχανικού απαιτούνται για την έγκριση μικρής κλίμακας;","άδεια_μικρής_κλίμακας"
"Μπορώ να κάνω εσωτερικές διαρρυθμίσεις στο διαμέρισμά μου με μικρή κλίμακα;","άδεια_μικρής_κλίμακας"
"Χρειάζεται άδεια για την εγκατάσταση αυτόνομου συστήματος θέρμανσης (φυσικό αέριο);","άδεια_μικρής_κλίμακας"
"Πώς γίνεται η παράταση μιας άδειας μικρής κλίμακας που πρόκειται να λήξει;","άδεια_μικρής_κλίμακας"
"Είναι υποχρεωτική η συναίνεση των συνιδιοκτητών για εργασίες μικρής κλίμακας στις όψεις;","άδεια_μικρής_κλίμακας"
"Μπορώ να τοποθετήσω ηλιακό θερμοσίφωνα με άδεια μικρής κλίμακας;","άδεια_μικρής_κλίμακας"
"Ποια είναι η διαδικασία για τη νομιμοποίηση εργασιών που έγιναν χωρίς μικρή κλίμακα;","άδεια_μικρής_κλίμακας"
"Χρειάζεται άδεια για την επισκευή της στέγης χωρίς αλλαγή του όγκου του κτιρίου;","άδεια_μικρής_κλίμακας"
"Πού μπορώ να βρω το στέλεχος της έγκρισης εργασιών δόμησης μικρής κλίμακας;","άδεια_μικρής_κλίμακας"
"Είναι απαραίτητη η ασφάλιση του προσωπικού (ΙΚΑ) για εργασίες μικρής κλίμακας;","άδεια_μικρής_κλίμακας"
"Μπορώ να εκδώσω άδεια μικρής κλίμακας αν υπάρχουν αυθαιρεσίες στο ακίνητο;","άδεια_μικρής_κλίμακας"
"Ποιος είναι ο μέγιστος προϋπολογισμός έργου για να θεωρηθεί μικρής κλίμακας;","άδεια_μικρής_κλίμακας"
"Χρειάζομαι άδεια για την επένδυση τοίχων με πέτρα ή μάρμαρο;","άδεια_μικρής_κλίμακας"
"Πώς μπορώ να ελέγξω αν μια άδεια μικρής κλίμακας είναι έγκυρη και ενεργή;","άδεια_μικρής_κλίμακας"
"Επιτρέπεται η τοποθέτηση προσωρινών κατασκευών σε καταστήματα με μικρή κλίμακα;","άδεια_μικρής_κλίμακας"
"Ποια είναι η διαδικασία για το κλείσιμο του φακέλου μετά το πέρας των εργασιών;","άδεια_μικρής_κλίμακας"
"Χρειάζεται έγκριση από την αρχαιολογία για μικρή κλίμακα σε ιστορικό κέντρο;","άδεια_μικρής_κλίμακας"
"Μπορώ να ζητήσω τροποποίηση της μελέτης σε ήδη εκδοθείσα άδεια μικρής κλίμακας;","άδεια_μικρής_κλίμακας"

"Πού μπορώ να βρω τις γενικές υπηρεσίες του δήμου;","γενικές_υπηρεσίες"
"Υπάρχουν διαθέσιμες υπηρεσίες με χρήση TAXISnet;","γενικές_υπηρεσίες"
"Μπορώ να κάνω αίτηση για γενική υπηρεσία ηλεκτρονικά;","γενικές_υπηρεσίες"
"Σε ποια πλατφόρμα γίνονται τα γενικά αιτήματα;","γενικές_υπηρεσίες"
"Χρειάζομαι σύνδεση με TAXISnet για πρόσβαση στις υπηρεσίες;","γενικές_υπηρεσίες"
"Πώς υποβάλλονται οι γενικές αιτήσεις;","γενικές_υπηρεσίες"
"Ποια είναι η διαδικασία για τις ηλεκτρονικές υπηρεσίες;","γενικές_υπηρεσίες"
"Είναι υποχρεωτική η ταυτοποίηση μέσω TAXISnet;","γενικές_υπηρεσίες"
"Μπορώ να αιτηθώ οτιδήποτε online;","γενικές_υπηρεσίες"
"Ποια είναι η επίσημη πύλη για τις γενικές υπηρεσίες;","γενικές_υπηρεσίες"
"Υπάρχει ειδική φόρμα για γενικά αιτήματα;","γενικές_υπηρεσίες"
"Πού βρίσκω πληροφορίες για τις υπηρεσίες που απαιτούν TAXISnet;","γενικές_υπηρεσίες"
"Είναι εφικτή η υποβολή γενικής αίτησης χωρίς φυσική παρουσία;","γενικές_υπηρεσίες"
"Ποια βήματα πρέπει να ακολουθήσω για μια γενική αίτηση;","γενικές_υπηρεσίες"
"Το TAXISnet είναι απαραίτητο για όλες τις υπηρεσίες;","γενικές_υπηρεσίες"
"Πώς λειτουργούν οι γενικές ηλεκτρονικές υπηρεσίες;","γενικές_υπηρεσίες"
"Σε ποια ιστοσελίδα μπορώ να υποβάλω γενικές αιτήσεις;","γενικές_υπηρεσίες"
"Απαιτείται κωδικός TAXISnet για την πρόσβαση;","γενικές_υπηρεσίες"
"Πού μπορώ να βρω τον κατάλογο των γενικών υπηρεσιών;","γενικές_υπηρεσίες"
"Υπάρχουν online υπηρεσίες που δεν απαιτούν TAXISnet;","γενικές_υπηρεσίες"
"Πώς μπορώ να επικοινωνήσω για γενικές υπηρεσίες;","γενικές_υπηρεσίες"
"Μπορώ να αιτηθώ κάτι γενικού ενδιαφέροντος ηλεκτρονικά;","γενικές_υπηρεσίες"
"Ποιο είναι το portal για γενικά αιτήματα;","γενικές_υπηρεσίες"
"Είναι απαραίτητη η χρήση κωδικών TAXISnet;","γενικές_υπηρεσίες"
"Πώς μπορώ να κάνω μια γενική αίτηση από το σπίτι;","γενικές_υπηρεσίες"
"Ποιος είναι ο τρόπος υποβολής γενικών αιτήσεων;","γενικές_υπηρεσίες"
"Χρειάζομαι διαπιστευτήρια TAXISnet για πρόσβαση;","γενικές_υπηρεσίες"
"Πού μπορώ να βρω το έντυπο για γενικές υπηρεσίες;","γενικές_υπηρεσίες"
"Είναι δυνατή η ηλεκτρονική υποβολή γενικών αιτήσεων;","γενικές_υπηρεσίες"
"Ποια είναι η πλατφόρμα για την υποβολή γενικών υπηρεσιών;","γενικές_υπηρεσίες"
"Ποια δικαιολογητικά χρειάζονται για γενική αίτηση μέσω TAXISnet;","γενικές_υπηρεσίες"
"Πόσος χρόνος απαιτείται για την διεκπεραίωση μιας γενικής ηλεκτρονικής αίτησης;","γενικές_υπηρεσίες"
"Μπορώ να παρακολουθήσω την πορεία μιας γενικής αίτησης online;","γενικές_υπηρεσίες"
"Σε ποια Διεύθυνση του δήμου απευθύνομαι για γενικά αιτήματα;","γενικές_υπηρεσίες"
"Είναι υποχρεωτικό να έχω email για την υποβολή ηλεκτρονικής αίτησης;","γενικές_υπηρεσίες"
"Ποιοι άλλοι τρόποι επικοινωνίας υπάρχουν για γενικές υπηρεσίες;","γενικές_υπηρεσίες"
"Χρειάζεται υπογραφή στην ηλεκτρονική γενική αίτηση;","γενικές_υπηρεσίες"
"Πώς μπορώ να διορθώσω λάθη σε γενική αίτηση που έχω υποβάλει;","γενικές_υπηρεσίες"
"Τι γίνεται αν η γενική ηλεκτρονική αίτηση δεν φτάσει στον προορισμό της;","γενικές_υπηρεσίες"
"Πού μπορώ να βρω συχνές ερωτήσεις για τις γενικές υπηρεσίες του δήμου;","γενικές_υπηρεσίες"
"Είναι οι γενικές ηλεκτρονικές υπηρεσίες διαθέσιμες 24 ώρες το 24ωρο;","γενικές_υπηρεσίες"
"Πώς μπορώ να αντλήσω στοιχεία για προηγούμενες γενικές αιτήσεις μου;","γενικές_υπηρεσίες"
"Υπάρχει ειδικό καθεστώς για γενικές υπηρεσίες που αφορούν επιχειρήσεις;","γενικές_υπηρεσίες"
"Πού μπορώ να υποβάλω ένσταση για απόρριψη γενικής αίτησης;","γενικές_υπηρεσίες"
"Τι γίνεται αν η γενική υπηρεσία δεν ανταποκρίνεται στο αίτημά μου;","γενικές_υπηρεσίες"
"Πώς μπορώ να λάβω πληροφορίες για το κόστος μιας γενικής υπηρεσίας;","γενικές_υπηρεσίες"
"Είναι οι γενικές υπηρεσίες απαραίτητες για την έκδοση πιστοποιητικών;","γενικές_υπηρεσίες"
"Πού μπορώ να βρω αποφάσεις δικαστηρίων για ζητήματα γενικών υπηρεσιών;","γενικές_υπηρεσίες"
"Μπορώ να αιτηθώ για γενική υπηρεσία για λογαριασμό τρίτου;","γενικές_υπηρεσίες"
"Ποια είναι η διαδικασία για την ανάκληση γενικής αίτησης;","γενικές_υπηρεσίες"
"Θέλω να ρωτήσω κάτι που δεν έχει να κάνει με συγκεκριμένη υπηρεσία.","γενικές_υπηρεσίες"
"Πώς κάνω μια γενική ερώτηση στο Δήμο;","γενικές_υπηρεσίες"
"Είναι εφικτό να υποβάλω μια γενική παράκληση για το Δήμο ηλεκτρονικά;","γενικές_υπηρεσίες"
"Θέλω να ενημερώσω τον Δήμο για ένα γενικό θέμα που παρατήρησα.","γενικές_υπηρεσίες"
"Ποιος είναι ο τρόπος για να υποβάλω γενική αίτηση για χορήγηση εγγράφων;","γενικές_υπηρεσίες"
"Πού βρίσκω το έντυπο για γενικά θέματα;","γενικές_υπηρεσίες"
"Πρέπει να συμπληρώσω μια φόρμα για γενική αίτηση;","γενικές_υπηρεσίες"
"Υπάρχει μια γενική φόρμα επικοινωνίας με τις υπηρεσίες;","γενικές_υπηρεσίες"
"Πώς μπορώ να κάνω μια γενική πρόταση προς το Δήμο;","γενικές_υπηρεσίες"
"Σε ποιον μπορώ να απευθυνθώ για να κάνω μια γενική αναφορά;","γενικές_υπηρεσίες"
"Χρειάζομαι ένα έγγραφο από το Δήμο, αλλά δεν ξέρω σε ποια υπηρεσία ανήκει.","γενικές_υπηρεσίες"
"Μπορώ να ρωτήσω για ένα γενικό θέμα που με απασχολεί ηλεκτρονικά;","γενικές_υπηρεσίες"
"Θέλω να μάθω αν υπάρχει μια συνολική πύλη για όλες τις υπηρεσίες;","γενικές_υπηρεσίες"
"Πού μπορώ να βρω τα τηλέφωνα επικοινωνίας για τις γενικές υπηρεσίες;","γενικές_υπηρεσίες"
"Πρέπει να χρησιμοποιήσω κωδικούς TaxisNet για όλες τις υπηρεσίες;","γενικές_υπηρεσίες"
"Θέλω να υποβάλω μια γενική αίτηση αλλά δεν έχω ηλεκτρονική υπογραφή.","γενικές_υπηρεσίες"
"Μπορώ να ζητήσω πληροφορίες για ένα θέμα γενικού ενδιαφέροντος από το Δήμο;","γενικές_υπηρεσίες"
"Υπάρχει κάποιο chatbot για τις γενικές υπηρεσίες;","γενικές_υπηρεσίες"
"Ποια είναι η διαδικασία για την υποβολή μιας γενικής αίτησης;","γενικές_υπηρεσίες"
"Πού μπορώ να βρω πληροφορίες για το ωράριο των γενικών υπηρεσιών;","γενικές_υπηρεσίες"
"Πού μπορώ να βρω μια λίστα με όλες τις υπηρεσίες που παρέχει ο δήμος ψηφιακά;","γενικές_υπηρεσίες"
"Χρειάζομαι μια γενική βεβαίωση για χρήση σε δημόσιο φορέα.","γενικές_υπηρεσίες"
"Ποιες είναι οι ώρες κοινού για το πρωτόκολλο του δήμου;","γενικές_υπηρεσίες"
"Πώς μπορώ να υποβάλω μια γενική αίτηση προς τη διοίκηση του δήμου;","γενικές_υπηρεσίες"
"Υπάρχει γραφείο ενημέρωσης του πολίτη για γενικά ζητήματα;","γενικές_υπηρεσίες"
"Πού μπορώ να καταθέσω δικαιολογητικά που μου ζητήθηκαν από την γραμματεία;","γενικές_υπηρεσίες"
"Χρειάζομαι μια βεβαίωση μόνιμης κατοικίας, ποια είναι η διαδικασία;","γενικές_υπηρεσίες"
"Πού μπορώ να βρω το οργανόγραμμα των υπηρεσιών του δήμου;","γενικές_υπηρεσίες"
"Μπορώ να στείλω μια αίτηση μέσω τηλεομοιοτυπίας (fax) ή email;","γενικές_υπηρεσίες"
"Πώς μπορώ να λάβω αριθμό πρωτοκόλλου για ένα έγγραφο που κατέθεσα;","γενικές_υπηρεσίες"
"Ποιες υπηρεσίες στεγάζονται στο κεντρικό δημαρχείο;","γενικές_υπηρεσίες"
"Υπάρχει δυνατότητα ηλεκτρονικής υπογραφής εγγράφων από τον δήμο;","γενικές_υπηρεσίες"
"Πώς μπορώ να ενημερωθώ για τις προκηρύξεις θέσεων εργασίας του δήμου;","γενικές_υπηρεσίες"
"Πού μπορώ να απευθυνθώ για την επικύρωση γνησίου υπογραφής;","γενικές_υπηρεσίες"
"Χρειάζομαι πληροφορίες για τις κοινωνικές υπηρεσίες που προσφέρει ο δήμος.","γενικές_υπηρεσίες"
"Πώς μπορώ να κάνω μια επίσημη αναφορά ή παράπονο για μια υπηρεσία;","γενικές_υπηρεσίες"
"Πού θα βρω τις αποφάσεις του δημοτικού συμβουλίου που αφορούν τους δημότες;","γενικές_υπηρεσίες"
"Υπάρχει ειδική υπηρεσία για την εξυπηρέτηση ατόμων με αναπηρία (ΑμεΑ);","γενικές_υπηρεσίες"
"Πώς μπορώ να κλείσω ραντεβού με τον δήμαρχο ή κάποιον αντιδήμαρχο;","γενικές_υπηρεσίες"
"Ποια είναι τα τηλέφωνα ανάγκης του δήμου που λειτουργούν επί 24ώρου βάσεως;","γενικές_υπηρεσίες"
"Χρειάζομαι βεβαίωση ότι δεν οφείλω χρήματα στον δήμο (δημοτική ενημερότητα).","γενικές_υπηρεσίες"
"Πού μπορώ να ενημερωθώ για τα πολιτιστικά δρώμενα και τις εκδηλώσεις;","γενικές_υπηρεσίες"
"Πώς μπορώ να ζητήσω τη χρήση μιας δημοτικής αίθουσας για μια εκδήλωση;","γενικές_υπηρεσίες"
"Ποιες είναι οι αρμοδιότητες της δημοτικής αστυνομίας στην περιοχή μας;","γενικές_υπηρεσίες"
"Πώς μπορώ να γραφτώ στο newsletter του δήμου για να λαμβάνω ενημερώσεις;","γενικές_υπηρεσίες"
"Υπάρχει γραφείο του δήμου που λειτουργεί τα απογεύματα ή τα Σάββατα;","γενικές_υπηρεσίες"
"Πού μπορώ να βρω πληροφορίες για τη λειτουργία των δημοτικών ιατρείων;","γενικές_υπηρεσίες"
"Χρειάζομαι μια απλή βεβαίωση για τον χρόνο παραμονής μου στον δήμο.","γενικές_υπηρεσίες"
"Πώς μπορώ να δω αν υπάρχουν οφειλές στο όνομά μου προς τον δήμο;","γενικές_υπηρεσίες"
"Πού μπορώ να καταθέσω προτάσεις για τη βελτίωση της γειτονιάς μου;","γενικές_υπηρεσίες"

"Πού δηλώνω την ύπαρξη αδέσποτου ζώου στην περιοχή μου;","αδέσποτα_ζώα"
"Υπάρχει υπηρεσία για περισυλλογή αδέσποτων σκύλων;","αδέσποτα_ζώα"
"Μπορώ να αναφέρω επιθετικό αδέσποτο στον δήμο;","αδέσποτα_ζώα"
"Ποια υπηρεσία διαχειρίζεται τα αδέσποτα ζώα;","αδέσποτα_ζώα"
"Τι κάνω αν βρω τραυματισμένο αδέσποτο;","αδέσποτα_ζώα"
"Πώς μπορώ να δηλώσω ένα αδέσποτο γάτο;","αδέσποτα_ζώα"
"Ποιος είναι ο αριθμός έκτακτης ανάγκης για αδέσποτα;","αδέσποτα_ζώα"
"Υπάρχει εφαρμογή για αναφορά αδέσποτων;","αδέσποτα_ζώα"
"Πού απευθύνομαι για αδέσποτα που χρήζουν βοήθειας;","αδέσποτα_ζώα"
"Ποια είναι η διαδικασία για την περισυλλογή αδέσποτων;","αδέσποτα_ζώα"
"Μπορώ να υιοθετήσω ένα αδέσποτο ζώο;","αδέσποτα_ζώα"
"Ποια είναι η πολιτική του δήμου για τα αδέσποτα;","αδέσποτα_ζώα"
"Τι πρέπει να γνωρίζω πριν αναφέρω ένα αδέσποτο;","αδέσποτα_ζώα"
"Υπάρχουν εθελοντές για τη φροντίδα αδέσποτων;","αδέσποτα_ζώα"
"Πώς μπορώ να βοηθήσω τα αδέσποτα ζώα της περιοχής μου;","αδέσποτα_ζώα"
"Ποιος είναι ο ρόλος του δήμου στην προστασία αδέσποτων;","αδέσποτα_ζώα"
"Μπορώ να αναφέρω ένα αδέσποτο ζώο που βρίσκεται σε κίνδυνο;","αδέσποτα_ζώα"
"Πού βρίσκεται το καταφύγιο αδέσποτων ζώων;","αδέσποτα_ζώα"
"Υπάρχει γραμμή βοήθειας για αδέσποτα;","αδέσποτα_ζώα"
"Πώς γίνεται η στείρωση των αδέσποτων;","αδέσποτα_ζώα"
"Τι μέτρα λαμβάνονται για την προστασία των αδέσποτων;","αδέσποτα_ζώα"
"Μπορώ να φιλοξενήσω προσωρινά ένα αδέσποτο;","αδέσποτα_ζώα"
"Ποια είναι τα δικαιώματα των αδέσποτων ζώων;","αδέσποτα_ζώα"
"Πού μπορώ να βρω πληροφορίες για τα αδέσποτα ζώα;","αδέσποτα_ζώα"
"Υπάρχει πρόγραμμα εμβολιασμού για αδέσποτα;","αδέσποτα_ζώα"
"Πώς αναγνωρίζω ένα αδέσποτο ζώο;","αδέσποτα_ζώα"
"Τι γίνεται με τα κουτάβια ή τα γατάκια που βρίσκονται αδέσποτα;","αδέσποτα_ζώα"
"Ποια είναι η νομοθεσία για τα αδέσποτα ζώα;","αδέσποτα_ζώα"
"Μπορώ να αναφέρω κακοποίηση αδέσποτου ζώου;","αδέσποτα_ζώα"
"Ποιοι οργανισμοί ασχολούνται με τα αδέσποτα;","αδέσποτα_ζώα"
"Πώς λειτουργεί το πρόγραμμα επανένταξης αδέσποτων;","αδέσποτα_ζώα"
"Υπάρχει λίστα με αδέσποτα προς υιοθεσία;","αδέσποτα_ζώα"
"Πώς αντιμετωπίζονται τα προβλήματα υγείας των αδέσποτων;","αδέσποτα_ζώα"
"Τι κάνω αν δω αδέσποτο με αλυσίδα;","αδέσποτα_ζώα"
"Ποια είναι η συμβολή των πολιτών στην αντιμετώπιση αδέσποτων;","αδέσποτα_ζώα"
"Μπορώ να προσφέρω τροφή σε αδέσποτα;","αδέσποτα_ζώα"
"Πού μπορώ να δηλώσω την εύρεση αδέσποτου;","αδέσποτα_ζώα"
"Υπάρχουν κυρώσεις για την εγκατάλειψη ζώων;","αδέσποτα_ζώα"
"Πώς μπορώ να ζητήσω βοήθεια για ένα άρρωστο αδέσποτο;","αδέσποτα_ζώα"
"Ποια είναι τα βήματα για την υιοθεσία αδέσποτου;","αδέσποτα_ζώα"
"Μπορώ να αναφέρω αδέσποτα που προκαλούν προβλήματα;","αδέσποτα_ζώα"
"Ποιες είναι οι αρμοδιότητες της φιλοζωικής οργάνωσης;","αδέσποτα_ζώα"
"Τι κάνω αν βρω ένα αδέσποτο ζώο σε δρόμο ταχείας κυκλοφορίας;","αδέσποτα_ζώα"
"Πώς μπορώ να ενημερωθώ για εκδηλώσεις σχετικά με αδέσποτα;","αδέσποτα_ζώα"
"Υπάρχει μητρώο αδέσποτων ζώων;","αδέσποτα_ζώα"
"Πώς γίνεται η επιστροφή ενός χαμένου ζώου στον ιδιοκτήτη του;","αδέσποτα_ζώα"
"Ποιοι φορείς συνεργάζονται για τα αδέσποτα;","αδέσποτα_ζώα"
"Μπορώ να προσφέρω εθελοντική εργασία για τα αδέσποτα;","αδέσποτα_ζώα"
"Τι πρέπει να προσέξω όταν συναντώ ένα αδέσποτο;","αδέσποτα_ζώα"
"Πώς ενημερώνομαι για την πορεία μιας αναφοράς αδέσποτου;","αδέσποτα_ζώα"
"Είναι ο δήμος υπεύθυνος για την περισυλλογή και την φροντίδα των αδέσποτων;","αδέσποτα_ζώα"
"Θέλω να δηλώσω ένα αδέσποτο που έχει εμφανιστεί στη γειτονιά μου.","αδέσποτα_ζώα"
"Μπορώ να κάνω μια αναφορά για αδέσποτα σκυλιά που κάνουν θόρυβο;","αδέσποτα_ζώα"
"Πού πρέπει να πάω αν βρω χαμένο ζώο με τσιπ;","αδέσποτα_ζώα"
"Χρειάζεται να καλέσω την Αστυνομία για κακοποίηση αδέσποτου;","αδέσποτα_ζώα"
"Υπάρχει κάποιο πρόγραμμα εθελοντών για τη σίτιση των αδέσποτων;","αδέσποτα_ζώα"
"Πώς μπορώ να μάθω για τις υποχρεώσεις των ιδιοκτητών ζώων;","αδέσποτα_ζώα"
"Μπορώ να βοηθήσω στην ανεύρεση ενός χαμένου ζώου;","αδέσποτα_ζώα"
"Ποια είναι τα βήματα για τη στείρωση ενός αδέσποτου;","αδέσποτα_ζώα"
"Πού δηλώνω ότι έχω βρει ένα αδέσποτο ζώο και το φιλοξενώ;","αδέσποτα_ζώα"
"Είναι οι φιλοζωικές οργανώσεις που ασχολούνται με τα αδέσποτα;","αδέσποτα_ζώα"
"Τι κάνω αν δω ένα αδέσποτο ζώο με κάποιο τραύμα;","αδέσποτα_ζώα"
"Ποια είναι η διαδικασία για την υιοθεσία ενός αδέσποτου από το καταφύγιο;","αδέσποτα_ζώα"
"Θα ήθελα να ενημερωθώ για τον κανονισμό του δήμου για τα αδέσποτα ζώα.","αδέσποτα_ζώα"
"Μπορώ να αναφέρω ένα αδέσποτο ζώο που κυκλοφορεί ανεξέλεγκτο στον δρόμο;","αδέσποτα_ζώα"
"Χρειάζεται να πληρώσω για τη φιλοξενία ενός αδέσποτου;","αδέσποτα_ζώα"
"Πού μπορώ να βρω τα στοιχεία επικοινωνίας του κτηνιάτρου του δήμου;","αδέσποτα_ζώα"
"Πώς μπορώ να κάνω μια αναφορά για αδέσποτα ζώα που έχουν εγκαταλειφθεί;","αδέσποτα_ζώα"
"Υπάρχει κάποιος χάρτης με τα σημεία σίτισης αδέσποτων;","αδέσποτα_ζώα"
"Ποια είναι η ποινή για την εγκατάλειψη ενός ζώου;","αδέσποτα_ζώα"
"Μπορώ να αναφέρω μια αδέσποτη γάτα με μικρά που βρίσκονται σε κίνδυνο;","αδέσποτα_ζώα"
"Τι γίνεται με τα περιστέρια που προκαλούν προβλήματα;","αδέσποτα_ζώα"
"Πρέπει να αναφέρω ένα νεκρό αδέσποτο ζώο;","αδέσποτα_ζώα"
"Υπάρχουν πρόστιμα για την κακοποίηση ζώων;","αδέσποτα_ζώα"
"Πώς μπορώ να ζητήσω την τοποθέτηση ειδικών ταϊστρών για αδέσποτα;","αδέσποτα_ζώα"
"Υπάρχει κάποιο πρόγραμμα του δήμου για τη στείρωση των αδέσποτων γατών;","αδέσποτα_ζώα"
"Βρήκα ένα τραυματισμένο σκυλί στο δρόμο, ποια υπηρεσία πρέπει να καλέσω;","αδέσποτα_ζώα"
"Πού μπορώ να αναφέρω την ύπαρξη επιθετικού αδέσποτου στη γειτονιά μου;","αδέσποτα_ζώα"
"Ποια είναι η διαδικασία για να υιοθετήσω ένα ζώο από το δημοτικό καταφύγιο;","αδέσποτα_ζώα"
"Υπάρχουν διαθέσιμες ταΐστρες και ποτίστρες για αδέσποτα σε αυτόν τον δήμο;","αδέσποτα_ζώα"
"Πώς μπορώ να εγγραφώ ως εθελοντής για τη φροντίδα των αδέσποτων ζώων;","αδέσποτα_ζώα"
"Θέλω να καταγγείλω κακοποίηση αδέσποτου ζώου, πού απευθύνομαι;","αδέσποτα_ζώα"
"Παρέχει ο δήμος δωρεάν σήμανση (microchip) για τα αδέσποτα που φροντίζουμε;","αδέσποτα_ζώα"
"Πού βρίσκεται το δημοτικό κυνοκομείο και ποιες είναι οι ώρες επισκέψεων;","αδέσποτα_ζώα"
"Έχει γεμίσει η πλατεία με αδέσποτα κουτάβια, μπορεί να επιληφθεί ο δήμος;","αδέσποτα_ζώα"
"Ποιος είναι ο αρμόδιος αντιδήμαρχος για την προστασία των αδέσποτων;","αδέσποτα_ζώα"
"Υπάρχει συνεργαζόμενος κτηνίατρος του δήμου για επείγοντα περιστατικά αδέσποτων;","αδέσποτα_ζώα"
"Πώς μπορώ να ζητήσω την περισυλλογή ενός αδέσποτου που χρειάζεται ιατρική βοήθεια;","αδέσποτα_ζώα"
"Μπορώ να δω φωτογραφίες των ζώων που δίνονται για υιοθεσία στην ιστοσελίδα του δήμου;","αδέσποτα_ζώα"
"Τι πρέπει να κάνω αν βρω ένα νεκρό αδέσποτο ζώο στο οδόστρωμα;","αδέσποτα_ζώα"
"Υπάρχει ειδικό κονδύλι για τη σίτιση των αδέσποτων από τους πολίτες;","αδέσποτα_ζώα"
"Ποια είναι τα δικαιολογητικά για την έκδοση κάρτας εθελοντή φιλόζωου;","αδέσποτα_ζώα"
"Χρειάζομαι βοήθεια για τον εγκλωβισμό μιας άγριας αδέσποτης γάτας για στείρωση.","αδέσποτα_ζώα"
"Πού μπορώ να αφήσω τροφή για τα αδέσποτα χωρίς να ενοχλώ τους γείτονες;","αδέσποτα_ζώα"
"Είναι υποχρεωμένος ο δήμος να επανεντάξει το ζώο στο φυσικό του περιβάλλον μετά τη στείρωση;","αδέσποτα_ζώα"
"Πώς ενημερώνομαι για τις δράσεις φιλοζωίας που οργανώνει ο δήμος;","αδέσποτα_ζώα"
"Υπάρχει τηλέφωνο έκτακτης ανάγκης για αδέσποτα ζώα τα Σαββατοκύριακα;","αδέσποτα_ζώα"
"Μπορώ να ζητήσω δωρεάν εμβολιασμό για μια αποικία γατών που φροντίζω;","αδέσποτα_ζώα"
"Πώς μπορώ να κάνω δωρεά τροφών ή φαρμάκων για τα ζώα του δήμου;","αδέσποτα_ζώα"
"Ποια είναι η νομοθεσία για τα αδέσποτα ζώα που κυκλοφορούν σε δημόσιους χώρους;","αδέσποτα_ζώα"

"Πώς κάνω αλλαγή στοιχείων στο δημοτολόγιο μέσω TAXISnet;","δημοτολόγιο"
"Χρειάζομαι βεβαίωση από το δημοτολόγιο για αίτηση.","δημοτολόγιο"
"Σε ποιο τμήμα απευθύνομαι για δημοτολογικές υποθέσεις;","δημοτολόγιο"
"Πού αιτούμαι για πιστοποιητικό από το δημοτολόγιο;","δημοτολόγιο"
"Μπορώ να κατεβάσω έγγραφα από το δημοτολόγιο ηλεκτρονικά;","δημοτολόγιο"
"Ποια είναι η διαδικασία για έκδοση πιστοποιητικού γέννησης από το δημοτολόγιο;","δημοτολόγιο"
"Πώς ενημερώνω το δημοτολόγιο για αλλαγή διεύθυνσης;","δημοτολόγιο"
"Είναι δυνατή η online πρόσβαση στο δημοτολόγιο;","δημοτολόγιο"
"Πού υποβάλλονται αιτήσεις για οικογενειακή κατάσταση;","δημοτολόγιο"
"Χρειάζεται ραντεβού για το δημοτολόγιο;","δημοτολόγιο"
"Πώς αποκτώ αντίγραφο ληξιαρχικής πράξης μέσω δημοτολογίου;","δημοτολόγιο"
"Μπορώ να ζητήσω πιστοποιητικό εντοπιότητας από το δημοτολόγιο;","δημοτολόγιο"
"Ποιες υπηρεσίες δημοτολογίου παρέχονται ηλεκτρονικά;","δημοτολόγιο"
"Πώς μπορώ να διορθώσω λάθη στο δημοτολόγιο;","δημοτολόγιο"
"Ποια δικαιολογητικά χρειάζονται για το δημοτολόγιο;","δημοτολόγιο"
"Πού βρίσκεται το γραφείο δημοτολογίου;","δημοτολόγιο"
"Είναι υποχρεωτική η ταυτοποίηση με TAXISnet για δημοτολόγιο;","δημοτολόγιο"
"Πώς αιτούμαι για πιστοποιητικό αγαμίας;","δημοτολόγιο"
"Μπορώ να ελέγξω τα στοιχεία μου στο δημοτολόγιο online;","δημοτολόγιο"
"Ποιος είναι ο χρόνος έκδοσης πιστοποιητικών δημοτολογίου;","δημοτολόγιο"
"Τι κάνω για να εγγραφώ στο δημοτολόγιο;","δημοτολόγιο"
"Πώς ενημερώνω το δημοτολόγιο για γάμο ή διαζύγιο;","δημοτολόγιο"
"Υπάρχει τηλεφωνική εξυπηρέτηση για το δημοτολόγιο;","δημοτολόγιο"
"Πού μπορώ να βρω τις ώρες λειτουργίας του δημοτολογίου;","δημοτολόγιο"
"Μπορώ να εξουσιοδοτήσω κάποιον για το δημοτολόγιο;","δημοτολόγιο"
"Ποια έντυπα χρειάζομαι για το δημοτολόγιο;","δημοτολόγιο"
"Πώς καταχωρώ ένα παιδί στο δημοτολόγιο;","δημοτολόγιο"
"Είναι δυνατή η λήψη πιστοποιητικών μέσω ΚΕΠ;","δημοτολόγιο"
"Πού δηλώνω θάνατο για το δημοτολόγιο;","δημοτολόγιο"
"Μπορώ να ζητήσω πιστοποιητικό μονίμου κατοικίας από το δημοτολόγιο;","δημοτολόγιο"
"Ποιο είναι το κόστος για υπηρεσίες δημοτολογίου;","δημοτολόγιο"
"Πώς αιτούμαι για πιστοποιητικό ταυτοπροσωπίας;","δημοτολόγιο"
"Υπάρχουν πληροφορίες για το δημοτολόγιο στην ιστοσελίδα του δήμου;","δημοτολόγιο"
"Πού μπορώ να βρω τον κωδικό δημοτολογίου μου;","δημοτολόγιο"
"Μπορώ να ζητήσω αντίγραφο δημοτολογικής μερίδας;","δημοτολόγιο"
"Ποια είναι τα δικαιώματά μου σε σχέση με το δημοτολόγιο;","δημοτολόγιο"
"Πώς γίνεται η μεταδημότευση;","δημοτολόγιο"
"Είναι απαραίτητη η αυτοπρόσωπη παρουσία για το δημοτολόγιο;","δημοτολόγιο"
"Πού υποβάλλω αίτηση για αλλαγή φύλου στο δημοτολόγιο;","δημοτολόγιο"
"Μπορώ να ζητήσω πληροφορίες για συγγενείς από το δημοτολόγιο;","δημοτολόγιο"
"Ποιες είναι οι προϋποθέσεις για την εγγραφή στο δημοτολόγιο;","δημοτολόγιο"
"Πώς μπορώ να επικοινωνήσω με το δημοτολόγιο για απορίες;","δημοτολόγιο"
"Υπάρχει ηλεκτρονικό αρχείο δημοτολογίου;","δημοτολόγιο"
"Πού δηλώνω την υιοθεσία για το δημοτολόγιο;","δημοτολόγιο"
"Μπορώ να ανανεώσω πιστοποιητικά δημοτολογίου online;","δημοτολόγιο"
"Ποια είναι η διάρκεια ισχύος των πιστοποιητικών δημοτολογίου;","δημοτολόγιο"
"Πώς μπορώ να εκτυπώσω ένα πιστοποιητικό δημοτολογίου;","δημοτολόγιο"
"Είναι ασφαλή τα ηλεκτρονικά δεδομένα του δημοτολογίου;","δημοτολόγιο"
"Πού δηλώνω την αλλαγή ονόματος στο δημοτολόγιο;","δημοτολόγιο"
"Μπορώ να ζητήσω ιστορικά στοιχεία από το δημοτολόγιο;","δημοτολόγιο"
"Πώς δηλώνω την αλλαγή της οικογενειακής μου κατάστασης;","δημοτολόγιο"
"Μπορώ να βγάλω πιστοποιητικό οικογενειακής κατάστασης μέσω διαδικτύου;","δημοτολόγιο"
"Θέλω να ενημερώσω το δημοτολόγιο για τη γέννηση του παιδιού μου.","δημοτολόγιο"
"Είναι η εγγραφή στο δημοτολόγιο αυτόματη;","δημοτολόγιο"
"Πού πρέπει να απευθυνθώ για απορίες σχετικά με τη δημοτική μου μερίδα;","δημοτολόγιο"
"Πώς γίνεται η μεταφορά δημοτολογίου από άλλον δήμο;","δημοτολόγιο"
"Χρειάζεται ηλεκτρονική υπογραφή για τις online αιτήσεις του δημοτολογίου;","δημοτολόγιο"
"Μπορώ να βρω το πιστοποιητικό εντοπιότητας μου online;","δημοτολόγιο"
"Ποια είναι η διαδικασία για την αλλαγή στοιχείων μέσω ΚΕΠ;","δημοτολόγιο"
"Πώς μπορώ να πάρω ένα πιστοποιητικό από το δημοτολόγιο για το εξωτερικό;","δημοτολόγιο"
"Τι δικαιολογητικά χρειάζομαι για έκδοση πιστοποιητικού γάμου από το δημοτολόγιο;","δημοτολόγιο"
"Που μπορώ να βρω τα έντυπα για αίτηση δημοτολογίου;","δημοτολόγιο"
"Το δημοτολόγιο και το μητρώο αρρένων είναι το ίδιο;","δημοτολόγιο"
"Μπορώ να δω τα οικογενειακά μου στοιχεία online;","δημοτολόγιο"
"Ποιος είναι ο ρόλος του δημοτολογίου;","δημοτολόγιο"
"Χρειάζεται να ενημερώσω το δημοτολόγιο για την ενηλικίωση του παιδιού μου;","δημοτολόγιο"
"Πόσος χρόνος απαιτείται για την καταχώρηση ενός νέου μέλους στο δημοτολόγιο;","δημοτολόγιο"
"Υπάρχει κάποιος οδηγός για τις υπηρεσίες του δημοτολογίου;","δημοτολόγιο"
"Πώς μπορώ να λάβω πληροφορίες για το δημοτολόγιο;","δημοτολόγιο"
"Θέλω να ρωτήσω αν μπορώ να διορθώσω ένα λάθος στο ονοματεπώνυμο μου στο δημοτολόγιο.","δημοτολόγιο"
"Ποια είναι η διαδικασία για την αποδήλωση από το δημοτολόγιο;","δημοτολόγιο"
"Πώς μπορώ να μεταφέρω τη δημοτική μου μερίδα από έναν δήμο σε έναν άλλο;","δημοτολόγιο"
"Χρειάζομαι πιστοποιητικό γέννησης για την εγγραφή του παιδιού μου στο σχολείο.","δημοτολόγιο"
"Ποια είναι τα δικαιολογητικά για την εγγραφή νέου μέλους στην οικογενειακή μερίδα;","δημοτολόγιο"
"Θέλω να διορθώσω την ημερομηνία γέννησής μου στο δημοτολόγιο, τι πρέπει να κάνω;","δημοτολόγιο"
"Πώς μπορώ να εκδώσω πιστοποιητικό οικογενειακής κατάστασης ηλεκτρονικά;","δημοτολόγιο"
"Πού υποβάλλεται η αίτηση για τον προσδιορισμό δημοτικότητας;","δημοτολόγιο"
"Μπορώ να πάρω πιστοποιητικό εντοπιότητας για μοριοδότηση σε προκήρυξη;","δημοτολόγιο"
"Τι έγγραφα χρειάζονται για να ανοίξω νέα οικογενειακή μερίδα λόγω γάμου;","δημοτολόγιο"
"Πώς μπορώ να διαγράψω ένα μέλος από την οικογενειακή μου μερίδα μετά από διαζύγιο;","δημοτολόγιο"
"Χρειάζομαι βεβαίωση από το δημοτολόγιο ότι είμαι εγγεγραμμένος στα μητρώα αρρένων.","δημοτολόγιο"
"Ποια είναι η διαδικασία για την ανάκτηση της ελληνικής δημοτικότητας;","δημοτολόγιο"
"Μπορεί ο πατέρας μου να παραλάβει το πιστοποιητικό γέννησής μου χωρίς εξουσιοδότηση;","δημοτολόγιο"
"Πού μπορώ να βρω τον αριθμό της δημοτικής μου μερίδας;","δημοτολόγιο"
"Θέλω να κάνω μεταδημότευση λόγω διετούς κατοικίας, τι χαρτιά θέλει;","δημοτολόγιο"
"Πώς ενημερώνεται το δημοτολόγιο για τον θάνατο ενός συγγενικού προσώπου;","δημοτολόγιο"
"Είναι απαραίτητο να πάω στο δήμο για το πιστοποιητικό ιθαγένειας;","δημοτολόγιο"
"Πόσο χρόνο διαρκεί η επεξεργασία της αίτησης για μεταφορά μερίδας;","δημοτολόγιο"
"Θέλω να αλλάξω το θρήσκευμά μου στην καρτέλα του δημοτολογίου.","δημοτολόγιο"
"Πώς μπορώ να πάρω πιστοποιητικό εγγυτέρων συγγενών από το δημοτολόγιο;","δημοτολόγιο"
"Υπάρχει δυνατότητα έκδοσης πιστοποιητικού για στρατολογική χρήση;","δημοτολόγιο"
"Ποια είναι η διαφορά μεταξύ ληξιαρχικής πράξης και πιστοποιητικού γέννησης;","δημοτολόγιο"
"Χρειάζομαι βεβαίωση ότι τα στοιχεία μου στο δημοτολόγιο είναι ταυτάσημα με το διαβατήριο.","δημοτολόγιο"
"Πώς μπορώ να προσθέσω το πατρώνυμο της μητέρας μου στην οικογενειακή μερίδα;","δημοτολόγιο"
"Μπορώ να ζητήσω αντίγραφο της μερίδας μου αν είμαι μόνιμος κάτοικος εξωτερικού;","δημοτολόγιο"
"Ποιο τμήμα του δήμου είναι αρμόδιο για την τήρηση των μητρώων αρρένων;","δημοτολόγιο"
"Πώς γίνεται η διόρθωση κυρίου ονόματος στο δημοτολόγιο μετά από δικαστική απόφαση;","δημοτολόγιο"
"Χρειάζομαι πιστοποιητικό για τη δήλωση του παιδιού μου στο ληξιαρχείο.","δημοτολόγιο"
"Πού μπορώ να δω online αν η μεταδημότευσή μου έχει ολοκληρωθεί;","δημοτολόγιο"
"Πώς μπορώ να βγάλω πιστοποιητικό οικογενειακής κατάστασης για την εγγραφή στο κοινωνικό τιμολόγιο;","δημοτολόγιο"

"Πώς αιτούμαι πιστοποιητικό πλησιέστερων συγγενών;","πλησιέστεροι_συγγενείς"
"Σε ποιο γραφείο γίνεται η αίτηση για πλησιέστερους συγγενείς;","πλησιέστεροι_συγγενείς"
"Χρειάζομαι το πιστοποιητικό για κληρονομική υπόθεση.","πλησιέστεροι_συγγενείς"
"Πού καταθέτω αίτηση για συγγενικό πιστοποιητικό;","πλησιέστεροι_συγγενείς"
"Υπάρχει online υπηρεσία για πλησιέστερους συγγενείς;","πλησιέστεροι_συγγενείς"
"Ποια δικαιολογητικά απαιτούνται για πιστοποιητικό πλησιέστερων συγγενών;","πλησιέστεροι_συγγενείς"
"Πόσο χρόνο χρειάζεται για να εκδοθεί πιστοποιητικό πλησιέστερων συγγενών;","πλησιέστεροι_συγγενείς"
"Μπορώ να ζητήσω πιστοποιητικό πλησιέστερων συγγενών μέσω ΚΕΠ;","πλησιέστεροι_συγγενείς"
"Είναι το πιστοποιητικό πλησιέστερων συγγενών διαθέσιμο ηλεκτρονικά;","πλησιέστεροι_συγγενείς"
"Πού μπορώ να βρω το έντυπο αίτησης για πιστοποιητικό συγγενών;","πλησιέστεροι_συγγενείς"
"Τι στοιχεία αναγράφονται σε ένα πιστοποιητικό πλησιέστερων συγγενών;","πλησιέστεροι_συγγενείς"
"Ποιος είναι ο σκοπός του πιστοποιητικού πλησιέστερων συγγενών;","πλησιέστεροι_συγγενείς"
"Χρειάζεται ραντεβού για την αίτηση πιστοποιητικού συγγενών;","πλησιέστεροι_συγγενείς"
"Πώς μπορώ να διορθώσω λάθη στο πιστοποιητικό πλησιέστερων συγγενών;","πλησιέστεροι_συγγενείς"
"Είναι απαραίτητο για σύνταξη χηρείας;","πλησιέστεροι_συγγενείς"
"Μπορώ να παραλάβω το πιστοποιητικό συγγενών με εξουσιοδότηση;","πλησιέστεροι_συγγενείς"
"Ποια είναι η αρμόδια υπηρεσία για την έκδοση αυτού του πιστοποιητικού;","πλησιέστεροι_συγγενείς"
"Υπάρχει κόστος για το πιστοποιητικό πλησιέστερων συγγενών;","πλησιέστεροι_συγγενείς"
"Πώς αιτούμαι πιστοποιητικό συγγένειας για το εξωτερικό;","πλησιέστεροι_συγγενείς"
"Τι γίνεται αν κάποιος συγγενής έχει αποβιώσει;","πλησιέστεροι_συγγενείς"
"Ποια είναι η ισχύς του πιστοποιητικού πλησιέστερων συγγενών;","πλησιέστεροι_συγγενείς"
"Μπορώ να το χρησιμοποιήσω για μεταβίβαση ακινήτου;","πλησιέστεροι_συγγενείς"
"Πού μπορώ να βρω πληροφορίες για το πιστοποιητικό συγγενών;","πλησιέστεροι_συγγενείς"
"Είναι το πιστοποιητικό πλησιέστερων συγγενών το ίδιο με το πιστοποιητικό οικογενειακής κατάστασης;","πλησιέστεροι_συγγενείς"
"Πώς ενημερώνεται το πιστοποιητικό συγγενών μετά από γάμο/θάνατο;","πλησιέστεροι_συγγενείς"
"Χρειάζεται να προσκομίσω αντίγραφα ταυτοτήτων συγγενών;","πλησιέστεροι_συγγενείς"
"Ποιος έχει δικαίωμα να ζητήσει αυτό το πιστοποιητικό;","πλησιέστεροι_συγγενείς"
"Μπορώ να αιτηθώ πιστοποιητικό συγγενών για άλλον συγγενή;","πλησιέστεροι_συγγενείς"
"Πώς αποδεικνύεται η συγγένεια για το πιστοποιητικό;","πλησιέστεροι_συγγενείς"
"Υπάρχουν εξειδικευμένα γραφεία για κληρονομικά πιστοποιητικά;","πλησιέστεροι_συγγενείς"
"Τι γίνεται αν δεν έχω όλα τα στοιχεία των συγγενών;","πλησιέστεροι_συγγενείς"
"Ποια είναι η νομική βάση για την έκδοση του πιστοποιητικού;","πλησιέστεροι_συγγενείς"
"Μπορώ να ζητήσω πιστοποιητικό συγγενών για δικαστική χρήση;","πλησιέστεροι_συγγενείς"
"Πώς ενημερώνεται το bot για τις αλλαγές στη νομοθεσία;","πλησιέστεροι_συγγενείς"
"Χρειάζεται να έχω ΑΦΜ για την αίτηση;","πλησιέστεροι_συγγενείς"
"Πού μπορώ να βρω οδηγίες για την αίτηση του πιστοποιητικού;","πλησιέστεροι_συγγενείς"
"Είναι δυνατή η άμεση έκδοση πιστοποιητικού συγγενών;","πλησιέστεροι_συγγενείς"
"Ποια είναι η διαφορά από το πιστοποιητικό βιογραφικών στοιχείων;","πλησιέστεροι_συγγενείς"
"Μπορώ να ζητήσω πιστοποιητικό συγγενών για σκοπούς σπουδών;","πλησιέστεροι_συγγενείς"
"Πώς μπορώ να ελέγξω την ακρίβεια των στοιχείων στο πιστοποιητικό;","πλησιέστεροι_συγγενείς"
"Υπάρχουν ειδικές περιπτώσεις έκδοσης πιστοποιητικού πλησιέστερων συγγενών;","πλησιέστεροι_συγγενείς"
"Ποιοι είναι οι συνηθέστεροι λόγοι αίτησης για αυτό το πιστοποιητικό;","πλησιέστεροι_συγγενείς"
"Μπορώ να παραλάβω το πιστοποιητικό από άλλη πόλη;","πλησιέστεροι_συγγενείς"
"Χρειάζεται σφραγίδα Αποστόλης (Apostille) για το πιστοποιητικό στο εξωτερικό;","πλησιέστεροι_συγγενείς"
"Πώς μπορώ να επιταχύνω τη διαδικασία έκδοσης;","πλησιέστεροι_συγγενείς"
"Είναι το πιστοποιητικό πλησιέστερων συγγενών απαραίτητο για το κτηματολόγιο;","πλησιέστεροι_συγγενείς"
"Πού μπορώ να υποβάλω παράπονο για την έκδοση του πιστοποιητικού;","πλησιέστεροι_συγγενείς"
"Τι γίνεται αν δεν υπάρχουν εν ζωή πλησιέστεροι συγγενείς;","πλησιέστεροι_συγγενείς"
"Ποιο είναι το επίσημο όνομα του πιστοποιητικού πλησιέστερων συγγενών;","πλησιέστεροι_συγγενείς"
"Μπορώ να χρησιμοποιήσω παλαιότερο πιστοποιητικό συγγενών;","πλησιέστεροι_συγγενείς"
"Πρέπει να αποδείξω ότι είμαι ο πλησιέστερος συγγενής του αποβιώσαντος για να πάρω τα χαρτιά του.","πλησιέστεροι_συγγενείς"
"Το νοσοκομείο ζητάει ένα έγγραφο που να αποδεικνύει τους κοντινούς συγγενείς ενός ασθενή.","πλησιέστεροι_συγγενείς"
"Για να πάρω σύνταξη χηρείας, μου ζήτησαν ένα πιστοποιητικό που να δείχνει τους συγγενείς μου.","πλησιέστεροι_συγγενείς"
"Θέλω να βρω ένα χαρτί που να επιβεβαιώνει τη συγγενική μου σχέση με έναν αποβιώσαντα.","πλησιέστεροι_συγγενείς"
"Πού μπορώ να βγάλω ένα επίσημο έγγραφο για κληρονομική διαδοχή;","πλησιέστεροι_συγγενείς"
"Η τράπεζα μου ζήτησε ένα πιστοποιητικό για τους πλησιέστερους συγγενείς του πατέρα μου.","πλησιέστεροι_συγγενείς"
"Χρειάζομαι ένα έγγραφο που να αποδεικνύει την οικογενειακή μου σύνδεση για το κτηματολόγιο.","πλησιέστεροι_συγγενείς"
"Πώς μπορώ να αποκτήσω ένα χαρτί που να λέει ποιοι είναι οι κοντινοί συγγενείς μου;","πλησιέστεροι_συγγενείς"
"Θέλω να κάνω αίτηση για το επίδομα τέκνων και μου ζητάνε ένα πιστοποιητικό συγγένειας.","πλησιέστεροι_συγγενείς"
"Πρέπει να αποδείξω ότι είμαι ο γιος του αποβιώσαντος, πού το κάνω;","πλησιέστεροι_συγγενείς"
"Μπορώ να ζητήσω ένα έγγραφο για την συγγένειά μου με τους γονείς μου;","πλησιέστεροι_συγγενείς"
"Πώς μπορώ να αποκτήσω πιστοποιητικό συγγενών για την έκδοση διαβατηρίου;","πλησιέστεροι_συγγενείς"
"Ο δικηγόρος μου ζητάει ένα έγγραφο που να αποδεικνύει τη συγγενική μου σχέση με έναν θανόντα.","πλησιέστεροι_συγγενείς"
"Θέλω να βεβαιώσω τη συγγενική μου σχέση με έναν μακρινό συγγενή για να διεκδικήσω περιουσία.","πλησιέστεροι_συγγενείς"
"Πρέπει να πάρω πιστοποιητικό για να δηλώσω κληρονομιά;","πλησιέστεροι_συγγενείς"
"Πώς μπορώ να βρω τα στοιχεία των πλησιέστερων συγγενών μου από το δημοτολόγιο;","πλησιέστεροι_συγγενείς"
"Χρειάζομαι ένα επίσημο χαρτί που να δείχνει όλους τους συγγενείς μου για μια υπόθεση.","πλησιέστεροι_συγγενείς"
"Είναι η βεβαίωση συγγένειας υποχρεωτική για να τακτοποιήσω κληρονομικά;","πλησιέστεροι_συγγενείς"
"Ποια είναι η διαδικασία για να βρω τους πλησιέστερους συγγενείς μου από τα αρχεία του δήμου;","πλησιέστεροι_συγγενείς"
"Πού μπορώ να βρω το έγγραφο για την απόδειξη συγγένειας;","πλησιέστεροι_συγγενείς"
"Ποια είναι η διαδικασία για την έκδοση πιστοποιητικού πλησιέστερων συγγενών;","πλησιέστεροι_συγγενείς"
"Χρειάζομαι τη βεβαίωση εγγυτέρων συγγενών για τη διαδικασία της αποδοχής κληρονομιάς.","πλησιέστεροι_συγγενείς"
"Ποια δικαιολογητικά πρέπει να προσκομίσω για να δηλώσω τους πλησιέστερους συγγενείς;","πλησιέστεροι_συγγενείς"
"Μπορώ να κάνω αίτηση για πιστοποιητικό πλησιέστερων συγγενών μέσω του Gov.gr;","πλησιέστεροι_συγγενείς"
"Πόσες ημέρες χρειάζονται για να εκδοθεί το έγγραφο πλησιέστερων συγγενών από τον δήμο;","πλησιέστεροι_συγγενείς"
"Είναι απαραίτητη η ένορκη βεβαίωση μαρτύρων για τον καθορισμό των πλησιέστερων συγγενών;","πλησιέστεροι_συγγενείς"
"Πού μπορώ να βρω το έντυπο της υπεύθυνης δήλωσης για τους πλησιέστερους συγγενείς;","πλησιέστεροι_συγγενείς"
"Χρειάζομαι το πιστοποιητικό για να το καταθέσω στην τράπεζα για λογαριασμό θανόντος.","πλησιέστεροι_συγγενείς"
"Ποιος έχει το έννομο συμφέρον να ζητήσει την έκδοση βεβαίωσης πλησιέστερων συγγενών;","πλησιέστεροι_συγγενείς"
"Μπορεί ένας τρίτος με εξουσιοδότηση να παραλάβει το πιστοποιητικό πλησιέστερων συγγενών;","πλησιέστεροι_συγγενείς"
"Τι γίνεται αν υπάρχει αμφισβήτηση ως προς το ποιοι θεωρούνται πλησιέστεροι συγγενείς;","πλησιέστεροι_συγγενείς"
"Πού υποβάλλεται η αίτηση αν ο θανών ήταν μόνιμος κάτοικος εξωτερικού;","πλησιέστεροι_συγγενείς"
"Είναι το πιστοποιητικό πλησιέστερων συγγενών απαραίτητο για τη σύνταξη της ληξιαρχικής πράξης;","πλησιέστεροι_συγγενείς"
"Ποια είναι η διάρκεια ισχύος του πιστοποιητικού πλησιέστερων συγγενών μετά την έκδοσή του;","πλησιέστεροι_συγγενείς"
"Χρειάζεται να αναγραφούν και τα ανίψια στη δήλωση για τους πλησιέστερους συγγενείς;","πλησιέστεροι_συγγενείς"
"Πώς μπορώ να διορθώσω ένα λάθος σε ήδη εκδοθέν πιστοποιητικό πλησιέστερων συγγενών;","πλησιέστεροι_συγγενείς"
"Ποιο είναι το κόστος του παραβόλου για την έκδοση της βεβαίωσης από το δημοτολόγιο;","πλησιέστεροι_συγγενείς"
"Μπορώ να ζητήσω το πιστοποιητικό πλησιέστερων συγγενών από οποιοδήποτε ΚΕΠ της χώρας;","πλησιέστεροι_συγγενείς"
"Χρειάζομαι το έγγραφο για χρήση σε ασφαλιστικό ταμείο για τη σύνταξη χηρείας.","πλησιέστεροι_συγγενείς"
"Ποια είναι η διαφορά μεταξύ οικογενειακής κατάστασης και πλησιέστερων συγγενών;","πλησιέστεροι_συγγενείς"
"Πρέπει να προσκομίσω ληξιαρχική πράξη γάμου για την έκδοση του πιστοποιητικού;","πλησιέστεροι_συγγενείς"
"Θέλω να μάθω αν περιλαμβάνονται οι συγγενείς εξ αγχιστείας στους πλησιέστερους συγγενείς.","πλησιέστεροι_συγγενείς"
"Πού απευθύνομαι αν ο δήμος καθυστερεί την έκδοση της βεβαίωσης πλησιέστερων;","πλησιέστεροι_συγγενείς"
"Είναι υποχρεωτική η παρουσία δύο μαρτύρων κατά την αίτηση για πλησιέστερους συγγενείς;","πλησιέστεροι_συγγενείς"
"Πώς μπορώ να βρω παλιό πιστοποιητικό πλησιέστερων συγγενών που είχε εκδοθεί παλαιότερα;","πλησιέστεροι_συγγενείς"
"Χρειάζεται η βεβαίωση πλησιέστερων για τη διαγραφή του θανόντος από το μητρώο της εφορίας;","πλησιέστεροι_συγγενείς"
"Πώς δηλώνω την ύπαρξη ή μη διαθήκης στην αίτηση για τους πλησιέστερους συγγενείς;","πλησιέστεροι_συγγενείς"
"Μπορώ να λάβω το πιστοποιητικό πλησιέστερων συγγενών μέσω ηλεκτρονικού ταχυδρομείου;","πλησιέστεροι_συγγενείς"
"Ποιος υπάλληλος είναι αρμόδιος για την υπογραφή του εγγράφου πλησιέστερων συγγενών;","πλησιέστεροι_συγγενείς"
"Χρειάζομαι επίσημη μετάφραση του πιστοποιητικού πλησιέστερων για χρήση στο εξωτερικό;","πλησιέστεροι_συγγενείς"

"Πού ζητάω βεβαίωση μόνιμης κατοικίας;","βεβαίωση_κατοικίας"
"Χρειάζομαι βεβαίωση για εγγραφή στο σχολείο.","βεβαίωση_κατοικίας"
"Γίνεται η έκδοση της βεβαίωσης μέσω TAXISnet;","βεβαίωση_κατοικίας"
"Σε ποιο τμήμα ανήκει η βεβαίωση μονίμου κατοικίας;","βεβαίωση_κατοικίας"
"Υπάρχει φόρμα για αίτηση κατοικίας;","βεβαίωση_κατοικίας"
"Ποια δικαιολογητικά χρειάζομαι για βεβαίωση μόνιμης κατοικίας;","βεβαίωση_κατοικίας"
"Πόσος χρόνος απαιτείται για την έκδοση βεβαίωσης κατοικίας;","βεβαίωση_κατοικίας"
"Μπορώ να παραλάβω τη βεβαίωση κατοικίας ηλεκτρονικά;","βεβαίωση_κατοικίας"
"Πού υποβάλλεται η αίτηση για βεβαίωση μόνιμης κατοικίας;","βεβαίωση_κατοικίας"
"Είναι η βεβαίωση μόνιμης κατοικίας απαραίτητη για το πανεπιστήμιο;","βεβαίωση_κατοικίας"
"Πώς μπορώ να αποδείξω τη μόνιμη κατοικία μου;","βεβαίωση_κατοικίας"
"Υπάρχει κόστος για την έκδοση βεβαίωσης κατοικίας;","βεβαίωση_κατοικίας"
"Μπορώ να ζητήσω βεβαίωση μόνιμης κατοικίας μέσω ΚΕΠ;","βεβαίωση_κατοικίας"
"Ποια είναι η ισχύς της βεβαίωσης μόνιμης κατοικίας;","βεβαίωση_κατοικίας"
"Τι κάνω αν δεν έχω αποδεικτικά μόνιμης κατοικίας;","βεβαίωση_κατοικίας"
"Πώς συμπληρώνω την αίτηση για τη βεβαίωση;","βεβαίωση_κατοικίας"
"Πού μπορώ να βρω το έντυπο αίτησης βεβαίωσης κατοικίας;","βεβαίωση_κατοικίας"
"Χρειάζεται επικύρωση η βεβαίωση μόνιμης κατοικίας;","βεβαίωση_κατοικίας"
"Είναι δυνατή η άμεση έκδοση βεβαίωσης μόνιμης κατοικίας;","βεβαίωση_κατοικίας"
"Ποιοι οργανισμοί ζητούν βεβαίωση μόνιμης κατοικίας;","βεβαίωση_κατοικίας"
"Μπορώ να ζητήσω βεβαίωση μόνιμης κατοικίας για άλλο άτομο;","βεβαίωση_κατοικίας"
"Πώς ελέγχεται η αλήθεια των στοιχείων στη βεβαίωση κατοικίας;","βεβαίωση_κατοικίας"
"Υπάρχουν διαφορετικοί τύποι βεβαιώσεων κατοικίας;","βεβαίωση_κατοικίας"
"Ποιος είναι ο ρόλος του δήμου στην έκδοση βεβαίωσης μόνιμης κατοικίας;","βεβαίωση_κατοικίας"
"Μπορώ να χρησιμοποιήσω λογαριασμούς κοινής ωφέλειας ως αποδεικτικό;","βεβαίωση_κατοικίας"
"Πώς ενημερώνεται η διεύθυνση μου για τη βεβαίωση;","βεβαίωση_κατοικίας"
"Χρειάζεται να κλείσω ραντεβού για την αίτηση βεβαίωσης;","βεβαίωση_κατοικίας"
"Πού μπορώ να βρω πληροφορίες για τη βεβαίωση μόνιμης κατοικίας;","βεβαίωση_κατοικίας"
"Είναι η βεβαίωση μόνιμης κατοικίας απαραίτητη για την εφορία;","βεβαίωση_κατοικίας"
"Πώς μπορώ να ακυρώσω μια αίτηση για βεβαίωση κατοικίας;","βεβαίωση_κατοικίας"
"Υπάρχει ηλεκτρονικό αρχείο με τις εκδοθείσες βεβαιώσεις;","βεβαίωση_κατοικίας"
"Πού δηλώνω την αλλαγή μόνιμης κατοικίας;","βεβαίωση_κατοικίας"
"Μπορώ να παραλάβω τη βεβαίωση από διαφορετικό δήμο;","βεβαίωση_κατοικίας"
"Ποια είναι η διαδικασία αν μένω σε μισθωμένο ακίνητο;","βεβαίωση_κατοικίας"
"Χρειάζεται να προσκομίσω μισθωτήριο συμβόλαιο;","βεβαίωση_κατοικίας"
"Πού μπορώ να υποβάλω ένσταση για τη βεβαίωση μόνιμης κατοικίας;","βεβαίωση_κατοικίας"
"Είναι η βεβαίωση μόνιμης κατοικίας υποχρεωτική για όλους;","βεβαίωση_κατοικίας"
"Πώς μπορώ να ζητήσω βεβαίωση για φοιτητική στέγαση;","βεβαίωση_κατοικίας"
"Υπάρχουν ειδικές περιπτώσεις έκδοσης βεβαίωσης κατοικίας;","βεβαίωση_κατοικίας"
"Ποια είναι η νομοθεσία για τη βεβαίωση μόνιμης κατοικίας;","βεβαίωση_κατοικίας"
"Μπορώ να χρησιμοποιήσω βεβαίωση παλαιότερης ημερομηνίας;","βεβαίωση_κατοικίας"
"Πώς γίνεται η επαλήθευση της βεβαίωσης μόνιμης κατοικίας;","βεβαίωση_κατοικίας"
"Χρειάζεται ηλεκτρονική υπογραφή για την αίτηση;","βεβαίωση_κατοικίας"
"Πού μπορώ να δω το παράδειγμα μιας βεβαίωσης μόνιμης κατοικίας;","βεβαίωση_κατοικίας"
"Είναι η βεβαίωση μόνιμης κατοικίας απαραίτητη για επιδόματα;","βεβαίωση_κατοικίας"
"Πώς μπορώ να ζητήσω βεβαίωση μόνιμης κατοικίας για ανήλικο;","βεβαίωση_κατοικίας"
"Υπάρχει υπηρεσία για την αυτόματη έκδοση της βεβαίωσης;","βεβαίωση_κατοικίας"
"Ποια είναι η διαφορά από το πιστοποιητικό οικογενειακής κατάστασης;","βεβαίωση_κατοικίας"
"Μπορώ να αιτηθώ βεβαίωση κατοικίας αν είμαι άστεγος;","βεβαίωση_κατοικίας"
"Πού μπορώ να επικοινωνήσω για προβλήματα με τη βεβαίωση κατοικίας;","βεβαίωση_κατοικίας"
"Θέλω να αποδείξω στον παιδικό σταθμό ότι μένω σε αυτήν την περιοχή.","βεβαίωση_κατοικίας"
"Πώς μπορώ να πάρω ένα επίσημο έγγραφο που να λέει που είναι η μόνιμη κατοικία μου;","βεβαίωση_κατοικίας"
"Για να γράψω το παιδί μου στο σχολείο, μου ζητάνε βεβαίωση κατοικίας.","βεβαίωση_κατοικίας"
"Η τράπεζα μου ζήτησε ένα χαρτί από τον δήμο που να αποδεικνύει την διεύθυνσή μου.","βεβαίωση_κατοικίας"
"Έχω λογαριασμούς στο όνομά μου, αρκούν για να πάρω βεβαίωση μόνιμης κατοικίας;","βεβαίωση_κατοικίας"
"Πώς μπορώ να πάρω ένα έγγραφο που να λέει ότι μένω σε αυτό το σπίτι;","βεβαίωση_κατοικίας"
"Πρέπει να καταθέσω βεβαίωση μόνιμης κατοικίας για να κάνω φορολογική δήλωση;","βεβαίωση_κατοικίας"
"Χρειάζεται να πάω ο ίδιος στον δήμο για να πάρω βεβαίωση κατοικίας;","βεβαίωση_κατοικίας"
"Το επίδομα ενοικίου ζητάει επίσημο χαρτί που να αποδεικνύει τη διεύθυνσή μου.","βεβαίωση_κατοικίας"
"Αν έχω μετακομίσει πρόσφατα, πώς αποδεικνύω τη νέα μου κατοικία;","βεβαίωση_κατοικίας"
"Μπορώ να πάρω βεβαίωση μόνιμης κατοικίας για το παιδί μου;","βεβαίωση_κατοικίας"
"Θέλω να εγγραφώ στους εκλογικούς καταλόγους του δήμου, τι χαρτί χρειάζομαι;","βεβαίωση_κατοικίας"
"Η φοιτητική εστία μου ζητάει βεβαίωση μόνιμης κατοικίας των γονιών μου.","βεβαίωση_κατοικίας"
"Πώς μπορώ να ενημερώσω τον δήμο για τη νέα μου διεύθυνση;","βεβαίωση_κατοικίας"
"Χρειάζομαι ένα έγγραφο που να αποδεικνύει τη διεύθυνση μου για να πάρω κοινωνικό τιμολόγιο ΔΕΗ.","βεβαίωση_κατοικίας"
"Ποιο είναι το επίσημο έγγραφο που αποδεικνύει ότι είμαι κάτοικος του δήμου;","βεβαίωση_κατοικίας"
"Μπορώ να πάρω βεβαίωση κατοικίας για το εξωτερικό;","βεβαίωση_κατοικίας"
"Πού μπορώ να βρω τα έντυπα για αίτηση βεβαίωσης μόνιμης κατοικίας;","βεβαίωση_κατοικίας"
"Χρειάζεται να πληρώσω κάτι για να πάρω τη βεβαίωση κατοικίας;","βεβαίωση_κατοικίας"
"Ο δικηγόρος μου ζητάει βεβαίωση κατοικίας για μια δικαστική υπόθεση.","βεβαίωση_κατοικίας"
"Ποια δικαιολογητικά χρειάζονται για την έκδοση βεβαίωσης μόνιμης κατοικίας;", "βεβαίωση_κατοικίας"
"Πώς μπορώ να βγάλω ηλεκτρονικά τη βεβαίωση κατοικίας από τον δήμο;", "βεβαίωση_κατοικίας"
"Χρειάζομαι βεβαίωση μόνιμης κατοικίας για να την καταθέσω στην εφορία.", "βεβαίωση_κατοικίας"
"Είναι απαραίτητο το εκκαθαριστικό σημείωμα για την απόδειξη της κατοικίας μου;", "βεβαίωση_κατοικίας"
"Πόσες ημέρες διαρκεί η έκδοση της βεβαίωσης μόνιμης κατοικίας από την υπηρεσία;", "βεβαίωση_κατοικίας"
"Μπορώ να χρησιμοποιήσω λογαριασμό ΔΕΚΟ αντί για μισθωτήριο για τη βεβαίωση;", "βεβαίωση_κατοικίας"
"Θέλω να αιτηθώ βεβαίωση κατοικίας για να τη χρησιμοποιήσω σε προκήρυξη του ΑΣΕΠ.", "βεβαίωση_κατοικίας"
"Πού μπορώ να βρω την αίτηση για τη βεβαίωση μόνιμης κατοικίας στον δήμο;", "βεβαίωση_κατοικίας"
"Ποια είναι η διάρκεια ισχύος μιας βεβαίωσης κατοικίας που εκδίδεται σήμερα;", "βεβαίωση_κατοικίας"
"Χρειάζομαι βεβαίωση κατοικίας για την εγγραφή του παιδιού μου στον παιδικό σταθμό.", "βεβαίωση_κατοικίας"
"Μπορώ να βγάλω βεβαίωση κατοικίας αν είμαι φιλοξενούμενος σε άλλο σπίτι;", "βεβαίωση_κατοικίας"
"Τι έγγραφα πρέπει να προσκομίσω αν το σπίτι μου είναι ιδιόκτητο;", "βεβαίωση_κατοικίας"
"Πώς μπορώ να αποδείξω τη μόνιμη κατοικία μου αν δεν έχω συμβόλαιο στο όνομά μου;", "βεβαίωση_κατοικίας"
"Είναι δυνατή η έκδοση βεβαίωσης κατοικίας μέσω ΚΕΠ;", "βεβαίωση_κατοικίας"
"Χρειάζομαι τη βεβαίωση για να βγάλω κάρτα μόνιμου κατοίκου για το πάρκινγκ.", "βεβαίωση_κατοικίας"
"Ποια είναι η διαδικασία για τους αλλοδαπούς που ζητούν βεβαίωση κατοικίας;", "βεβαίωση_κατοικίας"
"Πού υποβάλλω τα δικαιολογητικά για τη βεβαίωση κατοικίας αν ο δήμος είναι κλειστός;", "βεβαίωση_κατοικίας"
"Μπορώ να λάβω τη βεβαίωση κατοικίας στο email μου αφού ολοκληρωθεί ο έλεγχος;", "βεβαίωση_κατοικίας"
"Ποιο είναι το κόστος ή το παράβολο για την έκδοση βεβαίωσης μόνιμης κατοικίας;", "βεβαίωση_κατοικίας"
"Χρειάζεται να προσκομίσω την αστυνομική μου ταυτότητα για τη βεβαίωση;", "βεβαίωση_κατοικίας"
"Θέλω να μάθω αν η βεβαίωση κατοικίας εκδίδεται αυθημερόν.", "βεβαίωση_κατοικίας"
"Τι γίνεται αν η διεύθυνση στο Ε9 μου διαφέρει από την τωρινή μου κατοικία;", "βεβαίωση_κατοικίας"
"Μπορεί ο σύζυγός μου να παραλάβει τη βεβαίωση κατοικίας μου με εξουσιοδότηση;", "βεβαίωση_κατοικίας"
"Χρειάζομαι βεβαίωση κατοικίας για τη συμμετοχή μου στο κοινωνικό παντοπωλείο.", "βεβαίωση_κατοικίας"
"Πώς μπορώ να ακυρώσω μια αίτηση για βεβαίωση κατοικίας που υπέβαλα λάθος;", "βεβαίωση_κατοικίας"
"Είναι επαρκές το έντυπο Ε1 για να αποδείξω τη διετή κατοικία μου στον δήμο;", "βεβαίωση_κατοικίας"
"Πού απευθύνομαι αν η αίτησή μου για βεβαίωση κατοικίας απορρίφθηκε;", "βεβαίωση_κατοικίας"
"Χρειάζομαι τη βεβαίωση μόνιμης κατοικίας για μεταδημότευση.", "βεβαίωση_κατοικίας"
"Πώς μπορώ να βρω το ιστορικό των βεβαιώσεων κατοικίας που έχω εκδώσει;", "βεβαίωση_κατοικίας"
"Υπάρχει συγκεκριμένο υπόδειγμα υπεύθυνης δήλωσης για τη μόνιμη κατοικία;", "βεβαίωση_κατοικίας"

"Πώς αποκτώ πρόσβαση στο μητρώο αρρένων;","μητρώο_αρρένων"
"Χρειάζομαι στοιχεία από το μητρώο αρρένων για στρατολογία.","μητρώο_αρρένων"
"Πού κάνω αίτηση για αντίγραφο από μητρώο αρρένων;","μητρώο_αρρένων"
"Γίνεται μέσω TAXISnet η διαδικασία;","μητρώο_αρρένων"
"Σε ποιο τμήμα υποβάλλω το αίτημα;","μητρώο_αρρένων"
"Ποια δικαιολογητικά χρειάζονται για το μητρώο αρρένων;","μητρώο_αρρένων"
"Πόσος χρόνος απαιτείται για την έκδοση αντιγράφου μητρώου αρρένων;","μητρώο_αρρένων"
"Μπορώ να παραλάβω το αντίγραφο ηλεκτρονικά;","μητρώο_αρρένων"
"Πού υποβάλλεται η αίτηση για πιστοποιητικό μητρώου αρρένων;","μητρώο_αρρένων"
"Είναι απαραίτητο για στρατιωτική θητεία;","μητρώο_αρρένων"
"Πώς μπορώ να διορθώσω λάθη στο μητρώο αρρένων;","μητρώο_αρρένων"
"Υπάρχει κόστος για την έκδοση πιστοποιητικού μητρώου αρρένων;","μητρώο_αρρένων"
"Μπορώ να ζητήσω αντίγραφο μέσω ΚΕΠ;","μητρώο_αρρένων"
"Ποια είναι η ισχύς του πιστοποιητικού μητρώου αρρένων;","μητρώο_αρρένων"
"Τι κάνω αν δεν είμαι εγγεγραμμένος στο μητρώο αρρένων;","μητρώο_αρρένων"
"Πώς συμπληρώνω την αίτηση για το μητρώο αρρένων;","μητρώο_αρρένων"
"Πού μπορώ να βρω το έντυπο αίτησης για μητρώο αρρένων;","μητρώο_αρρένων"
"Χρειάζεται επικύρωση το πιστοποιητικό μητρώου αρρένων;","μητρώο_αρρένων"
"Είναι δυνατή η άμεση έκδοση πιστοποιητικού μητρώου αρρένων;","μητρώο_αρρένων"
"Ποιοι οργανισμοί ζητούν πιστοποιητικό μητρώου αρρένων;","μητρώο_αρρένων"
"Μπορώ να ζητήσω αντίγραφο για άλλο άτομο;","μητρώο_αρρένων"
"Πώς ελέγχεται η αλήθεια των στοιχείων στο μητρώο αρρένων;","μητρώο_αρρένων"
"Υπάρχουν διαφορετικοί τύποι πιστοποιητικών μητρώου αρρένων;","μητρώο_αρρένων"
"Ποιος είναι ο ρόλος του δήμου στη διαχείριση του μητρώου αρρένων;","μητρώο_αρρένων"
"Μπορώ να χρησιμοποιήσω το πιστοποιητικό για συνταξιοδότηση;","μητρώο_αρρένων"
"Πώς ενημερώνομαι για την εγγραφή μου στο μητρώο αρρένων;","μητρώο_αρρένων"
"Χρειάζεται να κλείσω ραντεβού για την αίτηση;","μητρώο_αρρένων"
"Πού μπορώ να βρω πληροφορίες για το μητρώο αρρένων;","μητρώο_αρρένων"
"Είναι το πιστοποιητικό μητρώου αρρένων απαραίτητο για πρόσληψη στο δημόσιο;","μητρώο_αρρένων"
"Πώς μπορώ να ακυρώσω μια αίτηση για μητρώο αρρένων;","μητρώο_αρρένων"
"Υπάρχει ηλεκτρονικό αρχείο με τα μητρώα αρρένων;","μητρώο_αρρένων"
"Πού δηλώνεται η γέννηση για την εγγραφή στο μητρώο αρρένων;","μητρώο_αρρένων"
"Μπορώ να παραλάβω το πιστοποιητικό από διαφορετικό δήμο;","μητρώο_αρρένων"
"Ποια είναι η διαδικασία αν είμαι κάτοικος εξωτερικού;","μητρώο_αρρένων"
"Χρειάζεται να προσκομίσω πιστοποιητικό γέννησης;","μητρώο_αρρένων"
"Πού μπορώ να υποβάλω ένσταση για το μητρώο αρρένων;","μητρώο_αρρένων"
"Είναι το μητρώο αρρένων υποχρεωτικό για όλους τους άρρενες;","μητρώο_αρρένων"
"Πώς μπορώ να ζητήσω πιστοποιητικό για στρατολογική χρήση;","μητρώο_αρρένων"
"Υπάρχουν ειδικές περιπτώσεις έκδοσης πιστοποιητικού μητρώου αρρένων;","μητρώο_αρρένων"
"Ποια είναι η νομοθεσία για το μητρώο αρρένων;","μητρώο_αρρένων"
"Μπορώ να χρησιμοποιήσω παλαιότερο πιστοποιητικό μητρώου αρρένων;","μητρώο_αρρένων"
"Πώς γίνεται η επαλήθευση του πιστοποιητικού μητρώου αρρένων;","μητρώο_αρρένων"
"Χρειάζεται ηλεκτρονική υπογραφή για την αίτηση;","μητρώο_αρρένων"
"Πού μπορώ να δω το παράδειγμα ενός πιστοποιητικού μητρώου αρρένων;","μητρώο_αρρένων"
"Είναι το πιστοποιητικό μητρώου αρρένων απαραίτητο για διαβατήριο;","μητρώο_αρρένων"
"Πώς μπορώ να ζητήσω πιστοποιητικό μητρώου αρρένων για αποβιώσαντα;","μητρώο_αρρένων"
"Υπάρχει υπηρεσία για την αυτόματη έκδοση του πιστοποιητικού;","μητρώο_αρρένων"
"Ποια είναι η διαφορά από το πιστοποιητικό οικογενειακής κατάστασης;","μητρώο_αρρένων"
"Μπορώ να αιτηθώ πιστοποιητικό μητρώου αρρένων αν είμαι ανιθαγενής;","μητρώο_αρρένων"
"Πού μπορώ να επικοινωνήσω για προβλήματα με το μητρώο αρρένων;","μητρώο_αρρένων"
"Ο γιος μου έγινε 18 ετών, πώς θα εγγραφεί στο μητρώο αρρένων;","μητρώο_αρρένων"
"Χρειάζομαι ένα χαρτί από τον δήμο που να λέει αν έχω τελειώσει τη στρατιωτική μου θητεία;","μητρώο_αρρένων"
"Πώς μπορώ να πάρω ένα επίσημο αντίγραφο από το μητρώο αρρένων;","μητρώο_αρρένων"
"Η στρατολογία μου ζήτησε το πιστοποιητικό μητρώου, πού το βρίσκω;","μητρώο_αρρένων"
"Πού μπορώ να βρω το πιστοποιητικό μητρώου αρρένων μου online;","μητρώο_αρρένων"
"Είναι η εγγραφή στο μητρώο αρρένων υποχρεωτική;","μητρώο_αρρένων"
"Χρειάζεται να πάω στο δημαρχείο για να βγάλω πιστοποιητικό μητρώου αρρένων;","μητρώο_αρρένων"
"Το πιστοποιητικό που έχω έχει ένα λάθος στο όνομα, πώς το διορθώνω;","μητρώο_αρρένων"
"Πώς μπορώ να πάρω ένα αντίγραφο μητρώου αρρένων για να το καταθέσω σε ένα δημόσιο φορέα;","μητρώο_αρρένων"
"Θέλω να βρω το πιστοποιητικό μητρώου αρρένων του πατέρα μου.","μητρώο_αρρένων"
"Μπορώ να ζητήσω το πιστοποιητικό μητρώου αρρένων από το ΚΕΠ;","μητρώο_αρρένων"
"Ποια είναι η διαδικασία εγγραφής στο μητρώο αρρένων;","μητρώο_αρρένων"
"Πρέπει να πληρώσω κάτι για να μου βγάλουν το πιστοποιητικό μητρώου;","μητρώο_αρρένων"
"Χρειάζεται να έχω ΑΦΜ για την αίτηση πιστοποιητικού μητρώου αρρένων;","μητρώο_αρρένων"
"Πώς μπορώ να βρω τα τηλέφωνα επικοινωνίας για το τμήμα μητρώου αρρένων;","μητρώο_αρρένων"
"Θέλω να πάρω ένα πιστοποιητικό μητρώου αρρένων για να το χρησιμοποιήσω για την ανανέωση της άδειας παραμονής μου.","μητρώο_αρρένων"
"Πώς μπορώ να ελέγξω αν είμαι εγγεγραμμένος στο μητρώο;","μητρώο_αρρένων"
"Χρειάζεται να έχω κωδικούς TaxisNet για να βγάλω πιστοποιητικό μητρώου αρρένων;","μητρώο_αρρένων"
"Μπορώ να πάρω το πιστοποιητικό μητρώου αρρένων για λογαριασμό του αδερφού μου;","μητρώο_αρρένων"
"Ποιος είναι ο αρμόδιος φορέας για την έκδοση πιστοποιητικών μητρώου αρρένων;","μητρώο_αρρένων"
"Η τράπεζα μου ζήτησε πιστοποιητικό μητρώου αρρένων για ένα δάνειο.","μητρώο_αρρένων"
"Θέλω να πάρω ένα επίσημο έγγραφο που να βεβαιώνει την εγγραφή μου στο μητρώο;","μητρώο_αρρένων"
"Ποια είναι η διαδικασία για την εγγραφή ενός παιδιού στο μητρώο αρρένων;", "μητρώο_αρρένων"
"Χρειάζομαι πιστοποιητικό εγγραφής στο μητρώο αρρένων για τη στρατολογία.", "μητρώο_αρρένων"
"Πώς μπορώ να διορθώσω το κύριο όνομα ενός ατόμου στο μητρώο αρρένων;", "μητρώο_αρρένων"
"Ποια δικαιολογητικά απαιτούνται για την αυτεπάγγελτη εγγραφή στο μητρώο αρρένων;", "μητρώο_αρρένων"
"Μπορώ να λάβω βεβαίωση από το μητρώο αρρένων μέσω της ψηφιακής πύλης του δήμου;", "μητρώο_αρρένων"
"Πώς γίνεται η διαγραφή από το μητρώο αρρένων λόγω αλλαγής ιθαγένειας;", "μητρώο_αρρένων"
"Θέλω να μάθω αν η εγγραφή στο μητρώο αρρένων γίνεται αυτόματα με τη δήλωση γέννησης.", "μητρώο_αρρένων"
"Χρειάζομαι πιστοποιητικό μητρώου αρρένων για την έκδοση διαβατηρίου.", "μητρώο_αρρένων"
"Πώς μπορώ να αλλάξω το έτος γέννησης στο μητρώο αρρένων μετά από δικαστική απόφαση;", "μητρώο_αρρένων"
"Ποιο τμήμα του δήμου είναι αρμόδιο για την τήρηση των φακέλων του μητρώου αρρένων;", "μητρώο_αρρένων"
"Είναι απαραίτητο το πιστοποιητικό μητρώου αρρένων για την εγγραφή σε στρατιωτική σχολή;", "μητρώο_αρρένων"
"Πώς μπορώ να βρω τον αριθμό μητρώου αρρένων (ΑΜΑ) του γιου μου;", "μητρώο_αρρένων"
"Τι έγγραφα χρειάζονται για την εγγραφή αδήλωτου αρσενικού στο μητρώο;", "μητρώο_αρρένων"
"Πού υποβάλλεται η αίτηση για την προσθήκη πατρωνύμου στο μητρώο αρρένων;", "μητρώο_αρρένων"
"Μπορώ να ζητήσω πιστοποιητικό μητρώου αρρένων από οποιοδήποτε ΚΕΠ;", "μητρώο_αρρένων"
"Πόσο χρόνο διαρκεί η επεξεργασία μιας μεταβολής στο μητρώο αρρένων;", "μητρώο_αρρένων"
"Χρειάζομαι βεβαίωση ότι τα στοιχεία μου στο μητρώο αρρένων συμφωνούν με την ταυτότητα.", "μητρώο_αρρένων"
"Πώς γίνεται η μεταφορά της εγγραφής στο μητρώο αρρένων λόγω μεταδημότευσης;", "μητρώο_αρρένων"
"Ποια είναι η διαδικασία για την ανασύνταξη του μητρώου αρρένων σε περίπτωση απώλειας;", "μητρώο_αρρένων"
"Θέλω να καταθέσω δικαιολογητικά για τη δήλωση θανάτου στο μητρώο αρρένων.", "μητρώο_αρρένων"
"Είναι δυνατή η εγγραφή στο μητρώο αρρένων για άτομα που απέκτησαν την ελληνική ιθαγένεια;", "μητρώο_αρρένων"
"Πώς μπορώ να πάρω επικυρωμένο αντίγραφο από το παλιό βιβλίο μητρώου αρρένων;", "μητρώο_αρρένων"
"Υπάρχει κάποιο παράβολο για την έκδοση πιστοποιητικού από το μητρώο αρρένων;", "μητρώο_αρρένων"
"Πώς μπορώ να ελέγξω αν τα στοιχεία μου στο μητρώο αρρένων έχουν ψηφιοποιηθεί;", "μητρώο_αρρένων"
"Χρειάζεται εξουσιοδότηση για να παραλάβω το πιστοποιητικό μητρώου αρρένων του αδερφού μου;", "μητρώο_αρρένων"
"Ποια είναι η διαφορά μεταξύ δημοτολογίου και μητρώου αρρένων για τους άνδρες;", "μητρώο_αρρένων"
"Πώς μπορώ να αιτηθώ τη διόρθωση του τόπου γέννησης στο μητρώο αρρένων;", "μητρώο_αρρένων"
"Χρειάζομαι το πιστοποιητικό μητρώου αρρένων για χρήση σε δημόσια υπηρεσία του εξωτερικού.", "μητρώο_αρρένων"

"Πώς επικοινωνώ με την τεχνική υπηρεσία του δήμου;","τεχνική_υπηρεσία"
"Πού κάνω αίτηση για τεχνικά θέματα της ιδιοκτησίας μου;","τεχνική_υπηρεσία"
"Μπορώ να χρησιμοποιήσω TAXISnet για τεχνικές αιτήσεις;","τεχνική_υπηρεσία"
"Χρειάζομαι βεβαίωση από την τεχνική υπηρεσία.","τεχνική_υπηρεσία"
"Υπάρχει online πρόσβαση στην τεχνική υπηρεσία;","τεχνική_υπηρεσία"
"Ποια δικαιολογητικά απαιτούνται για αίτηση στην τεχνική υπηρεσία;","τεχνική_υπηρεσία"
"Πόσος χρόνος απαιτείται για την εξέταση τεχνικής αίτησης;","τεχνική_υπηρεσία"
"Μπορώ να υποβάλω αίτημα για κοπή δέντρου στην τεχνική υπηρεσία;","τεχνική_υπηρεσία"
"Σε ποιο τμήμα απευθύνομαι για πολεοδομικά θέματα;","τεχνική_υπηρεσία"
"Είναι η τεχνική υπηρεσία αρμόδια για άδειες οικοδομής;","τεχνική_υπηρεσία"
"Πώς μπορώ να δηλώσω βλάβη σε δημοτικό φωτισμό;","τεχνική_υπηρεσία"
"Υπάρχει τηλεφωνική γραμμή για επείγοντα τεχνικά προβλήματα;","τεχνική_υπηρεσία"
"Μπορώ να ζητήσω τεχνική γνωμοδότηση από τον δήμο;","τεχνική_υπηρεσία"
"Ποιες είναι οι ώρες λειτουργίας της τεχνικής υπηρεσίας;","τεχνική_υπηρεσία"
"Πού μπορώ να βρω το έντυπο αίτησης για τεχνικό έργο;","τεχνική_υπηρεσία"
"Χρειάζεται ραντεβού για να επισκεφτώ την τεχνική υπηρεσία;","τεχνική_υπηρεσία"
"Πώς υποβάλλω αίτηση για μικρές εργασίες;","τεχνική_υπηρεσία"
"Είναι η τεχνική υπηρεσία υπεύθυνη για τα πεζοδρόμια;","τεχνική_υπηρεσία"
"Πώς μπορώ να ενημερωθώ για την πορεία της αίτησής μου;","τεχνική_υπηρεσία"
"Ποιος είναι ο ρόλος της τεχνικής υπηρεσίας στην έκδοση αδειών;","τεχνική_υπηρεσία"
"Μπορώ να καταγγείλω αυθαίρετη κατασκευή στην τεχνική υπηρεσία;","τεχνική_υπηρεσία"
"Πού μπορώ να βρω πληροφορίες για τα σχέδια πόλης;","τεχνική_υπηρεσία"
"Υπάρχει ηλεκτρονική πλατφόρμα για υποβολή τεχνικών αιτημάτων;","τεχνική_υπηρεσία"
"Πώς μπορώ να ζητήσω βεβαίωση νομιμότητας ακινήτου;","τεχνική_υπηρεσία"
"Είναι η τεχνική υπηρεσία αρμόδια για τους δρόμους;","τεχνική_υπηρεσία"
"Ποια είναι η διαδικασία για χορήγηση άδειας χρήσης κοινόχρηστου χώρου;","τεχνική_υπηρεσία"
"Χρειάζεται μηχανικός για την υποβολή τεχνικής αίτησης;","τεχνική_υπηρεσία"
"Πού μπορώ να βρω τον κανονισμό δόμησης;","τεχνική_υπηρεσία"
"Μπορώ να αιτηθώ για σύνδεση με δίκτυα κοινής ωφέλειας;","τεχνική_υπηρεσία"
"Ποιο είναι το κόστος για τις υπηρεσίες της τεχνικής υπηρεσίας;","τεχνική_υπηρεσία"
"Τι κάνω αν υπάρχει πρόβλημα με το αποχετευτικό σύστημα;","τεχνική_υπηρεσία"
"Πώς μπορώ να ζητήσω αντίγραφο σχεδίων κτιρίου;","τεχνική_υπηρεσία"
"Υπάρχει υπηρεσία έκδοσης βεβαίωσης καλής εκτέλεσης έργου;","τεχνική_υπηρεσία"
"Πού υποβάλλω αίτηση για τοποθέτηση σκαλωσιάς;","τεχνική_υπηρεσία"
"Μπορώ να ζητήσω βεβαίωση αρτιότητας και οικοδομησιμότητας;","τεχνική_υπηρεσία"
"Ποια είναι η νομοθεσία που διέπει την τεχνική υπηρεσία;","τεχνική_υπηρεσία"
"Πώς μπορώ να υποβάλω παράπονο για τεχνικό έργο;","τεχνική_υπηρεσία"
"Είναι η τεχνική υπηρεσία αρμόδια για τη συντήρηση πάρκων;","τεχνική_υπηρεσία"
"Πού μπορώ να βρω τις τεχνικές προδιαγραφές του δήμου;","τεχνική_υπηρεσία"
"Χρειάζεται άδεια για εργασίες μικρής κλίμακας;","τεχνική_υπηρεσία"
"Ποιος είναι ο προϊστάμενος της τεχνικής υπηρεσίας;","τεχνική_υπηρεσία"
"Μπορώ να ζητήσω τεχνική βοήθεια για σεισμόπληκτο κτίριο;","τεχνική_υπηρεσία"
"Πώς γίνεται ο έλεγχος νομιμότητας των κατασκευών;","τεχνική_υπηρεσία"
"Υπάρχει ηλεκτρονικό πρωτόκολλο για τεχνικές αιτήσεις;","τεχνική_υπηρεσία"
"Πού μπορώ να βρω τον κωδικό αριθμό οικοδομής;","τεχνική_υπηρεσία"
"Είναι η τεχνική υπηρεσία αρμόδια για την έκδοση βεβαιώσεων μηχανικού;","τεχνική_υπηρεσία"
"Πώς μπορώ να λάβω πληροφορίες για τον Γενικό Πολεοδομικό Σχεδιασμό;","τεχνική_υπηρεσία"
"Μπορώ να ζητήσω την άποψη της τεχνικής υπηρεσίας για επένδυση;","τεχνική_υπηρεσία"
"Πού μπορώ να επικοινωνήσω για τεχνικά προβλήματα σε δημόσια κτίρια;","τεχνική_υπηρεσία"
"Τι κάνω αν η τεχνική υπηρεσία δεν απαντά στην αίτησή μου;","τεχνική_υπηρεσία"
"Έχω βλάβη στο δίκτυο ύδρευσης, πού το αναφέρω;","τεχνική_υπηρεσία"
"Πώς μπορώ να δηλώσω ένα πρόβλημα στο οδόστρωμα της γειτονιάς μου;","τεχνική_υπηρεσία"
"Το πεζοδρόμιο είναι σπασμένο, σε ποιον μπορώ να κάνω αναφορά;","τεχνική_υπηρεσία"
"Θέλω να ρωτήσω για το πότε θα ξεκινήσουν τα έργα για τον δρόμο μας.","τεχνική_υπηρεσία"
"Πρέπει να μιλήσω με έναν μηχανικό του δήμου για ένα πρόβλημα με το κτίριο μου.","τεχνική_υπηρεσία"
"Ο δήμος έχει κάποια πλατφόρμα για την υποβολή τεχνικών αιτημάτων;","τεχνική_υπηρεσία"
"Θα ήθελα να ενημερωθώ για τους κανονισμούς περί ανέγερσης κτιρίων.","τεχνική_υπηρεσία"
"Μπορείτε να μου δώσετε πληροφορίες για το κόστος μιας τεχνικής μελέτης;","τεχνική_υπηρεσία"
"Χρειάζομαι ένα έγγραφο που να αποδεικνύει την νομιμότητα του ακινήτου μου.","τεχνική_υπηρεσία"
"Πώς μπορώ να πάρω άδεια για να βάλω μια σκαλωσιά στο πεζοδρόμιο;","τεχνική_υπηρεσία"
"Υπάρχει κάποιος τρόπος να ζητήσω αντίγραφα από τα σχέδια της οικοδομής μου;","τεχνική_υπηρεσία"
"Ο δήμος είναι αρμόδιος για βλάβες σε φώτα του δρόμου;","τεχνική_υπηρεσία"
"Θέλω να δηλώσω ένα πρόβλημα με την αποχέτευση, πού το αναφέρω;","τεχνική_υπηρεσία"
"Ποιος είναι ο αρμόδιος για τις άδειες χρήσης κοινόχρηστου χώρου;","τεχνική_υπηρεσία"
"Μπορώ να υποβάλω ένα παράπονο για την καθυστέρηση ενός έργου;","τεχνική_υπηρεσία"
"Χρειάζεται να κλείσω ραντεβού με τον προϊστάμενο της τεχνικής υπηρεσίας;","τεχνική_υπηρεσία"
"Θέλω να μάθω αν η ιδιοκτησία μου βρίσκεται μέσα στο σχέδιο πόλης.","τεχνική_υπηρεσία"
"Μπορώ να ζητήσω μια τεχνική αξιολόγηση για ένα παλιό κτίριο;","τεχνική_υπηρεσία"
"Πώς μπορώ να βρω τις ώρες λειτουργίας του πολεοδομικού γραφείου;","τεχνική_υπηρεσία"
"Ποιος είναι ο αρμόδιος για να μου δώσει βραβεία για τη δόμηση;","τεχνική_υπηρεσία"
"Πού μπορώ να υποβάλω αίτηση για την επιδιόρθωση μιας λακκούβας στον δρόμο μου;", "τεχνική_υπηρεσία"
"Χρειάζομαι την τεχνική υπηρεσία για τον έλεγχο επικίνδυνης ετοιμορροπίας κτιρίου.", "τεχνική_υπηρεσία"
"Ποια είναι η διαδικασία για την τοποθέτηση προστατευτικών μπαρών στο πεζοδρόμιο;", "τεχνική_υπηρεσία"
"Θέλω να αναφέρω μια βλάβη στα φανάρια της διασταύρωσης για άμεση επισκευή.", "τεχνική_υπηρεσία"
"Πώς μπορώ να ζητήσω τη δημιουργία διάβασης πεζών έξω από το σχολείο;", "τεχνική_υπηρεσία"
"Υπάρχει μελέτη της τεχνικής υπηρεσίας για την ανάπλαση της κεντρικής πλατείας;", "τεχνική_υπηρεσία"
"Πού υποβάλλεται το αίτημα για την ασφαλτόστρωση ενός χωματόδρομου στον δήμο;", "τεχνική_υπηρεσία"
"Χρειάζομαι βεβαίωση από την τεχνική υπηρεσία για το υψόμετρο του πεζοδρομίου.", "τεχνική_υπηρεσία"
"Ποιος είναι ο αρμόδιος μηχανικός για την επίβλεψη των έργων οδοποιίας;", "τεχνική_υπηρεσία"
"Έχει υποχωρήσει το κράσπεδο έξω από την είσοδο του γκαράζ μου, τι πρέπει να κάνω;", "τεχνική_υπηρεσία"
"Πώς μπορώ να λάβω άδεια από την τεχνική υπηρεσία για την τομή οδοστρώματος;", "τεχνική_υπηρεσία"
"Θέλω να ενημερωθώ για το χρονοδιάγραμμα των έργων αποχέτευσης στη γειτονιά.", "τεχνική_υπηρεσία"
"Υπάρχει κίνδυνος πτώσης δέντρου σε δημόσιο χώρο, ποια υπηρεσία επεμβαίνει;", "τεχνική_υπηρεσία"
"Πού μπορώ να βρω τις προδιαγραφές για την κατασκευή ράμπας ΑμεΑ σε πεζοδρόμιο;", "τεχνική_υπηρεσία"
"Χρειάζομαι την έγκριση της τεχνικής υπηρεσίας για την τοποθέτηση πινακίδας σήμανσης.", "τεχνική_υπηρεσία"
"Πώς μπορώ να διαμαρτυρηθώ για κακοτεχνίες σε έργο που εκτελείται στον δρόμο;", "τεχνική_υπηρεσία"
"Ποια είναι η διαδικασία για την υπογειοποίηση των καλωδίων στην περιοχή μας;", "τεχνική_υπηρεσία"
"Θέλω να ζητήσω τον έλεγχο της στατικής επάρκειας μιας δημοτικής γέφυρας.", "τεχνική_υπηρεσία"
"Πού μπορώ να δω τις ενεργές εργολαβίες και τα έργα που βρίσκονται σε εξέλιξη;", "τεχνική_υπηρεσία"
"Χρειάζομαι πληροφορίες για τη συντήρηση του δικτύου ομβρίων υδάτων.", "τεχνική_υπηρεσία"
"Πώς μπορώ να αιτηθώ τη μονοδρόμηση ενός δρόμου λόγω κυκλοφοριακού φόρτου;", "τεχνική_υπηρεσία"
"Υπάρχει πρόβλεψη για την επέκταση του δικτύου ποδηλατοδρόμων στον δήμο μας;", "τεχνική_υπηρεσία"
"Ποιο είναι το τηλέφωνο της τεχνικής υπηρεσίας για επείγουσες βλάβες στο οδικό δίκτυο;", "τεχνική_υπηρεσία"
"Θέλω να καταθέσω πρόταση για την τοποθέτηση καθρεφτών οδικής κυκλοφορίας.", "τεχνική_υπηρεσία"
"Πώς μπορώ να μάθω αν ένας δρόμος έχει χαρακτηριστεί ως πεζόδρομος;", "τεχνική_υπηρεσία"
"Χρειάζεται να γίνει καθαρισμός των φρεατίων πριν την έναρξη των βροχοπτώσεων.", "τεχνική_υπηρεσία"
"Ποια υπηρεσία είναι υπεύθυνη για τη συντήρηση των παιδικών χαρών;", "τεχνική_υπηρεσία"
"Πώς μπορώ να ζητήσω τον φωτισμό ενός σκοτεινού σημείου στον παράδρομο;", "τεχνική_υπηρεσία"
"Είναι απαραίτητη η αυτοψία από την τεχνική υπηρεσία για την κοπή ρίζας δέντρου;", "τεχνική_υπηρεσία"
"Πού μπορώ να βρω τα τεύχη δημοπράτησης για τα νέα τεχνικά έργα του δήμου;", "τεχνική_υπηρεσία"

"Πού κάνω αίτηση για αγωγούς αποχέτευσης;","αγωγοί_αποχέτευσης"
"Υπάρχει διαδικασία αποχέτευσης μέσω TAXISnet;","αγωγοί_αποχέτευσης"
"Χρειάζομαι σύνδεση αποχέτευσης στην κατοικία μου.","αγωγοί_αποχέτευσης"
"Ποια δικαιολογητικά χρειάζονται για αποχέτευση;","αγωγοί_αποχέτευσης"
"Ποιος φορέας διαχειρίζεται τους αγωγούς;","αγωγοί_αποχέτευσης"
"Ποια είναι η διαδικασία για νέα σύνδεση με το δίκτυο αποχέτευσης;","αγωγοί_αποχέτευσης"
"Πού δηλώνω βλάβη σε αγωγό αποχέτευσης;","αγωγοί_αποχέτευσης"
"Είναι υποχρεωτική η σύνδεση με τον κεντρικό αγωγό αποχέτευσης;","αγωγοί_αποχέτευσης"
"Ποιος είναι ο αρμόδιος οργανισμός για τα λύματα;","αγωγοί_αποχέτευσης"
"Υπάρχει κόστος για τη σύνδεση με την αποχέτευση;","αγωγοί_αποχέτευσης"
"Μπορώ να αιτηθώ για αλλαγή θέσης αγωγού αποχέτευσης;","αγωγοί_αποχέτευσης"
"Ποια είναι η πολιτική για τους αγωγούς όμβριων υδάτων;","αγωγοί_αποχέτευσης"
"Χρειάζεται άδεια για εργασίες σε αγωγούς αποχέτευσης;","αγωγοί_αποχέτευσης"
"Πού μπορώ να βρω τον κανονισμό λειτουργίας αποχέτευσης;","αγωγοί_αποχέτευσης"
"Πώς μπορώ να δηλώσω φραγμένο αγωγό αποχέτευσης;","αγωγοί_αποχέτευσης"
"Είναι η ΕΥΔΑΠ ή ΔΕΥΑΗ αρμόδια για την αποχέτευση;","αγωγοί_αποχέτευσης"
"Ποια είναι η διαδικασία για τον έλεγχο αγωγών αποχέτευσης;","αγωγοί_αποχέτευσης"
"Μπορώ να ζητήσω επιθεώρηση του αγωγού αποχέτευσης του ακινήτου μου;","αγωγοί_αποχέτευσης"
"Πόσος χρόνος απαιτείται για την αποκατάσταση βλάβης αγωγού;","αγωγοί_αποχέτευσης"
"Πού βρίσκεται το αντλιοστάσιο αποχέτευσης της περιοχής μου;","αγωγοί_αποχέτευσης"
"Υπάρχει ηλεκτρονική αίτηση για σύνδεση αποχέτευσης;","αγωγοί_αποχέτευσης"
"Πώς μπορώ να ενημερωθώ για την επέκταση του δικτύου αποχέτευσης;","αγωγοί_αποχέτευσης"
"Χρειάζεται μελέτη μηχανικού για τη σύνδεση;","αγωγοί_αποχέτευσης"
"Ποια είναι η αρμοδιότητα του δήμου στους αγωγούς αποχέτευσης;","αγωγοί_αποχέτευσης"
"Μπορώ να καταγγείλω παράνομη σύνδεση στην αποχέτευση;","αγωγοί_αποχέτευσης"
"Πού μπορώ να βρω τον χάρτη του δικτύου αποχέτευσης;","αγωγοί_αποχέτευσης"
"Είναι η αποχέτευση ιδιωτική ή δημοτική αρμοδιότητα;","αγωγοί_αποχέτευσης"
"Ποια είναι τα πρότυπα κατασκευής αγωγών αποχέτευσης;","αγωγοί_αποχέτευσης"
"Μπορώ να ζητήσω τεχνική έκθεση για αγωγό αποχέτευσης;","αγωγοί_αποχέτευσης"
"Τι κάνω αν υπάρχει διαρροή από αγωγό αποχέτευσης;","αγωγοί_αποχέτευσης"
"Ποια είναι η πορεία των λυμάτων μετά την αποχέτευση;","αγωγοί_αποχέτευσης"
"Υπάρχει πρόγραμμα συντήρησης των αγωγών αποχέτευσης;","αγωγοί_αποχέτευσης"
"Πού υποβάλλω αίτηση για την αποσύνδεση από την αποχέτευση;","αγωγοί_αποχέτευσης"
"Μπορώ να αιτηθώ για επιστροφή τελών αποχέτευσης;","αγωγοί_αποχέτευσης"
"Πώς μπορώ να υπολογίσω το κόστος σύνδεσης αποχέτευσης;","αγωγοί_αποχέτευσης"
"Χρειάζεται άδεια για επισκευή αγωγού εντός ιδιοκτησίας;","αγωγοί_αποχέτευσης"
"Ποια είναι η ποινή για παράνομη απόρριψη στην αποχέτευση;","αγωγοί_αποχέτευσης"
"Μπορώ να ζητήσω σχέδια αγωγών αποχέτευσης για συγκεκριμένη περιοχή;","αγωγοί_αποχέτευσης"
"Πού μπορώ να βρω το τηλέφωνο έκτακτης ανάγκης για αποχέτευση;","αγωγοί_αποχέτευσης"
"Είναι η αποχέτευση συνδεδεμένη με το δίκτυο ομβρίων;","αγωγοί_αποχέτευσης"
"Πώς μπορώ να υποβάλω παράπονο για την υπηρεσία αποχέτευσης;","αγωγοί_αποχέτευσης"
"Υπάρχουν επιδότησεις για σύνδεση με την αποχέτευση;","αγωγοί_αποχέτευσης"
"Ποιος είναι ο υπεύθυνος για την ποιότητα των υδάτων αποχέτευσης;","αγωγοί_αποχέτευσης"
"Μπορώ να αιτηθώ για σύνδεση βιομηχανικών λυμάτων;","αγωγοί_αποχέτευσης"
"Πώς μπορώ να ελέγξω αν η περιοχή μου έχει δίκτυο αποχέτευσης;","αγωγοί_αποχέτευσης"
"Χρειάζεται πιστοποιητικό καλής λειτουργίας για την αποχέτευση;","αγωγοί_αποχέτευσης"
"Πού μπορώ να βρω στοιχεία επικοινωνίας για την υπηρεσία αποχέτευσης;","αγωγοί_αποχέτευσης"
"Είναι η αποχέτευση κοινόχρηστη ή ιδιωτική υποδομή;","αγωγοί_αποχέτευσης"
"Πώς μπορώ να υποβάλω αίτηση για αποχέτευση σε νεοαναγειρόμενο κτίριο;","αγωγοί_αποχέτευσης"
"Τι γίνεται αν δεν υπάρχει αγωγός αποχέτευσης στην περιοχή μου;","αγωγοί_αποχέτευσης"
"Το σπίτι μου δεν έχει σύνδεση με το δίκτυο αποχέτευσης, τι πρέπει να κάνω;","αγωγοί_αποχέτευσης"
"Πώς μπορώ να μάθω αν ο δρόμος μας έχει περασμένη αποχέτευση;","αγωγοί_αποχέτευσης"
"Έχει φράξει ο κεντρικός αγωγός αποχέτευσης της γειτονιάς, πού το δηλώνω;","αγωγοί_αποχέτευσης"
"Η ΔΕΥΑΗ είναι υπεύθυνη για την αποκατάσταση βλαβών στους αγωγούς;","αγωγοί_αποχέτευσης"
"Χρειάζεται να πληρώσω κάτι για να συνδέσω το ακίνητό μου στην αποχέτευση;","αγωγοί_αποχέτευσης"
"Πώς μπορώ να ζητήσω να περάσει αγωγός αποχέτευσης από τον δρόμο μου;","αγωγοί_αποχέτευσης"
"Έχω πρόβλημα με επιστροφή λυμάτων στο σπίτι μου, μπορεί να φταίει ο αγωγός;","αγωγοί_αποχέτευσης"
"Θέλω να βάλω αποχέτευση σε ένα αγροτεμάχιο, γίνεται;","αγωγοί_αποχέτευσης"
"Ποια είναι η διαδικασία για να αποσυνδεθώ από την αποχέτευση;","αγωγοί_αποχέτευσης"
"Ο γείτονας λέει ότι ο αγωγός αποχέτευσης περνάει από το οικόπεδό μου, τι να κάνω;","αγωγοί_αποχέτευσης"
"Χρειάζεται άδεια για να κάνω εκσκαφή για τη σύνδεση με την αποχέτευση;","αγωγοί_αποχέτευσης"
"Θα ήθελα να ενημερωθώ για το πλάνο επέκτασης του δικτύου αποχέτευσης στην περιοχή μου.","αγωγοί_αποχέτευσης"
"Πώς μπορώ να αναφέρω μια παράνομη σύνδεση στην αποχέτευση;","αγωγοί_αποχέτευσης"
"Είναι η ΔΕΥΑΗ υπεύθυνη για τον καθαρισμό των φρεατίων;","αγωγοί_αποχέτευσης"
"Θέλω να μάθω αν το ακίνητό μου είναι υποχρεωμένο να συνδεθεί στην αποχέτευση.","αγωγοί_αποχέτευσης"
"Πόσο είναι το κόστος για τη σύνδεση ενός διαμερίσματος με το δίκτυο;","αγωγοί_αποχέτευσης"
"Πρέπει να μιλήσω με μηχανικό για να κάνω αίτηση για αποχέτευση;","αγωγοί_αποχέτευσης"
"Μπορώ να υποβάλω αίτηση για να κατασκευαστεί νέος αγωγός στην οδό μας;","αγωγοί_αποχέτευσης"
"Έχω πρόβλημα με τη δυσλειτουργία του αποχετευτικού συστήματος της περιοχής.","αγωγοί_αποχέτευσης"
"Πού μπορώ να βρω σχέδια του αποχετευτικού δικτύου της πόλης;","αγωγοί_αποχέτευσης"
"Χρειάζεται να δηλώσω την οριστική αποσύνδεση από την αποχέτευση;","αγωγοί_αποχέτευσης"
"Έχει βουλώσει ο κεντρικός αγωγός αποχέτευσης και ξεχειλίζουν τα φρεάτια.", "αγωγοί_αποχέτευσης"
"Υπάρχει έντονη δυσοσμία από το δίκτυο αποχέτευσης στη γωνία του δρόμου.", "αγωγοί_αποχέτευσης"
"Πώς μπορώ να συνδέσω το ακίνητό μου με το αποχετευτικό δίκτυο του δήμου;", "αγωγοί_αποχέτευσης"
"Έσπασε ένας σωλήνας της αποχέτευσης και τρέχουν λύματα στο οδόστρωμα.", "αγωγοί_αποχέτευσης"
"Ποιο είναι το κόστος του τέλους σύνδεσης με την αποχέτευση;", "αγωγοί_αποχέτευσης"
"Χρειάζομαι συνεργείο για τον καθαρισμό των βουλωμένων σωληνώσεων του δήμου.", "αγωγοί_αποχέτευσης"
"Το φρεάτιο της αποχέτευσης μπροστά από την είσοδό μου έχει σπασμένο καπάκι.", "αγωγοί_αποχέτευσης"
"Πότε θα επεκταθεί το δίκτυο αποχέτευσης στην περιοχή των επεκτάσεων;", "αγωγοί_αποχέτευσης"
"Υπάρχει διαρροή λυμάτων που εισέρχεται στο υπόγειο της πολυκατοικίας.", "αγωγοί_αποχέτευσης"
"Ποια δικαιολογητικά απαιτούνται για την έγκριση παροχής αποχέτευσης;", "αγωγοί_αποχέτευσης"
"Ο αγωγός των ομβρίων υδάτων έχει φράξει από φύλλα και σκουπίδια.", "αγωγοί_αποχέτευσης"
"Χρειάζεται να γίνει απολύμανση και απεντόμωση στα φρεάτια της αποχέτευσης.", "αγωγοί_αποχέτευσης"
"Πού μπορώ να αναφέρω μια παράνομη σύνδεση στον αγωγό αποχέτευσης;", "αγωγοί_αποχέτευσης"
"Το νερό της βροχής δεν υποχωρεί, φαίνεται να έχει πρόβλημα ο κεντρικός αγωγός.", "αγωγοί_αποχέτευσης"
"Ποιο τμήμα του δήμου είναι αρμόδιο για τη συντήρηση των αντλιοστασίων;", "αγωγοί_αποχέτευσης"
"Είναι υποχρεωτική η σύνδεση με την αποχέτευση αν περνάει αγωγός από τον δρόμο;", "αγωγοί_αποχέτευσης"
"Πώς μπορώ να ζητήσω την αλλαγή θέσης ενός φρεατίου αποχέτευσης;", "αγωγοί_αποχέτευσης"
"Υπάρχει καθίζηση στο οδόστρωμα στο σημείο που περνάει ο αγωγός αποχέτευσης.", "αγωγοί_αποχέτευσης"
"Θέλω να μάθω αν η περιοχή μου καλύπτεται από το δίκτυο ακαθάρτων.", "αγωγοί_αποχέτευσης"
"Ποια είναι η διαδικασία για τον έλεγχο στεγανότητας του κεντρικού αγωγού;", "αγωγοί_αποχέτευσης"
"Χρειάζομαι βεβαίωση ότι το ακίνητο δεν διαθέτει σύνδεση με την αποχέτευση.", "αγωγοί_αποχέτευσης"
"Πόσο χρόνο διαρκεί η κατασκευή της διακλάδωσης για τη σύνδεση μιας οικοδομής;", "αγωγοί_αποχέτευσης"
"Το καπάκι του φρεατίου κάνει θόρυβο κάθε φορά που περνάει αυτοκίνητο.", "αγωγοί_αποχέτευσης"
"Υπάρχει επιστροφή λυμάτων από το δίκτυο, παρακαλώ στείλτε αποφρακτικό.", "αγωγοί_αποχέτευσης"
"Πού μπορώ να υποβάλω αίτηση για την κατασκευή νέου αγωγού ομβρίων;", "αγωγοί_αποχέτευσης"
"Ποιος επιβαρύνεται με τη δαπάνη αντικατάστασης του σπασμένου αγωγού;", "αγωγοί_αποχέτευσης"
"Μπορώ να συνδέσω το υδρορροή της στέγης απευθείας στην αποχέτευση;", "αγωγοί_αποχέτευσης"
"Χρειάζεται καθαρισμός της σχάρας ομβρίων γιατί πλημμυρίζει ο δρόμος.", "αγωγοί_αποχέτευσης"
"Ποια είναι η τεχνική προδιαγραφή για τη βάνα αντεπιστροφής στη σύνδεση;", "αγωγοί_αποχέτευσης"

"Πού κάνω αίτηση για απόδοση διεύθυνσης σε οικόπεδο;","διεύθυνση_οικοπέδου"
"Πώς δηλώνω διεύθυνση αγροτεμαχίου;","διεύθυνση_οικοπέδου"
"Χρειάζομαι στοιχεία διεύθυνσης για αίτηση σε υπηρεσία.","διεύθυνση_οικοπέδου"
"Γίνεται η αίτηση μέσω TAXISnet;","διεύθυνση_οικοπέδου"
"Σε ποιο τμήμα ανήκει αυτή η διαδικασία;","διεύθυνση_οικοπέδου"
"Ποια δικαιολογητικά χρειάζονται για απόδοση διεύθυνσης σε οικόπεδο;","διεύθυνση_οικοπέδου"
"Πόσος χρόνος απαιτείται για να λάβω τη διεύθυνση οικοπέδου;","διεύθυνση_οικοπέδου"
"Μπορώ να παραλάβω την απόφαση απόδοσης διεύθυνσης ηλεκτρονικά;","διεύθυνση_οικοπέδου"
"Πού υποβάλλεται η αίτηση για διευθυνσιοδότηση ακινήτου;","διεύθυνση_οικοπέδου"
"Είναι απαραίτητη η απόδοση διεύθυνσης για το Κτηματολόγιο;","διεύθυνση_οικοπέδου"
"Πώς μπορώ να διορθώσω λάθος στη διεύθυνση οικοπέδου;","διεύθυνση_οικοπέδου"
"Υπάρχει κόστος για την απόδοση διεύθυνσης σε οικόπεδο;","διεύθυνση_οικοπέδου"
"Μπορώ να ζητήσω απόδοση διεύθυνσης μέσω ΚΕΠ;","διεύθυνση_οικοπέδου"
"Ποια είναι η ισχύς της απόδοσης διεύθυνσης οικοπέδου;","διεύθυνση_οικοπέδου"
"Τι κάνω αν το οικόπεδό μου δεν έχει διεύθυνση;","διεύθυνση_οικοπέδου"
"Πώς συμπληρώνω την αίτηση για απόδοση οδού και αριθμού;","διεύθυνση_οικοπέδου"
"Πού μπορώ να βρω το έντυπο αίτησης για διεύθυνση οικοπέδου;","διεύθυνση_οικοπέδου"
"Χρειάζεται τοπογραφικό διάγραμμα για την απόδοση διεύθυνσης;","διεύθυνση_οικοπέδου"
"Είναι δυνατή η άμεση απόδοση διεύθυνσης σε οικόπεδο;","διεύθυνση_οικοπέδου"
"Ποιοι οργανισμοί ζητούν απόδοση διεύθυνσης οικοπέδου;","διεύθυνση_οικοπέδου"
"Μπορώ να ζητήσω απόδοση διεύθυνσης για μη οικοδομημένο οικόπεδο;","διεύθυνση_οικοπέδου"
"Πώς ελέγχεται η τοποθεσία για την απόδοση διεύθυνσης;","διεύθυνση_οικοπέδου"
"Υπάρχουν περιορισμοί στην απόδοση διεύθυνσης σε αγροτεμάχια;","διεύθυνση_οικοπέδου"
"Ποιος είναι ο ρόλος του δήμου στην απόδοση διευθύνσεων;","διεύθυνση_οικοπέδου"
"Πού μπορώ να βρω πληροφορίες για την ονοματοδοσία οδών;","διεύθυνση_οικοπέδου"
"Πώς μπορώ να αλλάξω την ονομασία της οδού του οικοπέδου μου;","διεύθυνση_οικοπέδου"
"Υπάρχει online φόρμα για αίτηση διευθυνσιοδότησης οικοπέδου;","διεύθυνση_οικοπέδου"
"Ποια υπηρεσία είναι υπεύθυνη για την αριθμοδότηση οικοπέδων;","διεύθυνση_οικοπέδου"
"Μπορώ να ζητήσω βεβαίωση διεύθυνσης οικοπέδου για τράπεζα;","διεύθυνση_οικοπέδου"
"Τι κάνω αν η διεύθυνση του οικοπέδου μου δεν αναγνωρίζεται από τις υπηρεσίες;","διεύθυνση_οικοπέδου"
"Πού μπορώ να βρω το ιστορικό διευθύνσεων ενός οικοπέδου;","διεύθυνση_οικοπέδου"
"Είναι η απόδοση διεύθυνσης απαραίτητη για τη σύνδεση με κοινότητες;","διεύθυνση_οικοπέδου"
"Πώς μπορώ να δηλώσω ένα οικόπεδο που απέκτησα πρόσφατα στον δήμο;","διεύθυνση_οικοπέδου"
"Υπάρχουν γεωχωρικά δεδομένα για τις διευθύνσεις των οικοπέδων;","διεύθυνση_οικοπέδου"
"Ποια είναι η διαδικασία για διευθυνσιοδότηση εκτός σχεδίου περιοχών;","διεύθυνση_οικοπέδου"
"Μπορώ να αιτηθώ για προσωρινή διεύθυνση οικοπέδου;","διεύθυνση_οικοπέδου"
"Χρειάζεται να πληρώσω τέλος για κάθε τροποποίηση διεύθυνσης;","διεύθυνση_οικοπέδου"
"Ποιος είναι ο ρόλος του τοπογράφου στην απόδοση διεύθυνσης;","διεύθυνση_οικοπέδου"
"Πού μπορώ να απευθυνθώ για προβλήματα με την αρίθμηση οικοπέδων;","διεύθυνση_οικοπέδου"
"Είναι η διεύθυνση οικοπέδου δεσμευτική για την οικοδομική άδεια;","διεύθυνση_οικοπέδου"
"Πώς μπορώ να βρω τον ακριβή οδοιπορικό αριθμό του οικοπέδου μου;","διεύθυνση_οικοπέδου"
"Υπάρχει υπηρεσία που με ενημερώνει για αλλαγές διευθύνσεων;","διεύθυνση_οικοπέδου"
"Πού μπορώ να ζητήσω βεβαίωση για την ύπαρξη ή μη διεύθυνσης;","διεύθυνση_οικοπέδου"
"Μπορώ να χρησιμοποιήσω παλιούς τίτλους ιδιοκτησίας για τη διεύθυνση;","διεύθυνση_οικοπέδου"
"Ποια είναι η διαδικασία για την απόδοση διεύθυνσης σε συγκρότημα οικοπέδων;","διεύθυνση_οικοπέδου"
"Χρειάζεται να προσκομίσω σχέδια δόμησης για τη διεύθυνση;","διεύθυνση_οικοπέδου"
"Είναι η απόδοση διεύθυνσης απαραίτητη για την ηλεκτροδότηση;","διεύθυνση_οικοπέδου"
"Πού μπορώ να αναφέρω ανακριβή διεύθυνση οικοπέδου στο μητρώο;","διεύθυνση_οικοπέδου"
"Τι συμβαίνει αν το οικόπεδό μου βρίσκεται σε δύο δήμους;","διεύθυνση_οικοπέδου"
"Πώς μπορώ να βεβαιώσω τη διεύθυνση οικοπέδου για νομικές χρήσεις;","διεύθυνση_οικοπέδου"
"Αγόρασα ένα χωράφι και δεν έχει διεύθυνση, πού μπορώ να κάνω αίτηση για να αποκτήσει;","διεύθυνση_οικοπέδου"
"Πώς μπορώ να βρω τον αριθμό της οδού για το οικόπεδό μου;","διεύθυνση_οικοπέδου"
"Ο δήμος έχει κάποιο online σύστημα για να δω την διεύθυνση του ακινήτου μου;","διεύθυνση_οικοπέδου"
"Χρειάζομαι ένα έγγραφο από τον δήμο που να πιστοποιεί την διεύθυνση του οικοπέδου μου για την τράπεζα.","διεύθυνση_οικοπέδου"
"Μπορώ να ζητήσω να αλλάξει ο αριθμός της οδού μου αν είναι λανθασμένος;","διεύθυνση_οικοπέδου"
"Πρέπει να πάω στην τεχνική υπηρεσία για να πάρω την επίσημη διεύθυνση του οικοπέδου;","διεύθυνση_οικοπέδου"
"Πόσο καιρό κάνει να βγει το χαρτί με τη διεύθυνση του αγροτεμαχίου;","διεύθυνση_οικοπέδου"
"Είναι η επίσημη διεύθυνση του δήμου απαραίτητη για να βάλω ρεύμα;","διεύθυνση_οικοπέδου"
"Ο γείτονας λέει ότι ο αριθμός του δρόμου μας είναι λάθος, πού μπορώ να το επιβεβαιώσω;","διεύθυνση_οικοπέδου"
"Πώς μπορώ να βρω την διεύθυνση ενός οικοπέδου που δεν έχει κτίσμα;","διεύθυνση_οικοπέδου"
"Χρειάζεται να πληρώσω τέλη για την απόδοση διεύθυνσης;","διεύθυνση_οικοπέδου"
"Μπορώ να κάνω αίτηση για διεύθυνση σε ένα οικόπεδο που είναι εκτός σχεδίου;","διεύθυνση_οικοπέδου"
"Πού μπορώ να βρω ένα έντυπο για να κάνω αίτηση για ονομασία οδού;","διεύθυνση_οικοπέδου"
"Πρέπει να καταθέσω τοπογραφικό για να πάρω τη διεύθυνση του οικοπέδου;","διεύθυνση_οικοπέδου"
"Θέλω να δηλώσω ένα οικόπεδο που αγόρασα πρόσφατα στον δήμο, πού ξεκινάω;","διεύθυνση_οικοπέδου"
"Είναι η απόδοση διεύθυνσης υποχρεωτική για κάθε ιδιοκτησία;","διεύθυνση_οικοπέδου"
"Πώς μπορώ να βρω τον επίσημο αριθμό του δρόμου μου;","διεύθυνση_οικοπέδου"
"Μπορώ να ζητήσω να αλλάξει το όνομα του δρόμου μου;","διεύθυνση_οικοπέδου"
"Χρειάζεται να βγάλω βεβαίωση διεύθυνσης για να κάνω συμβόλαιο;","διεύθυνση_οικοπέδου"
"Ποιος είναι ο αρμόδιος για να επιβεβαιώσει τα στοιχεία διεύθυνσης ενός οικοπέδου;","διεύθυνση_οικοπέδου"
"Θέλω να βεβαιώσω την διεύθυνση του αγροτεμαχίου μου για να το δηλώσω στην εφορία.","διεύθυνση_οικοπέδου"
"Πώς μπορώ να λάβω πληροφορίες για την ονοματοδοσία των οδών;","διεύθυνση_οικοπέδου"
"Πώς μπορώ να λάβω επίσημη βεβαίωση για τη διεύθυνση του οικοπέδου μου;", "διεύθυνση_οικοπέδου"
"Χρειάζομαι έγγραφο που να πιστοποιεί την αλλαγή ονομασίας της οδού του ακινήτου μου.", "διεύθυνση_οικοπέδου"
"Ποια είναι η διαδικασία για να πάρει αριθμό ένα οικόπεδο που βρίσκεται σε νέα περιοχή;", "διεύθυνση_οικοπέδου"
"Η διεύθυνση στο συμβόλαιο διαφέρει από αυτή του δήμου, πώς γίνεται η διόρθωση;", "διεύθυνση_οικοπέδου"
"Πού μπορώ να αιτηθώ την τοποθέτηση πινακίδας με το όνομα της οδού στη γωνία μας;", "διεύθυνση_οικοπέδου"
"Χρειάζομαι βεβαίωση αρίθμησης για να συνδεθώ με τα δίκτυα κοινής ωφέλειας.", "διεύθυνση_οικοπέδου"
"Ποιο τμήμα του δήμου εκδίδει τη βεβαίωση οριοθέτησης και διεύθυνσης;", "διεύθυνση_οικοπέδου"
"Το οικόπεδό μου είναι γωνιακό, ποια θεωρείται η επίσημη διεύθυνσή του;", "διεύθυνση_οικοπέδου"
"Θέλω να μάθω αν έχει ολοκληρωθεί η ονοματοδοσία των δρόμων στον οικισμό μας.", "διεύθυνση_οικοπέδου"
"Πώς μπορώ να αποδείξω στην τράπεζα τη σωστή διεύθυνση του αγροτεμαχίου μου;", "διεύθυνση_οικοπέδου"
"Υπάρχει σφάλμα στην αρίθμηση του δρόμου, το νούμερο 14 βρίσκεται μετά το 18.", "διεύθυνση_οικοπέδου"
"Ποια δικαιολογητικά απαιτούνται για τον προσδιορισμό διεύθυνσης εκτός σχεδίου;", "διεύθυνση_οικοπέδου"
"Μπορώ να ζητήσω την αλλαγή του ονόματος ενός δρόμου με αίτηση των κατοίκων;", "διεύθυνση_οικοπέδου"
"Χρειάζομαι βεβαίωση ταύτισης διεύθυνσης για το Κτηματολόγιο.", "διεύθυνση_οικοπέδου"
"Πού μπορώ να δω τον επίσημο χάρτη του δήμου με τις διευθύνσεις των οικοπέδων;", "διεύθυνση_οικοπέδου"
"Πώς μπορώ να βγάλω βεβαίωση ότι η οδός Παλαιολόγου μετονομάστηκε σε οδό Ειρήνης;", "διεύθυνση_οικοπέδου"
"Ποια είναι η διαδικασία για την απόδοση αριθμού σε δευτερεύουσα είσοδο οικοπέδου;", "διεύθυνση_οικοπέδου"
"Θέλω να καταθέσω το τοπογραφικό μου για να οριστεί η ακριβής διεύθυνση.", "διεύθυνση_οικοπέδου"
"Είναι απαραίτητη η βεβαίωση διεύθυνσης για την έκδοση άδειας λειτουργίας καταστήματος;", "διεύθυνση_οικοπέδου"
"Το GPS δείχνει λάθος τη θέση του οικοπέδου μου, μπορεί ο δήμος να το διορθώσει;", "διεύθυνση_οικοπέδου"
"Πόσο χρόνο διαρκεί η εξέταση αιτήματος για νέα αρίθμηση σε οικόπεδο;", "διεύθυνση_οικοπέδου"
"Χρειάζομαι έγγραφο που να αναφέρει τα όμορα οικόπεδα και τη διεύθυνσή τους.", "διεύθυνση_οικοπέδου"
"Πώς μπορώ να μάθω τον Ταχυδρομικό Κώδικα που αντιστοιχεί στη διεύθυνση του οικοπέδου;", "διεύθυνση_οικοπέδου"
"Υπάρχει διπλή αρίθμηση στον δρόμο μας και χάνεται η αλληλογραφία, τι να κάνω;", "διεύθυνση_οικοπέδου"
"Ποιος επιβαρύνεται με το κόστος της πινακίδας αρίθμησης του ακινήτου;", "διεύθυνση_οικοπέδου"
"Χρειάζομαι βεβαίωση από την τεχνική υπηρεσία για τη θέση του οικοπέδου στον χάρτη.", "διεύθυνση_οικοπέδου"
"Μπορώ να κάνω ένσταση για το όνομα που δόθηκε στον δρόμο μπροστά από το σπίτι μου;", "διεύθυνση_οικοπέδου"
"Πώς μπορώ να πάρω βεβαίωση ότι το οικόπεδο βρίσκεται εντός των ορίων του δήμου;", "διεύθυνση_οικοπέδου"

"Πού υποβάλλω αίτηση για έγκριση εισόδου – εξόδου;","είσοδος_έξοδος"
"Χρειάζεται σχέδιο για την έγκριση εισόδου/εξόδου;","είσοδος_έξοδος"
"Μπορώ να κάνω τη διαδικασία ψηφιακά;","είσοδος_έξοδος"
"Υπάρχει χρέωση για την αίτηση;","είσοδος_έξοδος"
"Ποια υπηρεσία εγκρίνει την είσοδο – έξοδο;","είσοδος_έξοδος"
"Ποια δικαιολογητικά απαιτούνται για έγκριση εισόδου – εξόδου οχήματος;","είσοδος_έξοδος"
"Πόσος χρόνος απαιτείται για την έκδοση έγκρισης εισόδου – εξόδου;","είσοδος_έξοδος"
"Μπορώ να αιτηθώ για είσοδο – έξοδο σε οικόπεδο χωρίς κτίσμα;","είσοδος_έξοδος"
"Σε ποιο τμήμα της Πολεοδομίας απευθύνομαι για είσοδο – έξοδο;","είσοδος_έξοδος"
"Είναι υποχρεωτική η άδεια εισόδου – εξόδου για όλες τις ιδιοκτησίες;","είσοδος_έξοδος"
"Πώς μπορώ να δηλώσω παράνομη είσοδο – έξοδο;","είσοδος_έξοδος"
"Υπάρχει τηλεφωνική εξυπηρέτηση για ερωτήσεις εισόδου – εξόδου;","είσοδος_έξοδος"
"Μπορώ να ζητήσω τροποποίηση υφιστάμενης εισόδου – εξόδου;","είσοδος_έξοδος"
"Ποια είναι η διαδικασία για άδεια διάνοιξης εισόδου – εξόδου;","είσοδος_έξοδος"
"Πού μπορώ να βρω το έντυπο αίτησης για είσοδο – έξοδο;","είσοδος_έξοδος"
"Χρειάζεται ραντεβού για την υποβολή της αίτησης εισόδου – εξόδου;","είσοδος_έξοδος"
"Πώς μπορώ να ενημερωθώ για την πορεία της αίτησης μου;","είσοδος_έξοδος"
"Είναι η έγκριση εισόδου – εξόδου απαραίτητη για την άδεια λειτουργίας;","είσοδος_έξοδος"
"Ποια είναι η νομοθεσία για τις εισόδους – εξόδους;","είσοδος_έξοδος"
"Μπορώ να ζητήσω προσωρινή έγκριση εισόδου – εξόδου για έργα;","είσοδος_έξοδος"
"Πού μπορώ να βρω πληροφορίες για τα τεχνικά χαρακτηριστικά εισόδων – εξόδων;","είσοδος_έξοδος"
"Υπάρχει ηλεκτρονικό πρωτόκολλο για αιτήσεις εισόδου – εξόδου;","είσοδος_έξοδος"
"Πώς μπορώ να υποβάλω ένσταση για απόρριψη αίτησης εισόδου – εξόδου;","είσοδος_έξοδος"
"Ποια είναι τα κριτήρια για την έγκριση εισόδου – εξόδου;","είσοδος_έξοδος"
"Τι γίνεται αν η είσοδος – έξοδος εμποδίζει την κυκλοφορία;","είσοδος_έξοδος"
"Ποια είναι η διάρκεια ισχύος μιας έγκρισης εισόδου – εξόδου;","είσοδος_έξοδος"
"Πού μπορώ να δηλώσω παραβίαση των όρων έγκρισης εισόδου – εξόδου;","είσοδος_έξοδος"
"Μπορώ να αιτηθώ για άδεια εισόδου – εξόδου για προσωρινή χρήση;","είσοδος_έξοδος"
"Χρειάζεται να ανανεώσω την έγκριση εισόδου – εξόδου σε τακτά χρονικά διαστήματα;","είσοδος_έξοδος"
"Ποιοι είναι οι τεχνικοί όροι για την κατασκευή εισόδου – εξόδου;","είσοδος_έξοδος"
"Πού μπορώ να βρω αποφάσεις για εγκρίσεις εισόδων – εξόδων;","είσοδος_έξοδος"
"Είναι η έγκριση εισόδου – εξόδου διαφορετική για επαγγελματικούς χώρους;","είσοδος_έξοδος"
"Πώς μπορώ να ζητήσω άδεια για ράμπα εισόδου – εξόδου σε πεζοδρόμιο;","είσοδος_έξοδος"
"Υπάρχει τηλεφωνική υποστήριξη για την αίτηση έγκρισης εισόδου – εξόδου;","είσοδος_έξοδος"
"Ποια είναι η διαδικασία για την άρση έγκρισης εισόδου – εξόδου;","είσοδος_έξοδος"
"Μπορώ να υποβάλω αίτηση για είσοδο – έξοδο σε οικόπεδο με κοινόχρηστο χώρο;","είσοδος_έξοδος"
"Χρειάζεται η υπογραφή όλων των συνιδιοκτητών για την αίτηση;","είσοδος_έξοδος"
"Πού μπορώ να βρω τα απαιτούμενα έντυπα για άδεια εισόδου – εξόδου;","είσοδος_έξοδος"
"Είναι η έγκριση εισόδου – εξόδου απαραίτητη για την πώληση ακινήτου;","είσοδος_έξοδος"
"Πώς μπορώ να ζητήσω αυτοψία για προβλήματα στην είσοδο – έξοδο;","είσοδος_έξοδος"
"Ποια είναι τα πρόστιμα για παράνομη είσοδο – έξοδο;","είσοδος_έξοδος"
"Μπορώ να ζητήσω συμβουλές από την Πολεοδομία για τη σχεδίαση εισόδου – εξόδου;","είσοδος_έξοδος"
"Υπάρχει ειδική άδεια για είσοδο – έξοδο βαρέων οχημάτων;","είσοδος_έξοδος"
"Πού μπορώ να αναφέρω εμπόδια στην πρόσβαση εισόδου – εξόδου;","είσοδος_έξοδος"
"Τι γίνεται αν η είσοδος – έξοδος βρίσκεται σε δρόμο μεγάλης κυκλοφορίας;","είσοδος_έξοδος"
"Πώς επηρεάζει η έγκριση εισόδου – εξόδου την αξία του ακινήτου;","είσοδος_έξοδος"
"Χρειάζεται να δηλώσω την ολοκλήρωση των εργασιών της εισόδου – εξόδου;","είσοδος_έξοδος"
"Ποιος ελέγχει την τήρηση των προδιαγραφών για τις εισόδους – εξόδους;","είσοδος_έξοδος"
"Μπορώ να αιτηθώ για άδεια εισόδου – εξόδου σε παραδοσιακό οικισμό;","είσοδος_έξοδος"
"Πού μπορώ να βρω το σχέδιο της πόλης με τις εγκεκριμένες εισόδους – εξόδους;","είσοδος_έξοδος"
"Πρέπει να βγάλω άδεια για να κάνω ένα νέο γκαράζ στο σπίτι μου;","είσοδος_έξοδος"
"Ο δήμος έχει κάποια φόρμα για την αίτηση μιας ράμπας στο πεζοδρόμιο;","είσοδος_έξοδος"
"Χρειάζεται να πάρω άδεια για να κάνω νέα είσοδο στο οικόπεδό μου;","είσοδος_έξοδος"
"Μπορώ να ζητήσω αποκατάσταση μιας εισόδου που έχει καταστραφεί;","είσοδος_έξοδος"
"Πώς μπορώ να δηλώσω μια παράνομη είσοδο που έχει φτιαχτεί σε μια ιδιοκτησία;","είσοδος_έξοδος"
"Η είσοδος στο σπίτι μου έχει πρόβλημα προσβασιμότητας, μπορώ να ζητήσω βοήθεια;","είσοδος_έξοδος"
"Χρειάζεται να πληρώσω για την άδεια για να κάνω μια νέα έξοδο από το οικόπεδό μου;","είσοδος_έξοδος"
"Πού μπορώ να βρω τους κανονισμούς για το πλάτος μιας εισόδου;","είσοδος_έξοδος"
"Θέλω να βάλω μια ράμπα στο πεζοδρόμιο για να μπαινοβγαίνει το αυτοκίνητό μου.","είσοδος_έξοδος"
"Ποιος είναι ο αρμόδιος φορέας για να εγκρίνει μια νέα είσοδο σε πολυκατοικία;","είσοδος_έξοδος"
"Μπορώ να ζητήσω άδεια για να κάνω μια προσωρινή είσοδο για ένα έργο;","είσοδος_έξοδος"
"Χρειάζεται η υπογραφή όλων των ιδιοκτητών για την αίτηση διάνοιξης εισόδου;","είσοδος_έξοδος"
"Ο γείτονας έκανε μια είσοδο χωρίς άδεια, πού μπορώ να το αναφέρω;","είσοδος_έξοδος"
"Πώς μπορώ να πάρω ένα έγγραφο που να αποδεικνύει την νομιμότητα της εισόδου μου;","είσοδος_έξοδος"
"Η είσοδος του μαγαζιού μου έχει πρόβλημα πρόσβασης, μπορώ να ζητήσω μια άδεια;","είσοδος_έξοδος"
"Πού μπορώ να βρω το κόστος για την άδεια διάνοιξης εισόδου;","είσοδος_έξοδος"
"Θέλω να αλλάξω το σημείο εισόδου στο οικόπεδό μου, τι πρέπει να κάνω;","είσοδος_έξοδος"
"Ποια είναι η διαδικασία για την αφαίρεση μιας παλιάς εισόδου;","είσοδος_έξοδος"
"Μπορώ να ζητήσω άδεια για είσοδο οχημάτων σε επαγγελματικό χώρο;","είσοδος_έξοδος"
"Χρειάζεται άδεια για να επεκτείνω την είσοδο του γκαράζ μου;","είσοδος_έξοδος"
"Πώς μπορώ να ελέγξω αν μια είσοδος είναι νόμιμη;","είσοδος_έξοδος"
"Ποια είναι η διαδικασία για την έκδοση άδειας εισόδου-εξόδου οχημάτων σε οικόπεδο;", "είσοδος_έξοδος"
"Χρειάζομαι άδεια υποβιβασμού κρασπέδου για να μπαίνει το αυτοκίνητο στο γκαράζ.", "είσοδος_έξοδος"
"Ποια δικαιολογητικά απαιτούνται για την έγκριση εισόδου-εξόδου σε κατάστημα;", "είσοδος_έξοδος"
"Θέλω να αιτηθώ τη δημιουργία ράμπας στο πεζοδρόμιο για την πρόσβαση στην πυλωτή.", "είσοδος_έξοδος"
"Ποιο είναι το επιτρεπόμενο πλάτος για μια είσοδο-έξοδο οχημάτων σε πολυκατοικία;", "είσοδος_έξοδος"
"Χρειάζομαι τεχνική έκθεση μηχανικού για την έγκριση εισόδου-εξόδου από την τεχνική υπηρεσία;", "είσοδος_έξοδος"
"Πού μπορώ να καταθέσω την αίτηση για τη σήμανση εισόδου-εξόδου με πινακίδα απαγόρευσης;", "είσοδος_έξοδος"
"Μπορώ να βγάλω άδεια εισόδου-εξόδου αν ο δρόμος μπροστά είναι μονόδρομος;", "είσοδος_έξοδος"
"Ποιο είναι το κόστος του παραβόλου για την άδεια υποβιβασμού της στάθμης του πεζοδρομίου;", "είσοδος_έξοδος"
"Υπάρχει δέντρο μπροστά από την προγραμματισμένη είσοδο-έξοδο, μπορεί να μεταφυτευτεί;", "είσοδος_έξοδος"
"Πόσος χρόνος απαιτείται για την αυτοψία από τον δήμο για έγκριση εισόδου οχημάτων;", "είσοδος_έξοδος"
"Τι απόσταση πρέπει να έχει η είσοδος-έξοδος από μια γειτονική διασταύρωση;", "είσοδος_έξοδος"
"Είναι απαραίτητη η συναίνεση των συνιδιοκτητών για τη δημιουργία νέας εισόδου-εξόδου;", "είσοδος_έξοδος"
"Πώς μπορώ να νομιμοποιήσω μια παλιά είσοδο-έξοδο που δεν έχει επίσημη άδεια;", "είσοδος_έξοδος"
"Ποια είναι η διαδικασία για την κατάργηση μιας εισόδου-εξόδου και την αποκατάσταση του κρασπέδου;", "είσοδος_έξοδος"
"Μπορώ να ζητήσω είσοδο-έξοδο για οικόπεδο που βρίσκεται σε επαρχιακή οδό;", "είσοδος_έξοδος"
"Χρειάζομαι βεβαίωση ότι η είσοδος-έξοδος της επιχείρησής μου πληροί τις προδιαγραφές.", "είσοδος_έξοδος"
"Ποιο τμήμα του δήμου ελέγχει αν η ράμπα εισόδου εμποδίζει τη διέλευση των πεζών;", "είσοδος_έξοδος"
"Επιτρέπεται η δημιουργία εισόδου-εξόδου αν υπάρχει στάση λεωφορείου ακριβώς μπροστά;", "είσοδος_έξοδος"
"Θέλω να αλλάξω τη θέση της υφιστάμενης εισόδου-εξόδου στο οικόπεδό μου.", "είσοδος_έξοδος"
"Ποια σήμανση είναι υποχρεωτική να τοποθετηθεί στο σημείο της εισόδου-εξόδου;", "είσοδος_έξοδος"
"Χρειάζομαι άδεια από την τροχαία ή μόνο από τον δήμο για την είσοδο-έξοδο;", "είσοδος_έξοδος"
"Πώς μπορώ να μάθω αν η αίτησή μου για υποβιβασμό κρασπέδου έχει εγκριθεί;", "είσοδος_έξοδος"
"Μπορώ να κατασκευάσω ο ίδιος τη ράμπα ή πρέπει να το κάνει συνεργείο του δήμου;", "είσοδος_έξοδος"
"Ποιες είναι οι τεχνικές προδιαγραφές για την κλίση της ράμπας στην είσοδο-έξοδο;", "είσοδος_έξοδος"
"Υπάρχει περιορισμός στον αριθμό των εισόδων-εξόδων που μπορεί να έχει ένα κτίριο;", "είσοδος_έξοδος"
"Πώς μπορώ να διαμαρτυρηθώ για μια παράνομη είσοδο-έξοδο που κλείνει θέσεις πάρκινγκ;", "είσοδος_έξοδος"
"Χρειάζομαι αντίγραφο της απόφασης της επιτροπής ποιότητας ζωής για την είσοδο-έξοδο.", "είσοδος_έξοδος"
"Είναι δυνατή η είσοδος-έξοδος οχημάτων βαρέος τύπου σε αστικό δρόμο;", "είσοδος_έξοδος"

"Πώς κάνω αίτηση για ακίνητο εκτός σχεδίου;","εκτός_σχεδίου"
"Χρειάζομαι έγκριση δόμησης για εκτός σχεδίου οικόπεδο.","εκτός_σχεδίου"
"Ποια είναι τα δικαιολογητικά για εκτός σχεδίου;","εκτός_σχεδίου"
"Γίνεται μέσω TAXISnet η αίτηση για εκτός σχεδίου;","εκτός_σχεδίου"
"Ποιος εγκρίνει τα εκτός σχεδίου αιτήματα;","εκτός_σχεδίου"
"Ποια είναι τα πρόστιμα για αυθαίρετη δόμηση σε εκτός σχεδίου;","εκτός_σχεδίου"
"Μπορώ να αναπτύξω τουριστική μονάδα σε εκτός σχεδίου οικόπεδο;","εκτός_σχεδίου"
"Πώς μπορώ να εξασφαλίσω πρόσβαση σε εκτός σχεδίου ιδιοκτησία;","εκτός_σχεδίου"
"Υπάρχουν ειδικές ρυθμίσεις για εκτός σχεδίου σε νησιά;","εκτός_σχεδίου"
"Ποια είναι η διαδικασία ένταξης εκτός σχεδίου σε πολεοδομικό σχέδιο;","εκτός_σχεδίου"
"Τι γίνεται με την κτηματογράφηση ακινήτων εκτός σχεδίου;","εκτός_σχεδίου"
"Πού μπορώ να βρω αποφάσεις ΣΥΠΟΘΑ για εκτός σχεδίου οικοδομές;","εκτός_σχεδίου"
"Χρειάζεται γνωμοδότηση δασαρχείου για εκτός σχεδίου αγροτεμάχιο;","εκτός_σχεδίου"
"Είναι η αγορά εκτός σχεδίου ακινήτου ρίσκο;","εκτός_σχεδίου"
"Πώς μπορώ να αμφισβητήσω τον χαρακτηρισμό ενός οικοπέδου ως εκτός σχεδίου;","εκτός_σχεδίου"
"Ποιες είναι οι χρήσεις γης που επιτρέπονται σε εκτός σχεδίου;","εκτός_σχεδίου"
"Μπορώ να μεταβιβάσω εκτός σχεδίου οικόπεδο χωρίς ρεύμα ή νερό;","εκτός_σχεδίου"
"Πώς μπορώ να ελέγξω αν ένα εκτός σχεδίου έχει άδεια;","εκτός_σχεδίου"
"Υπάρχει πλατφόρμα για την υποβολή ενστάσεων για εκτός σχεδίου;","εκτός_σχεδίου"
"Ποιος είναι ο χρόνος ισχύος μιας οικοδομικής άδειας εκτός σχεδίου;","εκτός_σχεδίου"
"Τι προβλέπεται για την πυροπροστασία σε εκτός σχεδίου ακίνητα;","εκτός_σχεδίου"
"Πού μπορώ να ζητήσω πληροφορίες για την οριοθέτηση ρεμάτων σε εκτός σχεδίου;","εκτός_σχεδίου"
"Είναι η απόσταση από ακτή κρίσιμη για εκτός σχεδίου;","εκτός_σχεδίου"
"Πώς μπορώ να διεκδικήσω αποζημίωση για απαλλοτρίωση εκτός σχεδίου;","εκτός_σχεδίου"
"Πού μπορώ να βρω σχέδια αναδασμού που επηρεάζουν εκτός σχεδίου;","εκτός_σχεδίου"
"Ποια είναι τα πολεοδομικά όρια για εκτός σχεδίου;","εκτός_σχεδίου"
"Μπορώ να εκδώσω άδεια λειτουργίας σε εκτός σχεδίου επιχείρηση;","εκτός_σχεδίου"
"Πώς επηρεάζει η γειτνίαση με δάσος ένα εκτός σχεδίου;","εκτός_σχεδίου"
"Υπάρχουν προγράμματα επιδότησης για εκτός σχεδίου ανάπτυξη;","εκτός_σχεδίου"
"Ποιος είναι ο φόρος μεταβίβασης για εκτός σχεδίου ακίνητα;","εκτός_σχεδίου"
"Τι γίνεται με την έκδοση οικοδομικής άδειας σε εκτός σχεδίου με δουλεία;","εκτός_σχεδίου"
"Πού μπορώ να βρω πληροφορίες για την άρδευση σε εκτός σχεδίου αγροτεμάχια;","εκτός_σχεδίου"
"Είναι η αποζημίωση για εκτός σχεδίου απαλλοτρίωση διαφορετική;","εκτός_σχεδίου"
"Πώς μπορώ να ελέγξω την αρτιότητα ενός εκτός σχεδίου οικοπέδου;","εκτός_σχεδίου"
"Υπάρχει περίπτωση να αλλάξει ο χαρακτηρισμός εκτός σχεδίου;","εκτός_σχεδίου"
"Ποιος είναι ο ρόλος του Δήμου στην αδειοδότηση εκτός σχεδίου;","εκτός_σχεδίου"
"Μπορώ να αιτηθώ για σύνδεση με αποχέτευση σε εκτός σχεδίου;","εκτός_σχεδίου"
"Πού μπορώ να βρω ειδικές διατάξεις για εκτός σχεδίου περιοχές;","εκτός_σχεδίου"
"Χρειάζεται περιβαλλοντική μελέτη για εκτός σχεδίου έργα;","εκτός_σχεδίου"
"Είναι η αγορά αγροτεμαχίου εκτός σχεδίου ασφαλής;","εκτός_σχεδίου"
"Πώς μπορώ να λάβω πληροφορίες για τις γραμμές δόμησης εκτός σχεδίου;","εκτός_σχεδίου"
"Υπάρχει κεντρική βάση δεδομένων για όλα τα εκτός σχεδίου;","εκτός_σχεδίου"
"Πού μπορώ να αναφέρω καταπάτηση σε εκτός σχεδίου ιδιοκτησία;","εκτός_σχεδίου"
"Τι γίνεται με τις προσόψεις κτιρίων σε εκτός σχεδίου;","εκτός_σχεδίου"
"Πώς μπορώ να αξιοποιήσω ένα οικόπεδο εκτός σχεδίου για φωτοβολταϊκά;","εκτός_σχεδίου"
"Θέλω να χτίσω σε ένα χωράφι, αλλά δεν ξέρω τι άδεια χρειάζομαι.","εκτός_σχεδίου"
"Πρέπει να πάρω έγκριση για να βάλω ρεύμα σε οικόπεδο εκτός σχεδίου;","εκτός_σχεδίου"
"Πώς μπορώ να ελέγξω αν ο δρόμος που περνάει από το αγροτεμάχιό μου είναι νόμιμος;","εκτός_σχεδίου"
"Ο δήμος έχει κάποιο σχέδιο για την επέκταση του σχεδίου πόλης στην περιοχή μου;","εκτός_σχεδίου"
"Χρειάζεται να πληρώσω πρόστιμο για ένα κτίσμα που έφτιαξα σε οικόπεδο εκτός σχεδίου;","εκτός_σχεδίου"
"Θέλω να βγάλω οικοδομική άδεια για ένα οικόπεδο που αγόρασα, αλλά είναι εκτός σχεδίου.","εκτός_σχεδίου"
"Μπορώ να κάνω αίτηση για αλλαγή χρήσης γης σε ένα εκτός σχεδίου ακίνητο;","εκτός_σχεδίου"
"Πώς μπορώ να μάθω τους όρους δόμησης που ισχύουν για ένα εκτός σχεδίου οικόπεδο;","εκτός_σχεδίου"
"Πρέπει να καταθέσω κάποιο έγγραφο για να αποδείξω ότι το οικόπεδό μου δεν είναι δάσος;","εκτός_σχεδίου"
"Υπάρχει κάποιος τρόπος να κάνω αίτηση για να ενταχθεί το ακίνητό μου στο σχέδιο πόλης;","εκτός_σχεδίου"
"Χρειάζεται να έχω πρόσβαση σε δρόμο για να χτίσω σε εκτός σχεδίου οικόπεδο;","εκτός_σχεδίου"
"Πώς μπορώ να βρω πληροφορίες για τις απαγορεύσεις δόμησης σε εκτός σχεδίου περιοχές;","εκτός_σχεδίου"
"Θέλω να βάλω ένα κοντέινερ στο οικόπεδό μου, χρειάζεται άδεια;","εκτός_σχεδίου"
"Πώς μπορώ να ελέγξω αν ένα οικόπεδο εκτός σχεδίου είναι άρτιο και οικοδομήσιμο;","εκτός_σχεδίου"
"Μπορώ να αιτηθώ για σύνδεση με νερό σε ένα οικόπεδο εκτός σχεδίου;","εκτός_σχεδίου"
"Χρειάζεται η υπογραφή όλων των συνιδιοκτητών για να κάνω αίτηση για άδεια;","εκτός_σχεδίου"
"Θέλω να μάθω ποιοι είναι οι περιορισμοί ύψους για ένα κτίσμα σε εκτός σχεδίου περιοχή.","εκτός_σχεδίου"
"Πού μπορώ να βρω το ΦΕΚ που ορίζει τους όρους δόμησης για εκτός σχεδίου;","εκτός_σχεδίου"
"Πώς μπορώ να κάνω μια καταγγελία για αυθαίρετη κατασκευή σε εκτός σχεδίου περιοχή;","εκτός_σχεδίου"
"Είναι η αγορά ενός εκτός σχεδίου οικοπέδου πιο ριψοκίνδυνη από ένα εντός σχεδίου;","εκτός_σχεδίου"
"Ποιες είναι οι βασικές διαφορές δόμησης μεταξύ εκτός και εντός σχεδίου;","εκτός_σχεδίου"
"Μπορώ να τοποθετήσω ανεμογεννήτρια σε εκτός σχεδίου έκταση;","εκτός_σχεδίου"
"Τι σημαίνει 'παρέκκλιση αρτιότητας' για εκτός σχεδίου αγροτεμάχιο;","εκτός_σχεδίου"
"Μπορώ να κάνω αλλαγή κατηγορίας σε οίκημα που βρίσκεται εκτός σχεδίου;","εκτός_σχεδίου"
"Τι ισχύει για τις βοηθητικές κατασκευές (π.χ. σκέπαστρο) σε εκτός σχεδίου;","εκτός_σχεδίου"
"Ποιοι είναι οι όροι δόμησης για ένα οικόπεδο που βρίσκεται εκτός σχεδίου πόλεως;", "εκτός_σχεδίου"
"Χρειάζομαι βεβαίωση ότι το αγροτεμάχιο είναι άρτιο και οικοδομήσιμο κατά παρέκκλιση.", "εκτός_σχεδίου"
"Ποια είναι η ελάχιστη επιφάνεια για να χτίσει κανείς σε περιοχή εκτός σχεδίου;", "εκτός_σχεδίου"
"Επιτρέπεται η ανέγερση αγροτικής αποθήκης σε οικόπεδο εκτός σχεδίου;", "εκτός_σχεδίου"
"Πώς μπορώ να μάθω αν το ακίνητό μου εμπίπτει σε ζώνη οικιστικού ελέγχου (ΖΟΕ);", "εκτός_σχεδίου"
"Χρειάζομαι βεβαίωση από την πολεοδομία για την απόσταση του οικοπέδου από τη θάλασσα.", "εκτός_σχεδίου"
"Ποιες είναι οι αποστάσεις από τα όρια που πρέπει να τηρηθούν σε εκτός σχεδίου δόμηση;", "εκτός_σχεδίου"
"Υπάρχει περιορισμός στο ύψος των κτιρίων για τις περιοχές εκτός σχεδίου;", "εκτός_σχεδίου"
"Πώς μπορώ να εκδώσω άδεια περίφραξης για ένα αγροτεμάχιο εκτός σχεδίου;", "εκτός_σχεδίου"
"Είναι δυνατή η σύνδεση με το δίκτυο ύδρευσης για ακίνητο που είναι εκτός σχεδίου;", "εκτός_σχεδίου"
"Ποια δικαιολογητικά απαιτούνται για την κατά παρέκκλιση δόμηση σε μικρά οικόπεδα;", "εκτός_σχεδίου"
"Πώς μπορώ να μάθω αν το οικόπεδό μου έχει πρόσωπο σε χαρακτηρισμένη κοινόχρηστη οδό;", "εκτός_σχεδίου"
"Χρειάζομαι βεβαίωση ότι το οικόπεδο δεν βρίσκεται σε δασική έκταση.", "εκτός_σχεδίου"
"Ποιο είναι το μέγιστο ποσοστό κάλυψης για τουριστική εγκατάσταση εκτός σχεδίου;", "εκτός_σχεδίου"
"Μπορώ να τοποθετήσω τροχοβίλα σε αγροτεμάχιο εκτός σχεδίου χωρίς άδεια;", "εκτός_σχεδίου"
"Ποιες είναι οι προϋποθέσεις για την κατάτμηση ενός αγροτεμαχίου εκτός σχεδίου;", "εκτός_σχεδίου"
"Χρειάζομαι έγγραφο από τον δήμο για τον χαρακτηρισμό του δρόμου ως αγροτικού.", "εκτός_σχεδίου"
"Υπάρχει δέσμευση του οικοπέδου λόγω μελλοντικής επέκτασης του σχεδίου πόλεως;", "εκτός_σχεδίου"
"Πώς μπορώ να βγάλω άδεια για τοποθέτηση φωτοβολταϊκών σε χωράφι εκτός σχεδίου;", "εκτός_σχεδίου"
"Ποια είναι η διαδικασία για την αναγνώριση οδού ως προϋφιστάμενης του 1923;", "εκτός_σχεδίου"
"Επιτρέπεται η αλλαγή χρήσης από αγροτική σε επαγγελματική σε εκτός σχεδίου περιοχή;", "εκτός_σχεδίου"
"Χρειάζομαι βεβαίωση χρήσης γης για το οικόπεδό μου που είναι εκτός οικισμού.", "εκτός_σχεδίου"
"Ποιο τμήμα του δήμου είναι αρμόδιο για τις εισφορές σε γη και χρήμα εκτός σχεδίου;", "εκτός_σχεδίου"
"Πώς μπορώ να μάθω αν το οικόπεδο βρίσκεται εντός ζώνης 500 μέτρων από το σχέδιο;", "εκτός_σχεδίου"
"Υπάρχουν ειδικοί περιορισμοί δόμησης λόγω αρχαιολογικής ζώνης στην περιοχή;", "εκτός_σχεδίου"
"Ποια είναι η διαδικασία για την έγκριση εγκατάστασης βιοτεχνίας εκτός σχεδίου;", "εκτός_σχεδίου"
"Μπορώ να ζητήσω την ένταξη του οικοπέδου μου στο νέο πολεοδομικό σχέδιο;", "εκτός_σχεδίου"
"Χρειάζομαι βεβαίωση οριοθέτησης ρέματος για το αγροτεμάχιο που θέλω να χτίσω.", "εκτός_σχεδίου"
"Ποιοι είναι οι περιορισμοί για τη δόμηση κατοικίας σε εκτός σχεδίου περιοχή Natura;", "εκτός_σχεδίου"
"Πώς μπορώ να λάβω αντίγραφο των όρων δόμησης για την εκτός σχεδίου περιοχή μου;", "εκτός_σχεδίου"

"Πού ζητάω βεβαίωση παλαιότητας κτίσματος;","παλαιότητα_κτίσματος"
"Χρειάζομαι το έγγραφο για μεταβίβαση ακινήτου.","παλαιότητα_κτίσματος"
"Γίνεται η διαδικασία μέσω TAXISnet;","παλαιότητα_κτίσματος"
"Ποια στοιχεία απαιτούνται για την παλαιότητα;","παλαιότητα_κτίσματος"
"Σε ποιο τμήμα ανήκει το αίτημα για παλαιότητα;","παλαιότητα_κτίσματος"
"Πώς μπορώ να αποδείξω την παλαιότητα ενός κτίσματος χωρίς οικοδομική άδεια;","παλαιότητα_κτίσματος"
"Υπάρχει ηλεκτρονική αίτηση για βεβαίωση παλαιότητας;","παλαιότητα_κτίσματος"
"Μπορώ να χρησιμοποιήσω αεροφωτογραφίες ως αποδεικτικό παλαιότητας;","παλαιότητα_κτίσματος"
"Ποιος ελέγχει την ακρίβεια των στοιχείων για την παλαιότητα;","παλαιότητα_κτίσματος"
"Τι γίνεται αν η χρονολογία κατασκευής δεν αναγράφεται πουθενά;","παλαιότητα_κτίσματος"
"Πού μπορώ να βρω αρχεία παλαιότητας κτισμάτων από το Δήμο;","παλαιότητα_κτίσματος"
"Είναι η βεβαίωση παλαιότητας απαραίτητη για τη ρύθμιση αυθαιρέτου;","παλαιότητα_κτίσματος"
"Πώς μπορώ να διορθώσω λανθασμένη παλαιότητα σε έγγραφο;","παλαιότητα_κτίσματος"
"Υπάρχουν εναλλακτικοί τρόποι απόδειξης παλαιότητας;","παλαιότητα_κτίσματος"
"Ποια είναι η διαδικασία για την απόδειξη παλαιότητας πριν το 1955;","παλαιότητα_κτίσματος"
"Μπορώ να ζητήσω βεβαίωση παλαιότητας για κτίσμα που έχει κατεδαφιστεί;","παλαιότητα_κτίσματος"
"Πού μπορώ να απευθυνθώ για τεχνική γνωμοδότηση περί παλαιότητας;","παλαιότητα_κτίσματος"
"Χρειάζεται συμβολαιογραφική πράξη για την απόδειξη παλαιότητας;","παλαιότητα_κτίσματος"
"Είναι η βεβαίωση παλαιότητας απαραίτητη για κληρονομική διαδοχή;","παλαιότητα_κτίσματος"
"Πώς μπορώ να επιταχύνω την έκδοση βεβαίωσης παλαιότητας;","παλαιότητα_κτίσματος"
"Ποια είναι η διάρκεια ισχύος της βεβαίωσης παλαιότητας;","παλαιότητα_κτίσματος"
"Μπορώ να υποβάλω αίτηση για παλαιότητα αν δεν είμαι ιδιοκτήτης;","παλαιότητα_κτίσματος"
"Πού μπορώ να βρω πρότυπα αιτήσεων για βεβαίωση παλαιότητας;","παλαιότητα_κτίσματος"
"Τι γίνεται αν η Πολεοδομία δεν μπορεί να βεβαιώσει την παλαιότητα;","παλαιότητα_κτίσματος"
"Πώς επηρεάζει η παλαιότητα ενός κτίσματος την αντικειμενική του αξία;","παλαιότητα_κτίσματος"
"Πού ζητάω βεβαίωση παλαιότητας κτίσματος;","παλαιότητα_κτίσματος"
"Χρειάζομαι το έγγραφο για μεταβίβαση ακινήτου.","παλαιότητα_κτίσματος"
"Γίνεται η διαδικασία μέσω TAXISnet;","παλαιότητα_κτίσματος"
"Ποια στοιχεία απαιτούνται για την παλαιότητα;","παλαιότητα_κτίσματος"
"Σε ποιο τμήμα ανήκει το αίτημα για παλαιότητα;","παλαιότητα_κτίσματος"
"Πώς μπορώ να αποδείξω την παλαιότητα ενός κτίσματος χωρίς οικοδομική άδεια;","παλαιότητα_κτίσματος"
"Υπάρχει ηλεκτρονική αίτηση για βεβαίωση παλαιότητας;","παλαιότητα_κτίσματος"
"Μπορώ να χρησιμοποιήσω αεροφωτογραφίες ως αποδεικτικό παλαιότητας;","παλαιότητα_κτίσματος"
"Ποιος ελέγχει την ακρίβεια των στοιχείων για την παλαιότητα;","παλαιότητα_κτίσματος"
"Τι γίνεται αν η χρονολογία κατασκευής δεν αναγράφεται πουθενά;","παλαιότητα_κτίσματος"
"Πού μπορώ να βρω αρχεία παλαιότητας κτισμάτων από το Δήμο;","παλαιότητα_κτίσματος"
"Είναι η βεβαίωση παλαιότητας απαραίτητη για τη ρύθμιση αυθαιρέτου;","παλαιότητα_κτίσματος"
"Πώς μπορώ να διορθώσω λανθασμένη παλαιότητα σε έγγραφο;","παλαιότητα_κτίσματος"
"Υπάρχουν εναλλακτικοί τρόποι απόδειξης παλαιότητας;","παλαιότητα_κτίσματος"
"Ποια είναι η διαδικασία για την απόδειξη παλαιότητας πριν το 1955;","παλαιότητα_κτίσματος"
"Μπορώ να ζητήσω βεβαίωση παλαιότητας για κτίσμα που έχει κατεδαφιστεί;","παλαιότητα_κτίσματος"
"Πού μπορώ να απευθυνθώ για τεχνική γνωμοδότηση περί παλαιότητας;","παλαιότητα_κτίσματος"
"Χρειάζεται συμβολαιογραφική πράξη για την απόδειξη παλαιότητας;","παλαιότητα_κτίσματος"
"Είναι η βεβαίωση παλαιότητας απαραίτητη για κληρονομική διαδοχή;","παλαιότητα_κτίσματος"
"Πώς μπορώ να επιταχύνω την έκδοση βεβαίωσης παλαιότητας;","παλαιότητα_κτίσματος"
"Ποια είναι η διάρκεια ισχύος της βεβαίωσης παλαιότητας;","παλαιότητα_κτίσματος"
"Μπορώ να υποβάλω αίτηση για παλαιότητα αν δεν είμαι ιδιοκτήτης;","παλαιότητα_κτίσματος"
"Πού μπορώ να βρω πρότυπα αιτήσεων για βεβαίωση παλαιότητας;","παλαιότητα_κτίσματος"
"Τι γίνεται αν η Πολεοδομία δεν μπορεί να βεβαιώσει την παλαιότητα;","παλαιότητα_κτίσματος"
"Πώς επηρεάζει η παλαιότητα ενός κτίσματος την αντικειμενική του αξία;","παλαιότητα_κτίσματος"
"Πού μπορώ να βρω εγκυκλίους για την απόδειξη παλαιότητας;","παλαιότητα_κτίσματος"
"Είναι η βεβαίωση παλαιότητας απαραίτητη για σύνδεση με φυσικό αέριο;","παλαιότητα_κτίσματος"
"Πώς μπορώ να αντλήσω στοιχεία παλαιότητας από την Εφορία;","παλαιότητα_κτίσματος"
"Υπάρχουν ειδικές ρυθμίσεις για βεβαίωση παλαιότητας σε ιστορικά κτίρια;","παλαιότητα_κτίσματος"
"Ποιος είναι ο ρόλος του μηχανικού στην απόδειξη παλαιότητας;","παλαιότητα_κτίσματος"
"Μπορώ να αιτηθώ για βεβαίωση παλαιότητας για τμήμα κτίσματος;","παλαιότητα_κτίσματος"
"Πού μπορώ να ζητήσω αντίγραφα παλιών οικοδομικών αδειών για παλαιότητα;","παλαιότητα_κτίσματος"
"Χρειάζεται ενεργειακό πιστοποιητικό για τη βεβαίωση παλαιότητας;","παλαιότητα_κτίσματος"
"Είναι η βεβαίωση παλαιότητας απαραίτητη για ανακαίνιση;","παλαιότητα_κτίσματος"
"Πώς μπορώ να λάβω βεβαίωση παλαιότητας για κτίσμα σε αγροτεμάχιο;","παλαιότητα_κτίσματος"
"Υπάρχει ενιαία βάση δεδομένων για την παλαιότητα κτισμάτων;","παλαιότητα_κτίσματος"
"Πού μπορώ να υποβάλω παράπονο για καθυστέρηση έκδοσης βεβαίωσης παλαιότητας;","παλαιότητα_κτίσματος"
"Τι γίνεται αν η παλαιότητα επηρεάζει την ασφάλιση του ακινήτου;","παλαιότητα_κτίσματος"
"Πώς μπορώ να εκτυπώσω μια βεβαίωση παλαιότητας από την πλατφόρμα;","παλαιότητα_κτίσματος"
"Ποια είναι η διαδικασία για την ακύρωση βεβαίωσης παλαιότητας;","παλαιότητα_κτίσματος"
"Μπορώ να ζητήσω βεβαίωση παλαιότητας για κοινόχρηστους χώρους;","παλαιότητα_κτίσματος"
"Πού μπορώ να βρω νομικές συμβουλές για την απόδειξη παλαιότητας;","παλαιότητα_κτίσματος"
"Χρειάζεται έλεγχος στατικών για τη βεβαίωση παλαιότητας;","παλαιότητα_κτίσματος"
"Είναι η παλαιότητα κρίσιμη για τη φορολογική αξία;","παλαιότητα_κτίσματος"
"Πώς μπορώ να λάβω βεβαίωση παλαιότητας για κτίσμα σε κληροτεμάχιο;","παλαιότητα_κτίσματος"
"Ποια είναι η διαδικασία για την έκδοση βεβαίωσης παλαιότητας ενός κτίσματος;","παλαιότητα_κτίσματος"
"Χρειάζομαι έγγραφο που να αποδεικνύει ότι το σπίτι κατασκευάστηκε πριν το 1955.","παλαιότητα_κτίσματος"
"Ποια δικαιολογητικά απαιτούνται για την πιστοποίηση της ηλικίας του ακινήτου;","παλαιότητα_κτίσματος"
"Μπορώ να χρησιμοποιήσω λογαριασμό της ΔΕΗ ως αποδεικτικό παλαιότητας;","παλαιότητα_κτίσματος"
"Πού μπορώ να βρω την αρχική άδεια οικοδομής για να φανεί το έτος κατασκευής;","παλαιότητα_κτίσματος"
"Χρειάζομαι βεβαίωση παλαιότητας για τη μεταβίβαση του ακινήτου στον γιο μου.","παλαιότητα_κτίσματος"
"Είναι επαρκές το συμβόλαιο αγοράς του 1970 για την απόδειξη της παλαιότητας;","παλαιότητα_κτίσματος"
"Πώς μπορώ να ζητήσω αντίγραφο από το αρχείο της πολεοδομίας για παλιό κτίσμα;","παλαιότητα_κτίσματος"
"Ποιο τμήμα του δήμου εκδίδει τη βεβαίωση για την ηλικία των κατασκευών;","παλαιότητα_κτίσματος"
"Χρειάζομαι αποδεικτικό παλαιότητας για την τακτοποίηση αυθαιρέτου με τον νόμο.","παλαιότητα_κτίσματος"
"Μπορεί ο δήμος να βεβαιώσει την παλαιότητα βάσει των αεροφωτογραφιών;","παλαιότητα_κτίσματος"
"Θέλω να μάθω αν το κτίσμα μου θεωρείται προϋφιστάμενο του 1923.","παλαιότητα_κτίσματος"
"Ποιο είναι το κόστος του παραβόλου για την έκδοση βεβαίωσης παλαιότητας;","παλαιότητα_κτίσματος"
"Χρειάζομαι τη βεβαίωση παλαιότητας για να την καταθέσω στο Κτηματολόγιο.","παλαιότητα_κτίσματος"
"Πώς μπορώ να αποδείξω την παλαιότητα αν έχει χαθεί ο φάκελος της οικοδομής;","παλαιότητα_κτίσματος"
"Είναι απαραίτητη η αυτοψία από μηχανικό του δήμου για τη βεβαίωση παλαιότητας;","παλαιότητα_κτίσματος"
"Πόσο χρόνο διαρκεί η έρευνα στα αρχεία για τον εντοπισμό της ηλικίας του κτιρίου;","παλαιότητα_κτίσματος"
"Μπορώ να πάρω βεβαίωση παλαιότητας για ένα βοηθητικό κτίσμα στην αυλή;","παλαιότητα_κτίσματος"
"Ποια είναι η διαφορά μεταξύ βεβαίωσης παλαιότητας και πιστοποιητικού νομιμότητας;","παλαιότητα_κτίσματος"
"Χρειάζομαι έγγραφο που να αναφέρει το ακριβές έτος αποπεράτωσης της οικοδομής.","παλαιότητα_κτίσματος"
"Πώς μπορώ να βρω παλιές αεροφωτογραφίες που διαθέτει ο δήμος για το οικόπεδό μου;","παλαιότητα_κτίσματος"
"Θέλω να αιτηθώ βεβαίωση παλαιότητας για χρήση σε δικαστική υπόθεση.","παλαιότητα_κτίσματος"
"Είναι η βεβαίωση παλαιότητας απαραίτητη για τη σύνδεση με το δίκτυο αποχέτευσης;","παλαιότητα_κτίσματος"
"Πώς μπορώ να διορθώσω το έτος κατασκευής στην καρτέλα του ακινήτου στον δήμο;","παλαιότητα_κτίσματος"
"Χρειάζομαι αποδεικτικό παλαιότητας για την απαλλαγή από συγκεκριμένους φόρους.","παλαιότητα_κτίσματος"
"Ποιες μαρτυρίες ή έγγραφα γίνονται δεκτά ως συμπληρωματικά στοιχεία παλαιότητας;","παλαιότητα_κτίσματος"
"Μπορώ να ζητήσω βεβαίωση παλαιότητας για ένα κτίριο που έχει χαρακτηριστεί διατηρητέο;","παλαιότητα_κτίσματος"
"Πού υποβάλλεται η ένσταση αν η υπηρεσία δεν δέχεται τα στοιχεία παλαιότητας;","παλαιότητα_κτίσματος"
"Χρειάζομαι βεβαίωση παλαιότητας για την ένταξη του κτιρίου στο πρόγραμμα Εξοικονομώ.","παλαιότητα_κτίσματος"
"Ποια είναι η διαδικασία για την πιστοποίηση παλαιότητας σε κτίσματα χωρίς άδεια;","παλαιότητα_κτίσματος"

"Θέλω έγγραφο για παλαιότητα κτίσματος προ 1955.","παλαιότητα_1955"
"Πού κάνω αίτηση για κτίσμα προ 1955;","παλαιότητα_1955"
"Ποια υπηρεσία δίνει βεβαίωση για τόσο παλιό κτίριο;","παλαιότητα_1955"
"Χρειάζομαι την παλαιότητα για τακτοποίηση αυθαιρέτου.","παλαιότητα_1955"
"Γίνεται ηλεκτρονικά η διαδικασία για το 1955;","παλαιότητα_1955"
"Ποια αρχεία αποδεικνύουν την παλαιότητα προ του 1955;","παλαιότητα_1955"
"Υπάρχει ειδική φόρμα αίτησης για κτίσμα προ 1955;","παλαιότητα_1955"
"Πόσος χρόνος χρειάζεται για να εκδοθεί βεβαίωση παλαιότητας προ 1955;","παλαιότητα_1955"
"Μπορώ να χρησιμοποιήσω αεροφωτογραφίες του '50 ως απόδειξη;","παλαιότητα_1955"
"Σε ποια Διεύθυνση Πολεοδομίας απευθύνομαι για παλαιότητα προ 1955;","παλαιότητα_1955"
"Είναι απαραίτητη η αυτοψία μηχανικού για κτίρια προ '55;","παλαιότητα_1955"
"Ποιοι άλλοι τρόποι απόδειξης παλαιότητας υπάρχουν για το 1955;","παλαιότητα_1955"
"Χρειάζεται ενεργειακό πιστοποιητικό για κτίσμα προ '55;","παλαιότητα_1955"
"Πώς μπορώ να διορθώσω λανθασμένη χρονολογία σε βεβαίωση προ 1955;","παλαιότητα_1955"
"Τι γίνεται αν δεν υπάρχουν καθόλου στοιχεία για κτίσμα προ 1955;","παλαιότητα_1955"
"Πού μπορώ να βρω παλιά πολεοδομικά διατάγματα για κτίρια προ 1955;","παλαιότητα_1955"
"Είναι η παλαιότητα προ 1955 κρίσιμη για κάθε μεταβίβαση;","παλαιότητα_1955"
"Πού μπορώ να βρω την νομοθεσία για τα κτίρια προ '55;","παλαιότητα_1955"
"Μπορώ να ζητήσω βεβαίωση παλαιότητας προ 1955 μέσω ΚΕΠ;","παλαιότητα_1955"
"Ποιος είναι ο ρόλος του Κτηματολογίου στην απόδειξη παλαιότητας προ 1955;","παλαιότητα_1955"
"Χρειάζεται συμβολαιογραφική δήλωση για κτίριο προ '55;","παλαιότητα_1955"
"Πώς μπορώ να επιταχύνω την έκδοση βεβαίωσης παλαιότητας προ 1955;","παλαιότητα_1955"
"Τι προβλέπεται για πρόστιμα σε αυθαίρετα προ 1955;","παλαιότητα_1955"
"Πού μπορώ να ζητήσω αντίγραφα παλιών οικοδομικών αδειών προ 1955;","παλαιότητα_1955"
"Είναι η βεβαίωση παλαιότητας προ 1955 απαραίτητη για δάνειο;","παλαιότητα_1955"
"Πώς μπορώ να αποδείξω την παλαιότητα τμήματος κτίσματος προ 1955;","παλαιότητα_1955"
"Υπάρχουν ειδικές εκπτώσεις για κτίρια προ '55 σε ΕΝΦΙΑ;","παλαιότητα_1955"
"Πού μπορώ να βρω εγκυκλίους που αφορούν κτίσματα προ 1955;","παλαιότητα_1955"
"Μπορώ να ζητήσω βεβαίωση παλαιότητας προ 1955 για κτίριο που έχει καεί;","παλαιότητα_1955"
"Ποια είναι η διαδικασία για την ένταξη κτίσματος προ 1955 σε πρόγραμμα αναπαλαίωσης;","παλαιότητα_1955"
"Χρειάζεται έλεγχος στατικής επάρκειας για κτίριο προ 1955;","παλαιότητα_1955"
"Πού μπορώ να βρω λίστα με διατηρητέα κτίρια προ 1955;","παλαιότητα_1955"
"Είναι η παλαιότητα προ 1955 καθοριστική για την άδεια λειτουργίας επιχείρησης;","παλαιότητα_1955"
"Πώς μπορώ να αντλήσω στοιχεία παλαιότητας προ 1955 από την Εφορία;","παλαιότητα_1955"
"Υπάρχει ειδικό καθεστώς για κτίρια προ 1955 σε παραδοσιακούς οικισμούς;","παλαιότητα_1955"
"Πού μπορώ να υποβάλω ένσταση για απόρριψη αίτησης παλαιότητας προ 1955;","παλαιότητα_1955"
"Τι γίνεται αν το κτίσμα προ 1955 δεν είναι δηλωμένο στο Υποθηκοφυλακείο;","παλαιότητα_1955"
"Πώς μπορώ να λάβω πληροφορίες για παλιά οικοδομικά τετράγωνα προ 1955;","παλαιότητα_1955"
"Είναι η παλαιότητα προ 1955 απαραίτητη για σύνδεση με φυσικό αέριο;","παλαιότητα_1955"
"Πού μπορώ να βρω αποφάσεις ΣΥΠΟΘΑ για κτίσματα προ 1955;","παλαιότητα_1955"
"Μπορώ να αιτηθώ για βεβαίωση παλαιότητας προ 1955 για αγροτική αποθήκη;","παλαιότητα_1955"
"Ποια είναι η διαδικασία για την ενημέρωση του κτηματολογίου με παλαιότητα προ 1955;","παλαιότητα_1955"
"Χρειάζεται πιστοποιητικό χρήσης γης για κτίσμα προ 1955;","παλαιότητα_1955"
"Πού μπορώ να επικοινωνήσω για νομικές συμβουλές σχετικά με κτίρια προ 1955;","παλαιότητα_1955"
"Είναι η βεβαίωση παλαιότητας προ 1955 το ίδιο με την άδεια ανέγερσης;","παλαιότητα_1955"
"Πώς μπορώ να αποδείξω την παλαιότητα προ 1955 αν το κτίριο έχει ανακατασκευαστεί;","παλαιότητα_1955"
"Υπάρχουν περιορισμοί στην επέκταση κτιρίου προ 1955;","παλαιότητα_1955"
"Πού μπορώ να βρω παλαιούς τίτλους ιδιοκτησίας που αναφέρουν κτίσμα προ '55;","παλαιότητα_1955"
"Τι γίνεται αν η παλαιότητα προ 1955 αμφισβητείται από γείτονα;","παλαιότητα_1955"
"Πώς μπορώ να λάβω βεβαίωση παλαιότητας προ 1955 για υπόγειο χώρο;","παλαιότητα_1955"
"Πού μπορώ να βρω αεροφωτογραφίες του '50 για να αποδείξω ότι το σπίτι μου είναι παλιό;","παλαιότητα_1955"
"Χρειάζομαι ένα έγγραφο που να αποδεικνύει ότι η οικοδομή μου υπάρχει πριν το 1955.","παλαιότητα_1955"
"Έχω ένα παλιό κτίριο που θέλω να το πουλήσω, αλλά χρειάζομαι χαρτί για την παλαιότητά του.","παλαιότητα_1955"
"Μπορώ να βγάλω μια βεβαίωση για ένα κτίσμα που δεν έχει άδεια, αλλά είναι χτισμένο πριν το '55;","παλαιότητα_1955"
"Πώς μπορώ να αποδείξω ότι το σπίτι μου είναι παλιό αν δεν έχω κανένα χαρτί;","παλαιότητα_1955"
"Η τράπεζα μου ζήτησε βεβαίωση παλαιότητας για ένα σπίτι που είναι προ του 1955.","παλαιότητα_1955"
"Χρειάζεται να πάω στο αρχείο του δήμου για να βρω στοιχεία για ένα κτίριο προ '55;","παλαιότητα_1955"
"Πώς μπορώ να διορθώσω ένα λάθος στην ημερομηνία κατασκευής του σπιτιού μου;","παλαιότητα_1955"
"Ο δήμος έχει κάποια βάση δεδομένων με τα παλιά κτίρια;","παλαιότητα_1955"
"Θέλω να βγάλω μια βεβαίωση παλαιότητας για ένα κτίριο που κάηκε.","παλαιότητα_1955"
"Πού μπορώ να βρω πληροφορίες για τα διατηρητέα κτίρια στον δήμο;","παλαιότητα_1955"
"Είναι απαραίτητο να έχω βεβαίωση παλαιότητας για να κάνω τακτοποίηση;","παλαιότητα_1955"
"Ποιοι είναι οι εναλλακτικοί τρόποι για να αποδείξω ότι το κτίριο μου είναι παλιό;","παλαιότητα_1955"
"Μπορώ να κάνω αίτηση για βεβαίωση παλαιότητας για ένα κομμάτι κτιρίου;","παλαιότητα_1955"
"Χρειάζεται μηχανικός για να μου βγάλει το πιστοποιητικό παλαιότητας;","παλαιότητα_1955"
"Ο γείτονας λέει ότι το κτίριο μου δεν είναι προ του '55, πώς μπορώ να το αποδείξω;","παλαιότητα_1955"
"Πρέπει να πληρώσω για την έκδοση της βεβαίωσης παλαιότητας;","παλαιότητα_1955"
"Θέλω να βγάλω ένα χαρτί για την παλαιότητα μιας αποθήκης σε ένα χωράφι.","παλαιότητα_1955"
"Πώς μπορώ να βρω τους παλιούς τίτλους ιδιοκτησίας για ένα κτίριο προ '55;","παλαιότητα_1955"
"Ποια είναι η διαδικασία για να πάρω βεβαίωση παλαιότητας για ένα σπίτι που βρίσκεται σε παραδοσιακό οικισμό;","παλαιότητα_1955"
"Πώς μπορώ να αποδείξω ότι το οίκημά μου είναι προϋφιστάμενο του 1955;","παλαιότητα_1955"
"Χρειάζομαι βεβαίωση από τον δήμο ότι η οικία κατασκευάστηκε πριν τις 30/11/1955.","παλαιότητα_1955"
"Ποια δικαιολογητικά θεωρούνται έγκυρα για την πιστοποίηση παλαιότητας προ του 1955;","παλαιότητα_1955"
"Μπορώ να πάρω βεβαίωση για κτίσμα προ του 1955 αν δεν υπάρχει άδεια οικοδομής;","παλαιότητα_1955"
"Είναι απαραίτητη η αεροφωτογραφία από τη Γεωγραφική Υπηρεσία Στρατού για το 1955;","παλαιότητα_1955"
"Πώς μπορώ να συνδέσω με τη ΔΕΗ ένα παλιό σπίτι που χτίστηκε πριν το 1955;","παλαιότητα_1955"
"Χρειάζομαι βεβαίωση παλαιότητας 1955 για να αποφύγω την τακτοποίηση αυθαιρέτου.","παλαιότητα_1955"
"Ποιο τμήμα της πολεοδομίας εκδίδει την απόφαση για κτίσματα προ του 1955;","παλαιότητα_1955"
"Μπορεί ένα παλιό συμβόλαιο του 1950 να χρησιμοποιηθεί ως απόδειξη παλαιότητας;","παλαιότητα_1955"
"Τι γίνεται αν το κτίσμα προ του 1955 έχει υποστεί μεταγενέστερες προσθήκες;","παλαιότητα_1955"
"Ποια είναι η διαδικασία για τη νομιμοποίηση κτιρίου ως προϋφιστάμενο του 1955;","παλαιότητα_1955"
"Χρειάζομαι τεχνική έκθεση μηχανικού που να βεβαιώνει τον τρόπο κατασκευής προ του 1955.","παλαιότητα_1955"
"Είναι επαρκής η βεβαίωση του προέδρου της κοινότητας για την παλαιότητα προ του 1955;","παλαιότητα_1955"
"Πώς μπορώ να ζητήσω έλεγχο από την επιτροπή για τον χαρακτηρισμό κτιρίου προ του '55;","παλαιότητα_1955"
"Υπάρχει συγκεκριμένο παράβολο για την αίτηση βεβαίωσης παλαιότητας 1955;","παλαιότητα_1955"
"Μπορώ να χρησιμοποιήσω έγγραφα του υποθηκοφυλακείου ως αποδεικτικά για το 1955;","παλαιότητα_1955"
"Ποιες μορφολογικές λεπτομέρειες του κτιρίου αποδεικνύουν την παλαιότητα προ του 1955;","παλαιότητα_1955"
"Χρειάζομαι τη βεβαίωση προ του 1955 για τη μεταβίβαση του παλιού πατρικού μου.","παλαιότητα_1955"
"Πόσο χρόνο διαρκεί η εξέταση του φακέλου για κτίσματα που προϋπάρχουν του 1955;","παλαιότητα_1955"
"Πώς μπορώ να βρω παλιές αεροφωτογραφίες της περιοχής μου με ημερομηνία προ του 1955;","παλαιότητα_1955"
"Επιτρέπεται η επισκευή στέγης σε κτίσμα προ του 1955 χωρίς νέα άδεια οικοδομής;","παλαιότητα_1955"
"Τι ισχύει για τα κτίσματα προ του 1955 που βρίσκονται σε παραδοσιακούς οικισμούς;","παλαιότητα_1955"
"Μπορεί μια ένορκη βεβαίωση μαρτύρων να αντικαταστήσει τα δημόσια έγγραφα για το 1955;","παλαιότητα_1955"
"Χρειάζομαι βεβαίωση 1955 για να το καταθέσω στο πρόγραμμα Εξοικονομώ για παλιά σπίτια.","παλαιότητα_1955"
"Πώς αποδεικνύεται η παλαιότητα αν το κτίριο έχει σοβατιστεί πρόσφατα εξωτερικά;","παλαιότητα_1955"
"Ποια είναι η διαφορά στη διαδικασία για κτίσματα προ του 1923 και προ του 1955;","παλαιότητα_1955"
"Χρειάζεται αυτοψία από την πολεοδομία για να σφραγιστεί η βεβαίωση του 1955;","παλαιότητα_1955"
"Πού μπορώ να βρω το ιστορικό αρχείο του δήμου για τις άδειες πριν το 1955;","παλαιότητα_1955"
"Είναι υποχρεωτική η ηλεκτρονική υποβολή του φακέλου για την παλαιότητα 1955;","παλαιότητα_1955"
"Πώς μπορώ να διορθώσω το έτος κατασκευής στο Ε9 για να συμφωνεί με τη βεβαίωση 1955;","παλαιότητα_1955"

"Πού υποβάλλω αίτηση για παλαιότητα κτίσματος προ 1990;","παλαιότητα_1990"
"Χρειάζομαι το έγγραφο για δήλωση στο Κτηματολόγιο.","παλαιότητα_1990"
"Ποιος εκδίδει την παλαιότητα για προ 1990;","παλαιότητα_1990"
"Γίνεται η διαδικασία μέσω TAXISnet;","παλαιότητα_1990"
"Τι δικαιολογητικά απαιτούνται για κτίσμα πριν το 1990;","παλαιότητα_1990"
"Ποια αρχεία εξετάζονται για την απόδειξη παλαιότητας προ του '90;","παλαιότητα_1990"
"Υπάρχει ειδικό έντυπο για βεβαίωση παλαιότητας προ 1990;","παλαιότητα_1990"
"Πόσος χρόνος χρειάζεται για να εκδοθεί βεβαίωση παλαιότητας προ 1990;","παλαιότητα_1990"
"Μπορώ να χρησιμοποιήσω αεροφωτογραφίες της δεκαετίας του '80 ως απόδειξη;","παλαιότητα_1990"
"Σε ποια Διεύθυνση Πολεοδομίας απευθύνομαι για κτίσμα πριν το 1990;","παλαιότητα_1990"
"Είναι απαραίτητη η αυτοψία μηχανικού για κτίρια προ '90;","παλαιότητα_1990"
"Ποιοι άλλοι τρόποι απόδειξης παλαιότητας υπάρχουν για το 1990;","παλαιότητα_1990"
"Χρειάζεται ενεργειακό πιστοποιητικό για κτίσμα προ '90;","παλαιότητα_1990"
"Πώς μπορώ να διορθώσω λανθασμένη χρονολογία σε βεβαίωση προ 1990;","παλαιότητα_1990"
"Τι γίνεται αν δεν υπάρχουν καθόλου στοιχεία για κτίσμα προ 1990;","παλαιότητα_1990"
"Πού μπορώ να βρω παλιά πολεοδομικά διατάγματα για κτίρια προ 1990;","παλαιότητα_1990"
"Είναι η παλαιότητα προ 1990 κρίσιμη για την τακτοποίηση αυθαιρέτου;","παλαιότητα_1990"
"Πού μπορώ να βρω την νομοθεσία για τα κτίρια προ '90;","παλαιότητα_1990"
"Μπορώ να ζητήσω βεβαίωση παλαιότητας προ 1990 μέσω ΚΕΠ;","παλαιότητα_1990"
"Ποιος είναι ο ρόλος του Κτηματολογίου στην απόδειξη παλαιότητας προ 1990;","παλαιότητα_1990"
"Χρειάζεται συμβολαιογραφική δήλωση για κτίριο προ '90;","παλαιότητα_1990"
"Πώς μπορώ να επιταχύνω την έκδοση βεβαίωσης παλαιότητας προ 1990;","παλαιότητα_1990"
"Τι προβλέπεται για πρόστιμα σε αυθαίρετα προ 1990;","παλαιότητα_1990"
"Πού μπορώ να ζητήσω αντίγραφα παλιών οικοδομικών αδειών προ 1990;","παλαιότητα_1990"
"Είναι η βεβαίωση παλαιότητας προ 1990 απαραίτητη για δάνειο;","παλαιότητα_1990"
"Πώς μπορώ να αποδείξω την παλαιότητα τμήματος κτίσματος προ 1990;","παλαιότητα_1990"
"Υπάρχουν ειδικές εκπτώσεις για κτίρια προ '90 σε ΕΝΦΙΑ;","παλαιότητα_1990"
"Πού μπορώ να βρω εγκυκλίους που αφορούν κτίσματα προ 1990;","παλαιότητα_1990"
"Μπορώ να ζητήσω βεβαίωση παλαιότητας προ 1990 για κτίριο που έχει καεί;","παλαιότητα_1990"
"Ποια είναι η διαδικασία για την ένταξη κτίσματος προ 1990 σε πρόγραμμα αναπαλαίωσης;","παλαιότητα_1990"
"Χρειάζεται έλεγχος στατικής επάρκειας για κτίριο προ 1990;","παλαιότητα_1990"
"Πού μπορώ να βρω λίστα με διατηρητέα κτίρια προ 1990;","παλαιότητα_1990"
"Είναι η παλαιότητα προ 1990 καθοριστική για την άδεια λειτουργίας επιχείρησης;","παλαιότητα_1990"
"Πώς μπορώ να αντλήσω στοιχεία παλαιότητας προ 1990 από την Εφορία;","παλαιότητα_1990"
"Υπάρχει ειδικό καθεστώς για κτίρια προ 1990 σε παραδοσιακούς οικισμούς;","παλαιότητα_1990"
"Πού μπορώ να υποβάλω ένσταση για απόρριψη αίτησης παλαιότητας προ 1990;","παλαιότητα_1990"
"Τι γίνεται αν το κτίσμα προ 1990 δεν είναι δηλωμένο στο Υποθηκοφυλακείο;","παλαιότητα_1990"
"Πώς μπορώ να λάβω πληροφορίες για παλιά οικοδομικά τετράγωνα προ 1990;","παλαιότητα_1990"
"Είναι η παλαιότητα προ 1990 απαραίτητη για σύνδεση με φυσικό αέριο;","παλαιότητα_1990"
"Πού μπορώ να βρω αποφάσεις ΣΥΠΟΘΑ για κτίσματα προ 1990;","παλαιότητα_1990"
"Μπορώ να αιτηθώ για βεβαίωση παλαιότητας προ 1990 για αγροτική αποθήκη;","παλαιότητα_1990"
"Ποια είναι η διαδικασία για την ενημέρωση του κτηματολογίου με παλαιότητα προ 1990;","παλαιότητα_1990"
"Χρειάζεται πιστοποιητικό χρήσης γης για κτίσμα προ 1990;","παλαιότητα_1990"
"Πού μπορώ να επικοινωνήσω για νομικές συμβουλές σχετικά με κτίρια προ 1990;","παλαιότητα_1990"
"Είναι η βεβαίωση παλαιότητας προ 1990 το ίδιο με την άδεια ανέγερσης;","παλαιότητα_1990"
"Πώς μπορώ να αποδείξω την παλαιότητα προ 1990 αν το κτίριο έχει ανακατασκευαστεί;","παλαιότητα_1990"
"Υπάρχουν περιορισμοί στην επέκταση κτιρίου προ 1990;","παλαιότητα_1990"
"Πού μπορώ να βρω παλαιούς τίτλους ιδιοκτησίας που αναφέρουν κτίσμα προ '90;","παλαιότητα_1990"
"Τι γίνεται αν η παλαιότητα προ 1990 αμφισβητείται από γείτονα;","παλαιότητα_1990"
"Πώς μπορώ να λάβω βεβαίωση παλαιότητας προ 1990 για υπόγειο χώρο;","παλαιότητα_1990"
"Χρειάζομαι ένα έγγραφο που να λέει ότι η οικοδομή μου είναι χτισμένη πριν το 1990.","παλαιότητα_1990"
"Έχω ένα παλιό σπίτι και θέλω να το πουλήσω, αλλά χρειάζομαι χαρτί για την παλαιότητά του.","παλαιότητα_1990"
"Μπορώ να βγάλω μια βεβαίωση για ένα κτίσμα που δεν έχει άδεια, αλλά είναι χτισμένο πριν το '90;","παλαιότητα_1990"
"Πώς μπορώ να αποδείξω ότι το σπίτι μου είναι παλιό αν δεν έχω κανένα χαρτί;","παλαιότητα_1990"
"Η τράπεζα μου ζήτησε βεβαίωση παλαιότητας για ένα σπίτι που είναι προ του 1990.","παλαιότητα_1990"
"Χρειάζεται να πάω στο αρχείο του δήμου για να βρω στοιχεία για ένα κτίριο προ '90;","παλαιότητα_1990"
"Πώς μπορώ να διορθώσω ένα λάθος στην ημερομηνία κατασκευής του σπιτιού μου;","παλαιότητα_1990"
"Ο δήμος έχει κάποια βάση δεδομένων με τα παλιά κτίρια;","παλαιότητα_1990"
"Θέλω να βγάλω μια βεβαίωση παλαιότητας για ένα κτίριο που κάηκε.","παλαιότητα_1990"
"Πού μπορώ να βρω πληροφορίες για τα διατηρητέα κτίρια στον δήμο;","παλαιότητα_1990"
"Είναι απαραίτητο να έχω βεβαίωση παλαιότητας για να κάνω τακτοποίηση;","παλαιότητα_1990"
"Ποιοι είναι οι εναλλακτικοί τρόποι για να αποδείξω ότι το κτίριο μου είναι παλιό;","παλαιότητα_1990"
"Μπορώ να κάνω αίτηση για βεβαίωση παλαιότητας για ένα κομμάτι κτιρίου;","παλαιότητα_1990"
"Χρειάζεται μηχανικός για να μου βγάλει το πιστοποιητικό παλαιότητας;","παλαιότητα_1990"
"Ο γείτονας λέει ότι το κτίριο μου δεν είναι προ του '90, πώς μπορώ να το αποδείξω;","παλαιότητα_1990"
"Πρέπει να πληρώσω για την έκδοση της βεβαίωσης παλαιότητας;","παλαιότητα_1990"
"Θέλω να βγάλω ένα χαρτί για την παλαιότητα μιας αποθήκης σε ένα χωράφι.","παλαιότητα_1990"
"Πώς μπορώ να βρω τους παλιούς τίτλους ιδιοκτησίας για ένα κτίριο προ '90;","παλαιότητα_1990"
"Ποια είναι η διαδικασία για να πάρω βεβαίωση παλαιότητας για ένα σπίτι που βρίσκεται σε παραδοσιακό οικισμό;","παλαιότητα_1990"
"Χρειάζομαι βεβαίωση παλαιότητας για μια αυθαίρετη κατασκευή, πού την παίρνω;","παλαιότητα_1990"
"Ποια δικαιολογητικά χρειάζονται για να αποδείξω ότι το ακίνητο χτίστηκε πριν το 1990;","παλαιότητα_1990"
"Χρειάζομαι βεβαίωση παλαιότητας για κτίσμα που ολοκληρώθηκε εντός του 1989.","παλαιότητα_1990"
"Μπορώ να χρησιμοποιήσω το συμβόλαιο ηλεκτροδότησης του 1988 ως αποδεικτικό παλαιότητας;","παλαιότητα_1990"
"Πώς μπορώ να βρω αεροφωτογραφίες της περιόδου 1983-1990 για το οικόπεδό μου;","παλαιότητα_1990"
"Είναι επαρκές το έντυπο Ε9 που δηλώνει έτος κατασκευής το 1985 για τη βεβαίωση;","παλαιότητα_1990"
"Χρειάζομαι πιστοποιητικό παλαιότητας 1990 για την υπαγωγή στον νόμο περί αυθαιρέτων.","παλαιότητα_1990"
"Ποια είναι η διαδικασία έκδοσης βεβαίωσης για κτίρια με ημερομηνία κατασκευής προ του 1990;","παλαιότητα_1990"
"Μπορεί μια δημόσια σύμβαση μίσθωσης του 1987 να θεωρηθεί αποδεικτικό παλαιότητας;","παλαιότητα_1990"
"Πού υποβάλλεται η αίτηση για τον έλεγχο παλαιότητας κτίσματος της δεκαετίας του '80;","παλαιότητα_1990"
"Ποιο είναι το κόστος του παραβόλου για τη βεβαίωση παλαιότητας προ του 1990;","παλαιότητα_1990"
"Χρειάζεται αυτοψία από την πολεοδομία για να επιβεβαιωθεί η παλαιότητα του 1990;","παλαιότητα_1990"
"Πώς μπορώ να αποδείξω τη στατική ολοκλήρωση του σκελετού πριν από το 1990;","παλαιότητα_1990"
"Είναι αποδεκτή η σφραγίδα της αστυνομίας σε παλιά έγγραφα ως τεκμήριο παλαιότητας;","παλαιότητα_1990"
"Χρειάζομαι βεβαίωση ότι η προσθήκη ορόφου έγινε πριν από την 1/1/1990.","παλαιότητα_1990"
"Πώς μπορώ να ανακτήσω το στέλεχος της οικοδομικής άδειας που εκδόθηκε το 1982;","παλαιότητα_1990"
"Μπορεί η ημερομηνία θεώρησης της άδειας για ρεύμα να αποδείξει την παλαιότητα;","παλαιότητα_1990"
"Ποια είναι η διαφορά στα πρόστιμα τακτοποίησης για κτίσματα προ και μετά του 1990;","παλαιότητα_1990"
"Θέλω να αιτηθώ βεβαίωση από τον δήμο για την ηλικία της αποθήκης μου (1984).","παλαιότητα_1990"
"Είναι απαραίτητη η ένορκη βεβαίωση αν δεν υπάρχουν έγγραφα προ του 1990;","παλαιότητα_1990"
"Πώς αποδεικνύεται η παλαιότητα αν η πρώτη εγγραφή στο υποθηκοφυλακείο έγινε το 1991;","παλαιότητα_1990"
"Χρειάζομαι βεβαίωση παλαιότητας για τη μεταβίβαση διαμερίσματος κατασκευής 1986.","παλαιότητα_1990"
"Ποιο τμήμα του δήμου ελέγχει τα αρχεία για τις άδειες της περιόδου 1975-1990;","παλαιότητα_1990"
"Μπορώ να ζητήσω βεβαίωση παλαιότητας για ημιυπαίθριο χώρο που κλείστηκε το 1988;","παλαιότητα_1990"
"Πώς μπορώ να βρω το έτος πρώτης ρευματοδότησης από τα αρχεία του δήμου;","παλαιότητα_1990"
"Τι έγγραφα απαιτούνται από τη ΔΕΗ για να βγει η βεβαίωση παλαιότητας 1990;","παλαιότητα_1990"
"Χρειάζομαι το πιστοποιητικό για να το καταθέσω στον μηχανικό μου για το αυθαίρετο.","παλαιότητα_1990"
"Πόσο χρόνο διαρκεί η έκδοση βεβαίωσης για ακίνητα της δεκαετίας του 1980;","παλαιότητα_1990"
"Μπορεί η παλαιότητα να αποδειχθεί μέσω παλαιών τιμολογίων αγοράς υλικών οικοδομής;","παλαιότητα_1990"
"Πώς μπορώ να διορθώσω το έτος κατασκευής στον δήμο αν το κτίσμα είναι του 1983;","παλαιότητα_1990"
"Είναι δυνατή η ηλεκτρονική υποβολή αποδεικτικών για την παλαιότητα προ του 1990;","παλαιότητα_1990"

"Πού κάνω αίτηση για παλαιότητα οδού;","παλαιότητα_οδού"
"Χρειάζομαι βεβαίωση παλαιότητας για δρόμο κοντά στο ακίνητο μου.","παλαιότητα_οδού"
"Ποια υπηρεσία εκδίδει έγγραφο για παλιά οδό;","παλαιότητα_οδού"
"Γίνεται να αιτηθώ την παλαιότητα οδού ψηφιακά;","παλαιότητα_οδού"
"Υπάρχει υπόδειγμα αίτησης για παλαιότητα οδού;","παλαιότητα_οδού"
"Ποια αρχεία αποδεικνύουν την παλαιότητα μιας οδού;","παλαιότητα_οδού"
"Πόσος χρόνος χρειάζεται για να εκδοθεί βεβαίωση παλαιότητας οδού;","παλαιότητα_οδού"
"Μπορώ να χρησιμοποιήσω παλιούς χάρτες ως απόδειξη παλαιότητας οδού;","παλαιότητα_οδού"
"Σε ποια Διεύθυνση Πολεοδομίας ή Δήμου απευθύνομαι για παλαιότητα δρόμου;","παλαιότητα_οδού"
"Είναι απαραίτητη η αυτοψία μηχανικού για βεβαίωση παλαιότητας οδού;","παλαιότητα_οδού"
"Ποιοι άλλοι τρόποι απόδειξης παλαιότητας οδού υπάρχουν;","παλαιότητα_οδού"
"Χρειάζεται τοπογραφικό διάγραμμα για αίτηση παλαιότητας οδού;","παλαιότητα_οδού"
"Πώς μπορώ να διορθώσω λανθασμένη χρονολογία σε βεβαίωση παλαιότητας οδού;","παλαιότητα_οδού"
"Τι γίνεται αν δεν υπάρχουν καθόλου στοιχεία για την παλαιότητα μιας οδού;","παλαιότητα_οδού"
"Πού μπορώ να βρω παλιά πολεοδομικά διατάγματα για οδούς;","παλαιότητα_οδού"
"Είναι η παλαιότητα οδού κρίσιμη για την οικοδομησιμότητα οικοπέδου;","παλαιότητα_οδού"
"Πού μπορώ να βρω τη νομοθεσία για την παλαιότητα οδών;","παλαιότητα_οδού"
"Μπορώ να ζητήσω βεβαίωση παλαιότητας οδού μέσω ΚΕΠ;","παλαιότητα_οδού"
"Ποιος είναι ο ρόλος του Κτηματολογίου στην απόδειξη παλαιότητας οδού;","παλαιότητα_οδού"
"Χρειάζεται βεβαίωση μηχανικού για την παλαιότητα οδού;","παλαιότητα_οδού"
"Πώς μπορώ να επιταχύνω την έκδοση βεβαίωσης παλαιότητας οδού;","παλαιότητα_οδού"
"Τι προβλέπεται για δρόμους που δεν έχουν χαρακτηριστεί επίσημα;","παλαιότητα_οδού"
"Πού μπορώ να ζητήσω αντίγραφα παλιών σχεδίων πόλης που δείχνουν οδούς;","παλαιότητα_οδού"
"Είναι η βεβαίωση παλαιότητας οδού απαραίτητη για σύνδεση με δίκτυα κοινής ωφέλειας;","παλαιότητα_οδού"
"Πώς μπορώ να αποδείξω την παλαιότητα αγροτικής οδού;","παλαιότητα_οδού"
"Υπάρχουν ειδικές ρυθμίσεις για ιστορικές οδούς;","παλαιότητα_οδού"
"Πού μπορώ να βρω εγκυκλίους που αφορούν την παλαιότητα οδών;","παλαιότητα_οδού"
"Μπορώ να ζητήσω βεβαίωση παλαιότητας οδού για απαλλοτρίωση;","παλαιότητα_οδού"
"Ποια είναι η διαδικασία για την αναγνώριση οδού ως κοινόχρηστης;","παλαιότητα_οδού"
"Χρειάζεται απόφαση δημοτικού συμβουλίου για παλαιότητα οδού;","παλαιότητα_οδού"
"Πού μπορώ να βρω συχνές ερωτήσεις για την παλαιότητα οδών;","παλαιότητα_οδού"
"Είναι η παλαιότητα οδού καθοριστική για την ανέγερση κτίσματος;","παλαιότητα_οδού"
"Πώς μπορώ να αντλήσω στοιχεία παλαιότητας οδού από το Αρχείο Πολεοδομίας;","παλαιότητα_οδού"
"Υπάρχει ειδικό καθεστώς για οδούς σε οικισμούς προ 1923;","παλαιότητα_οδού"
"Πού μπορώ να υποβάλω ένσταση για απόρριψη αίτησης παλαιότητας οδού;","παλαιότητα_οδού"
"Τι γίνεται αν η οδός δεν είναι δηλωμένη σε κανένα σχέδιο;","παλαιότητα_οδού"
"Πώς μπορώ να λάβω πληροφορίες για παλιά ρυμοτομικά σχέδια;","παλαιότητα_οδού"
"Είναι η παλαιότητα οδού απαραίτητη για την τακτοποίηση αυθαιρέτου;","παλαιότητα_οδού"
"Πού μπορώ να βρω αποφάσεις δικαστηρίων για παλαιότητα οδών;","παλαιότητα_οδού"
"Μπορώ να αιτηθώ για βεβαίωση παλαιότητας οδού για αγροτεμάχιο;","παλαιότητα_οδού"
"Ποια είναι η διαδικασία για την ενημέρωση του Κτηματολογίου με παλαιότητα οδού;","παλαιότητα_οδού"
"Χρειάζεται έλεγχος κυκλοφοριακών συνθηκών για παλαιότητα οδού;","παλαιότητα_οδού"
"Πού μπορώ να επικοινωνήσω για νομικές συμβουλές σχετικά με την παλαιότητα οδών;","παλαιότητα_οδού"
"Είναι η βεβαίωση παλαιότητας οδού το ίδιο με την ονοματοδοσία οδών;","παλαιότητα_οδού"
"Πώς μπορώ να αποδείξω την παλαιότητα οδού αν έχει αλλάξει χάραξη;","παλαιότητα_οδού"
"Υπάρχουν περιορισμοί στη χρήση οδού βάσει παλαιότητας;","παλαιότητα_οδού"
"Πού μπορώ να βρω παλαιούς τίτλους ιδιοκτησίας που αναφέρουν οδούς;","παλαιότητα_οδού"
"Τι γίνεται αν η παλαιότητα οδού αμφισβητείται από γείτονα;","παλαιότητα_οδού"
"Πώς μπορώ να λάβω βεβαίωση παλαιότητας οδού για πρόσβαση σε ιδιοκτησία;","παλαιότητα_οδού"
"Θέλω να βγάλω ένα χαρτί που να λέει πότε κατασκευάστηκε ο δρόμος μπροστά από το σπίτι μου.","παλαιότητα_οδού"
"Η τράπεζα μου ζήτησε ένα έγγραφο που να αποδεικνύει την παλαιότητα του δρόμου για να εγκρίνει το δάνειο.","παλαιότητα_οδού"
"Πώς μπορώ να αποδείξω ότι ο δρόμος μου είναι παλιός και όχι νεοαναγερθείς;","παλαιότητα_οδού"
"Χρειάζεται να πάω στην πολεοδομία για να βρω τα σχέδια της παλιάς οδού;","παλαιότητα_οδού"
"Πώς μπορώ να ελέγξω αν ο δρόμος που περνάει από το οικόπεδό μου είναι δημοτικός ή ιδιωτικός;","παλαιότητα_οδού"
"Ο δήμος έχει τα αρχεία με την παλαιότητα των δρόμων;","παλαιότητα_οδού"
"Θέλω να βεβαιώσω την παλαιότητα ενός χωματόδρομου για μια νομική υπόθεση.","παλαιότητα_οδού"
"Μπορώ να ζητήσω ένα χαρτί που να δείχνει την ημερομηνία κατασκευής του δρόμου;","παλαιότητα_οδού"
"Πώς μπορώ να βρω τα παλιά πολεοδομικά σχέδια που περιλαμβάνουν την οδό μου;","παλαιότητα_οδού"
"Χρειάζεται να πληρώσω για να μου βγάλουν τη βεβαίωση παλαιότητας οδού;","παλαιότητα_οδού"
"Ο δικηγόρος μου ζητάει ένα έγγραφο για την παλαιότητα της οδού για μια δικαστική υπόθεση.","παλαιότητα_οδού"
"Πού μπορώ να βρω το έντυπο αίτησης για τη βεβαίωση παλαιότητας δρόμου;","παλαιότητα_οδού"
"Θέλω να βεβαιώσω την παλαιότητα του δρόμου για να κάνω οικοδομική άδεια.","παλαιότητα_οδού"
"Πώς μπορώ να πάρω ένα αντίγραφο της βεβαίωσης παλαιότητας οδού που έχω ήδη;","παλαιότητα_οδού"
"Ο γείτονας λέει ότι ο δρόμος μας είναι ιδιωτικός, πώς μπορώ να το αποδείξω;","παλαιότητα_οδού"
"Είναι η παλαιότητα του δρόμου σημαντική για την τιμή του οικοπέδου;","παλαιότητα_οδού"
"Θέλω να κάνω αίτηση για παλαιότητα δρόμου για να συνδεθώ με την ύδρευση.","παλαιότητα_οδού"
"Πώς μπορώ να βρω τα τηλέφωνα επικοινωνίας για την παλαιότητα οδών;","παλαιότητα_οδού"
"Μπορώ να ζητήσω να γίνει αυτοψία στον δρόμο για να επιβεβαιωθεί η παλαιότητά του;","παλαιότητα_οδού"
"Πού μπορώ να βρω το επίσημο όνομα του δρόμου μου;","παλαιότητα_οδού"
"Ποια είναι η διαδικασία για να χαρακτηριστεί μια οδός ως προϋφιστάμενη του 1923;","παλαιότητα_οδού"
"Χρειάζομαι βεβαίωση παλαιότητας της οδού για την αρτιότητα του οικοπέδου μου.","παλαιότητα_οδού"
"Ποια δικαιολογητικά απαιτούνται για να αποδειχθεί ότι ένας δρόμος υπήρχε πριν το 1923;","παλαιότητα_οδού"
"Πώς μπορώ να βρω παλιούς χάρτες του δήμου που δείχνουν την ύπαρξη της οδού;","παλαιότητα_οδού"
"Είναι απαραίτητη η βεβαίωση παλαιότητας οδού για την έκδοση οικοδομικής άδειας;","παλαιότητα_οδού"
"Πού μπορώ να αιτηθώ τον χαρακτηρισμό μιας οδού ως κοινόχρηστης και παλαιάς;","παλαιότητα_οδού"
"Χρειάζομαι έγγραφο που να πιστοποιεί ότι ο δρόμος είναι ο μοναδικός τρόπος πρόσβασης.","παλαιότητα_οδού"
"Μπορεί μια αεροφωτογραφία του 1945 να χρησιμοποιηθεί ως αποδεικτικό παλαιότητας οδού;","παλαιότητα_οδού"
"Ποιο τμήμα της τεχνικής υπηρεσίας εκδίδει τη βεβαίωση για την παλαιότητα της οδού;","παλαιότητα_οδού"
"Θέλω να μάθω αν η οδός μπροστά από το ακίνητό μου έχει αναγνωριστεί νομίμως.","παλαιότητα_οδού"
"Πώς μπορώ να βρω το ΦΕΚ που χαρακτηρίζει τον δρόμο ως προϋφιστάμενο του 1923;","παλαιότητα_οδού"
"Χρειάζομαι βεβαίωση ότι η οδός σχηματίστηκε πριν από την ένταξη της περιοχής στο σχέδιο.","παλαιότητα_οδού"
"Ποιες είναι οι προϋποθέσεις για να θεωρηθεί ένας αγροτικός δρόμος ως παλαιά οδός;","παλαιότητα_οδού"
"Μπορεί ο δήμος να βεβαιώσει την παλαιότητα της οδού βάσει παλιών συμβολαίων;","παλαιότητα_οδού"
"Πόσο χρόνο διαρκεί η εξέταση αιτήματος για την αναγνώριση παλαιότητας οδού;","παλαιότητα_οδού"
"Είναι απαραίτητη η αυτοψία από μηχανικό του δήμου για τη βεβαίωση της οδού;","παλαιότητα_οδού"
"Χρειάζομαι τη βεβαίωση παλαιότητας οδού για χρήση σε συμβολαιογραφική πράξη.","παλαιότητα_οδού"
"Πώς μπορώ να αποδείξω ότι ο δρόμος έχει αφεθεί στην κοινή χρήση από παλιά;","παλαιότητα_οδού"
"Υπάρχει συγκεκριμένο παράβολο για την έκδοση βεβαίωσης παλαιότητας οδού;","παλαιότητα_οδού"
"Ποια είναι η διαφορά μεταξύ δημοτικής οδού και προϋφιστάμενης οδού του 1923;","παλαιότητα_οδού"
"Μπορώ να ζητήσω βεβαίωση παλαιότητας για μονοπάτι που οδηγεί στο κτήμα μου;","παλαιότητα_οδού"
"Χρειάζομαι αντίγραφο της απόφασης του νομάρχη για τον χαρακτηρισμό της οδού.","παλαιότητα_οδού"
"Πού υποβάλλεται η ένσταση αν ο δήμος αρνείται την παλαιότητα της οδού;","παλαιότητα_οδού"
"Πώς επηρεάζει η παλαιότητα της οδού την κατά παρέκκλιση δόμηση εκτός σχεδίου;","παλαιότητα_οδού"
"Θέλω να ελέγξω αν η οδός περιλαμβάνεται στο επίσημο δίκτυο κοινοτικών δρόμων.","παλαιότητα_οδού"
"Είναι επαρκής η μαρτυρία παλαιότερων κατοίκων για την ύπαρξη του δρόμου;","παλαιότητα_οδού"
"Ποια στοιχεία από το υποθηκοφυλακείο βοηθούν στην πιστοποίηση παλαιότητας οδού;","παλαιότητα_οδού"
"Πώς μπορώ να αιτηθώ τη διόρθωση του πλάτους μιας παλαιάς οδού στα αρχεία;","παλαιότητα_οδού"
"Χρειάζομαι βεβαίωση ότι η οδός δεν είναι ιδιωτική αλλά προϋπάρχει του 1923.","παλαιότητα_οδού"
"Ποια είναι η διαδικασία για την κύρωση του δικτύου κοινοχρήστων χώρων και οδών;","παλαιότητα_οδού"
"Μπορώ να χρησιμοποιήσω χάρτες της ΓΥΣ για να αποδείξω την παλαιότητα του δρόμου;","παλαιότητα_οδού"

"Πώς αποδεικνύω την παλαιότητα ενός οικοπέδου;","παλαιότητα_οικοπέδου"
"Πού καταθέτω αίτηση για παλαιότητα οικοπέδου;","παλαιότητα_οικοπέδου"
"Χρειάζομαι έγγραφο παλαιότητας για κτηματολόγιο.","παλαιότητα_οικοπέδου"
"Μπορεί να εκδοθεί ηλεκτρονικά η παλαιότητα οικοπέδου;","παλαιότητα_οικοπέδου"
"Ποια δικαιολογητικά απαιτούνται για την αίτηση;","παλαιότητα_οικοπέδου"
"Ποια αρχεία εξετάζονται για την απόδειξη παλαιότητας οικοπέδου;","παλαιότητα_οικοπέδου"
"Πόσος χρόνος χρειάζεται για να εκδοθεί βεβαίωση παλαιότητας οικοπέδου;","παλαιότητα_οικοπέδου"
"Μπορώ να χρησιμοποιήσω παλιούς τίτλους ιδιοκτησίας ως απόδειξη παλαιότητας οικοπέδου;","παλαιότητα_οικοπέδου"
"Σε ποια υπηρεσία απευθύνομαι για βεβαίωση παλαιότητας οικοπέδου;","παλαιότητα_οικοπέδου"
"Είναι απαραίτητη η αυτοψία μηχανικού για βεβαίωση παλαιότητας οικοπέδου;","παλαιότητα_οικοπέδου"
"Ποιοι άλλοι τρόποι απόδειξης παλαιότητας οικοπέδου υπάρχουν;","παλαιότητα_οικοπέδου"
"Χρειάζεται τοπογραφικό διάγραμμα για αίτηση παλαιότητας οικοπέδου;","παλαιότητα_οικοπέδου"
"Πώς μπορώ να διορθώσω λανθασμένη χρονολογία σε βεβαίωση παλαιότητας οικοπέδου;","παλαιότητα_οικοπέδου"
"Τι γίνεται αν δεν υπάρχουν καθόλου στοιχεία για την παλαιότητα οικοπέδου;","παλαιότητα_οικοπέδου"
"Πού μπορώ να βρω παλιά πολεοδομικά σχέδια που δείχνουν οικόπεδα;","παλαιότητα_οικοπέδου"
"Είναι η παλαιότητα οικοπέδου κρίσιμη για την οικοδομησιμότητα;","παλαιότητα_οικοπέδου"
"Πού μπορώ να βρω τη νομοθεσία για την παλαιότητα οικοπέδων;","παλαιότητα_οικοπέδου"
"Μπορώ να ζητήσω βεβαίωση παλαιότητας οικοπέδου μέσω ΚΕΠ;","παλαιότητα_οικοπέδου"
"Ποιος είναι ο ρόλος του Κτηματολογίου στην απόδειξη παλαιότητας οικοπέδου;","παλαιότητα_οικοπέδου"
"Χρειάζεται βεβαίωση μηχανικού για την παλαιότητα οικοπέδου;","παλαιότητα_οικοπέδου"
"Πώς μπορώ να επιταχύνω την έκδοση βεβαίωσης παλαιότητας οικοπέδου;","παλαιότητα_οικοπέδου"
"Τι προβλέπεται για οικόπεδα που δεν έχουν επίσημα όρια;","παλαιότητα_οικοπέδου"
"Πού μπορώ να ζητήσω αντίγραφα παλιών ιδιοκτησιακών εγγράφων για παλαιότητα οικοπέδου;","παλαιότητα_οικοπέδου"
"Είναι η βεβαίωση παλαιότητας οικοπέδου απαραίτητη για μεταβίβαση;","παλαιότητα_οικοπέδου"
"Πώς μπορώ να αποδείξω την παλαιότητα αγροτεμαχίου;","παλαιότητα_οικοπέδου"
"Υπάρχουν ειδικές ρυθμίσεις για παλιά οικόπεδα σε οικισμούς;","παλαιότητα_οικοπέδου"
"Πού μπορώ να βρω εγκυκλίους που αφορούν την παλαιότητα οικοπέδων;","παλαιότητα_οικοπέδου"
"Μπορώ να ζητήσω βεβαίωση παλαιότητας οικοπέδου για απαλλοτρίωση;","παλαιότητα_οικοπέδου"
"Ποια είναι η διαδικασία για την αναγνώριση οικοπέδου ως άρτιου βάσει παλαιότητας;","παλαιότητα_οικοπέδου"
"Χρειάζεται απόφαση δημοτικού συμβουλίου για παλαιότητα οικοπέδου;","παλαιότητα_οικοπέδου"
"Πού μπορώ να βρω συχνές ερωτήσεις για την παλαιότητα οικοπέδων;","παλαιότητα_οικοπέδου"
"Είναι η παλαιότητα οικοπέδου καθοριστική για την ανέγερση κτίσματος;","παλαιότητα_οικοπέδου"
"Πώς μπορώ να αντλήσω στοιχεία παλαιότητας οικοπέδου από το Αρχείο Πολεοδομίας;","παλαιότητα_οικοπέδου"
"Υπάρχει ειδικό καθεστώς για οικόπεδα σε οικισμούς προ 1923;","παλαιότητα_οικοπέδου"
"Πού μπορώ να υποβάλω ένσταση για απόρριψη αίτησης παλαιότητας οικοπέδου;","παλαιότητα_οικοπέδου"
"Τι γίνεται αν το οικόπεδο δεν είναι δηλωμένο σε κανένα σχέδιο;","παλαιότητα_οικοπέδου"
"Πώς μπορώ να λάβω πληροφορίες για παλιά κτηματολογικά σχέδια;","παλαιότητα_οικοπέδου"
"Είναι η παλαιότητα οικοπέδου απαραίτητη για την τακτοποίηση αυθαιρέτου;","παλαιότητα_οικοπέδου"
"Πού μπορώ να βρω αποφάσεις δικαστηρίων για παλαιότητα οικοπέδων;","παλαιότητα_οικοπέδου"
"Μπορώ να αιτηθώ για βεβαίωση παλαιότητας οικοπέδου για κληρονομιά;","παλαιότητα_οικοπέδου"
"Ποια είναι η διαδικασία για την ενημέρωση του Κτηματολογίου με παλαιότητα οικοπέδου;","παλαιότητα_οικοπέδου"
"Χρειάζεται έλεγχος ορίων ιδιοκτησίας για παλαιότητα οικοπέδου;","παλαιότητα_οικοπέδου"
"Πού μπορώ να επικοινωνήσω για νομικές συμβουλές σχετικά με την παλαιότητα οικοπέδων;","παλαιότητα_οικοπέδου"
"Είναι η βεβαίωση παλαιότητας οικοπέδου το ίδιο με το πιστοποιητικό ιδιοκτησίας;","παλαιότητα_οικοπέδου"
"Πώς μπορώ να αποδείξω την παλαιότητα οικοπέδου αν έχει γίνει κατάτμηση;","παλαιότητα_οικοπέδου"
"Υπάρχουν περιορισμοί στην ανάπτυξη οικοπέδου βάσει παλαιότητας;","παλαιότητα_οικοπέδου"
"Πού μπορώ να βρω παλαιούς χάρτες που δείχνουν τα όρια οικοπέδων;","παλαιότητα_οικοπέδου"
"Τι γίνεται αν η παλαιότητα οικοπέδου αμφισβητείται από γείτονα;","παλαιότητα_οικοπέδου"
"Πώς μπορώ να λάβω βεβαίωση παλαιότητας οικοπέδου για αγροτική χρήση;","παλαιότητα_οικοπέδου"
"Θέλω να βγάλω ένα χαρτί από τον δήμο που να λέει πότε δημιουργήθηκε το οικόπεδό μου.","παλαιότητα_οικοπέδου"
"Η τράπεζα μου ζήτησε ένα έγγραφο που να αποδεικνύει την παλαιότητα του οικοπέδου για το δάνειο.","παλαιότητα_οικοπέδου"
"Πώς μπορώ να αποδείξω ότι το χωράφι μου είναι παλιό και όχι νεοδημιουργημένο;","παλαιότητα_οικοπέδου"
"Χρειάζεται να πάω στο αρχείο του δήμου για να βρω τα παλιά σχέδια του οικοπέδου;","παλαιότητα_οικοπέδου"
"Πώς μπορώ να ελέγξω αν ένα οικόπεδο είναι εντός ή εκτός σχεδίου;","παλαιότητα_οικοπέδου"
"Ο δήμος έχει κάποια βάση δεδομένων με τα παλιά οικόπεδα;","παλαιότητα_οικοπέδου"
"Θέλω να βεβαιώσω την παλαιότητα του οικοπέδου για να το πουλήσω.","παλαιότητα_οικοπέδου"
"Μπορώ να βγάλω μια βεβαίωση παλαιότητας για ένα οικόπεδο που δεν έχει αριθμό;","παλαιότητα_οικοπέδου"
"Πού μπορώ να βρω πληροφορίες για τα όρια των οικοπέδων στον δήμο;","παλαιότητα_οικοπέδου"
"Είναι η παλαιότητα του οικοπέδου σημαντική για την οικοδομησιμότητα;","παλαιότητα_οικοπέδου"
"Ποιοι είναι οι εναλλακτικοί τρόποι για να αποδείξω ότι το οικόπεδό μου είναι παλιό;","παλαιότητα_οικοπέδου"
"Χρειάζεται μηχανικός για να μου βγάλει το πιστοποιητικό παλαιότητας οικοπέδου;","παλαιότητα_οικοπέδου"
"Ο γείτονας λέει ότι το οικόπεδό μου δεν είναι παλιό, πώς μπορώ να το αποδείξω;","παλαιότητα_οικοπέδου"
"Πρέπει να πληρώσω για την έκδοση της βεβαίωσης παλαιότητας οικοπέδου;","παλαιότητα_οικοπέδου"
"Θέλω να βγάλω ένα χαρτί για την παλαιότητα ενός αγροτεμαχίου.","παλαιότητα_οικοπέδου"
"Πώς μπορώ να βρω τους παλιούς τίτλους ιδιοκτησίας για ένα οικόπεδο;","παλαιότητα_οικοπέδου"
"Ποια είναι η διαδικασία για να πάρω βεβαίωση παλαιότητας για ένα οικόπεδο που βρίσκεται σε παραδοσιακό οικισμό;","παλαιότητα_οικοπέδου"
"Χρειάζομαι βεβαίωση παλαιότητας για να κάνω τακτοποίηση αυθαιρέτου σε οικόπεδο.","παλαιότητα_οικοπέδου"
"Πώς μπορώ να αποδείξω τον χρόνο δημιουργίας του οικοπέδου μου για την αρτιότητα;","παλαιότητα_οικοπέδου"
"Χρειάζομαι βεβαίωση παλαιότητας οικοπέδου για να χτίσω κατά παρέκκλιση.","παλαιότητα_οικοπέδου"
"Ποια δικαιολογητικά απαιτούνται για την πιστοποίηση του χρόνου δημιουργίας αγροτεμαχίου;","παλαιότητα_οικοπέδου"
"Είναι επαρκές ένα συμβόλαιο του 1960 για την απόδειξη της παλαιότητας του οικοπέδου;","παλαιότητα_οικοπέδου"
"Πώς μπορώ να λάβω βεβαίωση ότι το οικόπεδο υφίσταται προ της 7ης Ιουλίου 1983;","παλαιότητα_οικοπέδου"
"Χρειάζομαι πιστοποιητικό από το υποθηκοφυλακείο για την πρώτη εγγραφή του οικοπέδου.","παλαιότητα_οικοπέδου"
"Μπορεί μια διαθήκη του 1975 να χρησιμοποιηθεί ως αποδεικτικό παλαιότητας οικοπέδου;","παλαιότητα_οικοπέδου"
"Ποιο τμήμα της πολεοδομίας εκδίδει τη βεβαίωση για τον χρόνο δημιουργίας του γηπέδου;","παλαιότητα_οικοπέδου"
"Πώς επηρεάζει η παλαιότητα του οικοπέδου τους όρους δόμησης σε εκτός σχεδίου περιοχή;","παλαιότητα_οικοπέδου"
"Θέλω να μάθω αν το οικόπεδό μου θεωρείται προϋφιστάμενο του 1923.","παλαιότητα_οικοπέδου"
"Ποια είναι η διαδικασία για τον έλεγχο της αλληλουχίας των τίτλων ιδιοκτησίας;","παλαιότητα_οικοπέδου"
"Χρειάζομαι βεβαίωση παλαιότητας οικοπέδου για τη σύνταξη νέου τοπογραφικού διαγράμματος.","παλαιότητα_οικοπέδου"
"Είναι απαραίτητο το πιστοποιητικό μεταγραφής για την ημερομηνία δημιουργίας του οικοπέδου;","παλαιότητα_οικοπέδου"
"Πώς μπορώ να αποδείξω ότι το οικόπεδο προέκυψε από κατάτμηση πριν το 1978;","παλαιότητα_οικοπέδου"
"Χρειάζομαι έγγραφο που να βεβαιώνει την ηλικία του οικοπέδου για το Κτηματολόγιο.","παλαιότητα_οικοπέδου"
"Μπορώ να χρησιμοποιήσω παλιό τοπογραφικό για να αποδείξω την παλαιότητα του οικοπέδου;","παλαιότητα_οικοπέδου"
"Ποιο είναι το κόστος του παραβόλου για την αίτηση βεβαίωσης παλαιότητας οικοπέδου;","παλαιότητα_οικοπέδου"
"Πώς μπορώ να βρω την ημερομηνία της πρώτης μεταβίβασης του ακινήτου;","παλαιότητα_οικοπέδου"
"Χρειάζομαι βεβαίωση παλαιότητας για οικόπεδο που προήλθε από αποδοχή κληρονομιάς.","παλαιότητα_οικοπέδου"
"Τι γίνεται αν η ημερομηνία δημιουργίας του οικοπέδου δεν προκύπτει από τους τίτλους;","παλαιότητα_οικοπέδου"
"Μπορεί ο δήμος να βεβαιώσει την παλαιότητα βάσει των κτηματολογικών πινάκων;","παλαιότητα_οικοπέδου"
"Ποιες είναι οι κρίσιμες ημερομηνίες για την παλαιότητα οικοπέδων στη ζώνη οικισμού;","παλαιότητα_οικοπέδου"
"Χρειάζομαι βεβαίωση ότι το οικόπεδο δεν δημιουργήθηκε από πρόσφατη κατάτμηση.","παλαιότητα_οικοπέδου"
"Πώς μπορώ να αιτηθώ τον προσδιορισμό του χρόνου δημιουργίας για οικόπεδο εντός οικισμού;","παλαιότητα_οικοπέδου"
"Είναι επαρκής η βεβαίωση του μηχανικού για την παλαιότητα ή θέλει και δήμο;","παλαιότητα_οικοπέδου"
"Ποια στοιχεία από το Ε9 βοηθούν στον καθορισμό της παλαιότητας του οικοπέδου;","παλαιότητα_οικοπέδου"
"Πού υποβάλλεται η ένσταση αν η πολεοδομία δεν αναγνωρίζει την παλαιότητα του οικοπέδου;","παλαιότητα_οικοπέδου"
"Χρειάζομαι τη βεβαίωση παλαιότητας για να εκδοθεί η άδεια δόμησης σε μικρό οικόπεδο.","παλαιότητα_οικοπέδου"
"Πώς αποδεικνύεται η παλαιότητα αν το οικόπεδο προέρχεται από παλαιά χρησικτησία;","παλαιότητα_οικοπέδου"
"Ποια είναι η διαφορά μεταξύ χρόνου ανέγερσης κτίσματος και χρόνου δημιουργίας οικοπέδου;","παλαιότητα_οικοπέδου"
"Μπορώ να ζητήσω βεβαίωση παλαιότητας για οικόπεδο που βρίσκεται σε περιοχή υπό ένταξη;","παλαιότητα_οικοπέδου"
"Πώς μπορώ να βρω το έτος που εκδόθηκε το πρώτο παραχωρητήριο για το οικόπεδο;","παλαιότητα_οικοπέδου"
"Χρειάζομαι έγγραφη βεβαίωση για το αν το οικόπεδο προϋφίσταται του 1968.","παλαιότητα_οικοπέδου"

"Πού ζητάω βεβαίωση υψομέτρου για οικοδομική άδεια;","υψόμετρο"
"Χρειάζομαι υψομετρική μελέτη από τον δήμο.","υψόμετρο"
"Ποιος φορέας δίνει τα υψομετρικά δεδομένα περιοχής;","υψόμετρο"
"Υπάρχει αίτηση υψομέτρου διαθέσιμη online;","υψόμετρο"
"Πώς υποβάλλω αίτηση για καθορισμό υψομέτρου;","υψόμετρο"
"Ποια δικαιολογητικά χρειάζονται για τη βεβαίωση υψομέτρου;","υψόμετρο"
"Πόσος χρόνος απαιτείται για την έκδοση βεβαίωσης υψομέτρου;","υψόμετρο"
"Μπορώ να χρησιμοποιήσω χάρτες Google Earth για υψόμετρο;","υψόμετρο"
"Σε ποια Διεύθυνση Πολεοδομίας ή Τεχνική Υπηρεσία απευθύνομαι για υψόμετρο;","υψόμετρο"
"Είναι απαραίτητη η αυτοψία μηχανικού για την επιβεβαίωση υψομέτρου;","υψόμετρο"
"Ποιοι άλλοι τρόποι απόδειξης υψομέτρου υπάρχουν;","υψόμετρο"
"Χρειάζεται τοπογραφικό διάγραμμα με υψόμετρα;","υψόμετρο"
"Πώς μπορώ να διορθώσω λανθασμένα υψομετρικά στοιχεία σε έγγραφο;","υψόμετρο"
"Τι γίνεται αν δεν υπάρχουν επίσημα υψομετρικά δεδομένα για την περιοχή μου;","υψόμετρο"
"Πού μπορώ να βρω παλιά υψομετρικά σχέδια για οικόπεδα;","υψόμετρο"
"Είναι η βεβαίωση υψομέτρου κρίσιμη για την έκδοση οικοδομικής άδειας;","υψόμετρο"
"Πού μπορώ να βρω τη νομοθεσία για τον καθορισμό υψομέτρου;","υψόμετρο"
"Μπορώ να ζητήσω βεβαίωση υψομέτρου μέσω ΚΕΠ;","υψόμετρο"
"Ποιος είναι ο ρόλος του Κτηματολογίου στα υψομετρικά δεδομένα;","υψόμετρο"
"Χρειάζεται βεβαίωση μηχανικού για το υψόμετρο;","υψόμετρο"
"Πώς μπορώ να επιταχύνω την έκδοση βεβαίωσης υψομέτρου;","υψόμετρο"
"Τι προβλέπεται για καθορισμό υψομέτρου σε περιοχές με κλίση;","υψόμετρο"
"Πού μπορώ να ζητήσω αντίγραφα υψομετρικών μελετών από τον δήμο;","υψόμετρο"
"Είναι η βεβαίωση υψομέτρου απαραίτητη για τη σύνδεση με αποχέτευση;","υψόμετρο"
"Πώς μπορώ να αποδείξω το υψόμετρο αγροτεμαχίου;","υψόμετρο"
"Υπάρχουν ειδικές ρυθμίσεις για υψόμετρο σε παραδοσιακούς οικισμούς;","υψόμετρο"
"Πού μπορώ να βρω εγκυκλίους που αφορούν το υψόμετρο;","υψόμετρο"
"Μπορώ να ζητήσω βεβαίωση υψομέτρου για απαλλοτρίωση;","υψόμετρο"
"Ποια είναι η διαδικασία για την αναγνώριση υψομετρικών σημείων;","υψόμετρο"
"Χρειάζεται απόφαση δημοτικού συμβουλίου για τον καθορισμό υψομέτρου;","υψόμετρο"
"Πού μπορώ να βρω συχνές ερωτήσεις για το υψόμετρο;","υψόμετρο"
"Είναι το υψόμετρο καθοριστικό για την ανέγερση κτίσματος;","υψόμετρο"
"Πώς μπορώ να αντλήσω υψομετρικά στοιχεία από το Αρχείο Πολεοδομίας;","υψόμετρο"
"Υπάρχει ειδικό καθεστώς για υψόμετρο σε οικισμούς προ 1923;","υψόμετρο"
"Πού μπορώ να υποβάλω ένσταση για απόρριψη αίτησης υψομέτρου;","υψόμετρο"
"Τι γίνεται αν το υψόμετρο δεν αναφέρεται σε κανένα σχέδιο;","υψόμετρο"
"Πώς μπορώ να λάβω πληροφορίες για παλιά ρυμοτομικά σχέδια με υψόμετρα;","υψόμετρο"
"Είναι η βεβαίωση υψομέτρου απαραίτητη για την τακτοποίηση αυθαιρέτου;","υψόμετρο"
"Πού μπορώ να βρω αποφάσεις δικαστηρίων για υψομετρικά ζητήματα;","υψόμετρο"
"Μπορώ να αιτηθώ για βεβαίωση υψομέτρου για αγροτεμάχιο;","υψόμετρο"
"Ποια είναι η διαδικασία για την ενημέρωση του Κτηματολογίου με υψομετρικά δεδομένα;","υψόμετρο"
"Χρειάζεται έλεγχος ορίων ιδιοκτησίας για υψόμετρο;","υψόμετρο"
"Πού μπορώ να επικοινωνήσω για νομικές συμβουλές σχετικά με το υψόμετρο;","υψόμετρο"
"Είναι η βεβαίωση υψομέτρου το ίδιο με την υψομετρική καμπύλη;","υψόμετρο"
"Πώς μπορώ να αποδείξω το υψόμετρο αν έχει αλλάξει το έδαφος;","υψόμετρο"
"Υπάρχουν περιορισμοί στην ανάπτυξη βάσει υψομέτρου;","υψόμετρο"
"Πού μπορώ να βρω παλαιούς χάρτες που δείχνουν τα υψόμετρα περιοχών;","υψόμετρο"
"Τι γίνεται αν το υψόμετρο αμφισβητείται από γείτονα;","υψόμετρο"
"Πώς μπορώ να λάβω βεβαίωση υψομέτρου για αλλαγή χρήσης γης;","υψόμετρο"
"Πώς μπορώ να πάρω ένα χαρτί από τον δήμο που να λέει το υψόμετρο του οικοπέδου μου;","υψόμετρο"
"Χρειάζεται υψομετρική μελέτη για να βγάλω άδεια για ένα μικρό κτίσμα;","υψόμετρο"
"Θέλω να μάθω το υψόμετρο της περιοχής μου για να το δηλώσω στην πολεοδομία.","υψόμετρο"
"Πού μπορώ να βρω τα επίσημα υψομετρικά δεδομένα για το ακίνητό μου;","υψόμετρο"
"Ο μηχανικός μου ζήτησε ένα έγγραφο με τα υψόμετρα για να κάνει την μελέτη.","υψόμετρο"
"Είναι υποχρεωτικό να έχω βεβαίωση υψομέτρου για να χτίσω;","υψόμετρο"
"Πρέπει να πάω στον δήμο για να πάρω ένα πιστοποιητικό υψομέτρου;","υψόμετρο"
"Η τράπεζα μου ζήτησε ένα χαρτί με το υψόμετρο του οικοπέδου για ένα δάνειο.","υψόμετρο"
"Πώς μπορώ να διορθώσω ένα λάθος στα υψομετρικά στοιχεία του τοπογραφικού;","υψόμετρο"
"Αν δεν υπάρχουν επίσημα υψομετρικά στοιχεία, τι πρέπει να κάνω;","υψόμετρο"
"Χρειάζεται να πληρώσω για να μου βγάλουν τη βεβαίωση υψομέτρου;","υψόμετρο"
"Ποια είναι η διαδικασία για να βρω τα υψομετρικά σχέδια της περιοχής μου;","υψόμετρο"
"Πρέπει να καταθέσω έγγραφο υψομέτρου για να κάνω τακτοποίηση αυθαιρέτου;","υψόμετρο"
"Ο γείτονας λέει ότι το σπίτι μου είναι χτισμένο ψηλότερα από το δικό του, πώς μπορώ να το αποδείξω;","υψόμετρο"
"Θέλω να βγάλω ένα χαρτί με το υψόμετρο για ένα αγροτεμάχιο.","υψόμετρο"
"Πού μπορώ να βρω τους παλιούς χάρτες με τα υψόμετρα;","υψόμετρο"
"Πώς μπορώ να αντιδράσω αν το υψόμετρο που μου δίνει ο δήμος είναι λάθος;","υψόμετρο"
"Χρειάζεται να κάνω αίτηση για καθορισμό υψομέτρου;","υψόμετρο"
"Πού μπορώ να βρω τα τηλέφωνα επικοινωνίας για υψομετρικά θέματα;","υψόμετρο"
"Μπορώ να ζητήσω να γίνει αυτοψία στο οικόπεδό μου για να επιβεβαιωθεί το υψόμετρο;","υψόμετρο"
"Ποια είναι η διαδικασία για την έκδοση βεβαίωσης υψομέτρου από τον δήμο;","υψόμετρο"
"Χρειάζομαι το εγκεκριμένο υψόμετρο της οδού για την έκδοση οικοδομικής άδειας.","υψόμετρο"
"Ποια δικαιολογητικά πρέπει να καταθέσω για τη βεβαίωση υψομέτρου του πεζοδρομίου;","υψόμετρο"
"Πώς μπορώ να μάθω το υψόμετρο της αφετηρίας μέτρησης για το οικόπεδό μου;","υψόμετρο"
"Είναι απαραίτητη η αυτοψία από μηχανικό του δήμου για τον καθορισμό υψομέτρου;","υψόμετρο"
"Πού υποβάλλεται η αίτηση για τη μελέτη υψομετρικής μελέτης μιας οδού;","υψόμετρο"
"Χρειάζομαι βεβαίωση υψομέτρου για να προχωρήσω στη διαμόρφωση της εισόδου του γκαράζ.","υψόμετρο"
"Ποιο είναι το κόστος του παραβόλου για τη χορήγηση βεβαίωσης υψομέτρου;","υψόμετρο"
"Πώς μπορώ να διορθώσω μια λανθασμένη υψομετρική στάθμη μπροστά από το ακίνητό μου;","υψόμετρο"
"Ποιο τμήμα της Τεχνικής Υπηρεσίας είναι αρμόδιο για τα υψόμετρα των δρόμων;","υψόμετρο"
"Θέλω να μάθω αν υπάρχει εγκεκριμένο υψόμετρο για την περιοχή που είναι εκτός σχεδίου.","υψόμετρο"
"Πόσο χρόνο διαρκεί η έκδοση της βεβαίωσης υψομέτρου από την πολεοδομία;","υψόμετρο"
"Είναι απαραίτητο το τοπογραφικό διάγραμμα για την αίτηση βεβαίωσης υψομέτρου;","υψόμετρο"
"Πώς μπορώ να ζητήσω τον καθορισμό υψομέτρου σε έναν δρόμο που δεν έχει ασφαλτοστρωθεί;","υψόμετρο"
"Χρειάζομαι τη βεβαίωση υψομέτρου για τη σύνταξη της μελέτης αποχέτευσης.","υψόμετρο"
"Μπορώ να λάβω τη βεβαίωση υψομέτρου ηλεκτρονικά μέσω της πλατφόρμας του δήμου;","υψόμετρο"
"Τι γίνεται αν το φυσικό έδαφος έχει μεγάλη απόκλιση από το εγκεκριμένο υψόμετρο;","υψόμετρο"
"Ποια είναι η διαδικασία για τον καθορισμό υψομέτρου σε γωνιακό οικόπεδο με δύο δρόμους;","υψόμετρο"
"Χρειάζομαι αντίγραφο της υψομετρικής μελέτης που ισχύει για το οικοδομικό μου τετράγωνο.","υψόμετρο"
"Πώς επηρεάζει το υψόμετρο του δρόμου το μέγιστο επιτρεπόμενο ύψος του κτιρίου;","υψόμετρο"
"Μπορώ να κάνω ένσταση για το καθορισμένο υψόμετρο αν επηρεάζει την πρόσβαση στο ακίνητο;","υψόμετρο"
"Ποιος μηχανικός του δήμου υπογράφει τη βεβαίωση υψομέτρου για την οικοδομή;","υψόμετρο"
"Χρειάζομαι το υψόμετρο της οδού για να υπολογίσω την κλίση της ράμπας ΑμεΑ.","υψόμετρο"
"Πώς μπορώ να βρω τα υψόμετρα των κρασπέδων που έχουν οριστεί από την πράξη εφαρμογής;","υψόμετρο"
"Είναι υποχρεωτική η βεβαίωση υψομέτρου για την τελική θεώρηση της οικοδομικής άδειας;","υψόμετρο"
"Θέλω να αιτηθώ τον έλεγχο του υψομέτρου λόγω συσσώρευσης υδάτων μπροστά στο σπίτι μου.","υψόμετρο"
"Ποια στοιχεία πρέπει να αναγράφονται στο τοπογραφικό για τον καθορισμό υψομέτρου;","υψόμετρο"
"Χρειάζομαι βεβαίωση υψομέτρου για την τοποθέτηση υπόγειας δεξαμενής καυσίμων.","υψόμετρο"
"Πώς μπορώ να μάθω αν έχει αλλάξει το εγκεκριμένο υψόμετρο μετά την ανάπλαση του δρόμου;","υψόμετρο"
"Ποια είναι η διαφορά μεταξύ υψομέτρου εδάφους και υψομέτρου οδού στη βεβαίωση;","υψόμετρο"
"Μπορεί ο ιδιώτης μηχανικός μου να ορίσει το υψόμετρο χωρίς την έγκριση του δήμου;","υψόμετρο"

"Θέλω βεβαίωση χιλιομετρικής απόστασης από τον δήμο.","χιλιομετρική_απόσταση"
"Πού κάνω αίτηση για απόσταση μεταξύ σημείων;","χιλιομετρική_απόσταση"
"Ποιος υπολογίζει επίσημα τη χιλιομετρική απόσταση;","χιλιομετρική_απόσταση"
"Γίνεται να παραλάβω ψηφιακά τη βεβαίωση απόστασης;","χιλιομετρική_απόσταση"
"Ποια είναι η διαδικασία για απόδειξη απόστασης από ακίνητο;","χιλιομετρική_απόσταση"
"Ποια δικαιολογητικά χρειάζονται για τη βεβαίωση χιλιομετρικής απόστασης;","χιλιομετρική_απόσταση"
"Πόσος χρόνος απαιτείται για την έκδοση βεβαίωσης χιλιομετρικής απόστασης;","χιλιομετρική_απόσταση"
"Μπορώ να χρησιμοποιήσω Google Maps για επίσημη χιλιομετρική απόσταση;","χιλιομετρική_απόσταση"
"Σε ποια Διεύθυνση ή Τμήμα απευθύνομαι για χιλιομετρική απόσταση;","χιλιομετρική_απόσταση"
"Είναι απαραίτητη η αυτοψία για την επιβεβαίωση χιλιομετρικής απόστασης;","χιλιομετρική_απόσταση"
"Ποιοι άλλοι τρόποι απόδειξης χιλιομετρικής απόστασης υπάρχουν;","χιλιομετρική_απόσταση"
"Χρειάζεται τοπογραφικό διάγραμμα για αίτηση χιλιομετρικής απόστασης;","χιλιομετρική_απόσταση"
"Πώς μπορώ να διορθώσω λανθασμένα στοιχεία σε βεβαίωση χιλιομετρικής απόστασης;","χιλιομετρική_απόσταση"
"Τι γίνεται αν δεν υπάρχουν επίσημα δεδομένα απόστασης για την περιοχή μου;","χιλιομετρική_απόσταση"
"Πού μπορώ να βρω παλιά σχέδια που δείχνουν αποστάσεις;","χιλιομετρική_απόσταση"
"Είναι η βεβαίωση χιλιομετρικής απόστασης κρίσιμη για επιδόματα;","χιλιομετρική_απόσταση"
"Πού μπορώ να βρω τη νομοθεσία για τον υπολογισμό χιλιομετρικής απόστασης;","χιλιομετρική_απόσταση"
"Μπορώ να ζητήσω βεβαίωση χιλιομετρικής απόστασης μέσω ΚΕΠ;","χιλιομετρική_απόσταση"
"Ποιος είναι ο ρόλος του Κτηματολογίου στις χιλιομετρικές αποστάσεις;","χιλιομετρική_απόσταση"
"Χρειάζεται βεβαίωση μηχανικού για τη χιλιομετρική απόσταση;","χιλιομετρική_απόσταση"
"Πώς μπορώ να επιταχύνω την έκδοση βεβαίωσης χιλιομετρικής απόστασης;","χιλιομετρική_απόσταση"
"Τι προβλέπεται για υπολογισμό απόστασης σε περιοχές χωρίς οδικό δίκτυο;","χιλιομετρική_απόσταση"
"Πού μπορώ να ζητήσω αντίγραφα μετρήσεων από τον δήμο για αποστάσεις;","χιλιομετρική_απόσταση"
"Είναι η βεβαίωση χιλιομετρικής απόστασης απαραίτητη για μεταβιβάσεις ακινήτων;","χιλιομετρική_απόσταση"
"Πώς μπορώ να αποδείξω την απόσταση από σχολείο ή νοσοκομείο;","χιλιομετρική_απόσταση"
"Υπάρχουν ειδικές ρυθμίσεις για χιλιομετρική απόσταση σε παραμεθόριες περιοχές;","χιλιομετρική_απόσταση"
"Πού μπορώ να βρω εγκυκλίους που αφορούν τη χιλιομετρική απόσταση;","χιλιομετρική_απόσταση"
"Μπορώ να ζητήσω βεβαίωση χιλιομετρικής απόστασης για φορολογικούς λόγους;","χιλιομετρική_απόσταση"
"Ποια είναι η διαδικασία για την αναγνώριση σημείων αναφοράς για απόσταση;","χιλιομετρική_απόσταση"
"Χρειάζεται απόφαση δημοτικού συμβουλίου για τον καθορισμό απόστασης;","χιλιομετρική_απόσταση"
"Πού μπορώ να βρω συχνές ερωτήσεις για τη χιλιομετρική απόσταση;","χιλιομετρική_απόσταση"
"Είναι η χιλιομετρική απόσταση καθοριστική για την ανέγερση ειδικών κτιρίων;","χιλιομετρική_απόσταση"
"Πώς μπορώ να αντλήσω στοιχεία απόστασης από το Αρχείο Πολεοδομίας;","χιλιομετρική_απόσταση"
"Υπάρχει ειδικό καθεστώς για χιλιομετρική απόσταση σε οικισμούς;","χιλιομετρική_απόσταση"
"Πού μπορώ να υποβάλω ένσταση για απόρριψη αίτησης χιλιομετρικής απόστασης;","χιλιομετρική_απόσταση"
"Τι γίνεται αν η χιλιομετρική απόσταση δεν αναφέρεται σε κανένα σχέδιο;","χιλιομετρική_απόσταση"
"Πώς μπορώ να λάβω πληροφορίες για παλιά ρυμοτομικά σχέδια με αποστάσεις;","χιλιομετρική_απόσταση"
"Είναι η βεβαίωση χιλιομετρικής απόστασης απαραίτητη για αδειοδότηση επιχείρησης;","χιλιομετρική_απόσταση"
"Πού μπορώ να βρω αποφάσεις δικαστηρίων για χιλιομετρικές αποστάσεις;","χιλιομετρική_απόσταση"
"Μπορώ να αιτηθώ για βεβαίωση χιλιομετρικής απόστασης για αγροτεμάχιο;","χιλιομετρική_απόσταση"
"Ποια είναι η διαδικασία για την ενημέρωση του Κτηματολογίου με δεδομένα απόστασης;","χιλιομετρική_απόσταση"
"Χρειάζεται έλεγχος ορίων ιδιοκτησίας για χιλιομετρική απόσταση;","χιλιομετρική_απόσταση"
"Πού μπορώ να επικοινωνήσω για νομικές συμβουλές σχετικά με τη χιλιομετρική απόσταση;","χιλιομετρική_απόσταση"
"Είναι η βεβαίωση χιλιομετρικής απόστασης το ίδιο με τον οδικό χάρτη;","χιλιομετρική_απόσταση"
"Πώς μπορώ να αποδείξω τη χιλιομετρική απόσταση αν έχει αλλάξει το οδικό δίκτυο;","χιλιομετρική_απόσταση"
"Υπάρχουν περιορισμοί στην ανάπτυξη βάσει χιλιομετρικής απόστασης από σημεία ενδιαφέροντος;","χιλιομετρική_απόσταση"
"Πού μπορώ να βρω παλαιούς χάρτες που δείχνουν χιλιομετρικές αποστάσεις;","χιλιομετρική_απόσταση"
"Τι γίνεται αν η χιλιομετρική απόσταση αμφισβητείται από γείτονα;","χιλιομετρική_απόσταση"
"Πώς μπορώ να λάβω βεβαίωση χιλιομετρικής απόστασης για επιδότηση μετακίνησης;","χιλιομετρική_απόσταση"
"Χρειάζομαι ένα έγγραφο που να αποδεικνύει την απόσταση της κατοικίας μου από το σχολείο για το επίδομα.","χιλιομετρική_απόσταση"
"Πώς μπορώ να πάρω ένα επίσημο χαρτί που να λέει πόσα χιλιόμετρα είναι η δουλειά μου από το σπίτι;","χιλιομετρική_απόσταση"
"Η φοιτητική εστία μου ζήτησε βεβαίωση για την απόσταση από την έδρα του δήμου.","χιλιομετρική_απόσταση"
"Ο δήμος έχει κάποια βάση δεδομένων με τις επίσημες αποστάσεις;","χιλιομετρική_απόσταση"
"Μπορώ να ζητήσω βεβαίωση για την απόσταση του οικοπέδου μου από το νοσοκομείο;","χιλιομετρική_απόσταση"
"Πρέπει να πληρώσω κάτι για να μου βγάλουν τη βεβαίωση χιλιομετρικής απόστασης;","χιλιομετρική_απόσταση"
"Πώς μπορώ να αποδείξω την απόσταση της επιχείρησής μου από το κέντρο της πόλης;","χιλιομετρική_απόσταση"
"Χρειάζεται να πάω ο ίδιος στην πολεοδομία για να πάρω το χαρτί με την απόσταση;","χιλιομετρική_απόσταση"
"Θέλω να βγάλω μια βεβαίωση για την απόσταση από την πλησιέστερη στάση λεωφορείου.","χιλιομετρική_απόσταση"
"Ποια είναι η διαδικασία για να πάρω βεβαίωση χιλιομετρικής απόστασης;","χιλιομετρική_απόσταση"
"Μπορώ να ζητήσω να γίνει αυτοψία στο οικόπεδό μου για να μετρήσουν την απόσταση;","χιλιομετρική_απόσταση"
"Χρειάζεται να έχω κωδικούς TaxisNet για να βγάλω τη βεβαίωση απόστασης;","χιλιομετρική_απόσταση"
"Πώς μπορώ να βρω τους παλιούς χάρτες που δείχνουν τις αποστάσεις;","χιλιομετρική_απόσταση"
"Ο δικηγόρος μου ζητάει ένα έγγραφο για την απόσταση του ακινήτου από το δρόμο.","χιλιομετρική_απόσταση"
"Πού μπορώ να βρω το κόστος έκδοσης της βεβαίωσης χιλιομετρικής απόστασης;","χιλιομετρική_απόσταση"
"Θέλω να αιτηθώ για ένα χαρτί που να λέει πόσα μέτρα απέχει το σπίτι μου από τον κεντρικό δρόμο.","χιλιομετρική_απόσταση"
"Πρέπει να πληρώσω παράβολο για την αίτηση βεβαίωσης απόστασης;","χιλιομετρική_απόσταση"
"Πώς μπορώ να πάρω ένα επίσημο έγγραφο που να αποδεικνύει την απόσταση από ένα μνημείο;","χιλιομετρική_απόσταση"
"Χρειάζεται να πάω στο τμήμα πολεοδομίας για να βγάλω τη βεβαίωση απόστασης;","χιλιομετρική_απόσταση"
"Μπορώ να ζητήσω βεβαίωση απόστασης για το οικόπεδό μου από το πλησιέστερο ρέμα;","χιλιομετρική_απόσταση"
"Πού μπορώ να βρω το έντυπο αίτησης για τη βεβαίωση απόστασης;","χιλιομετρική_απόσταση"
"Ποια είναι η διαδικασία για την έκδοση βεβαίωσης χιλιομετρικής απόστασης;", "χιλιομετρική_απόσταση"
"Χρειάζομαι βεβαίωση για την απόσταση από τον δήμο μου έως το πλησιέστερο νοσοκομείο.", "χιλιομετρική_απόσταση"
"Ποια είναι η επίσημη χιλιομετρική απόσταση μεταξύ της κοινότητας και του κέντρου της πόλης;", "χιλιομετρική_απόσταση"
"Χρειάζομαι το έγγραφο για να το καταθέσω στην υπηρεσία μου για το επίδομα οδοιπορικών.", "χιλιομετρική_απόσταση"
"Πώς μπορώ να λάβω βεβαίωση απόστασης για τη μετακίνηση του παιδιού μου στο σχολείο;", "χιλιομετρική_απόσταση"
"Ποιο τμήμα του δήμου εκδίδει τη βεβαίωση για τις χιλιομετρικές αποστάσεις;", "χιλιομετρική_απόσταση"
"Είναι απαραίτητη η βεβαίωση απόστασης για την αίτηση μετάθεσης εκπαιδευτικού;", "χιλιομετρική_απόσταση"
"Μπορώ να ζητήσω βεβαίωση χιλιομετρικής απόστασης μέσω των ΚΕΠ;", "χιλιομετρική_απόσταση"
"Πώς υπολογίζεται η απόσταση από την έδρα του δήμου μέχρι τον οικισμό μου;", "χιλιομετρική_απόσταση"
"Χρειάζομαι βεβαίωση ότι η κατοικία μου απέχει πάνω από 50 χιλιόμετρα από την εργασία μου.", "χιλιομετρική_απόσταση"
"Ποιο είναι το κόστος ή το παράβολο για την έκδοση βεβαίωσης χιλιομετρικής απόστασης;", "χιλιομετρική_απόσταση"
"Μπορώ να λάβω τη βεβαίωση απόστασης ηλεκτρονικά από την ιστοσελίδα του δήμου;", "χιλιομετρική_απόσταση"
"Ποια είναι η επίσημη πηγή (π.χ. Google Maps ή υπουργείο) που χρησιμοποιεί ο δήμος;", "χιλιομετρική_απόσταση"
"Χρειάζομαι τη βεβαίωση για να δικαιολογήσω έξοδα μετακίνησης σε δημόσιο φορέα.", "χιλιομετρική_απόσταση"
"Πόσο χρόνο χρειάζεται ο δήμος για να εκδώσει τη βεβαίωση χιλιομετρικής απόστασης;", "χιλιομετρική_απόσταση"
"Θέλω να μάθω την απόσταση μεταξύ δύο συγκεκριμένων διευθύνσεων εντός του δήμου.", "χιλιομετρική_απόσταση"
"Πώς μπορώ να κάνω ένσταση αν η βεβαιωθείσα απόσταση είναι μικρότερη από την πραγματική;", "χιλιομετρική_απόσταση"
"Είναι έγκυρη η βεβαίωση αν η μέτρηση έγινε μέσω του δευτερεύοντος οδικού δικτύου;", "χιλιομετρική_απόσταση"
"Χρειάζομαι βεβαίωση απόστασης για τη συμμετοχή μου σε διαγωνισμό του ΑΣΕΠ.", "χιλιομετρική_απόσταση"
"Ποιος υπάλληλος είναι αρμόδιος για την υπογραφή των βεβαιώσεων χιλιομετρικής απόστασης;", "χιλιομετρική_απόσταση"
"Θέλω να αιτηθώ βεβαίωση για την απόσταση του λιμανιού από το κέντρο του χωριού.", "χιλιομετρική_απόσταση"
"Πώς μπορώ να αποδείξω ότι ο δρόμος που χρησιμοποιείται για τη μέτρηση είναι κλειστός;", "χιλιομετρική_απόσταση"
"Χρειάζομαι βεβαίωση για τη χιλιομετρική απόσταση προκειμένου να λάβω το επίδομα παραμεθορίου.", "χιλιομετρική_απόσταση"
"Μπορεί ο δήμος να βεβαιώσει την απόσταση από την κατοικία μου μέχρι το ΚΤΕΛ;", "χιλιομετρική_απόσταση"
"Ποια δικαιολογητικά απαιτούνται για την έκδοση της βεβαίωσης απόστασης;", "χιλιομετρική_απόσταση"
"Χρειάζεται να αναφέρεται η ακριβής διαδρομή στη βεβαίωση χιλιομετρικής απόστασης;", "χιλιομετρική_απόσταση"
"Είναι απαραίτητη η ταυτότητα του αιτούντος για την παραλαβή της βεβαίωσης;", "χιλιομετρική_απόσταση"
"Πώς μπορώ να βρω παλαιότερες βεβαιώσεις αποστάσεων που έχουν εκδοθεί από τον δήμο;", "χιλιομετρική_απόσταση"
"Χρειάζομαι βεβαίωση για την απόσταση της έδρας της επιχείρησής μου από την πρωτεύουσα.", "χιλιομετρική_απόσταση"
"Μπορώ να ζητήσω βεβαίωση απόστασης για μετακίνηση εκτός των ορίων του δήμου;", "χιλιομετρική_απόσταση"

"Πού αιτούμαι κατάληψη κοινόχρηστου χώρου για οικοδομικές εργασίες;","κατάληψη_κοινόχρηστου"
"Χρειάζομαι άδεια για χρήση πεζοδρομίου κατά την ανακαίνιση.","κατάληψη_κοινόχρηστου"
"Ποιος εγκρίνει την προσωρινή κατάληψη χώρου από εργολάβο;","κατάληψη_κοινόχρηστου"
"Μπορεί να γίνει online η αίτηση για κοινόχρηστο χώρο;","κατάληψη_κοινόχρηστου"
"Υπάρχει προθεσμία για την υποβολή αίτησης;","κατάληψη_κοινόχρηστου"
"Ποια δικαιολογητικά χρειάζονται για άδεια κατάληψης κοινόχρηστου χώρου;","κατάληψη_κοινόχρηστου"
"Πόσος χρόνος απαιτείται για την έκδοση άδειας κατάληψης κοινόχρηστου;","κατάληψη_κοινόχρηστου"
"Μπορώ να παρατείνω την άδεια κατάληψης κοινόχρηστου χώρου;","κατάληψη_κοινόχρηστου"
"Σε ποιο τμήμα του δήμου απευθύνομαι για κατάληψη πεζοδρομίου;","κατάληψη_κοινόχρηστου"
"Είναι απαραίτητη η υποβολή σχεδίου για την κατάληψη;","κατάληψη_κοινόχρηστου"
"Ποια είναι τα τέλη για την κατάληψη κοινόχρηστου χώρου;","κατάληψη_κοινόχρηστου"
"Χρειάζεται ασφάλιση για την κατάληψη κοινόχρηστου χώρου;","κατάληψη_κοινόχρηστου"
"Πώς μπορώ να δηλώσω παράνομη κατάληψη κοινόχρηστου χώρου;","κατάληψη_κοινόχρηστου"
"Τι γίνεται αν η κατάληψη επηρεάζει την πρόσβαση σε γειτονικά ακίνητα;","κατάληψη_κοινόχρηστου"
"Πού μπορώ να βρω τον κανονισμό για την κατάληψη κοινόχρηστων χώρων;","κατάληψη_κοινόχρηστου"
"Είναι η κατάληψη κοινόχρηστου χώρου απαραίτητη για τοποθέτηση κάδου;","κατάληψη_κοινόχρηστου"
"Πού μπορώ να βρω τη νομοθεσία για τη χρήση κοινόχρηστων χώρων;","κατάληψη_κοινόχρηστου"
"Μπορώ να ζητήσω άδεια κατάληψης για τοποθέτηση σκαλωσιάς;","κατάληψη_κοινόχρηστου"
"Ποιος είναι ο ρόλος της Δημοτικής Αστυνομίας στην κατάληψη κοινόχρηστου;","κατάληψη_κοινόχρηστου"
"Χρειάζεται άδεια για κατάληψη πεζοδρομίου από καφέ/εστιατόριο;","κατάληψη_κοινόχρηστου"
"Πώς μπορώ να επιταχύνω την έκδοση άδειας κατάληψης κοινόχρηστου;","κατάληψη_κοινόχρηστου"
"Τι προβλέπεται για πρόστιμα σε περίπτωση παράνομης κατάληψης;","κατάληψη_κοινόχρηστου"
"Πού μπορώ να ζητήσω αντίγραφα αδειών κατάληψης κοινόχρηστου χώρου;","κατάληψη_κοινόχρηστου"
"Είναι η άδεια κατάληψης απαραίτητη για μετακόμιση;","κατάληψη_κοινόχρηστου"
"Πώς μπορώ να δηλώσω προσωρινή κατάληψη για φορτοεκφόρτωση;","κατάληψη_κοινόχρηστου"
"Υπάρχουν ειδικές ρυθμίσεις για κατάληψη χώρου σε ιστορικά κέντρα;","κατάληψη_κοινόχρηστου"
"Πού μπορώ να βρω εγκυκλίους που αφορούν την κατάληψη κοινόχρηστων χώρων;","κατάληψη_κοινόχρηστου"
"Μπορώ να ζητήσω άδεια κατάληψης για τοποθέτηση τραπεζοκαθισμάτων;","κατάληψη_κοινόχρηστου"
"Ποια είναι η διαδικασία για την ανάκληση άδειας κατάληψης;","κατάληψη_κοινόχρηστου"
"Χρειάζεται απόφαση δημοτικού συμβουλίου για μεγάλες καταλήψεις;","κατάληψη_κοινόχρηστου"
"Πού μπορώ να βρω συχνές ερωτήσεις για την κατάληψη κοινόχρηστων χώρων;","κατάληψη_κοινόχρηστου"
"Είναι η κατάληψη κοινόχρηστου χώρου καθοριστική για την προσβασιμότητα;","κατάληψη_κοινόχρηστου"
"Πώς μπορώ να αντλήσω στοιχεία για προηγούμενες καταλήψεις κοινόχρηστου χώρου;","κατάληψη_κοινόχρηστου"
"Υπάρχει ειδικό καθεστώς για κατάληψη χώρου σε δημόσιες εκδηλώσεις;","κατάληψη_κοινόχρηστου"
"Πού μπορώ να υποβάλω ένσταση για απόρριψη αίτησης κατάληψης;","κατάληψη_κοινόχρηστου"
"Τι γίνεται αν η κατάληψη χώρου δεν είναι σύμφωνη με την άδεια;","κατάληψη_κοινόχρηστου"
"Πώς μπορώ να λάβω πληροφορίες για παλιά σχέδια που αφορούν κοινόχρηστους χώρους;","κατάληψη_κοινόχρηστου"
"Είναι η άδεια κατάληψης απαραίτητη για την τοποθέτηση διαφημιστικής πινακίδας;","κατάληψη_κοινόχρηστου"
"Πού μπορώ να βρω αποφάσεις δικαστηρίων για καταλήψεις κοινόχρηστων χώρων;","κατάληψη_κοινόχρηστου"
"Μπορώ να αιτηθώ για κατάληψη κοινόχρηστου χώρου για έργα υποδομής;","κατάληψη_κοινόχρηστου"
"Ποια είναι η διαδικασία για την αποκατάσταση κοινόχρηστου χώρου μετά την κατάληψη;","κατάληψη_κοινόχρηστου"
"Χρειάζεται έλεγχος κυκλοφοριακών ρυθμίσεων για την κατάληψη;","κατάληψη_κοινόχρηστου"
"Πού μπορώ να επικοινωνήσω για νομικές συμβουλές σχετικά με την κατάληψη κοινόχρηστου χώρου;","κατάληψη_κοινόχρηστου"
"Είναι η άδεια κατάληψης κοινόχρηστου χώρου το ίδιο με την άδεια τομής οδού;","κατάληψη_κοινόχρηστου"
"Πώς μπορώ να δηλώσω κατάληψη κοινόχρηστου χώρου σε περίπτωση έκτακτης ανάγκης;","κατάληψη_κοινόχρηστου"
"Υπάρχουν περιορισμοί στο μέγεθος της κατάληψης κοινόχρηστου χώρου;","κατάληψη_κοινόχρηστου"
"Πού μπορώ να βρω παλαιούς χάρτες που δείχνουν κοινόχρηστους χώρους;","κατάληψη_κοινόχρηστου"
"Τι γίνεται αν η κατάληψη κοινόχρηστου χώρου αμφισβητείται από τους κατοίκους;","κατάληψη_κοινόχρηστου"
"Πώς μπορώ να λάβω άδεια κατάληψης για τοποθέτηση εμπορευμάτων;","κατάληψη_κοινόχρηστου"
"Θέλω να βγάλω ένα χαρτί για να βάλω τα τραπεζοκαθίσματα του μαγαζιού μου στον πεζόδρομο.","κατάληψη_κοινόχρηστου"
"Πρέπει να πάρω άδεια για να κλείσω τον δρόμο για τη μετακόμισή μου;","κατάληψη_κοινόχρηστου"
"Ο εργολάβος μου χρειάζεται άδεια για να βάλει τα μπάζα και τα υλικά της ανακαίνισης στον δρόμο.","κατάληψη_κοινόχρηστου"
"Πώς μπορώ να βγάλω ένα χαρτί για να χρησιμοποιήσω το πεζοδρόμιο για φορτοεκφόρτωση;","κατάληψη_κοινόχρηστου"
"Ποιος είναι ο αρμόδιος φορέας για να δώσει άδεια για να βάλω μια ράμπα στο πεζοδρόμιο;","κατάληψη_κοινόχρηστου"
"Η Δημοτική Αστυνομία μου είπε να πάρω άδεια για την κατάληψη του κοινόχρηστου χώρου.","κατάληψη_κοινόχρηστου"
"Χρειάζεται να πληρώσω κάτι για να χρησιμοποιήσω το πεζοδρόμιο για τις εργασίες μου;","κατάληψη_κοινόχρηστου"
"Πώς μπορώ να δηλώσω ένα παράνομο τραπεζοκαθίσματα που εμποδίζει το πεζοδρόμιο;","κατάληψη_κοινόχρηστου"
"Μπορώ να ζητήσω παράταση της άδειας κατάληψης του κοινόχρηστου χώρου;","κατάληψη_κοινόχρηστου"
"Τοποθέτησα μια σκαλωσιά στο πεζοδρόμιο, αλλά δεν ξέρω αν χρειάζεται άδεια.","κατάληψη_κοινόχρηστου"
"Χρειάζεται να υπογράψουν και οι γείτονες για να πάρω άδεια κατάληψης;","κατάληψη_κοινόχρηστου"
"Θέλω να κλείσω ένα κομμάτι του δρόμου για να κάνω εργασίες συντήρησης στον κήπο μου.","κατάληψη_κοινόχρηστου"
"Πώς μπορώ να βρω το κόστος για την κατάληψη του πεζοδρομίου;","κατάληψη_κοινόχρηστου"
"Πρέπει να πάω στο δημαρχείο για να κάνω αίτηση για κατάληψη κοινόχρηστου χώρου;","κατάληψη_κοινόχρηστου"
"Μπορώ να ζητήσω άδεια για κατάληψη χώρου για να στήσω μια υπαίθρια εκδήλωση;","κατάληψη_κοινόχρηστου"
"Χρειάζεται ασφάλιση για την κατάληψη του κοινόχρηστου χώρου;","κατάληψη_κοινόχρηστου"
"Ο πεζόδρομος είναι κατειλημμένος από τραπεζοκαθίσματα, πού το καταγγέλλω;","κατάληψη_κοινόχρηστου"
"Πώς μπορώ να βρω το έντυπο αίτησης για κατάληψη κοινόχρηστου χώρου;","κατάληψη_κοινόχρηστου"
"Θέλω να βγάλω άδεια για να τοποθετήσω διαφημιστική πινακίδα στον πεζόδρομο.","κατάληψη_κοινόχρηστου"
"Ποια είναι η διαδικασία για την απομάκρυνση παράνομης κατάληψης;","κατάληψη_κοινόχρηστου"
"Ποια είναι η διαδικασία για την έκδοση άδειας κατάληψης κοινόχρηστου χώρου;","κατάληψη_κοινόχρηστου"
"Χρειάζομαι άδεια για την τοποθέτηση τραπεζοκαθισμάτων έξω από το κατάστημά μου.","κατάληψη_κοινόχρηστου"
"Ποια δικαιολογητικά απαιτούνται για την κατάληψη πεζοδρομίου με οικοδομικά υλικά;","κατάληψη_κοινόχρηστου"
"Πώς μπορώ να βγάλω άδεια για την τοποθέτηση κάδου μπαζών στον δρόμο;","κατάληψη_κοινόχρηστου"
"Ποιο είναι το κόστος του τέλους χρήσης κοινόχρηστου χώρου ανά τετραγωνικό μέτρο;","κατάληψη_κοινόχρηστου"
"Θέλω να αιτηθώ άδεια για την τοποθέτηση εμπορευμάτων στο πεζοδρόμιο.","κατάληψη_κοινόχρηστου"
"Μπορώ να τοποθετήσω σκαλωσιά για βάψιμο κτιρίου χωρίς άδεια από τον δήμο;","κατάληψη_κοινόχρηστου"
"Ποιο είναι το πρόστιμο για παράνομη κατάληψη κοινόχρηστου χώρου από επιχείρηση;","κατάληψη_κοινόχρηστου"
"Χρειάζομαι άδεια για την τοποθέτηση προστατευτικών εμποδίων μπροστά στην είσοδό μου.","κατάληψη_κοινόχρηστου"
"Πώς μπορώ να ανανεώσω την ετήσια άδεια χρήσης κοινόχρηστου χώρου;","κατάληψη_κοινόχρηστου"
"Ποιο τμήμα του δήμου είναι αρμόδιο για τον έλεγχο των τραπεζοκαθισμάτων;","κατάληψη_κοινόχρηστου"
"Είναι απαραίτητο το τοπογραφικό διάγραμμα για την αίτηση κατάληψης χώρου;","κατάληψη_κοινόχρηστου"
"Ποιος είναι ο μέγιστος χώρος που μπορώ να καταλάβω σε μια πλατεία;","κατάληψη_κοινόχρηστου"
"Χρειάζομαι άδεια για την τοποθέτηση ψυγείου παγωτών έξω από το περίπτερο.","κατάληψη_κοινόχρηστου"
"Πώς μπορώ να καταγγείλω την παρεμπόδιση πεζών από παράνομη κατάληψη χώρου;","κατάληψη_κοινόχρηστου"
"Επιτρέπεται η χρήση κοινόχρηστου χώρου για προσωρινή εκδήλωση ή περίπτερο;","κατάληψη_κοινόχρηστου"
"Ποια είναι η διαδικασία για την παραχώρηση χώρου στάθμευσης για φορτοεκφόρτωση;","κατάληψη_κοινόχρηστου"
"Χρειάζομαι άδεια για την τοποθέτηση τέντας που στηρίζεται στο πεζοδρόμιο.","κατάληψη_κοινόχρηστου"
"Πόσο χρόνο διαρκεί η έγκριση της αίτησης για χρήση κοινόχρηστου χώρου;","κατάληψη_κοινόχρηστου"
"Μπορώ να πληρώσω το τέλος κατάληψης χώρου σε δόσεις μέσω του δήμου;","κατάληψη_κοινόχρηστου"
"Ποιοι είναι οι κανόνες για την αισθητική των κατασκευών σε κοινόχρηστους χώρους;","κατάληψη_κοινόχρηστου"
"Χρειάζομαι βεβαίωση μη οφειλής για την έκδοση άδειας κατάληψης χώρου.","κατάληψη_κοινόχρηστου"
"Πώς ορίζεται η ζώνη ελεύθερης όδευσης πεζών κατά την κατάληψη πεζοδρομίου;","κατάληψη_κοινόχρηστου"
"Είναι δυνατή η προσωρινή κατάληψη οδοστρώματος για τη μετακόμιση οικοσκευής;","κατάληψη_κοινόχρηστου"
"Πού υποβάλλεται η ένσταση κατά προστίμου της δημοτικής αστυνομίας για χώρο;","κατάληψη_κοινόχρηστου"
"Τι έγγραφα χρειάζομαι για την τοποθέτηση τραπεζιών σε πεζόδρομο;","κατάληψη_κοινόχρηστου"
"Πώς μπορώ να μάθω αν ένας κοινόχρηστος χώρος είναι διαθέσιμος για μίσθωση;","κατάληψη_κοινόχρηστου"
"Επιτρέπεται η τοποθέτηση γλαστρών ή διακοσμητικών στον κοινόχρηστο χώρο;","κατάληψη_κοινόχρηστου"
"Χρειάζομαι άδεια για την εγκατάσταση γερανού σε δημόσιο δρόμο.","κατάληψη_κοινόχρηστου"
"Ποια είναι η διαδικασία για την επιστροφή εγγύησης μετά την κατάληψη χώρου;","κατάληψη_κοινόχρηστου"
"Μπορώ να ζητήσω μείωση τελών κατάληψης λόγω έργων που εκτελούνται στον δρόμο;","κατάληψη_κοινόχρηστου"

"Πού καταθέτω αίτηση για ασφαλτόστρωση του δρόμου μου;","ασφαλτόστρωση_οδού"
"Ο δρόμος έξω από το σπίτι μου χρειάζεται επισκευή – πού απευθύνομαι;","ασφαλτόστρωση_οδού"
"Πώς γίνεται αίτηση για ασφαλτόστρωση σε γειτονιά;","ασφαλτόστρωση_οδού"
"Υπάρχει τυπική διαδικασία για αίτημα ασφαλτόστρωσης;","ασφαλτόστρωση_οδού"
"Ποιος αποφασίζει για τις ασφαλτοστρώσεις στον δήμο;","ασφαλτόστρωση_οδού"
"Ποια δικαιολογητικά χρειάζονται για αίτηση ασφαλτόστρωσης;","ασφαλτόστρωση_οδού"
"Πόσος χρόνος απαιτείται για την έγκριση ασφαλτόστρωσης;","ασφαλτόστρωση_οδού"
"Μπορώ να υποβάλω αίτηση ασφαλτόστρωσης ηλεκτρονικά;","ασφαλτόστρωση_οδού"
"Σε ποια τεχνική υπηρεσία του δήμου απευθύνομαι για ασφαλτόστρωση;","ασφαλτόστρωση_οδού"
"Είναι απαραίτητη η αυτοψία μηχανικού για την εκτίμηση της οδού;","ασφαλτόστρωση_οδού"
"Ποιοι άλλοι τρόποι χρηματοδότησης ασφαλτόστρωσης υπάρχουν;","ασφαλτόστρωση_οδού"
"Χρειάζεται υπογραφή κατοίκων για αίτηση ασφαλτόστρωσης;","ασφαλτόστρωση_οδού"
"Πώς μπορώ να παρακολουθήσω την πορεία της αίτησης ασφαλτόστρωσης;","ασφαλτόστρωση_οδού"
"Τι γίνεται αν ο δρόμος μου δεν είναι δημοτικός;","ασφαλτόστρωση_οδού"
"Πού μπορώ να βρω το πρόγραμμα ασφαλτοστρώσεων του δήμου;","ασφαλτόστρωση_οδού"
"Είναι η ασφαλτόστρωση οδού κρίσιμη για την ασφάλεια;","ασφαλτόστρωση_οδού"
"Πού μπορώ να βρω τη νομοθεσία για τις δημοτικές οδούς;","ασφαλτόστρωση_οδού"
"Μπορώ να ζητήσω ασφαλτόστρωση μέσω ΚΕΠ;","ασφαλτόστρωση_οδού"
"Ποιος είναι ο ρόλος του εργολάβου στην ασφαλτόστρωση;","ασφαλτόστρωση_οδού"
"Χρειάζεται μελέτη οδοποιίας για ασφαλτόστρωση;","ασφαλτόστρωση_οδού"
"Πώς μπορώ να επιταχύνω την υλοποίηση της ασφαλτόστρωσης;","ασφαλτόστρωση_οδού"
"Τι προβλέπεται για πρόστιμα σε περίπτωση κακής ποιότητας ασφαλτόστρωσης;","ασφαλτόστρωση_οδού"
"Πού μπορώ να ζητήσω αντίγραφα μελετών ασφαλτόστρωσης;","ασφαλτόστρωση_οδού"
"Είναι η ασφαλτόστρωση απαραίτητη για την έκδοση οικοδομικής άδειας;","ασφαλτόστρωση_οδού"
"Πώς μπορώ να δηλώσω φθορές σε ασφαλτοστρωμένο δρόμο;","ασφαλτόστρωση_οδού"
"Υπάρχουν ειδικές ρυθμίσεις για ασφαλτόστρωση σε πεζοδρόμους;","ασφαλτόστρωση_οδού"
"Πού μπορώ να βρω εγκυκλίους που αφορούν την ασφαλτόστρωση οδών;","ασφαλτόστρωση_οδού"
"Μπορώ να ζητήσω ασφαλτόστρωση για ιδιωτικό δρόμο;","ασφαλτόστρωση_οδού"
"Ποια είναι η διαδικασία για την ένταξη οδού σε πρόγραμμα ασφαλτόστρωσης;","ασφαλτόστρωση_οδού"
"Χρειάζεται απόφαση δημοτικού συμβουλίου για κάθε ασφαλτόστρωση;","ασφαλτόστρωση_οδού"
"Πού μπορώ να βρω συχνές ερωτήσεις για την ασφαλτόστρωση οδών;","ασφαλτόστρωση_οδού"
"Είναι η ασφαλτόστρωση οδού καθοριστική για την πρόσβαση σε ακίνητα;","ασφαλτόστρωση_οδού"
"Πώς μπορώ να αντλήσω στοιχεία για προηγούμενες ασφαλτοστρώσεις;","ασφαλτόστρωση_οδού"
"Υπάρχει ειδικό καθεστώς για ασφαλτόστρωση σε αγροτικές περιοχές;","ασφαλτόστρωση_οδού"
"Πού μπορώ να υποβάλω ένσταση για απόρριψη αίτησης ασφαλτόστρωσης;","ασφαλτόστρωση_οδού"
"Τι γίνεται αν η ασφαλτόστρωση δεν είναι σύμφωνη με τις προδιαγραφές;","ασφαλτόστρωση_οδού"
"Πώς μπορώ να λάβω πληροφορίες για παλιά σχέδια οδοποιίας;","ασφαλτόστρωση_οδού"
"Είναι η ασφαλτόστρωση απαραίτητη για την αναβάθμιση της περιοχής;","ασφαλτόστρωση_οδού"
"Πού μπορώ να βρω αποφάσεις δικαστηρίων για ζητήματα ασφαλτόστρωσης;","ασφαλτόστρωση_οδού"
"Μπορώ να αιτηθώ για ασφαλτόστρωση σε νέο οικισμό;","ασφαλτόστρωση_οδού"
"Ποια είναι η διαδικασία για την αποκατάσταση οδού μετά από έργα;","ασφαλτόστρωση_οδού"
"Χρειάζεται έλεγχος αποχέτευσης πριν την ασφαλτόστρωση;","ασφαλτόστρωση_οδού"
"Πού μπορώ να επικοινωνήσω για νομικές συμβουλές σχετικά με την ασφαλτόστρωση;","ασφαλτόστρωση_οδού"
"Είναι η ασφαλτόστρωση οδού το ίδιο με την πλακόστρωση;","ασφαλτόστρωση_οδού"
"Πώς μπορώ να δηλώσω ανάγκη ασφαλτόστρωσης σε περίπτωση έκτακτης ανάγκης;","ασφαλτόστρωση_οδού"
"Υπάρχουν περιορισμοί στο πάχος της ασφαλτόστρωσης;","ασφαλτόστρωση_οδού"
"Πού μπορώ να βρω παλαιούς χάρτες που δείχνουν την κατάσταση των οδών;","ασφαλτόστρωση_οδού"
"Τι γίνεται αν η ανάγκη ασφαλτόστρωσης αμφισβητείται από τους κατοίκους;","ασφαλτόστρωση_οδού"
"Πώς μπορώ να λάβω πληροφορίες για το κόστος ασφαλτόστρωσης;","ασφαλτόστρωση_οδού"
"Ο δρόμος της γειτονιάς μου είναι γεμάτος λακκούβες, πώς μπορώ να ζητήσω να τον φτιάξουν;","ασφαλτόστρωση_οδού"
"Η άσφαλτος έξω από το σπίτι μου έχει φθαρεί, τι πρέπει να κάνω;","ασφαλτόστρωση_οδού"
"Χρειάζεται να υπογράψουμε μαζί με τους γείτονες για να κάνουμε αίτηση για ασφαλτόστρωση;","ασφαλτόστρωση_οδού"
"Ο δήμος έχει κάποιο πρόγραμμα για την επισκευή των δρόμων;","ασφαλτόστρωση_οδού"
"Πώς μπορώ να δηλώσω ένα πρόβλημα στο οδόστρωμα της περιοχής μου;","ασφαλτόστρωση_οδού"
"Θέλω να μάθω πότε είναι προγραμματισμένη η ασφαλτόστρωση στην οδό μας.","ασφαλτόστρωση_οδού"
"Πρέπει να πληρώσω για την επισκευή του δρόμου μπροστά από το σπίτι μου;","ασφαλτόστρωση_οδού"
"Ο δρόμος μου είναι χωματόδρομος, μπορώ να ζητήσω ασφαλτόστρωση;","ασφαλτόστρωση_οδού"
"Ποια είναι η διαδικασία για την αποκατάσταση ενός δρόμου μετά από έργα;","ασφαλτόστρωση_οδού"
"Μπορώ να κάνω αίτηση για να φτιαχτεί το πεζοδρόμιο μαζί με τον δρόμο;","ασφαλτόστρωση_οδού"
"Χρειάζεται να πάω στην τεχνική υπηρεσία για να κάνω αίτηση για ασφαλτόστρωση;","ασφαλτόστρωση_οδού"
"Πώς μπορώ να βρω το κόστος για την ασφαλτόστρωση του δρόμου;","ασφαλτόστρωση_οδού"
"Θέλω να δηλώσω ένα επικίνδυνο σημείο στο οδόστρωμα της γειτονιάς.","ασφαλτόστρωση_οδού"
"Πότε θα έρθουν να διορθώσουν τις λακκούβες στον δρόμο;","ασφαλτόστρωση_οδού"
"Ο δρόμος είναι τόσο άσχημος που έχει γίνει απροσπέλαστος, τι πρέπει να κάνω;","ασφαλτόστρωση_οδού"
"Ποιος είναι ο αρμόδιος για να ελέγξει την ποιότητα της ασφάλτου;","ασφαλτόστρωση_οδού"
"Θέλω να ρωτήσω αν το έργο της ασφαλτόστρωσης θα γίνει άμεσα.","ασφαλτόστρωση_οδού"
"Μπορώ να κάνω καταγγελία για κακοτεχνία σε έναν δρόμο;","ασφαλτόστρωση_οδού"
"Πρέπει να πληρώσω ένα παράβολο για την αίτηση ασφαλτόστρωσης;","ασφαλτόστρωση_οδού"
"Χρειάζεται να υπογράψουμε μια αίτηση για να γίνει ασφαλτόστρωση;","ασφαλτόστρωση_οδού"
"Πότε είναι προγραμματισμένη η ασφαλτόστρωση στον δρόμο μας;", "ασφαλτόστρωση_οδού"
"Πώς μπορώ να κάνω αίτηση για να στρωθεί με άσφαλτο ένας χωματόδρομος;", "ασφαλτόστρωση_οδού"
"Ο δρόμος έχει γεμίσει λακκούβες και χρειάζεται άμεσα νέα ασφαλτόστρωση.", "ασφαλτόστρωση_οδού"
"Υπάρχει κάποιο χρονοδιάγραμμα για τα έργα οδοποιίας στη γειτονιά μας;", "ασφαλτόστρωση_οδού"
"Πού μπορώ να αναφέρω την καθίζηση του οδοστρώματος μετά από βροχόπτωση;", "ασφαλτόστρωση_οδού"
"Χρειάζομαι ενημέρωση αν η οδός μου περιλαμβάνεται στην εργολαβία ασφαλτοστρώσεων.", "ασφαλτόστρωση_οδού"
"Γιατί σταμάτησαν οι εργασίες ασφαλτόστρωσης στη μέση του δρόμου;", "ασφαλτόστρωση_οδού"
"Ποια υπηρεσία είναι αρμόδια για το κλείσιμο των λακκουβών με ψυχρή άσφαλτο;", "ασφαλτόστρωση_οδού"
"Πώς μπορώ να ζητήσω την αποκατάσταση της ασφάλτου μετά από έργα της ΕΥΔΑΠ;", "ασφαλτόστρωση_οδού"
"Ο δρόμος μπροστά από το σπίτι μου είναι κατεστραμμένος, πότε θα επισκευαστεί;", "ασφαλτόστρωση_οδού"
"Ποιο είναι το κονδύλι του δήμου για τις νέες ασφαλτοστρώσεις φέτος;", "ασφαλτόστρωση_οδού"
"Θέλω να υποβάλω παράπονο για την κακή ποιότητα της πρόσφατης ασφαλτόστρωσης.", "ασφαλτόστρωση_οδού"
"Είναι δυνατή η ασφαλτόστρωση ιδιωτικού δρόμου που χρησιμοποιείται από το κοινό;", "ασφαλτόστρωση_οδού"
"Ποιες προϋποθέσεις πρέπει να πληρούνται για να ασφαλτοστρωθεί ένας αγροτικός δρόμος;", "ασφαλτόστρωση_οδού"
"Χρειάζεται να μαζευτούν υπογραφές από τους κατοίκους για να γίνει ασφαλτόστρωση;", "ασφαλτόστρωση_οδού"
"Ποιο τμήμα της τεχνικής υπηρεσίας επιβλέπει τα έργα στρώσης ασφάλτου;", "ασφαλτόστρωση_οδού"
"Υπάρχει πρόβλεψη για ασφαλτόστρωση στους δρόμους της επέκτασης του σχεδίου;", "ασφαλτόστρωση_οδού"
"Πόσο καιρό μετά την τοποθέτηση αγωγών θα γίνει η τελική ασφαλτόστρωση;", "ασφαλτόστρωση_οδού"
"Θέλω να μάθω αν η οδός μου έχει χαρακτηριστεί ως προτεραιότητα για ασφαλτόστρωση.", "ασφαλτόστρωση_οδού"
"Πώς μπορώ να ενημερωθώ για τις κυκλοφοριακές ρυθμίσεις λόγω έργων ασφαλτόστρωσης;", "ασφαλτόστρωση_οδού"
"Η άσφαλτος έχει φουσκώσει από τις ρίζες των δέντρων, τι πρέπει να κάνω;", "ασφαλτόστρωση_οδού"
"Πού μπορώ να δω τη μελέτη για την ανακατασκευή του οδικού δικτύου του δήμου;", "ασφαλτόστρωση_οδού"
"Χρειάζεται νέα στρώση πίσσας γιατί ο δρόμος γλιστράει επικίνδυνα.", "ασφαλτόστρωση_οδού"
"Ποιος εργολάβος έχει αναλάβει την ασφαλτόστρωση της κεντρικής λεωφόρου;", "ασφαλτόστρωση_οδού"
"Μπορώ να ζητήσω την ασφαλτόστρωση μόνο του κομματιού μπροστά από την επιχείρησή μου;", "ασφαλτόστρωση_οδού"
"Γιατί δεν έχει γίνει ασφαλτόστρωση σε δρόμο που έχει ήδη υποδομές αποχέτευσης;", "ασφαλτόστρωση_οδού"
"Υπάρχει κίνδυνος για τα σταθμευμένα οχήματα κατά τη διάρκεια της ασφαλτόστρωσης;", "ασφαλτόστρωση_οδού"
"Πού υποβάλλεται η αίτηση για την επούλωση λάκκων σε στενά σοκάκια;", "ασφαλτόστρωση_οδού"
"Ποια είναι η διαδικασία για την ασφαλτόστρωση δρόμου που ανήκει σε δύο δήμους;", "ασφαλτόστρωση_οδού"
"Πόσες ημέρες πρέπει να μείνει κλειστός ο δρόμος μετά τη νέα ασφαλτόστρωση;", "ασφαλτόστρωση_οδού"
"Χρειάζομαι βεβαίωση ότι ο δρόμος μου είναι ασφαλτοστρωμένος για το αρχείο μου.", "ασφαλτόστρωση_οδού"

"Χρειάζομαι καθρέφτη ορατότητας σε διασταύρωση – πού απευθύνομαι;","καθρέφτης_ορατότητας"
"Πού κάνω αίτηση για τοποθέτηση κυκλοφοριακού καθρέφτη;","καθρέφτης_ορατότητας"
"Ποιος φροντίζει για τη συντήρηση κατόπτρων ορατότητας;","καθρέφτης_ορατότητας"
"Γίνεται να υποβάλω αίτημα online για κυκλοφοριακό κάτοπτρο;","καθρέφτης_ορατότητας"
"Ο καθρέφτης σε επικίνδυνο σημείο έχει σπάσει – τι κάνω;","καθρέφτης_ορατότητας"
"Ποια δικαιολογητικά χρειάζονται για αίτηση καθρέφτη ορατότητας;","καθρέφτης_ορατότητας"
"Πόσος χρόνος απαιτείται για την έγκριση τοποθέτησης καθρέφτη;","καθρέφτης_ορατότητας"
"Μπορώ να αναφέρω ελαττωματικό καθρέφτη ορατότητας;","καθρέφτης_ορατότητας"
"Σε ποια υπηρεσία του δήμου απευθύνομαι για καθρέφτες ορατότητας;","καθρέφτης_ορατότητας"
"Είναι απαραίτητη η αυτοψία για την τοποθέτηση καθρέφτη;","καθρέφτης_ορατότητας"
"Ποιοι άλλοι τρόποι βελτίωσης ορατότητας υπάρχουν σε διασταυρώσεις;","καθρέφτης_ορατότητας"
"Χρειάζεται σχέδιο κυκλοφοριακής μελέτης για την τοποθέτηση καθρέφτη;","καθρέφτης_ορατότητας"
"Πώς μπορώ να παρακολουθήσω την πορεία της αίτησης για καθρέφτη ορατότητας;","καθρέφτης_ορατότητας"
"Τι γίνεται αν ο καθρέφτης εμποδίζει την κυκλοφορία πεζών;","καθρέφτης_ορατότητας"
"Πού μπορώ να βρω τους κανονισμούς τοποθέτησης καθρεφτών ορατότητας;","καθρέφτης_ορατότητας"
"Είναι ο καθρέφτης ορατότητας κρίσιμος για την οδική ασφάλεια;","καθρέφτης_ορατότητας"
"Πού μπορώ να βρω τη νομοθεσία για τα κυκλοφοριακά κάτοπτρα;","καθρέφτης_ορατότητας"
"Μπορώ να ζητήσω τοποθέτηση καθρέφτη μέσω ΚΕΠ;","καθρέφτης_ορατότητας"
"Ποιος είναι ο ρόλος της Τροχαίας στην τοποθέτηση καθρεφτών;","καθρέφτης_ορατότητας"
"Χρειάζεται έγκριση από το Δημοτικό Συμβούλιο για κάθε καθρέφτη;","καθρέφτης_ορατότητας"
"Πώς μπορώ να επιταχύνω την τοποθέτηση ενός καθρέφτη ορατότητας;","καθρέφτης_ορατότητας"
"Τι προβλέπεται για πρόστιμα σε περίπτωση φθοράς καθρέφτη ορατότητας;","καθρέφτης_ορατότητας"
"Πού μπορώ να ζητήσω αντίγραφα αποφάσεων για τοποθέτηση καθρεφτών;","καθρέφτης_ορατότητας"
"Είναι ο καθρέφτης ορατότητας απαραίτητος για χώρους στάθμευσης;","καθρέφτης_ορατότητας"
"Πώς μπορώ να δηλώσω κατεστραμμένο καθρέφτη ορατότητας;","καθρέφτης_ορατότητας"
"Υπάρχουν ειδικές ρυθμίσεις για καθρέφτες σε στενούς δρόμους;","καθρέφτης_ορατότητας"
"Πού μπορώ να βρω εγκυκλίους που αφορούν τους καθρέφτες ορατότητας;","καθρέφτης_ορατότητας"
"Μπορώ να ζητήσω τοποθέτηση καθρέφτη σε ιδιωτικό δρόμο με πρόσβαση σε κοινό;","καθρέφτης_ορατότητας"
"Ποια είναι η διαδικασία για την αντικατάσταση ενός σπασμένου καθρέφτη;","καθρέφτης_ορατότητας"
"Χρειάζεται απόφαση κυκλοφοριακής επιτροπής για κάθε κάτοπτρο;","καθρέφτης_ορατότητας"
"Πού μπορώ να βρω συχνές ερωτήσεις για τους καθρέφτες ορατότητας;","καθρέφτης_ορατότητας"
"Είναι ο καθρέφτης ορατότητας καθοριστικός για την έκδοση άδειας καταστήματος;","καθρέφτης_ορατότητας"
"Πώς μπορώ να αντλήσω στοιχεία για προηγούμενες τοποθετήσεις καθρεφτών;","καθρέφτης_ορατότητας"
"Υπάρχει ειδικό καθεστώς για καθρέφτες σε σχολικές ζώνες;","καθρέφτης_ορατότητας"
"Πού μπορώ να υποβάλω ένσταση για απόρριψη αίτησης καθρέφτη ορατότητας;","καθρέφτης_ορατότητας"
"Τι γίνεται αν η τοποθέτηση καθρέφτη δεν είναι σύμφωνη με τις προδιαγραφές;","καθρέφτης_ορατότητας"
"Πώς μπορώ να λάβω πληροφορίες για τον τύπο των καθρεφτών που χρησιμοποιούνται;","καθρέφτης_ορατότητας"
"Είναι η ύπαρξη καθρέφτη ορατότητας απαραίτητη για την άδεια χρήσης χώρου;","καθρέφτης_ορατότητας"
"Πού μπορώ να βρω αποφάσεις δικαστηρίων για ζητήματα ορατότητας;","καθρέφτης_ορατότητας"
"Μπορώ να αιτηθώ για καθρέφτη ορατότητας σε αγροτική οδό;","καθρέφτης_ορατότητας"
"Ποια είναι η διαδικασία για την αφαίρεση ενός καθρέφτη ορατότητας;","καθρέφτης_ορατότητας"
"Χρειάζεται έλεγχος φωτισμού στην περιοχή του καθρέφτη;","καθρέφτης_ορατότητας"
"Πού μπορώ να επικοινωνήσω για νομικές συμβουλές σχετικά με την ορατότητα;","καθρέφτης_ορατότητας"
"Είναι ο καθρέφτης ορατότητας το ίδιο με την πινακίδα STOP;","καθρέφτης_ορατότητας"
"Πώς μπορώ να δηλώσω ανάγκη για καθρέφτη ορατότητας σε περίπτωση νέας διασταύρωσης;","καθρέφτης_ορατότητας"
"Υπάρχουν περιορισμοί στο μέγεθος ή το είδος του καθρέφτη;","καθρέφτης_ορατότητας"
"Πού μπορώ να βρω παλαιούς χάρτες που δείχνουν επικίνδυνες διασταυρώσεις;","καθρέφτης_ορατότητας"
"Τι γίνεται αν η ανάγκη καθρέφτη ορατότητας αμφισβητείται από τους κατοίκους;","καθρέφτης_ορατότητας"
"Πώς μπορώ να λάβω πληροφορίες για το κόστος τοποθέτησης καθρέφτη;","καθρέφτης_ορατότητας"
"Έχω ένα γκαράζ σε μια γωνία και δεν βλέπω, πού μπορώ να ζητήσω να μπει ένας καθρέφτης;","καθρέφτης_ορατότητας"
"Ο καθρέφτης στη διασταύρωση της γειτονιάς έχει σπάσει, τι πρέπει να κάνω;","καθρέφτης_ορατότητας"
"Υπάρχει ένα πολύ τυφλό σημείο στον δρόμο μας, πώς μπορώ να αιτηθώ για καθρέφτη;","καθρέφτης_ορατότητας"
"Ένας καθρέφτης ορατότητας έχει γεμίσει γκράφιτι, πού μπορώ να το αναφέρω;","καθρέφτης_ορατότητας"
"Πρέπει να πάρω άδεια από τον δήμο για να βάλω έναν καθρέφτη σε ένα ιδιωτικό δρόμο;","καθρέφτης_ορατότητας"
"Το κυρτό κάτοπτρο της γειτονιάς έχει χαλάσει, πώς μπορώ να ζητήσω την επιδιόρθωσή του;","καθρέφτης_ορατότητας"
"Πώς μπορώ να ζητήσω να τοποθετηθεί ένας καθρέφτης σε ένα στενό σοκάκι;","καθρέφτης_ορατότητας"
"Πρέπει να πληρώσω για την τοποθέτηση ενός καθρέφτη ορατότητας;","καθρέφτης_ορατότητας"
"Ο καθρέφτης που είχαμε έχει πέσει, πού μπορώ να κάνω αίτηση για αντικατάσταση;","καθρέφτης_ορατότητας"
"Ποιος είναι ο αρμόδιος για να εγκρίνει τη θέση ενός καθρέφτη;","καθρέφτης_ορατότητας"
"Θέλω να δηλώσω ένα σημείο που είναι πολύ επικίνδυνο για ατύχημα λόγω έλλειψης ορατότητας.","καθρέφτης_ορατότητας"
"Πού μπορώ να βρω το έντυπο αίτησης για την τοποθέτηση καθρέφτη;","καθρέφτης_ορατότητας"
"Μπορώ να ζητήσω να τοποθετηθεί ένας καθρέφτης για να βλέπω όταν βγαίνω από το πάρκινγκ της πολυκατοικίας;","καθρέφτης_ορατότητας"
"Ο καθρέφτης είναι τόσο παλιός που δεν φαίνεται καλά, πώς μπορώ να ζητήσω αντικατάσταση;","καθρέφτης_ορατότητας"
"Πού μπορώ να βρω τους κανονισμούς για την τοποθέτηση καθρεφτών σε ιδιωτικούς δρόμους;","καθρέφτης_ορατότητας"
"Θέλω να ρωτήσω αν μπορώ να βάλω έναν καθρέφτη σε μια γωνία που δεν υπάρχει ορατότητα.","καθρέφτης_ορατότητας"
"Πρέπει να πάρω την έγκριση της τροχαίας για την τοποθέτηση καθρέφτη;","καθρέφτης_ορατότητας"
"Μπορεί ο δήμος να κάνει αυτοψία σε μια διασταύρωση για να δει αν χρειάζεται καθρέφτης;","καθρέφτης_ορατότητας"
"Χρειάζεται να υπογράψουν και οι γείτονες για να μπει ένας καθρέφτης;","καθρέφτης_ορατότητας"
"Ποιος είναι υπεύθυνος για να καθαρίζει τους καθρέφτες ορατότητας;","καθρέφτης_ορατότητας"
"Πού πρέπει να απευθυνθώ για την τοποθέτηση καθρέφτη σε μια επικίνδυνη διασταύρωση;", "καθρέφτης_ορατότητας"
"Η ορατότητα στη γωνία του δρόμου μου είναι μηδενική, χρειάζεται καθρέφτης.", "καθρέφτης_ορατότητας"
"Ποια είναι η διαδικασία για να ζητήσω καθρέφτη οδικής κυκλοφορίας από τον δήμο;", "καθρέφτης_ορατότητας"
"Ο καθρέφτης στη διασταύρωση των οδών έχει σπάσει και πρέπει να αντικατασταθεί.", "καθρέφτης_ορατότητας"
"Υπάρχει δέντρο που εμποδίζει την ορατότητα στον καθρέφτη, τι πρέπει να κάνω;", "καθρέφτης_ορατότητας"
"Θέλω να αιτηθώ την τοποθέτηση καθρέφτη έξω από την έξοδο του γκαράζ μου.", "καθρέφτης_ορατότητας"
"Ποιο τμήμα του δήμου είναι αρμόδιο για τη συντήρηση των καθρεφτών ορατότητας;", "καθρέφτης_ορατότητας"
"Ο καθρέφτης έχει θολώσει από τον ήλιο και δεν φαίνονται τα διερχόμενα αυτοκίνητα.", "καθρέφτης_ορατότητας"
"Πόσο χρόνο διαρκεί η έγκριση για την τοποθέτηση καθρέφτη σε δημόσιο δρόμο;", "καθρέφτης_ορατότητας"
"Χρειάζεται να γίνει αυτοψία από την τροχαία για να τοποθετηθεί καθρέφτης ορατότητας;", "καθρέφτης_ορατότητας"
"Μπορώ να αγοράσω και να τοποθετήσω μόνος μου καθρέφτη σε κολόνα του δήμου;", "καθρέφτης_ορατότητας"
"Ποια δικαιολογητικά απαιτούνται για την αίτηση τοποθέτησης καθρέφτη οδικής ασφάλειας;", "καθρέφτης_ορατότητας"
"Ο καθρέφτης στη στροφή έχει αλλάξει κλίση από τον αέρα και δεν βοηθάει πια.", "καθρέφτης_ορατότητας"
"Υπάρχει κίνδυνος ατυχήματος λόγω κακής ορατότητας, παρακαλώ τοποθετήστε καθρέφτη.", "καθρέφτης_ορατότητας"
"Πού υποβάλλεται το αίτημα για καθρέφτη σε δρόμο που είναι εντός οικισμού;", "καθρέφτης_ορατότητας"
"Ποιο είναι το κόστος για την τοποθέτηση καθρέφτη ορατότητας από την τεχνική υπηρεσία;", "καθρέφτης_ορατότητας"
"Χρειάζομαι βεβαίωση ότι η διασταύρωση πληροί τις προϋποθέσεις για καθρέφτη.", "καθρέφτης_ορατότητας"
"Ο καθρέφτης έχει βανδαλιστεί με σπρέι και δεν προσφέρει πλέον ορατότητα.", "καθρέφτης_ορατότητας"
"Είναι δυνατή η τοποθέτηση καθρέφτη σε ιδιωτική περιφραγμένη έκταση για την έξοδο;", "καθρέφτης_ορατότητας"
"Πώς μπορώ να ενημερωθώ για την εξέλιξη της αίτησής μου για καθρέφτη οδικής κυκλοφορίας;", "καθρέφτης_ορατότητας"
"Ο καθρέφτης στη γειτονιά μου κουνιέται επικίνδυνα και μπορεί να πέσει.", "καθρέφτης_ορατότητας"
"Υπάρχει συγκεκριμένη προδιαγραφή για τη διάμετρο του καθρέφτη που τοποθετεί ο δήμος;", "καθρέφτης_ορατότητας"
"Πώς μπορώ να ζητήσω τον καθαρισμό των καθρεφτών ορατότητας στην περιοχή μας;", "καθρέφτης_ορατότητας"
"Χρειάζεται απόφαση της Επιτροπής Ποιότητας Ζωής για την τοποθέτηση ενός καθρέφτη;", "καθρέφτης_ορατότητας"
"Ο καθρέφτης έχει τοποθετηθεί πολύ ψηλά και δεν εξυπηρετεί τα χαμηλά αυτοκίνητα.", "καθρέφτης_ορατότητας"
"Θέλω να καταγγείλω την αφαίρεση καθρέφτη οδικής κυκλοφορίας από αγνώστους.", "καθρέφτης_ορατότητας"
"Ποια είναι η ελάχιστη απόσταση που πρέπει να έχει ο καθρέφτης από τη διασταύρωση;", "καθρέφτης_ορατότητας"
"Μπορεί ο δήμος να τοποθετήσει καθρέφτη σε στύλο της ΔΕΗ μετά από έγκριση;", "καθρέφτης_ορατότητας"
"Υπάρχει μελέτη οδικής ασφάλειας που να προβλέπει καθρέφτες στους στενούς δρόμους;", "καθρέφτης_ορατότητας"
"Ο καθρέφτης που βάλατε αντανακλά το φως στα παράθυρα των σπιτιών, μπορεί να μετακινηθεί;", "καθρέφτης_ορατότητας"
"Πόσοι καθρέφτες επιτρέπεται να τοποθετηθούν σε μια διασταύρωση σχήματος Τ;", "καθρέφτης_ορατότητας"

"Πού κάνω αίτηση για τοποθέτηση νέου παγκακιού;","παγκάκια"
"Υπάρχει υπηρεσία για συντήρηση παγκακιών σε πάρκα;","παγκάκια"
"Θέλω να προτείνω τοποθέτηση καθισμάτων στην πλατεία.","παγκάκια"
"Ποιος είναι υπεύθυνος για τα παγκάκια στους δημόσιους χώρους;","παγκάκια"
"Μπορώ να στείλω αίτημα για σπασμένο παγκάκι;","παγκάκια"
"Ποια δικαιολογητικά χρειάζονται για αίτηση τοποθέτησης παγκακιού;","παγκάκια"
"Ποιος είναι ο χρόνος ανταπόκρισης για επισκευή παγκακιού;","παγκάκια"
"Μπορώ να αναφέρω βανδαλισμό σε παγκάκι;","παγκάκια"
"Σε ποια υπηρεσία του δήμου απευθύνομαι για παγκάκια;","παγκάκια"
"Είναι απαραίτητη η αυτοψία για την τοποθέτηση νέου παγκακιού;","παγκάκια"
"Ποιοι άλλοι τρόποι βελτίωσης των δημόσιων καθισμάτων υπάρχουν;","παγκάκια"
"Χρειάζεται φωτογραφία του προβληματικού παγκακιού για την αναφορά;","παγκάκια"
"Πώς μπορώ να παρακολουθήσω την πορεία της αίτησής μου για παγκάκι;","παγκάκια"
"Τι γίνεται αν το παγκάκι εμποδίζει την κυκλοφορία πεζών;","παγκάκια"
"Πού μπορώ να βρω τους κανονισμούς για την τοποθέτηση και συντήρηση παγκακιών;","παγκάκια"
"Είναι η ύπαρξη παγκακιών κρίσιμη για την ξεκούραση των πολιτών;","παγκάκια"
"Πού μπορώ να βρω τη νομοθεσία για τα έπιπλα αστικού εξοπλισμού;","παγκάκια"
"Μπορώ να ζητήσω συντήρηση παγκακιού μέσω ΚΕΠ;","παγκάκια"
"Ποιος είναι ο ρόλος του Δήμου στην παροχή και διαχείριση παγκακιών;","παγκάκια"
"Χρειάζεται έγκριση από το Δημοτικό Συμβούλιο για κάθε νέο παγκάκι;","παγκάκια"
"Πώς μπορώ να επιταχύνω την τοποθέτηση ή επισκευή παγκακιού;","παγκάκια"
"Τι προβλέπεται για πρόστιμα σε περίπτωση φθοράς παγκακιών;","παγκάκια"
"Πού μπορώ να ζητήσω αντίγραφα αιτήσεων για παγκάκια;","παγκάκια"
"Είναι τα παγκάκια απαραίτητα για τους χώρους αναμονής λεωφορείων;","παγκάκια"
"Πώς μπορώ να δηλώσω ανάγκη για παγκάκι σε περιοχή που δεν υπάρχει;","παγκάκια"
"Υπάρχουν ειδικές ρυθμίσεις για παγκάκια σε παραδοσιακούς οικισμούς;","παγκάκια"
"Πού μπορώ να βρω εγκυκλίους που αφορούν τα παγκάκια;","παγκάκια"
"Μπορώ να ζητήσω τοποθέτηση παγκακιού με πλάτη;","παγκάκια"
"Ποια είναι η διαδικασία για την αποκατάσταση φθορών σε παγκάκια;","παγκάκια"
"Χρειάζεται απόφαση κυκλοφοριακής επιτροπής για τη θέση παγκακιού;","παγκάκια"
"Πού μπορώ να βρω συχνές ερωτήσεις για τα παγκάκια;","παγκάκια"
"Είναι τα παγκάκια καθοριστικά για την προσβασιμότητα ΑμεΑ;","παγκάκια"
"Πώς μπορώ να αντλήσω στοιχεία για προηγούμενες τοποθετήσεις παγκακιών;","παγκάκια"
"Υπάρχει ειδικό καθεστώς για παγκάκια σε σχολικές αυλές;","παγκάκια"
"Πού μπορώ να υποβάλω ένσταση για απόρριψη αίτησης για παγκάκι;","παγκάκια"
"Τι γίνεται αν η τοποθέτηση παγκακιού αμφισβητείται από τους κατοίκους;","παγκάκια"
"Πώς μπορώ να λάβω πληροφορίες για το κόστος τοποθέτησης παγκακιού;","παγκάκια"
"Είναι τα παγκάκια απαραίτητα για την ανάπλαση πλατειών;","παγκάκια"
"Πού μπορώ να βρω αποφάσεις δικαστηρίων για ζητήματα αστικού εξοπλισμού;","παγκάκια"
"Μπορώ να αιτηθώ για παγκάκι σε αγροτική περιοχή;","παγκάκια"
"Ποια είναι η διαδικασία για την αφαίρεση περιττού παγκακιού;","παγκάκια"
"Χρειάζεται έλεγχος στατικότητας για την τοποθέτηση παγκακιού;","παγκάκια"
"Πού μπορώ να επικοινωνήσω για νομικές συμβουλές σχετικά με τα παγκάκια;","παγκάκια"
"Είναι τα παγκάκια το ίδιο με τα τραπέζια πικνίκ;","παγκάκια"
"Πώς μπορώ να δηλώσω ανάγκη για παγκάκι σε περίπτωση νέας οικιστικής ανάπτυξης;","παγκάκια"
"Υπάρχουν περιορισμοί στο μέγεθος ή το υλικό των παγκακιών;","παγκάκια"
"Πού μπορώ να βρω παλαιούς κανονισμούς που αφορούν τα παγκάκια;","παγκάκια"
"Τι γίνεται αν η επισκευή παγκακιού δεν πραγματοποιηθεί στην ώρα της;","παγκάκια"
"Πώς μπορώ να λάβω πληροφορίες για προγράμματα εθελοντικής συντήρησης παγκακιών;","παγκάκια"
"Η παιδική χαρά δεν έχει που να κάτσουν οι γονείς, μπορείτε να βάλετε ένα παγκάκι;","παγκάκια"
"Ένας καθρέφτης ορατότητας στην πλατεία έχει πέσει και χρειάζεται αντικατάσταση.","παγκάκια"
"Ένα παγκάκι έχει σπασμένα ξύλα και είναι επικίνδυνο για τα παιδιά.","παγκάκια"
"Ο δήμος έχει κάποιο πρόγραμμα για την τοποθέτηση παγκακιών;","παγκάκια"
"Πρέπει να πληρώσω για την τοποθέτηση ενός παγκακιού στον δρόμο;","παγκάκια"
"Πώς μπορώ να κάνω μια αναφορά για ένα παγκάκι που έχει βανδαλιστεί;","παγκάκια"
"Θέλω να δηλώσω ότι χρειάζεται συντήρηση το παγκάκι που είναι κοντά στο σπίτι μου.","παγκάκια"
"Το παγκάκι στη στάση του λεωφορείου είναι σπασμένο, πού το αναφέρω;","παγκάκια"
"Μπορώ να ζητήσω να μετακινηθεί ένα παγκάκι που εμποδίζει την κυκλοφορία;","παγκάκια"
"Ο δήμος είναι αρμόδιος για να επισκευάσει τα παγκάκια;","παγκάκια"
"Θέλω να ρωτήσω αν μπορώ να βάλω ένα παγκάκι με την άδεια του δήμου στο πεζοδρόμιο.","παγκάκια"
"Πού μπορώ να βρω το κόστος για την επισκευή ενός παγκακιού;","παγκάκια"
"Χρειάζεται να υπογράψουμε μια αίτηση για να τοποθετηθεί ένα παγκάκι;","παγκάκια"
"Ποιος είναι ο αρμόδιος για να μου δώσει άδεια για την τοποθέτηση παγκακιού;","παγκάκια"
"Θέλω να κάνω καταγγελία για ένα παγκάκι που είναι σε κακή κατάσταση.","παγκάκια"
"Πρέπει να πληρώσω ένα παράβολο για την αίτηση τοποθέτησης παγκακιού;","παγκάκια"
"Μπορώ να ζητήσω αντικατάσταση ενός παλιού παγκακιού;","παγκάκια"
"Πώς μπορώ να βρω τους κανονισμούς για τα παγκάκια;","παγκάκια"
"Πού μπορώ να βρω το τηλέφωνο του τμήματος που ασχολείται με τα παγκάκια;","παγκάκια"
"Πώς μπορώ να ζητήσω την τοποθέτηση ενός πάγκου στο πεζοδρόμιο έξω από το σπίτι μου;", "παγκάκια"
"Τα παγκάκια στην πλατεία έχουν σπασμένα ξύλα και είναι επικίνδυνα για τα παιδιά.", "παγκάκια"
"Χρειάζεται επειγόντως βάψιμο και συντήρηση στα παγκάκια του δημοτικού πάρκου.", "παγκάκια"
"Υπάρχει έλλειψη σε παγκάκια στη στάση του λεωφορείου, πού μπορώ να κάνω αίτηση;", "παγκάκια"
"Το παγκάκι μπροστά από την είσοδο του καταστήματος εμποδίζει, μπορεί να μετακινηθεί;", "παγκάκια"
"Ποιο τμήμα του δήμου είναι αρμόδιο για την προμήθεια και εγκατάσταση αστικού εξοπλισμού;", "παγκάκια"
"Θέλω να αναφέρω βανδαλισμό σε παγκάκια που έχουν γεμίσει με συνθήματα και γκράφιτι.", "παγκάκια"
"Πόσο χρόνο διαρκεί η έγκριση για την τοποθέτηση νέων καθισμάτων σε κοινόχρηστο χώρο;", "παγκάκια"
"Μπορεί ο δήμος να τοποθετήσει παγκάκια με σκίαστρο στον παραλιακό πεζόδρομο;", "παγκάκια"
"Το παγκάκι στη γωνία έχει ξεκολλήσει από το έδαφος και κουνιέται επικίνδυνα.", "παγκάκια"
"Ποιο είναι το κόστος για την αντικατάσταση των φθαρμένων ξύλινων μερών στα παγκάκια;", "παγκάκια"
"Χρειάζονται περισσότερα παγκάκια στην παιδική χαρά για την ξεκούραση των γονέων.", "παγκάκια"
"Είναι δυνατή η δωρεά παγκακιού στη μνήμη κάποιου προσώπου με ανάλογη πλακέτα;", "παγκάκια"
"Τα παγκάκια στον κεντρικό δρόμο έχουν σκουριάσει και χρειάζονται τριψίμο και βερνίκι.", "παγκάκια"
"Πού υποβάλλεται η διαμαρτυρία για την αφαίρεση παγκακιών από την πλατεία μας;", "παγκάκια"
"Υπάρχει πρόβλεψη για τοποθέτηση παγκακιών που να είναι προσβάσιμα σε ΑμεΑ;", "παγκάκια"
"Θέλω να προτείνω συγκεκριμένα σημεία στον δήμο για την τοποθέτηση παγκακιών ανάπαυσης.", "παγκάκια"
"Το παγκάκι έχει τοποθετηθεί σε σημείο που μαζεύει νερά όταν βρέχει, πρέπει να αλλάξει θέση.", "παγκάκια"
"Ποια είναι η διαδικασία για την αντικατάσταση των παλιών μαρμάρινων πάγκων με νέους;", "παγκάκια"
"Χρειάζεται καθαρισμός στα παγκάκια της πλατείας από ακαθαρσίες πτηνών.", "παγκάκια"
"Πώς μπορώ να μάθω αν η αίτησή μου για τοποθέτηση παγκακιού έχει εγκριθεί;", "παγκάκια"
"Μπορώ να ζητήσω την αφαίρεση ενός παγκακιού που προκαλεί ηχορύπανση τις νύχτες;", "παγκάκια"
"Υπάρχει πρόγραμμα του δήμου για την εγκατάσταση έξυπνων παγκακιών με θύρες USB;", "παγκάκια"
"Τα παγκάκια στον πεζόδρομο είναι πολύ χαμηλά και δυσκολεύουν τους ηλικιωμένους.", "παγκάκια"
"Ποια υπηρεσία επιβλέπει την ποιότητα των υλικών στα νέα παγκάκια που τοποθετούνται;", "παγκάκια"
"Χρειάζομαι βεβαίωση ότι το παγκάκι έξω από το σπίτι μου είναι ιδιοκτησία του δήμου.", "παγκάκια"
"Ποιος είναι ο προϋπολογισμός για την ανακαίνιση του αστικού εξοπλισμού στη γειτονιά μας;", "παγκάκια"
"Το παγκάκι έχει τοποθετηθεί πολύ κοντά στο οδόστρωμα και είναι επικίνδυνο.", "παγκάκια"
"Μπορεί να τοποθετηθεί παγκάκι σε σημείο που υπάρχει φυσική σκιά από δέντρα;", "παγκάκια"
"Πόσα παγκάκια προβλέπεται να τοποθετηθούν στη νέα ανάπλαση του κέντρου;", "παγκάκια"
"Θέλω να αναφέρω κλοπή παγκακιού που είχε τοποθετηθεί πρόσφατα στον κήπο.", "παγκάκια"
"Ποια δικαιολογητικά απαιτούνται για την αίτηση τοποθέτησης παγκακιού σε πεζόδρομο;", "παγκάκια"

"Η παιδική χαρά χρειάζεται επιδιόρθωση – πού απευθύνομαι;","παιδικές_χαρές"
"Ποιος φροντίζει για τη συντήρηση των οργάνων παιδικών χαρών;","παιδικές_χαρές"
"Μπορώ να ζητήσω τοποθέτηση νέων παιχνιδιών σε παιδική χαρά;","παιδικές_χαρές"
"Υπάρχει φόρμα για τεχνικά προβλήματα σε παιδικές χαρές;","παιδικές_χαρές"
"Το όργανο στην παιδική χαρά είναι σπασμένο – τι κάνω;","παιδικές_χαρές"
"Ποια δικαιολογητικά χρειάζονται για αίτηση επιδιόρθωσης παιδικής χαράς;","παιδικές_χαρές"
"Πόσος χρόνος απαιτείται για την επισκευή βλάβης σε παιδική χαρά;","παιδικές_χαρές"
"Μπορώ να αναφέρω ελλείψεις ασφαλείας σε παιδική χαρά;","παιδικές_χαρές"
"Σε ποια υπηρεσία του δήμου απευθύνομαι για παιδικές χαρές;","παιδικές_χαρές"
"Είναι απαραίτητη η αυτοψία για την εκτίμηση της κατάστασης παιδικής χαράς;","παιδικές_χαρές"
"Ποιοι άλλοι τρόποι βελτίωσης των παιδικών χαρών υπάρχουν;","παιδικές_χαρές"
"Χρειάζεται γνωμοδότηση ειδικού για την ασφάλεια των παιχνιδιών;","παιδικές_χαρές"
"Πώς μπορώ να παρακολουθήσω την πορεία της αναφοράς μου για παιδική χαρά;","παιδικές_χαρές"
"Τι γίνεται αν η παιδική χαρά δεν πληροί τις προδιαγραφές ασφαλείας;","παιδικές_χαρές"
"Πού μπορώ να βρω τους κανονισμούς λειτουργίας και ασφάλειας παιδικών χαρών;","παιδικές_χαρές"
"Είναι η πιστοποίηση παιδικών χαρών υποχρεωτική;","παιδικές_χαρές"
"Πού μπορώ να βρω τη νομοθεσία για τις παιδικές χαρές;","παιδικές_χαρές"
"Μπορώ να ζητήσω συντήρηση παιδικής χαράς μέσω ΚΕΠ;","παιδικές_χαρές"
"Ποιος είναι ο ρόλος των εθελοντών στη φροντίδα παιδικών χαρών;","παιδικές_χαρές"
"Χρειάζεται έγκριση από το Δημοτικό Συμβούλιο για δημιουργία νέας παιδικής χαράς;","παιδικές_χαρές"
"Πώς μπορώ να επιταχύνω την επισκευή μιας παιδικής χαράς;","παιδικές_χαρές"
"Τι προβλέπεται για πρόστιμα σε περίπτωση αμέλειας συντήρησης παιδικής χαράς;","παιδικές_χαρές"
"Πού μπορώ να ζητήσω αντίγραφα εκθέσεων ελέγχου παιδικών χαρών;","παιδικές_χαρές"
"Είναι η ποιότητα του εδάφους κρίσιμη για την ασφάλεια παιδικής χαράς;","παιδικές_χαρές"
"Πώς μπορώ να δηλώσω βανδαλισμό σε παιδική χαρά;","παιδικές_χαρές"
"Υπάρχουν ειδικές ρυθμίσεις για παιδικές χαρές σε πάρκα;","παιδικές_χαρές"
"Πού μπορώ να βρω εγκυκλίους που αφορούν τις παιδικές χαρές;","παιδικές_χαρές"
"Μπορώ να ζητήσω αναβάθμιση του εξοπλισμού σε παιδική χαρά;","παιδικές_χαρές"
"Ποια είναι η διαδικασία για την παροχή σκίασης σε παιδική χαρά;","παιδικές_χαρές"
"Χρειάζεται απόφαση κυκλοφοριακής επιτροπής για τη θέση παιδικής χαράς;","παιδικές_χαρές"
"Πού μπορώ να βρω συχνές ερωτήσεις για τις παιδικές χαρές;","παιδικές_χαρές"
"Είναι η καθαριότητα παιδικών χαρών καθοριστική για τη δημόσια υγεία;","παιδικές_χαρές"
"Πώς μπορώ να αντλήσω στοιχεία για προηγούμενες επιδιορθώσεις παιδικών χαρών;","παιδικές_χαρές"
"Υπάρχει ειδικό καθεστώς για παιδικές χαρές σε σχολεία;","παιδικές_χαρές"
"Πού μπορώ να υποβάλω ένσταση για απόρριψη αίτησης βελτίωσης παιδικής χαράς;","παιδικές_χαρές"
"Τι γίνεται αν η επιδιόρθωση παιδικής χαράς δεν είναι σύμφωνη με τις προδιαγραφές;","παιδικές_χαρές"
"Πώς μπορώ να λάβω πληροφορίες για τον τύπο των παιχνιδιών που επιτρέπονται;","παιδικές_χαρές"
"Είναι η ύπαρξη παιδικής χαράς απαραίτητη για την άδεια λειτουργίας νηπιαγωγείου;","παιδικές_χαρές"
"Πού μπορώ να βρω αποφάσεις δικαστηρίων για ζητήματα ασφάλειας παιδικών χαρών;","παιδικές_χαρές"
"Μπορώ να αιτηθώ για παιδική χαρά σε αγροτική περιοχή;","παιδικές_χαρές"
"Ποια είναι η διαδικασία για την αφαίρεση επικίνδυνων οργάνων από παιδική χαρά;","παιδικές_χαρές"
"Χρειάζεται έλεγχος προσβασιμότητας για ΑμεΑ σε παιδικές χαρές;","παιδικές_χαρές"
"Πού μπορώ να επικοινωνήσω για νομικές συμβουλές σχετικά με τις παιδικές χαρές;","παιδικές_χαρές"
"Είναι η παιδική χαρά το ίδιο με τον αθλητικό χώρο;","παιδικές_χαρές"
"Πώς μπορώ να δηλώσω ανάγκη για παιδική χαρά σε περίπτωση νέας οικιστικής ανάπτυξης;","παιδικές_χαρές"
"Υπάρχουν περιορισμοί στο μέγεθος ή το είδος των παιδικών χαρών;","παιδικές_χαρές"
"Πού μπορώ να βρω παλαιούς χάρτες που δείχνουν τη θέση παιδικών χαρών;","παιδικές_χαρές"
"Τι γίνεται αν η ανάγκη επιδιόρθωσης παιδικής χαράς αμφισβητείται από τους κατοίκους;","παιδικές_χαρές"
"Πώς μπορώ να λάβω πληροφορίες για το κόστος συντήρησης παιδικών χαρών;","παιδικές_χαρές"
"Το παιχνίδι στην παιδική χαρά είναι σπασμένο, τι πρέπει να κάνω;","παιδικές_χαρές"
"Η παιδική χαρά της γειτονιάς μας δεν είναι ασφαλής, πού μπορώ να το αναφέρω;","παιδικές_χαρές"
"Πώς μπορώ να κάνω μια αναφορά για κακή συντήρηση παιδικής χαράς;","παιδικές_χαρές"
"Χρειάζεται να αντικατασταθούν τα παλιά παιχνίδια στην παιδική χαρά με καινούρια.","παιδικές_χαρές"
"Ο δήμος έχει κάποιο πρόγραμμα για την αναβάθμιση των παιδικών χαρών;","παιδικές_χαρές"
"Πού μπορώ να βρω το τηλέφωνο του τμήματος που ασχολείται με τις παιδικές χαρές;","παιδικές_χαρές"
"Θέλω να δηλώσω ότι η παιδική χαρά δεν έχει σκίαση και είναι επικίνδυνη για τα παιδιά.","παιδικές_χαρές"
"Πώς μπορώ να ζητήσω να μπουν νέα όργανα στην παιδική χαρά;","παιδικές_χαρές"
"Υπάρχει ένα σπασμένο παγκάκι στην παιδική χαρά, πού το αναφέρω;","παιδικές_χαρές"
"Η παιδική χαρά έχει κατεστραμμένο δάπεδο, τι πρέπει να γίνει;","παιδικές_χαρές"
"Πρέπει να πληρώσω κάτι για την επισκευή της παιδικής χαράς;","παιδικές_χαρές"
"Μπορώ να κάνω καταγγελία για έλλειψη ασφάλειας σε παιδική χαρά;","παιδικές_χαρές"
"Θέλω να ρωτήσω αν τοποθετούνται κάμερες ασφαλείας στις παιδικές χαρές.","παιδικές_χαρές"
"Πού μπορώ να βρω πληροφορίες για τους κανόνες ασφαλείας στις παιδικές χαρές;","παιδικές_χαρές"
"Ποιος είναι ο αρμόδιος για να ελέγξει την πιστοποίηση των παιχνιδιών;","παιδικές_χαρές"
"Χρειάζεται να υπογράψουμε μια αίτηση για να γίνει αναβάθμιση της παιδικής χαράς;","παιδικές_χαρές"
"Ο δήμος έχει κάποιο πρόγραμμα για εθελοντές που βοηθούν στις παιδικές χαρές;","παιδικές_χαρές"
"Πώς μπορώ να ζητήσω να φτιαχτεί η περίφραξη της παιδικής χαράς;","παιδικές_χαρές"
"Θέλω να μάθω αν η παιδική χαρά είναι προσβάσιμη για άτομα με αναπηρία.","παιδικές_χαρές"
"Πού μπορώ να βρω το κόστος για τη συντήρηση μιας παιδικής χαράς;","παιδικές_χαρές"
"Τοποθετήθηκαν καινούρια παιχνίδια στην παιδική χαρά;","παιδικές_χαρές"
"Πώς μπορώ να ζητήσω να μπει φως στην παιδική χαρά;","παιδικές_χαρές"
"Θα ήθελα να κάνω μια αναφορά για σκουπίδια στην παιδική χαρά.","παιδικές_χαρές"
"Πώς μπορώ να ενημερωθώ αν μια παιδική χαρά διαθέτει πιστοποιητικό καταλληλότητας;", "παιδικές_χαρες"
"Τα παιχνίδια στην παιδική χαρά της γειτονιάς μας έχουν σκουριάσει και είναι επικίνδυνα.", "παιδικές_χαρες"
"Ποιο τμήμα του δήμου είναι αρμόδιο για την καθημερινή καθαριότητα στις παιδικές χαρές;", "παιδικές_χαρες"
"Χρειάζεται να αντικατασταθεί το δάπεδο ασφαλείας γιατί έχει φθαρεί και υπάρχουν λακκούβες.", "παιδικές_χαρες"
"Η κούνια στην παιδική χαρά έχει σπασμένη αλυσίδα, παρακαλώ για την άμεση επισκευή της.", "παιδικές_χαρες"
"Πού μπορώ να υποβάλω αίτηση για την κατασκευή νέας παιδικής χαράς στον οικισμό μας;", "παιδικές_χαρες"
"Υπάρχει πρόβλεψη για την τοποθέτηση οργάνων παιδικής χαράς που να είναι κατάλληλα για ΑμεΑ;", "παιδικές_χαρες"
"Η περίφραξη της παιδικής χαράς έχει τρύπες και τα παιδιά μπορούν να βγουν στον δρόμο.", "παιδικές_χαρες"
"Ποιο είναι το ωράριο λειτουργίας για τις περιφραγμένες παιδικές χαρές του δήμου;", "παιδικές_χαρες"
"Θέλω να αναφέρω ότι ο φωτισμός στην παιδική χαρά δεν λειτουργεί τις βραδινές ώρες.", "παιδικές_χαρες"
"Μπορεί ο δήμος να τοποθετήσει σκίαστρα πάνω από τα παιχνίδια για τους καλοκαιρινούς μήνες;", "παιδικές_χαρες"
"Υπάρχουν αδέσποτα ζώα εντός του χώρου της παιδικής χαράς, τι μέτρα θα ληφθούν;", "παιδικές_χαρες"
"Πώς μπορώ να μάθω πότε έγινε ο τελευταίος τεχνικός έλεγχος στα όργανα της παιδικής χαράς;", "παιδικές_χαρες"
"Το παγκάκι μέσα στην παιδική χαρά είναι σπασμένο και έχει αιχμηρές γωνίες.", "παιδικές_χαρες"
"Χρειάζεται να γίνει απολύμανση στην άμμο και στους χώρους γύρω από τα παιχνίδια.", "παιδικές_χαρες"
"Ποια δικαιολογητικά απαιτούνται για την αδειοδότηση μιας ιδιωτικής παιδικής χαράς;", "παιδικές_χαρες"
"Θέλω να καταγγείλω βανδαλισμούς και γκράφιτι στις τσουλήθρες της παιδικής χαράς.", "παιδικές_χαρες"
"Υπάρχει δυνατότητα τοποθέτησης βρύσης με πόσιμο νερό εντός της παιδικής χαράς;", "παιδικές_χαρες"
"Ποιος είναι ο υπεύθυνος ασφαλείας του δήμου στον οποίο μπορώ να αναφέρω ένα ατύχημα;", "παιδικές_χαρες"
"Είναι δυνατή η τοποθέτηση καμερών ασφαλείας περιμετρικά της παιδικής χαράς;", "παιδικές_χαρες"
"Ποια είναι η διαδικασία για την ανακαίνιση μιας παλιάς παιδικής χαράς μέσω χορηγίας;", "παιδικές_χαρες"
"Τα ξύλινα παιχνίδια έχουν βγάλει ακίδες και χρειάζονται επειγόντως συντήρηση και βερνίκι.", "παιδικές_χαρες"
"Πότε θα ολοκληρωθούν οι εργασίες πιστοποίησης για να ανοίξει πάλι η παιδική χαρά;", "παιδικές_χαρες"
"Υπάρχουν σκουπίδια και σπασμένα γυαλιά στο δάπεδο της παιδικής χαράς, στείλτε συνεργείο.", "παιδικές_χαρες"
"Πώς μπορώ να ζητήσω την τοποθέτηση ενημερωτικής πινακίδας με τηλέφωνα ανάγκης;", "παιδικές_χαρες"
"Η πόρτα της παιδικής χαράς δεν κλείνει καλά και μένει ανοιχτή όλη τη νύχτα.", "παιδικές_χαρες"
"Ποιος είναι ο προϋπολογισμός του δήμου για τη συντήρηση των παιδικών χαρών φέτος;", "παιδικές_χαρες"
"Θέλω να προτείνω την προσθήκη ενός πύργου αναρρίχησης στην παιδική χαρά του πάρκου.", "παιδικές_χαρες"


"Χρειάζεται σήμανση σε επικίνδυνη στροφή – πού κάνω αίτηση;","σήμανση_οδοστρώματος"
"Ποιος είναι υπεύθυνος για τις πινακίδες Κ.Ο.Κ. στον δήμο;","σήμανση_οδοστρώματος"
"Πού δηλώνω ότι λείπει σημαντική κυκλοφοριακή σήμανση;","σήμανση_οδοστρώματος"
"Μπορώ να ζητήσω αποκατάσταση κατεστραμμένης πινακίδας;","σήμανση_οδοστρώματος"
"Γίνεται να προτείνω νέα σήμανση για λόγους ασφάλειας;","σήμανση_οδοστρώματος"
"Ποια δικαιολογητικά χρειάζονται για αίτηση τοποθέτησης σήμανσης;","σήμανση_οδοστρώματος"
"Πόσος χρόνος απαιτείται για την έγκριση και τοποθέτηση σήμανσης;","σήμανση_οδοστρώματος"
"Μπορώ να αναφέρω ότι μια πινακίδα έχει καλυφθεί από βλάστηση;","σήμανση_οδοστρώματος"
"Σε ποια υπηρεσία του δήμου απευθύνομαι για θέματα σήμανσης οδοστρώματος;","σήμανση_οδοστρώματος"
"Είναι απαραίτητη η αυτοψία για την εκτίμηση της ανάγκης σήμανσης;","σήμανση_οδοστρώματος"
"Ποιοι άλλοι τρόποι βελτίωσης της οδικής ασφάλειας υπάρχουν μέσω σήμανσης;","σήμανση_οδοστρώματος"
"Χρειάζεται κυκλοφοριακή μελέτη για την τοποθέτηση νέας σήμανσης;","σήμανση_οδοστρώματος"
"Πώς μπορώ να παρακολουθήσω την πορεία της αναφοράς μου για σήμανση;","σήμανση_οδοστρώματος"
"Τι γίνεται αν η σήμανση οδοστρώματος είναι δυσδιάκριτη λόγω φθοράς;","σήμανση_οδοστρώματος"
"Πού μπορώ να βρω τους κανονισμούς για την τοποθέτηση και συντήρηση σημάτων Κ.Ο.Κ.;","σήμανση_οδοστρώματος"
"Είναι η σήμανση οδοστρώματος κρίσιμη για την αποφυγή ατυχημάτων;","σήμανση_οδοστρώματος"
"Πού μπορώ να βρω τη νομοθεσία για τη σήμανση οδών;","σήμανση_οδοστρώματος"
"Μπορώ να ζητήσω τοποθέτηση σήμανσης μέσω ΚΕΠ;","σήμανση_οδοστρώματος"
"Ποιος είναι ο ρόλος της Τροχαίας στην έγκριση σημάτων;","σήμανση_οδοστρώματος"
"Χρειάζεται έγκριση από το Δημοτικό Συμβούλιο για κάθε νέα σήμανση;","σήμανση_οδοστρώματος"
"Πώς μπορώ να επιταχύνω την τοποθέτηση ή αποκατάσταση σήμανσης;","σήμανση_οδοστρώματος"
"Τι προβλέπεται για πρόστιμα σε περίπτωση βανδαλισμού σήμανσης;","σήμανση_οδοστρώματος"
"Πού μπορώ να ζητήσω αντίγραφα αποφάσεων για τοποθέτηση σημάτων;","σήμανση_οδοστρώματος"
"Είναι η σήμανση οδοστρώματος απαραίτητη για ζώνες σχολείων;","σήμανση_οδοστρώματος"
"Πώς μπορώ να δηλώσω ότι ένα φανάρι είναι εκτός λειτουργίας;","σήμανση_οδοστρώματος"
"Υπάρχουν ειδικές ρυθμίσεις για σήμανση σε τουριστικές περιοχές;","σήμανση_οδοστρώματος"
"Πού μπορώ να βρω εγκυκλίους που αφορούν τη σήμανση οδοστρώματος;","σήμανση_οδοστρώματος"
"Μπορώ να ζητήσω τοποθέτηση σήμανσης STOP σε συγκεκριμένη διασταύρωση;","σήμανση_οδοστρώματος"
"Ποια είναι η διαδικασία για την αλλαγή σήμανσης λόγω νέων κυκλοφοριακών ρυθμίσεων;","σήμανση_οδοστρώματος"
"Χρειάζεται απόφαση κυκλοφοριακής επιτροπής για κάθε σήμανση;","σήμανση_οδοστρώματος"
"Πού μπορώ να βρω συχνές ερωτήσεις για τη σήμανση οδοστρώματος;","σήμανση_οδοστρώματος"
"Είναι η σήμανση οδοστρώματος καθοριστική για την προσβασιμότητα ΑμεΑ;","σήμανση_οδοστρώματος"
"Πώς μπορώ να αντλήσω στοιχεία για προηγούμενες τοποθετήσεις σημάτων;","σήμανση_οδοστρώματος"
"Υπάρχει ειδικό καθεστώς για σήμανση σε εργοτάξια;","σήμανση_οδοστρώματος"
"Πού μπορώ να υποβάλω ένσταση για απόρριψη αίτησης σήμανσης;","σήμανση_οδοστρώματος"
"Τι γίνεται αν η τοποθέτηση σήμανσης δεν είναι σύμφωνη με τις προδιαγραφές;","σήμανση_οδοστρώματος"
"Πώς μπορώ να λάβω πληροφορίες για τον τύπο των σημάτων που χρησιμοποιούνται;","σήμανση_οδοστρώματος"
"Είναι η ύπαρξη σήμανσης απαραίτητη για την άδεια κυκλοφορίας βαρέων οχημάτων;","σήμανση_οδοστρώματος"
"Πού μπορώ να βρω αποφάσεις δικαστηρίων για ζητήματα σήμανσης;","σήμανση_οδοστρώματος"
"Μπορώ να αιτηθώ για σήμανση σε αγροτική οδό;","σήμανση_οδοστρώματος"
"Ποια είναι η διαδικασία για την αφαίρεση περιττής σήμανσης;","σήμανση_οδοστρώματος"
"Χρειάζεται έλεγχος φωτισμού στην περιοχή της σήμανσης;","σήμανση_οδοστρώματος"
"Πού μπορώ να επικοινωνήσω για νομικές συμβουλές σχετικά με τη σήμανση οδοστρώματος;","σήμανση_οδοστρώματος"
"Είναι η σήμανση οδοστρώματος το ίδιο με την οδική σήμανση;","σήμανση_οδοστρώματος"
"Πώς μπορώ να δηλώσω ανάγκη για σήμανση σε περίπτωση νέας οδού;","σήμανση_οδοστρώματος"
"Υπάρχουν περιορισμοί στο μέγεθος ή το είδος των πινακίδων;","σήμανση_οδοστρώματος"
"Πού μπορώ να βρω παλαιούς χάρτες που δείχνουν την υπάρχουσα σήμανση;","σήμανση_οδοστρώματος"
"Τι γίνεται αν η ανάγκη σήμανσης αμφισβητείται από τους κατοίκους;","σήμανση_οδοστρώματος"
"Πώς μπορώ να λάβω πληροφορίες για το κόστος τοποθέτησης σήμανσης;","σήμανση_οδοστρώματος"
"Χρειάζεται να μπει μια πινακίδα STOP στη γωνία γιατί είναι επικίνδυνο.","σήμανση_οδοστρώματος"
"Η διάβαση πεζών είναι ξεθωριασμένη, πώς μπορώ να ζητήσω να την ξαναβάψουν;","σήμανση_οδοστρώματος"
"Το φανάρι για τα αυτοκίνητα έχει χαλάσει, πού το αναφέρω;","σήμανση_οδοστρώματος"
"Μπορώ να ζητήσω να τοποθετηθεί μια πινακίδα με το όνομα του δρόμου;","σήμανση_οδοστρώματος"
"Η πινακίδα της στάσης λεωφορείου είναι σπασμένη, τι πρέπει να κάνω;","σήμανση_οδοστρώματος"
"Πώς μπορώ να κάνω μια αναφορά για μια πινακίδα που έχει βανδαλιστεί;","σήμανση_οδοστρώματος"
"Θέλω να δηλώσω ότι η οδική σήμανση σε έναν δρόμο είναι παραπλανητική.","σήμανση_οδοστρώματος"
"Υπάρχει κάποιο πρόγραμμα του δήμου για την αντικατάσταση των παλιών πινακίδων;","σήμανση_οδοστρώματος"
"Πού μπορώ να βρω το τηλέφωνο του τμήματος που ασχολείται με τη σήμανση;","σήμανση_οδοστρώματος"
"Πρέπει να πληρώσω κάτι για να τοποθετηθεί μια πινακίδα;","σήμανση_οδοστρώματος"
"Χρειάζεται η υπογραφή όλων των κατοίκων για να γίνει μια αίτηση για σήμανση;","σήμανση_οδοστρώματος"
"Ο δήμος είναι αρμόδιος για να βάφει τις διαγραμμίσεις στους δρόμους;","σήμανση_οδοστρώματος"
"Θέλω να ρωτήσω αν μπορώ να βάλω μια πινακίδα «αδιέξοδο» σε ένα σοκάκι.","σήμανση_οδοστρώματος"
"Ποιος είναι ο αρμόδιος για να εγκρίνει μια νέα πινακίδα STOP;","σήμανση_οδοστρώματος"
"Μπορώ να κάνω καταγγελία για έλλειψη σήμανσης σε επικίνδυνο σημείο;","σήμανση_οδοστρώματος"
"Πού μπορώ να βρω το έντυπο αίτησης για τοποθέτηση σήμανσης;","σήμανση_οδοστρώματος"
"Θέλω να ζητήσω να τοποθετηθεί μια πινακίδα «Προσοχή Παιδιά» κοντά στο σχολείο.","σήμανση_οδοστρώματος"
"Πρέπει να πάρω έγκριση από την τροχαία για την σήμανση του δρόμου;","σήμανση_οδοστρώματος"
"Πώς μπορώ να βρω τους κανονισμούς για την τοποθέτηση πινακίδων;","σήμανση_οδοστρώματος"
"Ποιος είναι υπεύθυνος για να συντηρεί τα φανάρια της πόλης;","σήμανση_οδοστρώματος"
"Οι διαγραμμίσεις στον κεντρικό δρόμο έχουν σβηστεί και είναι επικίνδυνα το βράδυ.", "σήμανση_οδοστρώματος"
"Πότε θα γίνει η επαναγραφή της διάβασης πεζών μπροστά από το δημοτικό σχολείο;", "σήμανση_οδοστρώματος"
"Χρειάζεται να μπουν βέλη κατεύθυνσης στο οδόστρωμα για να μην μπερδεύονται οι οδηγοί.", "σήμανση_οδοστρώματος"
"Πώς μπορώ να αιτηθώ τη διαγράμμιση θέσης στάθμευσης για ΑμεΑ έξω από την οικία μου;", "σήμανση_οδοστρώματος"
"Η κίτρινη γραμμή απαγόρευσης στάθμευσης έχει ξεθωριάσει και κλείνουν την είσοδό μου.", "σήμανση_οδοστρώματος"
"Ποιο τμήμα του δήμου είναι αρμόδιο για τη διαγράμμιση των δρόμων και των πλατειών;", "σήμανση_οδοστρώματος"
"Χρειάζεται να βαφτεί ξανά το «STOP» στην άσφαλτο γιατί δεν φαίνεται καθόλου.", "σήμανση_οδοστρώματος"
"Οι γραμμές που χωρίζουν τα ρεύματα κυκλοφορίας έχουν σβηστεί μετά την ασφαλτόστρωση.", "σήμανση_οδοστρώματος"
"Πού μπορώ να αναφέρω την ανάγκη για διαγράμμιση θέσεων πάρκινγκ σε δημοτικό χώρο;", "σήμανση_οδοστρώματος"
"Η διάβαση των πεζών στη διασταύρωση χρειάζεται ειδική αντανακλαστική μπογιά.", "σήμανση_οδοστρώματος"
"Υπάρχει ανάγκη για διαγράμμιση «ζέβρας» σε σημείο με μεγάλη κίνηση μαθητών.", "σήμανση_οδοστρώματος"
"Ποιο είναι το χρονοδιάγραμμα του δήμου για τη συντήρηση της οριζόντιας σήμανσης;", "σήμανση_οδοστρώματος"
"Η σήμανση για τη στάση του λεωφορείου στο οδόστρωμα έχει εξαφανιστεί.", "σήμανση_οδοστρώματος"
"Μπορώ να ζητήσω τη διαγράμμιση ειδικής ζώνης φορτοεκφόρτωσης μπροστά στο κατάστημα;", "σήμανση_οδοστρώματος"
"Η μπογιά που χρησιμοποιήθηκε στη διάβαση γλιστράει όταν βρέχει, τι πρέπει να γίνει;", "σήμανση_οδοστρώματος"
"Χρειάζεται να οριοθετηθούν με γραμμές οι θέσεις στάθμευσης των μοτοσυκλετών.", "σήμανση_οδοστρώματος"
"Πώς μπορώ να ενημερωθώ για τις νέες διαγραμμίσεις που προβλέπει η κυκλοφοριακή μελέτη;", "σήμανση_οδοστρώματος"
"Έχουν γίνει λάθος γραμμές στον δρόμο μετά τα έργα και προκαλείται σύγχυση.", "σήμανση_οδοστρώματος"
"Ποια υπηρεσία επιβλέπει τον εργολάβο που κάνει τις διαγραμμίσεις στο οδικό δίκτυο;", "σήμανση_οδοστρώματος"
"Θέλω να αιτηθώ τη σήμανση «ΜΗΝ ΑΠΟΚΛΕΙΕΤΕ ΤΗ ΔΙΑΣΤΑΥΡΩΣΗ» με κίτρινο πλέγμα.", "σήμανση_οδοστρώματος"
"Οι γραμμές οριοθέτησης του οδοστρώματος στις άκρες του δρόμου είναι απαραίτητες λόγω ομίχλης.", "σήμανση_οδοστρώματος"
"Πότε θα ολοκληρωθεί η σήμανση του νέου ποδηλατόδρομου με το ειδικό χρώμα;", "σήμανση_οδοστρώματος"
"Χρειάζεται να βαφτεί η ένδειξη ορίου ταχύτητας πάνω στην άσφαλτο έξω από το νηπιαγωγείο.", "σήμανση_οδοστρώματος"
"Η σήμανση της νησίδας στο οδόστρωμα δεν είναι ορατή, με αποτέλεσμα να γίνονται ατυχήματα.", "σήμανση_οδοστρώματος"
"Μπορεί ο δήμος να κάνει διαγράμμιση για προσωρινή στάθμευση οχημάτων έκτακτης ανάγκης;", "σήμανση_οδοστρώματος"
"Η διαχωριστική γραμμή είναι συνεχόμενη σε σημείο που θα έπρεπε να είναι διακεκομμένη.", "σήμανση_οδοστρώματος"
"Πού υποβάλλεται η καταγγελία για παράνομη διαγράμμιση οδοστρώματος από ιδιώτη;", "σήμανση_οδοστρώματος"
"Χρειάζεται να ανανεωθεί η σήμανση των θέσεων για τα οχήματα τροφοδοσίας της αγοράς.", "σήμανση_οδοστρώματος"
"Ποια είναι η διαδικασία για τη διαγράμμιση θέσεων ελεγχόμενης στάθμευσης;", "σήμανση_οδοστρώματος"
"Η σήμανση για την απαγόρευση εισόδου στο αντίθετο ρεύμα πρέπει να είναι πιο έντονη.", "σήμανση_οδοστρώματος"
"Πώς μπορώ να ζητήσω τον καθαρισμό του οδοστρώματος πριν γίνει η νέα διαγράμμιση;", "σήμανση_οδοστρώματος"

"Πού κάνω αίτηση για νέα σήμανση με όνομα οδού;","σήμανση_ονοματοθεσίας"
"Η πινακίδα ονοματοθεσίας είναι σπασμένη – πού το δηλώνω;","σήμανση_ονοματοθεσίας"
"Χρειάζεται αντικατάσταση η πινακίδα του δρόμου μου.","σήμανση_ονοματοθεσίας"
"Γίνεται online αίτηση για τοποθέτηση ονοματοθεσίας;","σήμανση_ονοματοθεσίας"
"Σε ποιον ανήκει η αρμοδιότητα για τις πινακίδες δρόμων;","σήμανση_ονοματοθεσίας"
"Ποια δικαιολογητικά χρειάζονται για αίτηση τοποθέτησης πινακίδας οδού;","σήμανση_ονοματοθεσίας"
"Πόσος χρόνος απαιτείται για την έγκριση και τοποθέτηση πινακίδας ονοματοθεσίας;","σήμανση_ονοματοθεσίας"
"Μπορώ να αναφέρω ότι μια πινακίδα ονόματος οδού έχει καλυφθεί από δέντρα;","σήμανση_ονοματοθεσίας"
"Σε ποια υπηρεσία του δήμου απευθύνομαι για πινακίδες ονοματοθεσίας;","σήμανση_ονοματοθεσίας"
"Είναι απαραίτητη η αυτοψία για την τοποθέτηση πινακίδας οδού;","σήμανση_ονοματοθεσίας"
"Ποιοι άλλοι τρόποι για την ορθή σήμανση ονομάτων οδών υπάρχουν;","σήμανση_ονοματοθεσίας"
"Χρειάζεται απόφαση Δημοτικού Συμβουλίου για νέα ονοματοδοσία οδού;","σήμανση_ονοματοθεσίας"
"Πώς μπορώ να παρακολουθήσω την πορεία της αναφοράς μου για σήμανση ονοματοθεσίας;","σήμανση_ονοματοθεσίας"
"Τι γίνεται αν η πινακίδα ονοματοθεσίας έχει αλλοιωθεί από καιρικά φαινόμενα;","σήμανση_ονοματοθεσίας"
"Πού μπορώ να βρω τους κανονισμούς για την τοποθέτηση και συντήρηση πινακίδων ονοματοθεσίας;","σήμανση_ονοματοθεσίας"
"Είναι η σήμανση ονοματοθεσίας κρίσιμη για την εύρεση διευθύνσεων;","σήμανση_ονοματοθεσίας"
"Πού μπορώ να βρω τη νομοθεσία για την ονοματοδοσία οδών;","σήμανση_ονοματοθεσίας"
"Μπορώ να ζητήσω τοποθέτηση πινακίδας ονοματοθεσίας μέσω ΚΕΠ;","σήμανση_ονοματοθεσίας"
"Ποιος είναι ο ρόλος της Κτηματογράφησης στην ονοματοδοσία οδών;","σήμανση_ονοματοθεσίας"
"Χρειάζεται έγκριση από την Επιτροπή Ονοματοδοσίας για κάθε νέα πινακίδα;","σήμανση_ονοματοθεσίας"
"Πώς μπορώ να επιταχύνω την τοποθέτηση ή αποκατάσταση πινακίδας ονοματοθεσίας;","σήμανση_ονοματοθεσίας"
"Τι προβλέπεται για πρόστιμα σε περίπτωση βανδαλισμού πινακίδας ονοματοθεσίας;","σήμανση_ονοματοθεσίας"
"Πού μπορώ να ζητήσω αντίγραφα αποφάσεων για τοποθέτηση πινακίδων ονοματοθεσίας;","σήμανση_ονοματοθεσίας"
"Είναι η σήμανση ονοματοθεσίας απαραίτητη για την παράδοση αλληλογραφίας;","σήμανση_ονοματοθεσίας"
"Πώς μπορώ να δηλώσω ότι λείπει ο αριθμός της οδού;","σήμανση_ονοματοθεσίας"
"Υπάρχουν ειδικές ρυθμίσεις για πινακίδες ονοματοθεσίας σε ιστορικές περιοχές;","σήμανση_ονοματοθεσίας"
"Πού μπορώ να βρω εγκυκλίους που αφορούν τη σήμανση ονοματοθεσίας;","σήμανση_ονοματοθεσίας"
"Μπορώ να ζητήσω τοποθέτηση πινακίδας ονοματοθεσίας σε ιδιωτικό δρόμο κοινής χρήσης;","σήμανση_ονοματοθεσίας"
"Ποια είναι η διαδικασία για την αλλαγή ονόματος οδού και αντικατάσταση πινακίδων;","σήμανση_ονοματοθεσίας"
"Χρειάζεται απόφαση Τοπικού Συμβουλίου για την τοποθέτηση πινακίδας οδού;","σήμανση_ονοματοθεσίας"
"Πού μπορώ να βρω συχνές ερωτήσεις για τη σήμανση ονοματοθεσίας;","σήμανση_ονοματοθεσίας"
"Είναι η σήμανση ονοματοθεσίας καθοριστική για υπηρεσίες έκτακτης ανάγκης;","σήμανση_ονοματοθεσίας"
"Πώς μπορώ να αντλήσω στοιχεία για προηγούμενες τοποθετήσεις πινακίδων ονοματοθεσίας;","σήμανση_ονοματοθεσίας"
"Υπάρχει ειδικό καθεστώς για πινακίδες ονοματοθεσίας σε αγροτικές περιοχές;","σήμανση_ονοματοθεσίας"
"Πού μπορώ να υποβάλω ένσταση για απόρριψη αίτησης πινακίδας ονοματοθεσίας;","σήμανση_ονοματοθεσίας"
"Τι γίνεται αν η τοποθέτηση πινακίδας ονοματοθεσίας δεν είναι σύμφωνη με τις προδιαγραφές;","σήμανση_ονοματοθεσίας"
"Πώς μπορώ να λάβω πληροφορίες για τον τύπο των υλικών που χρησιμοποιούνται για πινακίδες ονοματοθεσίας;","σήμανση_ονοματοθεσίας"
"Είναι η ύπαρξη πινακίδας ονοματοθεσίας απαραίτητη για την έκδοση οικοδομικής άδειας;","σήμανση_ονοματοθεσίας"
"Πού μπορώ να βρω αποφάσεις δικαστηρίων για ζητήματα ονοματοδοσίας οδών;","σήμανση_ονοματοθεσίας"
"Μπορώ να αιτηθώ για πινακίδα ονοματοθεσίας σε ιδιωτικό συγκρότημα κατοικιών;","σήμανση_ονοματοθεσίας"
"Ποια είναι η διαδικασία για την αφαίρεση περιττής πινακίδας ονοματοθεσίας;","σήμανση_ονοματοθεσίας"
"Χρειάζεται έλεγχος φωτισμού στην περιοχή της πινακίδας ονοματοθεσίας;","σήμανση_ονοματοθεσίας"
"Πού μπορώ να επικοινωνήσω για νομικές συμβουλές σχετικά με την ονοματοδοσία οδών;","σήμανση_ονοματοθεσίας"
"Είναι η σήμανση ονοματοθεσίας το ίδιο με την αρίθμηση κτιρίων;","σήμανση_ονοματοθεσίας"
"Πώς μπορώ να δηλώσω ανάγκη για πινακίδα ονοματοθεσίας σε περίπτωση νέας οδού;","σήμανση_ονοματοθεσίας"
"Υπάρχουν περιορισμοί στο μέγεθος ή το είδος της γραμματοσειράς των πινακίδων ονοματοθεσίας;","σήμανση_ονοματοθεσίας"
"Πού μπορώ να βρω παλαιούς χάρτες που δείχνουν τα ονόματα των οδών;","σήμανση_ονοματοθεσίας"
"Τι γίνεται αν η ανάγκη πινακίδας ονοματοθεσίας αμφισβητείται από τους κατοίκους;","σήμανση_ονοματοθεσίας"
"Πώς μπορώ να λάβω πληροφορίες για το κόστος τοποθέτησης πινακίδας ονοματοθεσίας;","σήμανση_ονοματοθεσίας"
"Δεν υπάρχει καθόλου πινακίδα με το όνομα του δρόμου στη γειτονιά μου.","σήμανση_ονοματοθεσίας"
"Η πινακίδα του δρόμου έχει σβηστεί εντελώς, πώς μπορώ να ζητήσω να την ξαναβάψουν;","σήμανση_ονοματοθεσίας"
"Πρέπει να μπει μια πινακίδα με το όνομα της οδού γιατί μπερδευόμαστε.","σήμανση_ονοματοθεσίας"
"Ποιος είναι ο αρμόδιος για τη συντήρηση των πινακίδων ονοματοθεσίας;","σήμανση_ονοματοθεσίας"
"Θέλω να ρωτήσω αν μπορώ να βγάλω μια πινακίδα με το όνομα του δρόμου για ιδιωτική χρήση.","σήμανση_ονοματοθεσίας"
"Μπορώ να κάνω μια αναφορά για μια σπασμένη πινακίδα ονοματοδοσίας;","σήμανση_ονοματοθεσίας"
"Υπάρχει κάποιο κόστος για την αντικατάσταση μιας πινακίδας;","σήμανση_ονοματοθεσίας"
"Πώς μπορώ να βρω το τηλέφωνο του τμήματος που ασχολείται με τις πινακίδες;","σήμανση_ονοματοθεσίας"
"Θέλω να δηλώσω ότι η πινακίδα του δρόμου είναι καλυμμένη από δέντρα.","σήμανση_ονοματοθεσίας"
"Πρέπει να πάρω έγκριση από το Δημοτικό Συμβούλιο για να αλλάξει το όνομα του δρόμου;","σήμανση_ονοματοθεσίας"
"Ποια είναι η διαδικασία για την αφαίρεση μιας πινακίδας που δεν χρειάζεται;","σήμανση_ονοματοθεσίας"
"Χρειάζεται να πληρώσω για την τοποθέτηση πινακίδας σε έναν χωματόδρομο;","σήμανση_ονοματοθεσίας"
"Πού μπορώ να βρω το έντυπο αίτησης για πινακίδες ονοματοδοσίας;","σήμανση_ονοματοθεσίας"
"Μπορώ να ζητήσω αντίγραφα των αποφάσεων για τις πινακίδες;","σήμανση_ονοματοθεσίας"
"Η πινακίδα του δρόμου έχει βανδαλιστεί, πού το αναφέρω;","σήμανση_ονοματοθεσίας"
"Θέλω να μάθω αν η σήμανση του δρόμου είναι σωστή για την παράδοση αλληλογραφίας.","σήμανση_ονοματοθεσίας"
"Πώς μπορώ να κάνω μια πρόταση για ένα νέο όνομα οδού;","σήμανση_ονοματοθεσίας"
"Πρέπει να πάρω την έγκριση της τροχαίας για την πινακίδα του δρόμου;","σήμανση_ονοματοθεσίας"
"Ποιος είναι ο αρμόδιος για να μου δώσει πληροφορίες για την ονοματοδοσία;","σήμανση_ονοματοθεσίας"
"Θέλω να βγάλω μια πινακίδα οδοσήμανσης για το σπίτι μου.","σήμανση_ονοματοθεσίας"
"Η πινακίδα με το όνομα της οδού στη γωνία έχει πέσει και πρέπει να επανατοποθετηθεί.", "σήμανση_ονοματοθεσίας"
"Χρειάζεται να μπει νέα σήμανση ονοματοθεσίας στη διασταύρωση των οδών, γιατί οι οδηγοί χάνονται.", "σήμανση_ονοματοθεσίας"
"Πού μπορώ να αιτηθώ την τοποθέτηση πινακίδας με το όνομα του δρόμου μας που ονομάστηκε πρόσφατα;", "σήμανση_ονοματοθεσίας"
"Οι πινακίδες ονοματοθεσίας στον οικισμό έχουν σκουριάσει και τα γράμματα δεν διαβάζονται.", "σήμανση_ονοματοθεσίας"
"Υπάρχει ορθογραφικό λάθος στο όνομα της οδού πάνω στην πινακίδα, πώς μπορεί να διορθωθεί;", "σήμανση_ονοματοθεσίας"
"Ποιο τμήμα του δήμου είναι υπεύθυνο για την κατασκευή και τοποθέτηση πινακίδων οδών;", "σήμανση_ονοματοθεσίας"
"Η πινακίδα ονοματοθεσίας είναι κρυμμένη πίσω από δέντρα και δεν φαίνεται από τους περαστικούς.", "σήμανση_ονοματοθεσίας"
"Θέλω να αναφέρω ότι λείπει η σήμανση ονοματοθεσίας στην αρχή και στο τέλος του δρόμου μας.", "σήμανση_ονοματοθεσίας"
"Μπορεί ο δήμος να τοποθετήσει πινακίδες που να αναγράφουν το όνομα της οδού και με λατινικούς χαρακτήρες;", "σήμανση_ονοματοθεσίας"
"Η πινακίδα της πλατείας έχει βανδαλιστεί με γκράφιτι και πρέπει να καθαριστεί ή να αντικατασταθεί.", "σήμανση_ονοματοθεσίας"
"Ποια είναι η διαδικασία για να αλλάξει η σήμανση ονοματοθεσίας μετά από μετονομασία ενός δρόμου;", "σήμανση_ονοματοθεσίας"
"Χρειάζομαι σήμανση ονοματοθεσίας σε σχήμα βέλους που να δείχνει προς την κεντρική οδό.", "σήμανση_ονοματοθεσίας"
"Πόσο χρόνο διαρκεί η εξέταση αιτήματος για την τοποθέτηση πινακίδας οδού σε νέα περιοχή;", "σήμανση_ονοματοθεσίας"
"Οι πινακίδες ονοματοθεσίας έχουν τοποθετηθεί πολύ ψηλά και δεν φωτίζονται το βράδυ.", "σήμανση_ονοματοθεσίας"
"Ποιο είναι το κόστος για την προμήθεια νέων πινακίδων ονοματοθεσίας για μια ολόκληρη γειτονιά;", "σήμανση_ονοματοθεσίας"
"Υπάρχει σύγχυση με δύο δρόμους που έχουν το ίδιο όνομα, χρειάζεται καλύτερη σήμανση.", "σήμανση_ονοματοθεσίας"
"Η πινακίδα ονοματοθεσίας έχει στραβώσει από πρόσκρουση οχήματος και είναι επικίνδυνη.", "σήμανση_ονοματοθεσίας"
"Πώς μπορώ να ενημερωθώ αν έχει εγκριθεί η τοποθέτηση πινακίδων στην επέκταση του σχεδίου;", "σήμανση_ονοματοθεσίας"
"Θέλω να προτείνω την τοποθέτηση πινακίδας ονοματοθεσίας με ιστορικές πληροφορίες για το όνομα της οδού.", "σήμανση_ονοματοθεσίας"
"Λείπει η σήμανση ονοματοθεσίας από τον πεζόδρομο και οι διανομείς δεν βρίσκουν τις διευθύνσεις.", "σήμανση_ονοματοθεσίας"
"Η πινακίδα ονοματοθεσίας στη γωνία του σπιτιού μου στηρίζεται σε σαθρό τοίχο, τι πρέπει να γίνει;", "σήμανση_ονοματοθεσίας"
"Υπάρχουν προδιαγραφές για το χρώμα και το μέγεθος των πινακίδων ονοματοθεσίας του δήμου;", "σήμανση_ονοματοθεσίας"
"Πού υποβάλλεται η καταγγελία για κλοπή πινακίδας ονοματοθεσίας από δημόσιο χώρο;", "σήμανση_ονοματοθεσίας"
"Χρειάζεται να μπει σήμανση ονοματοθεσίας και στις ενδιάμεσες διασταυρώσεις ενός μεγάλου δρόμου.", "σήμανση_ονοματοθεσίας"
"Η πινακίδα ονοματοθεσίας έχει τοποθετηθεί σε λάθος δρόμο, παρακαλώ για τη διόρθωση.", "σήμανση_ονοματοθεσίας"
"Είναι δυνατή η τοποθέτηση φωτιζόμενων πινακίδων ονοματοθεσίας στα κεντρικά σημεία της πόλης;", "σήμανση_ονοματοθεσίας"
"Ποια υπηρεσία επιβλέπει τον εργολάβο που τοποθετεί τις πινακίδες ονοματοθεσίας;", "σήμανση_ονοματοθεσίας"
"Η πινακίδα ονοματοθεσίας στη διασταύρωση εμποδίζει την ορατότητα των οδηγών, πρέπει να μετακινηθεί.", "σήμανση_ονοματοθεσίας"
"Χρειάζομαι βεβαίωση ότι η σήμανση ονοματοθεσίας αντιστοιχεί στα επίσημα αρχεία του δήμου.", "σήμανση_ονοματοθεσίας"
"Πόσες πινακίδες ονοματοθεσίας προβλέπεται να τοποθετηθούν ανά οικοδομικό τετράγωνο;", "σήμανση_ονοματοθεσίας"
"Η πινακίδα ονοματοθεσίας στην είσοδο του χωριού έχει καταστραφεί από τις καιρικές συνθήκες.", "σήμανση_ονοματοθεσίας"

"Πού αιτούμαι τοποθέτηση στεγάστρου στη στάση ΟΑΣΑ;","στέγαστρο_οασα"
"Το στέγαστρο στη στάση είναι σπασμένο – πού το δηλώνω;","στέγαστρο_οασα"
"Υπάρχει αρμόδιος φορέας για τα στέγαστρα ΟΑΣΑ στον δήμο;","στέγαστρο_οασα"
"Μπορώ να ζητήσω νέο στέγαστρο στη γειτονιά μου;","στέγαστρο_οασα"
"Πώς γίνεται η συντήρηση στα στέγαστρα στάσεων;","στέγαστρο_οασα"
"Ποια δικαιολογητικά χρειάζονται για αίτηση τοποθέτησης στεγάστρου ΟΑΣΑ;","στέγαστρο_οασα"
"Πόσος χρόνος απαιτείται για την έγκριση και τοποθέτηση στεγάστρου;","στέγαστρο_οασα"
"Μπορώ να αναφέρω ότι ένα στέγαστρο έχει γκράφιτι ή φθορές;","στέγαστρο_οασα"
"Σε ποια υπηρεσία του δήμου απευθύνομαι για ζητήματα στεγάστρων ΟΑΣΑ;","στέγαστρο_οασα"
"Είναι απαραίτητη η αυτοψία για την τοποθέτηση νέου στεγάστρου;","στέγαστρο_οασα"
"Ποιοι άλλοι τρόποι βελτίωσης των στάσεων ΟΑΣΑ υπάρχουν;","στέγαστρο_οασα"
"Χρειάζεται μελέτη σκοπιμότητας για την τοποθέτηση στεγάστρου;","στέγαστρο_οασα"
"Πώς μπορώ να παρακολουθήσω την πορεία της αναφοράς μου για στέγαστρο;","στέγαστρο_οασα"
"Τι γίνεται αν το στέγαστρο στη στάση εμποδίζει την κυκλοφορία πεζών;","στέγαστρο_οασα"
"Πού μπορώ να βρω τους κανονισμούς για την τοποθέτηση και συντήρηση στεγάστρων;","στέγαστρο_οασα"
"Είναι το στέγαστρο ΟΑΣΑ κρίσιμο για την άνεση των επιβατών;","στέγαστρο_οασα"
"Πού μπορώ να βρω τη νομοθεσία για τις στάσεις λεωφορείων;","στέγαστρο_οασα"
"Μπορώ να ζητήσω τοποθέτηση στεγάστρου μέσω ΚΕΠ;","στέγαστρο_οασα"
"Ποιος είναι ο ρόλος του ΟΑΣΑ στη συντήρηση των στεγάστρων;","στέγαστρο_οασα"
"Χρειάζεται έγκριση από το Δημοτικό Συμβούλιο για κάθε νέο στέγαστρο;","στέγαστρο_οασα"
"Πώς μπορώ να επιταχύνω την τοποθέτηση ή αποκατάσταση στεγάστρου;","στέγαστρο_οασα"
"Τι προβλέπεται για πρόστιμα σε περίπτωση βανδαλισμού στεγάστρου ΟΑΣΑ;","στέγαστρο_οασα"
"Πού μπορώ να ζητήσω αντίγραφα αποφάσεων για τοποθέτηση στεγάστρων;","στέγαστρο_οασα"
"Είναι το στέγαστρο απαραίτητο για όλες τις στάσεις ΟΑΣΑ;","στέγαστρο_οασα"
"Πώς μπορώ να δηλώσω ότι ένα στέγαστρο είναι βρώμικο ή κακοσυντηρημένο;","στέγαστρο_οασα"
"Υπάρχουν ειδικές ρυθμίσεις για στέγαστρα σε ιστορικές περιοχές;","στέγαστρο_οασα"
"Πού μπορώ να βρω εγκυκλίους που αφορούν τα στέγαστρα ΟΑΣΑ;","στέγαστρο_οασα"
"Μπορώ να ζητήσω τοποθέτηση στεγάστρου σε στάση που δεν υπάρχει τώρα;","στέγαστρο_οασα"
"Ποια είναι η διαδικασία για την αλλαγή θέσης στεγάστρου;","στέγαστρο_οασα"
"Χρειάζεται απόφαση κυκλοφοριακής επιτροπής για την τοποθέτηση στεγάστρου;","στέγαστρο_οασα"
"Πού μπορώ να βρω συχνές ερωτήσεις για τα στέγαστρα ΟΑΣΑ;","στέγαστρο_οασα"
"Είναι το στέγαστρο καθοριστικό για την προσβασιμότητα ΑμεΑ στις στάσεις;","στέγαστρο_οασα"
"Πώς μπορώ να αντλήσω στοιχεία για προηγούμενες τοποθετήσεις στεγάστρων;","στέγαστρο_οασα"
"Υπάρχει ειδικό καθεστώς για στέγαστρα σε αγροτικές περιοχές;","στέγαστρο_οασα"
"Πού μπορώ να υποβάλω ένσταση για απόρριψη αίτησης στεγάστρου;","στέγαστρο_οασα"
"Τι γίνεται αν η τοποθέτηση στεγάστρου δεν είναι σύμφωνη με τις προδιαγοραφές;","στέγαστρο_οασα"
"Πώς μπορώ να λάβω πληροφορίες για τον τύπο των στεγάστρων που χρησιμοποιούνται;","στέγαστρο_οασα"
"Είναι η ύπαρξη στεγάστρου απαραίτητη για την άδεια λειτουργίας στάσης;","στέγαστρο_οασα"
"Πού μπορώ να βρω αποφάσεις δικαστηρίων για ζητήματα στεγάστρων;","στέγαστρο_οασα"
"Μπορώ να αιτηθώ για στέγαστρο σε στάση που χρησιμοποιούνται και άλλες συγκοινωνίες;","στέγαστρο_οασα"
"Ποια είναι η διαδικασία για την αφαίρεση περιττού στεγάστρου;","στέγαστρο_οασα"
"Χρειάζεται έλεγχος φωτισμού στην περιοχή του στεγάστρου;","στέγαστρο_οασα"
"Πού μπορώ να επικοινωνήσω για νομικές συμβουλές σχετικά με τα στέγαστρα;","στέγαστρο_οασα"
"Είναι το στέγαστρο ΟΑΣΑ το ίδιο με το στέγαστρο parking;","στέγαστρο_οασα"
"Πώς μπορώ να δηλώσω ανάγκη για στέγαστρο σε περίπτωση νέας γραμμής ΟΑΣΑ;","στέγαστρο_οασα"
"Υπάρχουν περιορισμοί στο μέγεθος ή το είδος των στεγάστρων;","στέγαστρο_οασα"
"Πού μπορώ να βρω παλαιούς χάρτες που δείχνουν τις θέσεις των στεγάστρων;","στέγαστρο_οασα"
"Τι γίνεται αν η ανάγκη στεγάστρου αμφισβητείται από τους κατοίκους;","στέγαστρο_οασα"
"Πώς μπορώ να λάβω πληροφορίες για το κόστος τοποθέτησης στεγάστρου;","στέγαστρο_οασα"
"Η στάση του λεωφορείου δεν έχει στέγαστρο και όταν βρέχει βρεχόμαστε.","στέγαστρο_οασα"
"Μπορώ να κάνω μια αναφορά για ένα βανδαλισμένο στέγαστρο στη στάση;","στέγαστρο_οασα"
"Θέλω να ρωτήσω αν μπορεί να μπει ένα καινούριο στέγαστρο στη γειτονιά μου.","στέγαστρο_οασα"
"Χρειάζεται να πληρώσω κάτι για να γίνει η συντήρηση ενός στεγάστρου;","στέγαστρο_οασα"
"Πώς μπορώ να ζητήσω να τοποθετηθεί ένα στέγαστρο σε μια στάση που δεν έχει;","στέγαστρο_οασα"
"Το στέγαστρο έχει γκράφιτι, πού το αναφέρω;","στέγαστρο_οασα"
"Πρέπει να πάρω άδεια από τον ΟΑΣΑ για να βάλω ένα στέγαστρο;","στέγαστρο_οασα"
"Πού μπορώ να βρω το τηλέφωνο του τμήματος που ασχολείται με τα στέγαστρα;","στέγαστρο_οασα"
"Θέλω να δηλώσω ότι η στάση του λεωφορείου δεν έχει στέγαστρο και οι ηλικιωμένοι δυσκολεύονται.","στέγαστρο_οασα"
"Το στέγαστρο έχει χαλάσει και έχει πέσει, χρειάζεται άμεση αποκατάσταση.","στέγαστρο_οασα"
"Μπορώ να ζητήσω μετακίνηση στεγάστρου;","στέγαστρο_οασα"
"Χρειάζεται να υπογράψουμε μια αίτηση για να τοποθετηθεί ένα στέγαστρο;","στέγαστρο_οασα"
"Ποιος είναι ο αρμόδιος για να μου δώσει άδεια για την τοποθέτηση στεγάστρου;","στέγαστρο_οασα"
"Θέλω να κάνω καταγγελία για ένα στέγαστρο που είναι σε κακή κατάσταση.","στέγαστρο_οασα"
"Πρέπει να πληρώσω ένα παράβολο για την αίτηση στεγάστρου;","στέγαστρο_οασα"
"Μπορώ να ζητήσω αντικατάσταση ενός παλιού στεγάστρου;","στέγαστρο_οασα"
"Πώς μπορώ να βρω τους κανονισμούς για τα στέγαστρα;","στέγαστρο_οασα"
"Πού μπορώ να βρω το κόστος για την επισκευή ενός στεγάστρου;","στέγαστρο_οασα"
"Είναι το στέγαστρο απαραίτητο για τους πεζούς;","στέγαστρο_οασα"
"Πού μπορώ να βρω τα στοιχεία επικοινωνίας για τα στέγαστρα;","στέγαστρο_οασα"
"Το στέγαστρο στη στάση λεωφορείου έχει σπασμένα τζάμια και είναι επικίνδυνο.", "στέγαστρο_οασα"
"Πώς μπορώ να ζητήσω την τοποθέτηση στεγάστρου σε μια στάση που δεν έχει κάλυψη;", "στέγαστρο_οασα"
"Η οροφή του στεγάστρου του ΟΑΣΑ στάζει όταν βρέχει, χρειάζεται επισκευή.", "στέγαστρο_οασα"
"Ποιο τμήμα του δήμου επικοινωνεί με τον ΟΑΣΑ για τη συντήρηση των στεγάστρων;", "στέγαστρο_οασα"
"Το παγκάκι μέσα στο στέγαστρο της στάσης έχει ξηλωθεί και πρέπει να φτιαχτεί.", "στέγαστρο_οασα"
"Υπάρχουν γκράφιτι και αφίσες που καλύπτουν το στέγαστρο, παρακαλώ για τον καθαρισμό του.", "στέγαστρο_οασα"
"Το στέγαστρο στη στάση «Πλατεία» έχει πάρει κλίση και φαίνεται έτοιμο να πέσει.", "στέγαστρο_οασα"
"Χρειάζεται φωτισμός στο στέγαστρο της στάσης για την ασφάλεια των επιβατών τη νύχτα.", "στέγαστρο_οασα"
"Πόσο χρόνος απαιτείται για την αντικατάσταση ενός κατεστραμμένου στεγάστρου ΟΑΣΑ;", "στέγαστρο_οασα"
"Το στέγαστρο εμποδίζει τη διέλευση των πεζών στο πεζοδρόμιο, μπορεί να μετακινηθεί;", "στέγαστρο_οασα"
"Μπορεί ο δήμος να τοποθετήσει μεγαλύτερο στέγαστρο σε στάση με μεγάλη επιβατική κίνηση;", "στέγαστρο_οασα"
"Υπάρχουν σπασμένα μέταλλα στο στέγαστρο που προεξέχουν και μπορεί να τραυματιστεί κάποιος.", "στέγαστρο_οασα"
"Ποια είναι η διαδικασία για τη μεταφορά ενός στεγάστρου λόγω έργων οδοποιίας;", "στέγαστρο_οασα"
"Το στέγαστρο του ΟΑΣΑ έχει γεμίσει σκουπίδια, χρειάζεται τακτικότερο καθαρισμό.", "στέγαστρο_οασα"
"Χρειάζεται τοποθέτηση προστατευτικού πλαισίου στο πλάι του στεγάστρου για τον αέρα.", "στέγαστρο_οασα"
"Πού υποβάλλεται το αίτημα για την εγκατάσταση ψηφιακής οθόνης τηλεματικής στο στέγαστρο;", "στέγαστρο_οασα"
"Το στέγαστρο στη στάση του σχολείου είναι πολύ παλιό και χρειάζεται αντικατάσταση.", "στέγαστρο_οασα"
"Είναι δυνατή η τοποθέτηση διαφημιστικών πλαισίων στα στέγαστρα των λεωφορείων;", "στέγαστρο_οασα"
"Η πινακίδα με τις γραμμές των λεωφορείων μέσα στο στέγαστρο είναι δυσανάγνωστη.", "στέγαστρο_οασα"
"Ποιος εργολάβος έχει αναλάβει τον καθαρισμό των στεγάστρων στην περιοχή μας;", "στέγαστρο_οασα"
"Το στέγαστρο έχει τοποθετηθεί σε σημείο που μαζεύει νερά και δεν μπορείς να σταθείς.", "στέγαστρο_οασα"
"Υπάρχει κίνδυνος πτώσης του στεγάστρου λόγω διάβρωσης στη βάση του.", "στέγαστρο_οασα"
"Θέλω να αναφέρω καταστροφή στεγάστρου από τροχαίο ατύχημα που συνέβη χθες.", "στέγαστρο_οασα"
"Μπορεί να τοποθετηθεί στέγαστρο με φωτοβολταϊκά πάνελ για την αυτονομία του φωτισμού;", "στέγαστρο_οασα"
"Το στέγαστρο στη στάση «Νοσοκομείο» δεν επαρκεί για τον κόσμο που περιμένει.", "στέγαστρο_οασα"
"Ποια δικαιολογητικά απαιτούνται για να εγκριθεί η τοποθέτηση στεγάστρου σε νέα στάση;", "στέγαστρο_οασα"
"Το χρώμα στο στέγαστρο έχει ξεφλουδίσει και η εικόνα του είναι αποκαρδιωτική.", "στέγαστρο_οασα"
"Χρειάζεται έλεγχος στατικότητας σε όλα τα στέγαστρα του ΟΑΣΑ στον δήμο μας.", "στέγαστρο_οασα"
"Η πρόσβαση στο στέγαστρο είναι δύσκολη για αναπηρικά αμαξίδια, χρειάζεται διόρθωση.", "στέγαστρο_οασα"
"Πώς μπορώ να μάθω αν η στάση μου προβλέπεται να αποκτήσει στέγαστρο φέτος;", "στέγαστρο_οασα"
"Το στέγαστρο έχει γεμίσει αφίσες που εμποδίζουν την ορατότητα προς τον δρόμο.", "στέγαστρο_οασα"

"Πού καταθέτω αίτηση για κατασκευή νέου πεζοδρομίου;","πεζοδρόμιο"
"Το πεζοδρόμιο μπροστά στο σπίτι μου χρειάζεται επισκευή.","πεζοδρόμιο"
"Γίνεται η διαδικασία συντήρησης πεζοδρομίου ψηφιακά;","πεζοδρόμιο"
"Ποιος φροντίζει για τα κατεστραμμένα πεζοδρόμια;","πεζοδρόμιο"
"Θέλω να αναφέρω εμπόδιο σε δημόσιο πεζοδρόμιο.","πεζοδρόμιο"
"Ποια δικαιολογητικά χρειάζονται για αίτηση κατασκευής πεζοδρομίου;","πεζοδρόμιο"
"Πόσος χρόνος απαιτείται για την έγκριση και υλοποίηση επισκευής πεζοδρομίου;","πεζοδρόμιο"
"Μπορώ να αναφέρω λακκούβες ή ανωμαλίες σε πεζοδρόμιο;","πεζοδρόμιο"
"Σε ποια υπηρεσία του δήμου απευθύνομαι για ζητήματα πεζοδρομίων;","πεζοδρόμιο"
"Είναι απαραίτητη η αυτοψία για την εκτίμηση της κατάστασης του πεζοδρομίου;","πεζοδρόμιο"
"Ποιοι άλλοι τρόποι βελτίωσης της προσβασιμότητας πεζοδρομίων υπάρχουν;","πεζοδρόμιο"
"Χρειάζεται τεχνική μελέτη για την κατασκευή νέου πεζοδρομίου;","πεζοδρόμιο"
"Πώς μπορώ να παρακολουθήσω την πορεία της αναφοράς μου για πεζοδρόμιο;","πεζοδρόμιο"
"Τι γίνεται αν το πεζοδρόμιο μπροστά στην ιδιοκτησία μου είναι ακατάλληλο;","πεζοδρόμιο"
"Πού μπορώ να βρω τους κανονισμούς για την κατασκευή και συντήρηση πεζοδρομίων;","πεζοδρόμιο"
"Είναι η κατασκευή πεζοδρομίου ευθύνη του ιδιοκτήτη ή του δήμου;","πεζοδρόμιο"
"Πού μπορώ να βρω τη νομοθεσία για τα πεζοδρόμια;","πεζοδρόμιο"
"Μπορώ να ζητήσω συντήρηση πεζοδρομίου μέσω ΚΕΠ;","πεζοδρόμιο"
"Ποιος είναι ο ρόλος των πολιτών στη διατήρηση των πεζοδρομίων;","πεζοδρόμιο"
"Χρειάζεται έγκριση από το Δημοτικό Συμβούλιο για μεγάλα έργα πεζοδρομίων;","πεζοδρόμιο"
"Πώς μπορώ να επιταχύνω την επισκευή ή κατασκευή ενός πεζοδρομίου;","πεζοδρόμιο"
"Τι προβλέπεται για πρόστιμα σε περίπτωση κατάληψης ή φθοράς πεζοδρομίου;","πεζοδρόμιο"
"Πού μπορώ να ζητήσω αντίγραφα μελετών για έργα πεζοδρομίων;","πεζοδρόμιο"
"Είναι η προσβασιμότητα των πεζοδρομίων απαραίτητη για ΑμεΑ;","πεζοδρόμιο"
"Πώς μπορώ να δηλώσω βανδαλισμό σε πεζοδρόμιο;","πεζοδρόμιο"
"Υπάρχουν ειδικές ρυθμίσεις για πεζοδρόμια σε ιστορικά κέντρα;","πεζοδρόμιο"
"Πού μπορώ να βρω εγκυκλίους που αφορούν τα πεζοδρόμια;","πεζοδρόμιο"
"Μπορώ να ζητήσω τοποθέτηση ραμπών σε πεζοδρόμια;","πεζοδρόμιο"
"Ποια είναι η διαδικασία για την παροχή σκίασης σε πεζοδρόμια;","πεζοδρόμιο"
"Χρειάζεται απόφαση κυκλοφοριακής επιτροπής για αλλαγές σε πεζοδρόμια;","πεζοδρόμιο"
"Πού μπορώ να βρω συχνές ερωτήσεις για τα πεζοδρόμια;","πεζοδρόμιο"
"Είναι η καθαριότητα πεζοδρομίων καθοριστική για τη δημόσια υγεία;","πεζοδρόμιο"
"Πώς μπορώ να αντλήσω στοιχεία για προηγούμενες επιδιορθώσεις πεζοδρομίων;","πεζοδρόμιο"
"Υπάρχει ειδικό καθεστώς για πεζοδρόμια σε εμπορικούς δρόμους;","πεζοδρόμιο"
"Πού μπορώ να υποβάλω ένσταση για απόρριψη αίτησης βελτίωσης πεζοδρομίου;","πεζοδρόμιο"
"Τι γίνεται αν η επιδιόρθωση πεζοδρομίου δεν είναι σύμφωνη με τις προδιαγραφές;","πεζοδρόμιο"
"Πώς μπορώ να λάβω πληροφορίες για τον τύπο των υλικών που χρησιμοποιούνται σε πεζοδρόμια;","πεζοδρόμιο"
"Είναι η ύπαρξη πεζοδρομίου απαραίτητη για την άδεια λειτουργίας καταστήματος;","πεζοδρόμιο"
"Πού μπορώ να βρω αποφάσεις δικαστηρίων για ζητήματα ασφάλειας πεζοδρομίων;","πεζοδρόμιο"
"Μπορώ να αιτηθώ για κατασκευή πεζοδρομίου σε αγροτική οδό;","πεζοδρόμιο"
"Ποια είναι η διαδικασία για την αφαίρεση επικίνδυνων εμποδίων από πεζοδρόμιο;","πεζοδρόμιο"
"Χρειάζεται έλεγχος φωτισμού σε πεζοδρόμια;","πεζοδρόμιο"
"Πού μπορώ να επικοινωνήσω για νομικές συμβουλές σχετικά με τα πεζοδρόμια;","πεζοδρόμιο"
"Το πεζοδρόμιο μπροστά απο το σπίτι μου είναι χάλια","πεζοδρόμιο"
"Πώς μπορώ να δηλώσω ανάγκη για πεζοδρόμιο σε περίπτωση νέας οικιστικής ανάπτυξης;","πεζοδρόμιο"
"Υπάρχουν περιορισμοί στο πλάτος ή το ύψος των πεζοδρομίων;","πεζοδρόμιο"
"Πού μπορώ να βρω παλαιούς χάρτες που δείχνουν την κατάσταση των πεζοδρομίων;","πεζοδρόμιο"
"Τι γίνεται αν η ανάγκη επισκευής πεζοδρομίου αμφισβητείται από τους κατοίκους;","πεζοδρόμιο"
"Πώς μπορώ να λάβω πληροφορίες για το κόστος κατασκευής ή συντήρησης πεζοδρομίου;","πεζοδρόμιο"
"Έχει χαλάσει το πεζοδρόμιο από τις ρίζες ενός δέντρου, τι πρέπει να κάνω;","πεζοδρόμιο"
"Το πεζοδρόμιο μπροστά στο κατάστημά μου έχει λακκούβες, πώς μπορώ να ζητήσω επιδιόρθωση;","πεζοδρόμιο"
"Πρέπει να καταθέσω κάποιο έγγραφο για να κάνω αίτηση για κατασκευή πεζοδρομίου;","πεζοδρόμιο"
"Ποιος είναι ο αρμόδιος για να ελέγξει αν το πεζοδρόμιο είναι προσβάσιμο για ΑμεΑ;","πεζοδρόμιο"
"Θέλω να δηλώσω ένα εμπόδιο στο πεζοδρόμιο, πού μπορώ να το αναφέρω;","πεζοδρόμιο"
"Ο δήμος είναι υπεύθυνος για να φτιάξει το πεζοδρόμιο της γειτονιάς μας;","πεζοδρόμιο"
"Πώς μπορώ να ζητήσω να τοποθετηθεί μια ράμπα σε ένα πεζοδρόμιο;","πεζοδρόμιο"
"Χρειάζεται να πληρώσω κάτι για την επισκευή ενός πεζοδρομίου;","πεζοδρόμιο"
"Το πεζοδρόμιο έχει καταστραφεί από έργα, πότε θα το φτιάξουν;","πεζοδρόμιο"
"Πώς μπορώ να βρω τους κανονισμούς για το πλάτος των πεζοδρομίων;","πεζοδρόμιο"
"Θέλω να κάνω μια αναφορά για ένα πεζοδρόμιο που είναι σε κακή κατάσταση.","πεζοδρόμιο"
"Πρέπει να πάρω άδεια για να κάνω μια επισκευή στο πεζοδρόμιο;","πεζοδρόμιο"
"Ποιος είναι ο αρμόδιος για να μου δώσει άδεια για κατασκευή πεζοδρομίου;","πεζοδρόμιο"
"Θέλω να κάνω καταγγελία για έναν πεζόδρομο που έχει γίνει χώρος στάθμευσης.","πεζοδρόμιο"
"Πρέπει να πληρώσω ένα παράβολο για την αίτηση πεζοδρομίου;","πεζοδρόμιο"
"Μπορώ να ζητήσω αντικατάσταση των πλακών στο πεζοδρόμιο;","πεζοδρόμιο"
"Πώς μπορώ να βρω τους παλιούς κανονισμούς για τα πεζοδρόμια;","πεζοδρόμιο"
"Πού μπορώ να βρω το τηλέφωνο του τμήματος που ασχολείται με τα πεζοδρόμια;","πεζοδρόμιο"
"Το πεζοδρόμιο είναι πολύ στενό και δεν χωράει καρότσι – μπορώ να ζητήσω διεύρυνση;","πεζοδρόμιο"
"Οι πλάκες του πεζοδρομίου έχουν ξεκολλήσει και υπάρχει κίνδυνος να σκοντάψει κάποιος.", "πεζοδρόμιο"
"Ποια είναι η διαδικασία για να ζητήσω την επισκευή του πεζοδρομίου έξω από το σπίτι μου;", "πεζοδρόμιο"
"Οι ρίζες των δέντρων έχουν σηκώσει το πεζοδρόμιο και είναι αδύνατη η διέλευση.", "πεζοδρόμιο"
"Χρειάζεται να κατασκευαστεί πεζοδρόμιο σε δρόμο που οι πεζοί αναγκάζονται να περπατούν στην άσφαλτο.", "πεζοδρόμιο"
"Πώς μπορώ να καταγγείλω την παράνομη επέκταση πεζοδρομίου από ιδιώτη;", "πεζοδρόμιο"
"Υπάρχουν σπασμένα μάρμαρα στο πεζοδρόμιο της κεντρικής πλατείας που γλιστρούν.", "πεζοδρόμιο"
"Ποιο τμήμα του δήμου είναι αρμόδιο για τη συντήρηση και την πλακόστρωση των πεζοδρομίων;", "πεζοδρόμιο"
"Το πεζοδρόμιο έχει υποστεί καθίζηση μετά από πρόσφατα έργα υποδομής.", "πεζοδρόμιο"
"Χρειάζομαι άδεια για να επισκευάσω με δικά μου έξοδα το πεζοδρόμιο μπροστά από την είσοδό μου.", "πεζοδρόμιο"
"Ποιος είναι ο κανονισμός του δήμου για το ελάχιστο πλάτος των πεζοδρομίων;", "πεζοδρόμιο"
"Η πρόσβαση στο πεζοδρόμιο είναι αδύνατη για καροτσάκια λόγω έλλειψης ραμπών.", "πεζοδρόμιο"
"Το πεζοδρόμιο έχει γεμίσει με τρύπες και λιμνάζουν νερά κάθε φορά που βρέχει.", "πεζοδρόμιο"
"Πώς μπορώ να ζητήσω την τοποθέτηση προστατευτικών εμποδίων (κολωνάκια) στο πεζοδρόμιο;", "πεζοδρόμιο"
"Υπάρχει κίνδυνος ατυχήματος επειδή το πεζοδρόμιο είναι πολύ στενό και σπασμένο.", "πεζοδρόμιο"
"Πότε προβλέπεται να γίνει η ανάπλαση των πεζοδρομίων στη δική μας γειτονιά;", "πεζοδρόμιο"
"Θέλω να αναφέρω ότι το πεζοδρόμιο έχει κλείσει από μπάζα που παραμένουν εκεί μέρες.", "πεζοδρόμιο"
"Ποιο είναι το κόστος των τελών για την κατασκευή πεζοδρομίου από τον δήμο;", "πεζοδρόμιο"
"Το πεζοδρόμιο μπροστά από το σχολείο χρειάζεται άμεση αποκατάσταση για την ασφάλεια των παιδιών.", "πεζοδρόμιο"
"Μπορώ να ζητήσω τη διαπλάτυνση του πεζοδρομίου για τη διευκόλυνση των πεζών;", "πεζοδρόμιο"
"Οι πλάκες όδευσης τυφλών έχουν καταστραφεί και πρέπει να αντικατασταθούν.", "πεζοδρόμιο"
"Χρειάζεται καθαρισμός του πεζοδρομίου από λάδια και ακαθαρσίες που το καθιστούν επικίνδυνο.", "πεζοδρόμιο"
"Πού υποβάλλεται η αίτηση για την αφαίρεση παλαιών μεταλλικών στύλων από το πεζοδρόμιο;", "πεζοδρόμιο"
"Το πεζοδρόμιο έχει καταληφθεί από φυτά που προεξέχουν από ιδιωτική αυλή.", "πεζοδρόμιο"
"Πώς μπορώ να ενημερωθώ για την εξέλιξη της εργολαβίας επισκευής πεζοδρομίων;", "πεζοδρόμιο"
"Η κλίση του πεζοδρομίου είναι λάθος και τα νερά μπαίνουν μέσα στην πιλοτή.", "πεζοδρόμιο"
"Είναι δυνατή η χρήση κυβόλιθων αντί για πλάκες στη νέα κατασκευή του πεζοδρομίου;", "πεζοδρόμιο"
"Το πεζοδρόμιο έχει σπάσει από βαρέα οχήματα που σταθμεύουν παράνομα πάνω του.", "πεζοδρόμιο"
"Ποια υπηρεσία επιβλέπει την ποιότητα των υλικών που χρησιμοποιούνται στα πεζοδρόμια;", "πεζοδρόμιο"
"Χρειάζεται να μπει ειδικό αντιολισθητικό υλικό στο πεζοδρόμιο με τη μεγάλη κλίση.", "πεζοδρόμιο"
"Ποιος φέρει την ευθύνη αν τραυματιστεί κάποιος σε σπασμένο πεζοδρόμιο του δήμου;", "πεζοδρόμιο"
"Μπορώ να φυτέψω δέντρο στο πεζοδρόμιο μπροστά από το σπίτι μου ή χρειάζομαι άδεια;", "πεζοδρόμιο"
"Το πεζοδρόμιο στην είσοδο του πάρκου έχει καταστραφεί εντελώς και χρειάζεται ξήλωμα.", "πεζοδρόμιο"

"Πού δηλώνω ότι χρειάζεται καθαρισμός φρεατίου;","καθαρισμός_φρεατίου"
"Μπορώ να αιτηθώ καθαρισμό φρεατίων στη γειτονιά;","καθαρισμός_φρεατίου"
"Υπάρχει αίτηση για καθαρισμό φρεατίου στον δήμο;","καθαρισμός_φρεατίου"
"Το φρεάτιο έξω από το σπίτι μου θέλει άδειασμα.","καθαρισμός_φρεατίου"
"Σε ποιο τμήμα απευθύνομαι για φρεάτια;","καθαρισμός_φρεατίου"
"Πώς γίνεται ο καθαρισμός φρεατίων στον δήμο;","καθαρισμός_φρεατίου"
"Θέλω να κάνω παράπονο για φραγμένο φρεάτιο.","καθαρισμός_φρεατίου"
"Ποιος είναι υπεύθυνος για τον καθαρισμό των φρεατίων;","καθαρισμός_φρεατίου"
"Υπάρχει πρόγραμμα τακτικού καθαρισμού φρεατίων;","καθαρισμός_φρεατίου"
"Έχει γεμίσει νερά ο δρόμος μου μάλλον από φραγμένο φρεάτιο","καθαρισμός_φρεατίου"
"Έχει βουλώσει το φρεάτιο στο δρόμο μου τι κάνω;","καθαρισμός_φρεατίου"
"Το φρεάτιο στη γωνία στάζει και χρειάζεται καθάρισμα.","καθαρισμός_φρεατίου"
"Υπάρχει βουλωμένο φρεάτιο στην οδό Κολοκοτρώνη.","καθαρισμός_φρεατίου"
"Σε ποιον να αναφέρω φρεάτιο που ξεχειλίζει;","καθαρισμός_φρεατίου"
"Μπορεί να σταλεί συνεργείο να καθαρίσει τα φρεάτια της περιοχής;","καθαρισμός_φρεατίου"
"Το φρεάτιο είναι γεμάτο σκουπίδια και δεν απορροφά το νερό.","καθαρισμός_φρεατίου"
"Μετά τη βροχή, το φρεάτιο δεν λειτουργεί σωστά.","καθαρισμός_φρεατίου"
"Χρειάζεται επειγόντως καθαρισμός σε φρεάτιο μπροστά στο σχολείο.","καθαρισμός_φρεατίου"
"Πού μπορώ να κάνω καταγγελία για βουλωμένο φρεάτιο;","καθαρισμός_φρεατίου"
"Υπάρχει φόρμα στο site του δήμου για καθαρισμό φρεατίου;","καθαρισμός_φρεατίου"
"Θα ήθελα να δηλώσω φρεάτιο που έχει φράξει από φύλλα και χώματα.","καθαρισμός_φρεατίου"
"Γίνεται να γίνει έλεγχος στα φρεάτια της οδού Βενιζέλου;","καθαρισμός_φρεατίου"
"Το φρεάτιο μπροστά από το γκαράζ μου δεν αποστραγγίζει το νερό.","καθαρισμός_φρεατίου"
"Μπορεί ο δήμος να καθαρίσει προληπτικά τα φρεάτια ενόψει κακοκαιρίας;","καθαρισμός_φρεατίου"
"Θα ήθελα να ενημερώσω για συχνή συγκέντρωση νερού γύρω από φρεάτιο.","καθαρισμός_φρεατίου"
"Στην πλατεία υπάρχει φρεάτιο που έχει βουλώσει και μυρίζει άσχημα.","καθαρισμός_φρεατίου"
"Χρειάζομαι βοήθεια για απομάκρυνση φερτών υλικών από φρεάτιο.","καθαρισμός_φρεατίου"
"Υπάρχει επικίνδυνη συσσώρευση νερού λόγω φραγμένου φρεατίου στη διασταύρωση.","καθαρισμός_φρεατίου"
"Ποια υπηρεσία αναλαμβάνει τον καθαρισμό των φρεατίων στο Κορωπί;","καθαρισμός_φρεατίου"
"Πότε προβλέπεται να καθαριστούν τα φρεάτια στην περιοχή μας;","καθαρισμός_φρεατίου"
"Θα ήθελα να ζητήσω επιθεώρηση φρεατίων στην περιοχή μου.","καθαρισμός_φρεατίου"
"Το φρεάτιο κοντά στη στάση λεωφορείου είναι βουλωμένο.","καθαρισμός_φρεατίου"
"Μπορεί να γίνει καθαρισμός φρεατίων πριν την επόμενη καταιγίδα;","καθαρισμός_φρεατίου"
"Υπάρχει βουλωμένο φρεάτιο μπροστά από το δημαρχείο.","καθαρισμός_φρεατίου"
"Ποιο είναι το τηλέφωνο για άμεση αναφορά φραγμένου φρεατίου;","καθαρισμός_φρεατίου"
"Πού μπορώ να δηλώσω πρόβλημα με φρεάτιο μέσω κινητού;","καθαρισμός_φρεατίου"
"Το φρεάτιο στην παιδική χαρά έχει γεμίσει με νερό και δεν φεύγει.","καθαρισμός_φρεατίου"
"Θα ήθελα ενημέρωση για τις ημερομηνίες καθαρισμού φρεατίων.","καθαρισμός_φρεατίου"
"Το φρεάτιο στο πεζοδρόμιο μπλοκάρει και δημιουργεί πλημμύρες.","καθαρισμός_φρεατίου"
"Υπάρχει λάσπη και φύλλα μέσα στο φρεάτιο και έχει βουλώσει.","καθαρισμός_φρεατίου"
"Ποια είναι η διαδικασία για να δηλώσω ανάγκη καθαρισμού φρεατίου;","καθαρισμός_φρεατίου"
"Το φρεάτιο στην είσοδο της πολυκατοικίας στάζει λάσπη στο δρόμο.","καθαρισμός_φρεατίου"
"Χρειάζεται τακτικός έλεγχος στα φρεάτια μετά τις πρόσφατες πλημμύρες.","καθαρισμός_φρεατίου"
"Το φρεάτιο στη διασταύρωση με τη Μ. Αλεξάνδρου είναι φραγμένο εδώ και μέρες.","καθαρισμός_φρεατίου"
"Υπάρχει τρόπος να δηλώσω το φραγμένο φρεάτιο ηλεκτρονικά;","καθαρισμός_φρεατίου"
"Η ροή νερού στον δρόμο εμποδίζεται από γεμάτο φρεάτιο.","καθαρισμός_φρεατίου"
"Θα ήθελα να ζητήσω καθαρισμό φρεατίων για πρόληψη πλημμυρών.","καθαρισμός_φρεατίου"
"Το φρεάτιο έχει φράξει από μπάζα και σκουπίδια – χρειάζεται καθαρισμός.","καθαρισμός_φρεατίου"
"Ποιο είναι το e-mail για αναφορά προβλήματος με φρεάτιο;","καθαρισμός_φρεατίου"
"Μπορεί ο δήμος να στείλει συνεργείο για απόφραξη φρεατίου που μυρίζει;","καθαρισμός_φρεατίου"
"Το φρεάτιο της περιοχής έχει βουλώσει και φοβάμαι ότι θα πλημμυρίσει το υπόγειο.","καθαρισμός_φρεατίου"
"Χρειάζεται καθαρισμός στο φρεάτιο της γειτονιάς, γιατί βρωμάει πάρα πολύ.","καθαρισμός_φρεατίου"
"Ο δρόμος έχει γίνει ποτάμι μετά την βροχή γιατί τα φρεάτια είναι βουλωμένα.","καθαρισμός_φρεατίου"
"Έχει σπάσει το καπάκι του φρεατίου στην οδό Ποσειδώνος.","καθαρισμός_φρεατίου"
"Πού μπορώ να κάνω μια αναφορά για ένα φρεάτιο που είναι φραγμένο;","καθαρισμός_φρεατίου"
"Το φρεάτιο στον κεντρικό δρόμο έχει γεμίσει με φύλλα και σκουπίδια.","καθαρισμός_φρεατίου"
"Θα ήθελα να ενημερωθώ για το πλάνο καθαρισμού φρεατίων για φέτος.","καθαρισμός_φρεατίου"
"Η περιοχή μας έχει ιστορικό πλημμυρών, γι’ αυτό θέλω να καθαριστούν τα φρεάτια.","καθαρισμός_φρεατίου"
"Έχω παρατηρήσει ότι το φρεάτιο της γειτονιάς δεν αποστραγγίζει καλά, πού το αναφέρω;","καθαρισμός_φρεατίου"
"Στο πεζοδρόμιο υπάρχει ένα φρεάτιο που έχει σηκωθεί και είναι επικίνδυνο.","καθαρισμός_φρεατίου"
"Πρέπει να καθαριστεί το φρεάτιο του δρόμου γιατί έχει μαζευτεί πολύ βρωμιά.","καθαρισμός_φρεατίου"
"Θέλω να υποβάλω αίτημα για καθαρισμό φρεατίου, γιατί ο δρόμος μας γεμίζει νερά.","καθαρισμός_φρεατίου"
"Το φρεάτιο μπροστά από την είσοδο του σπιτιού μου είναι βουλωμένο, μπορείτε να στείλετε κάποιον;","καθαρισμός_φρεατίου"
"Ο δρόμος είναι γεμάτος νερά και η δυσοσμία είναι αφόρητη.","καθαρισμός_φρεατίου"
"Χρειάζεται άμεσα καθαρισμός στο φρεάτιο της γωνίας για να μην γίνει ατύχημα.","καθαρισμός_φρεατίου"
"Πότε θα έρθει ο δήμος να καθαρίσει τα φρεάτια στην οδό Δημοσθένους;","καθαρισμός_φρεατίου"
"Η ροή του νερού στο δρόμο έχει σταματήσει λόγω βουλωμένου φρεατίου.","καθαρισμός_φρεατίου"
"Θα ήθελα να αναφέρω ένα φρεάτιο που έχει καπάκι με τρύπα.","καθαρισμός_φρεατίου"
"Ποιος είναι ο αρμόδιος για τον έλεγχο της λειτουργίας των φρεατίων;","καθαρισμός_φρεατίου"
"Είναι τα φρεάτια καθαρισμένα πριν από κάθε χειμώνα;","καθαρισμός_φρεατίου"
"Το φρεάτιο στον δρόμο έχει σπάσει και έχει γίνει επικίνδυνο.","καθαρισμός_φρεατίου"
"Το φρεάτιο μπροστά από το σπίτι μου έχει βουλώσει από ξερά φύλλα και χώματα.", "καθαρισμός_φρεατίου"
"Πότε είναι προγραμματισμένος ο καθαρισμός των φρεατίων της γειτονιάς μας;", "καθαρισμός_φρεατίου"
"Το φρεάτιο στην οδό αναδύει πολύ άσχημη μυρωδιά, χρειάζεται άμεσο καθαρισμό.", "καθαρισμός_φρεατίου"
"Με την πρώτη βροχή ο δρόμος πλημμυρίζει επειδή τα φρεάτια είναι βουλωμένα.", "καθαρισμός_φρεατίου"
"Ποιο τμήμα του δήμου είναι αρμόδιο για τον καθαρισμό των σχαρών ομβρίων υδάτων;", "καθαρισμός_φρεατίου"
"Χρειάζεται να έρθει συνεργείο να ξεβουλώσει το φρεάτιο στη διασταύρωση.", "καθαρισμός_φρεατίου"
"Η σχάρα του φρεατίου έχει καλυφθεί από μπάζα και το νερό δεν απορροφάται.", "καθαρισμός_φρεατίου"
"Υπάρχουν λιμνάζοντα νερά πάνω από το φρεάτιο, προφανώς έχει φράξει εσωτερικά.", "καθαρισμός_φρεατίου"
"Πώς μπορώ να κάνω αίτηση για προληπτικό καθαρισμό φρεατίων πριν το χειμώνα;", "καθαρισμός_φρεατίου"
"Το φρεάτιο έχει γεμίσει σκουπίδια και πλαστικά, παρακαλώ για τον καθαρισμό του.", "καθαρισμός_φρεατίου"
"Θέλω να αναφέρω ένα φραγμένο φρεάτιο που προκαλεί προβλήματα στο οδόστρωμα.", "καθαρισμός_φρεατίου"
"Ποια υπηρεσία επιβλέπει τον καθαρισμό των φρεατίων από τους εργολάβους;", "καθαρισμός_φρεατίου"
"Το φρεάτιο ομβρίων έχει βουλώσει από ρίζες δέντρων και χρειάζεται ειδικό μηχάνημα.", "καθαρισμός_φρεατίου"
"Κάθε φορά που βρέχει, το νερό βγαίνει έξω από το φρεάτιο αντί να μπαίνει μέσα.", "καθαρισμός_φρεατίου"
"Χρειάζεται καθαρισμός και απολύμανση στα φρεάτια λόγω έντονης δυσοσμίας.", "καθαρισμός_φρεατίου"
"Πόσο συχνά περνάνε τα συνεργεία για τον καθαρισμό των φρεατίων στον δήμο μας;", "καθαρισμός_φρεατίου"
"Το φρεάτιο στη γωνία του σχολείου είναι βουλωμένο και τα παιδιά δεν μπορούν να περάσουν.", "καθαρισμός_φρεατίου"
"Μπορεί ο δήμος να καθαρίσει το φρεάτιο που βρίσκεται σε πεζόδρομο;", "καθαρισμός_φρεατίου"
"Υπάρχει κίνδυνος πλημμύρας στο υπόγειό μου επειδή το κεντρικό φρεάτιο είναι φραγμένο.", "καθαρισμός_φρεατίου"
"Πού μπορώ να καλέσω για επείγουσα απόφραξη φρεατίου κατά τη διάρκεια βροχόπτωσης;", "καθαρισμός_φρεατίου"
"Το συνεργείο καθαρισμού πέρασε από τη διπλανή οδό αλλά παρέλειψε το δικό μας φρεάτιο.", "καθαρισμός_φρεατίου"
"Η σχάρα του φρεατίου είναι γεμάτη τσιμέντο από πρόσφατες οικοδομικές εργασίες.", "καθαρισμός_φρεατίου"
"Χρειάζεται να γίνει έλεγχος στον αγωγό που συνδέεται με το φρεάτιο γιατί μάλλον έχει σπάσει.", "καθαρισμός_φρεατίου"
"Πώς μπορώ να ενημερωθώ για την ολοκλήρωση των εργασιών καθαρισμού φρεατίων;", "καθαρισμός_φρεατίου"
"Το φρεάτιο έχει φράξει από λίπη και λάδια που ρίχνουν παράνομα από παρακείμενο κατάστημα.", "καθαρισμός_φρεατίου"
"Ποιο είναι το τηλέφωνο της τεχνικής υπηρεσίας για αναφορά βουλωμένων φρεατίων;", "καθαρισμός_φρεατίου"
"Χρειάζεται να αφαιρεθούν τα χώματα από το εσωτερικό του φρεατίου για να έχει βάθος.", "καθαρισμός_φρεατίου"
"Το φρεάτιο στη μέση του δρόμου έχει βουλώσει και τα αυτοκίνητα πετάνε νερά στους πεζούς.", "καθαρισμός_φρεατίου"
"Υπάρχει πρόγραμμα καθαρισμού φρεατίων ειδικά για τις περιοχές με μεγάλη κλίση;", "καθαρισμός_φρεατίου"

"Έχασα την βεβαίωση που μου δώσατε για την άδεια του καταστήματος, πώς μπορώ να πάρω αντίγραφο;","αίτηση_χορήγησης_αντιγράφου_ήδη_χορηγηθείσας_βεβαίωσης"
"Χρειάζομαι ένα ακόμα αντίγραφο της βεβαίωσης για την κατάληψη του πεζοδρομίου, πού το ζητάω;","αίτηση_χορήγησης_αντιγράφου_ήδη_χορηγηθείσας_βεβαίωσης"
"Μπορώ να αιτηθώ ηλεκτρονικά για αντίγραφο της βεβαίωσης που είχα πάρει πέρυσι;","αίτηση_χορήγησης_αντιγράφου_ήδη_χορηγηθείσας_βεβαίωσης"
"Ποια είναι η διαδικασία για να μου ξαναδώσετε την βεβαίωση μόνιμης κατοικίας;","αίτηση_χορήγησης_αντιγράφου_ήδη_χορηγηθείσας_βεβαίωσης"
"Η τράπεζα μου ζητάει πρόσφατο αντίγραφο της βεβαίωσης από τον δήμο, πώς το βγάζω;","αίτηση_χορήγησης_αντιγράφου_ήδη_χορηγηθείσας_βεβαίωσης"
"Πόσο κοστίζει η επανέκδοση μιας βεβαίωσης που έχει ήδη χορηγηθεί;","αίτηση_χορήγησης_αντιγράφου_ήδη_χορηγηθείσας_βεβαίωσης"
"Μπορεί να παραλάβει άλλος αντί για εμένα το αντίγραφο της βεβαίωσης;","αίτηση_χορήγησης_αντιγράφου_ήδη_χορηγηθείσας_βεβαίωσης"
"Τι δικαιολογητικά χρειάζονται για να πάρω αντίγραφο παλιάς βεβαίωσης;","αίτηση_χορήγησης_αντιγράφου_ήδη_χορηγηθείσας_βεβαίωσης"
"Σε πόσες μέρες βγαίνει το αντίγραφο μιας βεβαίωσης που ζήτησα;","αίτηση_χορήγησης_αντιγράφου_ήδη_χορηγηθείσας_βεβαίωσης"
"Έχω τον αριθμό πρωτοκόλλου της παλιάς βεβαίωσης, βοηθάει για να πάρω αντίγραφο;","αίτηση_χορήγησης_αντιγράφου_ήδη_χορηγηθείσας_βεβαίωσης"
"Πού μπορώ να υποβάλω αίτηση για δεύτερο αντίγραφο της βεβαίωσης οικογενειακής κατάστασης;","αίτηση_χορήγησης_αντιγράφου_ήδη_χορηγηθείσας_βεβαίωσης"
"Χρειάζομαι αντίγραφο της άδειας λειτουργίας που έχω ήδη, πώς το αποκτώ;","αίτηση_χορήγησης_αντιγράφου_ήδη_χορηγηθείσας_βεβαίωσης"
"Είναι δυνατή η επανέκδοση βεβαίωσης πλησιέστερων συγγενών online;","αίτηση_χορήγησης_αντιγράφου_ήδη_χορηγηθείσας_βεβαίωσης"
"Ποια υπηρεσία είναι αρμόδια για αντίγραφα βεβαιώσεων που έχουν εκδοθεί;","αίτηση_χορήγησης_αντιγράφου_ήδη_χορηγηθείσας_βεβαίωσης"
"Τι κάνω αν δεν θυμάμαι τον αριθμό πρωτοκόλλου της βεβαίωσης;","αίτηση_χορήγησης_αντιγράφου_ήδη_χορηγηθείσας_βεβαίωσης"
"Μπορώ να ζητήσω αντίγραφο βεβαίωσης για ακίνητο εκτός σχεδίου;","αίτηση_χορήγησης_αντιγράφου_ήδη_χορηγηθείσας_βεβαίωσης"
"Υπάρχει συγκεκριμένη αίτηση για χορήγηση αντιγράφου;","αίτηση_χορήγησης_αντιγράφου_ήδη_χορηγηθείσας_βεβαίωσης"
"Πού βρίσκω τις ώρες λειτουργίας για να ζητήσω αντίγραφο βεβαίωσης;","αίτηση_χορήγησης_αντιγράφου_ήδη_χορηγηθείσας_βεβαίωσης"
"Είναι το αντίγραφο βεβαίωσης επίσημο έγγραφο;","αίτηση_χορήγησης_αντιγράφου_ήδη_χορηγηθείσας_βεβαίωσης"
"Πώς μπορώ να ελέγξω την κατάσταση της αίτησης για αντίγραφο βεβαίωσης;","αίτηση_χορήγησης_αντιγράφου_ήδη_χορηγηθείσας_βεβαίωσης"
"Χρειάζεται ταυτοποίηση για την παραλαβή αντιγράφου βεβαίωσης;","αίτηση_χορήγησης_αντιγράφου_ήδη_χορηγηθείσας_βεβαίωσης"
"Πού μπορώ να βρω πληροφορίες για την επανέκδοση όλων των βεβαιώσεων;","αίτηση_χορήγησης_αντιγράφου_ήδη_χορηγηθείσας_βεβαίωσης"
"Μπορώ να ζητήσω αντίγραφο βεβαίωσης παλαιότητας κτίσματος;","αίτηση_χορήγησης_αντιγράφου_ήδη_χορηγηθείσας_βεβαίωσης"
"Ποια είναι η διαδικασία αν η βεβαίωση χορηγήθηκε πριν πολλά χρόνια;","αίτηση_χορήγησης_αντιγράφου_ήδη_χορηγηθείσας_βεβαίωσης"
"Τι συμβαίνει αν η αρχική βεβαίωση έχει χαθεί οριστικά;","αίτηση_χορήγησης_αντιγράφου_ήδη_χορηγηθείσας_βεβαίωσης"
"Πού μπορώ να υποβάλω αίτημα για αντίγραφο βεβαίωσης υψομέτρου;","αίτηση_χορήγησης_αντιγράφου_ήδη_χορηγηθείσας_βεβαίωσης"
"Είναι η χορήγηση αντιγράφου δυνατή μέσω ηλεκτρονικού πρωτοκόλλου;","αίτηση_χορήγησης_αντιγράφου_ήδη_χορηγηθείσας_βεβαίωσης"
"Πώς μπορώ να εξουσιοδοτήσω κάποιον για την παραλαβή αντιγράφου;","αίτηση_χορήγησης_αντιγράφου_ήδη_χορηγηθείσας_βεβαίωσης"
"Υπάρχουν διαφορετικές χρεώσεις ανάλογα με τον τύπο της βεβαίωσης για αντίγραφο;","αίτηση_χορήγησης_αντιγράφου_ήδη_χορηγηθείσας_βεβαίωσης"
"Πού μπορώ να βρω το έντυπο αίτησης για αντίγραφο βεβαίωσης;","αίτηση_χορήγησης_αντιγράφου_ήδη_χορηγηθείσας_βεβαίωσης"
"Μπορώ να ζητήσω αντίγραφο βεβαίωσης για χιλιομετρική απόσταση;","αίτηση_χορήγησης_αντιγράφου_ήδη_χορηγηθείσας_βεβαίωσης"
"Ποια είναι η διαδικασία για την επανέκδοση πιστοποιητικού γέννησης;","αίτηση_χορήγησης_αντιγράφου_ήδη_χορηγηθείσας_βεβαίωσης"
"Χρειάζεται ΑΦΜ για την αίτηση χορήγησης αντιγράφου βεβαίωσης;","αίτηση_χορήγησης_αντιγράφου_ήδη_χορηγηθείσας_βεβαίωσης"
"Πού μπορώ να επικοινωνήσω για απορίες σχετικά με αντίγραφα βεβαιώσεων;","αίτηση_χορήγησης_αντιγράφου_ήδη_χορηγηθείσας_βεβαίωσης"
"Είναι η υπογραφή του αιτούντος απαραίτητη στην αίτηση αντιγράφου;","αίτηση_χορήγησης_αντιγράφου_ήδη_χορηγηθείσας_βεβαίωσης"
"Πώς μπορώ να λάβω αντίγραφο βεβαίωσης ονοματοδοσίας οδού;","αίτηση_χορήγησης_αντιγράφου_ήδη_χορηγηθείσας_βεβαίωσης"
"Υπάρχει βάση δεδομένων με όλες τις εκδοθείσες βεβαιώσεις;","αίτηση_χορήγησης_αντιγράφου_ήδη_χορηγηθείσας_βεβαίωσης"
"Πού μπορώ να βρω νομοθεσία για την επανέκδοση δημοτικών εγγράφων;","αίτηση_χορήγησης_αντιγράφου_ήδη_χορηγηθείσας_βεβαίωσης"
"Μπορώ να ζητήσω αντίγραφο βεβαίωσης για την κατάληψη κοινόχρηστου χώρου;","αίτηση_χορήγησης_αντιγράφου_ήδη_χορηγηθείσας_βεβαίωσης"
"Ποια είναι η διαδικασία αν η βεβαίωση έχει εκδοθεί από άλλο δήμο;","αίτηση_χορήγησης_αντιγράφου_ήδη_χορηγηθείσας_βεβαίωσης"
"Χρειάζεται επικυρωμένο αντίγραφο ταυτότητας για την αίτηση;","αίτηση_χορήγησης_αντιγράφου_ήδη_χορηγηθείσας_βεβαίωσης"
"Πού μπορώ να βρω αποφάσεις δικαστηρίων για επανεκδόσεις βεβαιώσεων;","αίτηση_χορήγησης_αντιγράφου_ήδη_χορηγηθείσας_βεβαίωσης"
"Είναι η αίτηση για αντίγραφο βεβαίωσης άμεσα διεκπεραιώσιμη;","αίτηση_χορήγησης_αντιγράφου_ήδη_χορηγηθείσας_βεβαίωσης"
"Πώς μπορώ να λάβω αντίγραφο βεβαίωσης για ασφαλτόστρωση οδού;","αίτηση_χορήγησης_αντιγράφου_ήδη_χορηγηθείσας_βεβαίωσης"
"Υπάρχουν περιορισμοί στο πλήθος των αντιγράφων που μπορώ να ζητήσω;","αίτηση_χορήγησης_αντιγράφου_ήδη_χορηγηθείσας_βεβαίωσης"
"Πού μπορώ να βρω συχνές ερωτήσεις για τη χορήγηση αντιγράφων βεβαιώσεων;","αίτηση_χορήγησης_αντιγράφου_ήδη_χορηγηθείσας_βεβαίωσης"
"Τι γίνεται αν η υπηρεσία δεν βρίσκει την αρχική μου βεβαίωση;","αίτηση_χορήγησης_αντιγράφου_ήδη_χορηγηθείσας_βεβαίωσης"
"Πώς μπορώ να λάβω αντίγραφο βεβαίωσης για καθαρισμό φρεατίου;","αίτηση_χορήγησης_αντιγράφου_ήδη_χορηγηθείσας_βεβαίωσης"
"Είναι η ισχύς του αντιγράφου ίδια με την πρωτότυπη βεβαίωση;","αίτηση_χορήγησης_αντιγράφου_ήδη_χορηγηθείσας_βεβαίωσης"
"Έχω χάσει τη βεβαίωση που μου δώσατε, πού μπορώ να την ξαναπάρω;","αίτηση_χορήγησης_αντιγράφου_ήδη_χορηγηθείσας_βεβαίωσης"
"Πώς μπορώ να ζητήσω ένα δεύτερο αντίγραφο της βεβαίωσης μόνιμης κατοικίας;","αίτηση_χορήγησης_αντιγράφου_ήδη_χορηγηθείσας_βεβαίωσης"
"Χρειάζομαι αντίγραφο της βεβαίωσης που μου δώσατε πέρυσι για το κτηματολόγιο.","αίτηση_χορήγησης_αντιγράφου_ήδη_χορηγηθείσας_βεβαίωσης"
"Πού πρέπει να απευθυνθώ για να πάρω ένα αντίγραφο της άδειας λειτουργίας του καταστήματος;","αίτηση_χορήγησης_αντιγράφου_ήδη_χορηγηθείσας_βεβαίωσης"
"Η τράπεζα μου ζητάει ένα καινούριο αντίγραφο της βεβαίωσης από τον δήμο.","αίτηση_χορήγησης_αντιγράφου_ήδη_χορηγηθείσας_βεβαίωσης"
"Μπορώ να εξουσιοδοτήσω τον γιο μου να παραλάβει το αντίγραφο της βεβαίωσης;","αίτηση_χορήγησης_αντιγράφου_ήδη_χορηγηθείσας_βεβαίωσης"
"Τι έγγραφα χρειάζονται για να ζητήσω επανέκδοση μιας βεβαίωσης;","αίτηση_χορήγησης_αντιγράφου_ήδη_χορηγηθείσας_βεβαίωσης"
"Πόσο καιρό κάνει να βγει ένα αντίγραφο της βεβαίωσης;","αίτηση_χορήγησης_αντιγράφου_ήδη_χορηγηθείσας_βεβαίωσης"
"Έχω τον αριθμό πρωτοκόλλου της βεβαίωσης, πού τον χρησιμοποιώ για να ζητήσω αντίγραφο;","αίτηση_χορήγησης_αντιγράφου_ήδη_χορηγηθείσας_βεβαίωσης"
"Πρέπει να πληρώσω κάτι για να μου ξαναδώσουν την βεβαίωση;","αίτηση_χορήγησης_αντιγράφου_ήδη_χορηγηθείσας_βεβαίωσης"
"Πώς μπορώ να πάρω ένα αντίγραφο μιας βεβαίωσης που έχει εκδοθεί πριν πολλά χρόνια;","αίτηση_χορήγησης_αντιγράφου_ήδη_χορηγηθείσας_βεβαίωσης"
"Χρειάζεται να υπογράψω την αίτηση για αντίγραφο βεβαίωσης;","αίτηση_χορήγησης_αντιγράφου_ήδη_χορηγηθείσας_βεβαίωσης"
"Μπορώ να ζητήσω αντίγραφο μιας βεβαίωσης που έχει εκδοθεί από άλλο δήμο;","αίτηση_χορήγησης_αντιγράφου_ήδη_χορηγηθείσας_βεβαίωσης"
"Η υπηρεσία μου ζητάει επικυρωμένο αντίγραφο της βεβαίωσης, τι πρέπει να κάνω;","αίτηση_χορήγησης_αντιγράφου_ήδη_χορηγηθείσας_βεβαίωσης"
"Πόσα αντίγραφα μπορώ να ζητήσω ταυτόχρονα;","αίτηση_χορήγησης_αντιγράφου_ήδη_χορηγηθείσας_βεβαίωσης"
"Πώς μπορώ να μάθω αν η αίτησή μου για αντίγραφο έχει προχωρήσει;","αίτηση_χορήγησης_αντιγράφου_ήδη_χορηγηθείσας_βεβαίωσης"
"Θέλω να βγάλω αντίγραφο της βεβαίωσης για την κατάληψη κοινόχρηστου χώρου.","αίτηση_χορήγησης_αντιγράφου_ήδη_χορηγηθείσας_βεβαίωσης"
"Πρέπει να πληρώσω ένα παράβολο για την αίτηση για αντίγραφο;","αίτηση_χορήγησης_αντιγράφου_ήδη_χορηγηθείσας_βεβαίωσης"
"Πού μπορώ να βρω το έντυπο αίτησης για επανέκδοση βεβαίωσης;","αίτηση_χορήγησης_αντιγράφου_ήδη_χορηγηθείσας_βεβαίωσης"
"Μπορώ να ζητήσω αντίγραφο της βεβαίωσης παλαιότητας του σπιτιού μου;","αίτηση_χορήγησης_αντιγράφου_ήδη_χορηγηθείσας_βεβαίωσης"
"Έχω χάσει την αρχική βεβαίωση που μου δώσατε και χρειάζομαι ένα ακριβές αντίγραφο.", "αίτηση_χορήγησης_αντιγράφου_ήδη_χορηγηθείσας_βεβαίωσης"
"Πώς μπορώ να ζητήσω αντίγραφο μιας παλαιότερης βεβαίωσης μόνιμης κατοικίας;", "αίτηση_χορήγησης_αντιγράφου_ήδη_χορηγηθείσας_βεβαίωσης"
"Χρειάζομαι ένα ψηφιακό αντίγραφο της βεβαίωσης που εκδόθηκε πέρυσι τον Ιούνιο.", "αίτηση_χορήγησης_αντιγράφου_ήδη_χορηγηθείσας_βεβαίωσης"
"Ποια είναι η διαδικασία για την επανέκδοση βεβαίωσης που έχει ήδη χορηγηθεί;", "αίτηση_χορήγησης_αντιγράφου_ήδη_χορηγηθείσας_βεβαίωσης"
"Μπορώ να λάβω αντίγραφο της βεβαίωσης παλαιότητας που είχε βγάλει ο πατέρας μου το 2015;", "αίτηση_χορήγησης_αντιγράφου_ήδη_χορηγηθείσας_βεβαίωσης"
"Χρειάζομαι επικυρωμένο αντίγραφο της βεβαίωσης υψομέτρου από το αρχείο σας.", "αίτηση_χορήγησης_αντιγράφου_ήδη_χορηγηθείσας_βεβαίωσης"
"Πού υποβάλλεται η αίτηση για τη λήψη αντιγράφου βεβαίωσης από το πρωτόκολλο;", "αίτηση_χορήγησης_αντιγράφου_ήδη_χορηγηθείσας_βεβαίωσης"
"Υπάρχει κάποιο παράβολο για την επανέκδοση μιας ήδη χορηγηθείσας βεβαίωσης;", "αίτηση_χορήγησης_αντιγράφου_ήδη_χορηγηθείσας_βεβαίωσης"
"Θέλω ένα αντίγραφο της βεβαίωσης οικογενειακής κατάστασης που ζήτησα πριν τρεις μήνες.", "αίτηση_χορήγησης_αντιγράφου_ήδη_χορηγηθείσας_βεβαίωσης"
"Πώς μπορώ να βρω τον αριθμό πρωτοκόλλου της παλιάς βεβαίωσης για να πάρω αντίγραφο;", "αίτηση_χορήγησης_αντιγράφου_ήδη_χορηγηθείσας_βεβαίωσης"
"Χρειάζομαι αντίγραφο της βεβαίωσης ΤΑΠ που εκδόθηκε για τη μεταβίβαση του ακινήτου.", "αίτηση_χορήγησης_αντιγράφου_ήδη_χορηγηθείσας_βεβαίωσης"
"Μπορεί να μου σταλεί στο e-mail μου το αντίγραφο της βεβαίωσης που υπάρχει στο αρχείο;", "αίτηση_χορήγησης_αντιγράφου_ήδη_χορηγηθείσας_βεβαίωσης"
"Πόσο χρόνο διαρκεί η αναζήτηση και χορήγηση αντιγράφου από το ιστορικό αρχείο;", "αίτηση_χορήγησης_αντιγράφου_ήδη_χορηγηθείσας_βεβαίωσης"
"Χρειάζομαι αντίγραφο της βεβαίωσης περί μη οφειλής που μου χορηγήθηκε πρόσφατα.", "αίτηση_χορήγησης_αντιγράφου_ήδη_χορηγηθείσας_βεβαίωσης"
"Είναι δυνατή η χορήγηση αντιγράφου βεβαίωσης μέσω της πλατφόρμας του δήμου;", "αίτηση_χορήγησης_αντιγράφου_ήδη_χορηγηθείσας_βεβαίωσης"
"Θέλω να αιτηθώ αντίγραφο βεβαίωσης ονοματοθεσίας που έχει εκδοθεί στο παρελθόν.", "αίτηση_χορήγησης_αντιγράφου_ήδη_χορηγηθείσας_βεβαίωσης"
"Ποια δικαιολογητικά απαιτούνται για την ανάκτηση αντιγράφου από το αρχείο της πολεοδομίας;", "αίτηση_χορήγησης_αντιγράφου_ήδη_χορηγηθείσας_βεβαίωσης"
"Μου ζήτησαν από την τράπεζα αντίγραφο της βεβαίωσης που είχα πάρει από εσάς.", "αίτηση_χορήγησης_αντιγράφου_ήδη_χορηγηθείσας_βεβαίωσης"
"Πώς μπορώ να πάρω αντίγραφο βεβαίωσης αν δεν θυμάμαι την ακριβή ημερομηνία έκδοσης;", "αίτηση_χορήγησης_αντιγράφου_ήδη_χορηγηθείσας_βεβαίωσης"
"Χρειάζομαι αντίγραφο της βεβαίωσης χιλιομετρικής απόστασης που είχα αιτηθεί παλαιότερα.", "αίτηση_χορήγησης_αντιγράφου_ήδη_χορηγηθείσας_βεβαίωσης"
"Μπορεί ο λογιστής μου να παραλάβει το αντίγραφο της βεβαίωσης με εξουσιοδότηση;", "αίτηση_χορήγησης_αντιγράφου_ήδη_χορηγηθείσας_βεβαίωσης"
"Είναι απαραίτητο να προσέλθω στον δήμο για να πάρω αντίγραφο μιας παλιάς βεβαίωσης;", "αίτηση_χορήγησης_αντιγράφου_ήδη_χορηγηθείσας_βεβαίωσης"
"Χρειάζομαι αντίγραφο της βεβαίωσης σήμανσης για δικαστική χρήση.", "αίτηση_χορήγησης_αντιγράφου_ήδη_χορηγηθείσας_βεβαίωσης"
"Πώς μπορώ να ζητήσω επανέκδοση βεβαίωσης που καταστράφηκε ή εκλάπη;", "αίτηση_χορήγησης_αντιγράφου_ήδη_χορηγηθείσας_βεβαίωσης"
"Θέλω αντίγραφο της βεβαίωσης αναπηρίας που είχε κατατεθεί στην πρόνοια του δήμου.", "αίτηση_χορήγησης_αντιγράφου_ήδη_χορηγηθείσας_βεβαίωσης"
"Ποιο τμήμα είναι υπεύθυνο για τη χορήγηση αντιγράφων από το ηλεκτρονικό αρχείο;", "αίτηση_χορήγησης_αντιγράφου_ήδη_χορηγηθείσας_βεβαίωσης"
"Χρειάζομαι αντίγραφο της βεβαίωσης καταλληλότητας της παιδικής χαράς για το αρχείο μου.", "αίτηση_χορήγησης_αντιγράφου_ήδη_χορηγηθείσας_βεβαίωσης"
"Μπορώ να λάβω αντίγραφο βεβαίωσης που εκδόθηκε από άλλο τμήμα του ίδιου δήμου;", "αίτηση_χορήγησης_αντιγράφου_ήδη_χορηγηθείσας_βεβαίωσης"
"Πόσο κοστίζει η εκτύπωση αντιγράφων από τα αρχεία της τεχνικής υπηρεσίας;", "αίτηση_χορήγησης_αντιγράφου_ήδη_χορηγηθείσας_βεβαίωσης"
"Χρειάζομαι αντίγραφο της βεβαίωσης σύνδεσης με το δίκτυο αποχέτευσης.", "αίτηση_χορήγησης_αντιγράφου_ήδη_χορηγηθείσας_βεβαίωσης"
"Πώς μπορώ να βεβαιωθώ ότι το αντίγραφο που θα πάρω είναι γνήσιο και έγκυρο;", "αίτηση_χορήγησης_αντιγράφου_ήδη_χορηγηθείσας_βεβαίωσης"

"Μετακομίζω την άλλη εβδομάδα, χρειάζομαι άδεια για να κλείσω τον δρόμο για το φορτηγό;","αίτηση_προσωρινής_χρήσης_οδοστρώματος_πεζοδρομίου"
"Θέλω να ξεφορτώσω οικοδομικά υλικά, πώς παίρνω άδεια για να χρησιμοποιήσω το πεζοδρόμιο;","αίτηση_προσωρινής_χρήσης_οδοστρώματος_πεζοδρομίου"
"Κάνουμε εκδήλωση στο μαγαζί και θέλουμε να βγάλουμε μερικά τραπέζια έξω για λίγες ώρες, τι πρέπει να κάνω;","αίτηση_προσωρινής_χρήσης_οδοστρώματος_πεζοδρομίου"
"Για πόση ώρα μπορώ να έχω τον γερανό στο δρόμο για την ανακαίνιση;","αίτηση_προσωρινής_χρήσης_οδοστρώματος_πεζοδρομίου"
"Πρέπει να κλαδέψω τα δέντρα στην αυλή μου και θα πέσουν κλαδιά στο πεζοδρόμιο, χρειάζομαι ειδική άδεια;","αίτηση_προσωρινής_χρήσης_οδοστρώματος_πεζοδρομίου"
"Το συνεργείο θα φέρει μηχανήματα που θα πιάσουν μέρος του δρόμου, ποιος κάνει την αίτηση;","αίτηση_προσωρινής_χρήσης_οδοστρώματος_πεζοδρομίου"
"Πόσο νωρίτερα πρέπει να κάνω την αίτηση για προσωρινή κατάληψη οδοστρώματος;","αίτηση_προσωρινής_χρήσης_οδοστρώματος_πεζοδρομίου"
"Υπάρχει πρόστιμο αν κλείσω τον δρόμο για μετακόμιση χωρίς άδεια;","αίτηση_προσωρινής_χρήσης_οδοστρώματος_πεζοδρομίου"
"Η άδεια για χρήση πεζοδρομίου ισχύει για συγκεκριμένες ώρες;","αίτηση_προσωρινής_χρήσης_οδοστρώματος_πεζοδρομίου"
"Μπορώ να ζητήσω να δεσμευτεί μια θέση πάρκινγκ για το φορτηγό της μετακόμισης;","αίτηση_προσωρινής_χρήσης_οδοστρώματος_πεζοδρομίου"
"Ποια δικαιολογητικά χρειάζονται για αίτηση προσωρινής κατάληψης κοινόχρηστου χώρου;","αίτηση_προσωρινής_χρήσης_οδοστρώματος_πεζοδρομίου"
"Πόσος χρόνος απαιτείται για την έγκριση άδειας προσωρινής χρήσης οδοστρώματος;","αίτηση_προσωρινής_χρήσης_οδοστρώματος_πεζοδρομίου"
"Μπορώ να αιτηθώ ηλεκτρονικά για προσωρινή κατάληψη πεζοδρομίου;","αίτηση_προσωρινής_χρήσης_οδοστρώματος_πεζοδρομίου"
"Σε ποια υπηρεσία του δήμου απευθύνομαι για άδειες προσωρινής χρήσης οδοστρώματος;","αίτηση_προσωρινής_χρήσης_οδοστρώματος_πεζοδρομίου"
"Είναι απαραίτητη η αυτοψία για την έκδοση άδειας προσωρινής κατάληψης;","αίτηση_προσωρινής_χρήσης_οδοστρώματος_πεζοδρομίου"
"Ποιοι άλλοι τρόποι ρύθμισης κυκλοφορίας υπάρχουν κατά τη διάρκεια κατάληψης;","αίτηση_προσωρινής_χρήσης_οδοστρώματος_πεζοδρομίου"
"Χρειάζεται σχέδιο κυκλοφοριακών ρυθμίσεων για την προσωρινή κατάληψη;","αίτηση_προσωρινής_χρήσης_οδοστρώματος_πεζοδρομίου"
"Πώς μπορώ να παρακολουθήσω την πορεία της αίτησής μου για προσωρινή χρήση;","αίτηση_προσωρινής_χρήσης_οδοστρώματος_πεζοδρομίου"
"Τι γίνεται αν η προσωρινή κατάληψη επεκταθεί πέρα από τον επιτρεπόμενο χρόνο;","αίτηση_προσωρινής_χρήσης_οδοστρώματος_πεζοδρομίου"
"Πού μπορώ να βρω τους κανονισμούς για την προσωρινή χρήση οδοστρώματος/πεζοδρομίου;","αίτηση_προσωρινής_χρήσης_οδοστρώματος_πεζοδρομίου"
"Είναι η προσωρινή κατάληψη κρίσιμη για την ασφάλεια των εργαζομένων;","αίτηση_προσωρινής_χρήσης_οδοστρώματος_πεζοδρομίου"
"Πού μπορώ να βρω τη νομοθεσία για την κατάληψη κοινόχρηστων χώρων;","αίτηση_προσωρινής_χρήσης_οδοστρώματος_πεζοδρομίου"
"Μπορώ να ζητήσω άδεια προσωρινής χρήσης μέσω ΚΕΠ;","αίτηση_προσωρινής_χρήσης_οδοστρώματος_πεζοδρομίου"
"Ποιος είναι ο ρόλος της Τροχαίας στην έγκριση προσωρινής κατάληψης;","αίτηση_προσωρινής_χρήσης_οδοστρώματος_πεζοδρομίου"
"Χρειάζεται έγκριση από το Δημοτικό Συμβούλιο για κάθε προσωρινή χρήση;","αίτηση_προσωρινής_χρήσης_οδοστρώματος_πεζοδρομίου"
"Πώς μπορώ να επιταχύνω την έκδοση άδειας προσωρινής χρήσης;","αίτηση_προσωρινής_χρήσης_οδοστρώματος_πεζοδρομίου"
"Τι προβλέπεται για πρόστιμα σε περίπτωση παράνομης κατάληψης;","αίτηση_προσωρινής_χρήσης_οδοστρώματος_πεζοδρομίου"
"Πού μπορώ να ζητήσω αντίγραφα αποφάσεων για προσωρινές χρήσεις;","αίτηση_προσωρινής_χρήσης_οδοστρώματος_πεζοδρομίου"
"Είναι η προσωρινή χρήση απαραίτητη για εκδηλώσεις σε δημόσιους χώρους;","αίτηση_προσωρινής_χρήσης_οδοστρώματος_πεζοδρομίου"
"Πώς μπορώ να δηλώσω παράνομη κατάληψη οδοστρώματος;","αίτηση_προσωρινής_χρήσης_οδοστρώματος_πεζοδρομίου"
"Υπάρχουν ειδικές ρυθμίσεις για προσωρινή χρήση σε εμπορικούς δρόμους;","αίτηση_προσωρινής_χρήσης_οδοστρώματος_πεζοδρομίου"
"Πού μπορώ να βρω εγκυκλίους που αφορούν την προσωρινή χρήση οδοστρώματος;","αίτηση_προσωρινής_χρήσης_οδοστρώματος_πεζοδρομίου"
"Μπορώ να ζητήσω επέκταση της άδειας προσωρινής χρήσης;","αίτηση_προσωρινής_χρήσης_οδοστρώματος_πεζοδρομίου"
"Ποια είναι η διαδικασία για την ακύρωση άδειας προσωρινής χρήσης;","αίτηση_προσωρινής_χρήσης_οδοστρώματος_πεζοδρομίου"
"Χρειάζεται απόφαση κυκλοφοριακής επιτροπής για προσωρινή κατάληψη μεγάλης έκτασης;","αίτηση_προσωρινής_χρήσης_οδοστρώματος_πεζοδρομίου"
"Πού μπορώ να βρω συχνές ερωτήσεις για την προσωρινή χρήση οδοστρώματος/πεζοδρομίου;","αίτηση_προσωρινής_χρήσης_οδοστρώματος_πεζοδρομίου"
"Είναι η προσωρινή χρήση οδοστρώματος καθοριστική για τη διεξαγωγή έργων;","αίτηση_προσωρινής_χρήσης_οδοστρώματος_πεζοδρομίου"
"Πώς μπορώ να αντλήσω στοιχεία για προηγούμενες άδειες προσωρινής χρήσης;","αίτηση_προσωρινής_χρήσης_οδοστρώματος_πεζοδρομίου"
"Υπάρχει ειδικό καθεστώς για προσωρινή χρήση σε πεζοδρόμους;","αίτηση_προσωρινής_χρήσης_οδοστρώματος_πεζοδρομίου"
"Πού μπορώ να υποβάλω ένσταση για απόρριψη αίτησης προσωρινής χρήσης;","αίτηση_προσωρινής_χρήσης_οδοστρώματος_πεζοδρομίου"
"Τι γίνεται αν η προσωρινή χρήση δεν είναι σύμφωνη με τους όρους της άδειας;","αίτηση_προσωρινής_χρήσης_οδοστρώματος_πεζοδρομίου"
"Πώς μπορώ να λάβω πληροφορίες για το κόστος της άδειας προσωρινής χρήσης;","αίτηση_προσωρινής_χρήσης_οδοστρώματος_πεζοδρομίου"
"Είναι η άδεια προσωρινής χρήσης απαραίτητη για εργασίες σε ιδιωτικά οικόπεδα που επηρεάζουν κοινόχρηστο χώρο;","αίτηση_προσωρινής_χρήσης_οδοστρώματος_πεζοδρομίου"
"Πού μπορώ να βρω αποφάσεις δικαστηρίων για ζητήματα κατάληψης κοινόχρηστων χώρων;","αίτηση_προσωρινής_χρήσης_οδοστρώματος_πεζοδρομίου"
"Μπορώ να αιτηθώ για προσωρινή χρήση για τοποθέτηση κάδου μπάζων;","αίτηση_προσωρινής_χρήσης_οδοστρώματος_πεζοδρομίου"
"Ποια είναι η διαδικασία για την ανανέωση άδειας προσωρινής χρήσης;","αίτηση_προσωρινής_χρήσης_οδοστρώματος_πεζοδρομίου"
"Χρειάζεται ασφάλιση ευθύνης για την προσωρινή χρήση;","αίτηση_προσωρινής_χρήσης_οδοστρώματος_πεζοδρομίου"
"Πού μπορώ να επικοινωνήσω για νομικές συμβουλές σχετικά με την προσωρινή χρήση;","αίτηση_προσωρινής_χρήσης_οδοστρώματος_πεζοδρομίου"
"Είναι η προσωρινή χρήση οδοστρώματος το ίδιο με την άδεια εκσκαφής;","αίτηση_προσωρινής_χρήσης_οδοστρώματος_πεζοδρομίου"
"Θέλω να κλείσω τον δρόμο για να ξεφορτώσω οικοδομικά υλικά, τι πρέπει να κάνω;","αίτηση_προσωρινής_χρήσης_οδοστρώματος_πεζοδρομίου"
"Πρέπει να πάρω άδεια για να βάλω ένα κάδο μπάζων στο πεζοδρόμιο;","αίτηση_προσωρινής_χρήσης_οδοστρώματος_πεζοδρομίου"
"Μπορώ να ζητήσω να δεσμευτεί μια θέση πάρκινγκ για το φορτηγό της μετακόμισης;","αίτηση_προσωρινής_χρήσης_οδοστρώματος_πεζοδρομίου"
"Έχει πέσει ένα δέντρο και χρειάζομαι άδεια για να κλείσω τον δρόμο για λίγες ώρες.","αίτηση_προσωρινής_χρήσης_οδοστρώματος_πεζοδρομίου"
"Ο εργολάβος μου είπε να πάρω άδεια για να χρησιμοποιήσουμε τον χώρο μπροστά στο σπίτι για τα μηχανήματα.","αίτηση_προσωρινής_χρήσης_οδοστρώματος_πεζοδρομίου"
"Πώς μπορώ να κάνω αίτηση για μια εκδήλωση που θέλω να κάνω στον δρόμο;","αίτηση_προσωρινής_χρήσης_οδοστρώματος_πεζοδρομίου"
"Πρέπει να πληρώσω κάτι για να πάρω άδεια για να κλείσω τον δρόμο;","αίτηση_προσωρινής_χρήσης_οδοστρώματος_πεζοδρομίου"
"Χρειάζεται να υπογράψουν και οι γείτονες για να πάρω άδεια για τη μετακόμιση;","αίτηση_προσωρινής_χρήσης_οδοστρώματος_πεζοδρομίου"
"Πού μπορώ να βρω τα έντυπα για αίτηση προσωρινής χρήσης;","αίτηση_προσωρινής_χρήσης_οδοστρώματος_πεζοδρομίου"
"Μπορώ να ζητήσω παράταση της άδειας για τις οικοδομικές εργασίες;","αίτηση_προσωρινής_χρήσης_οδοστρώματος_πεζοδρομίου"
"Ποιος είναι ο αρμόδιος για να εγκρίνει μια προσωρινή χρήση του δρόμου;","αίτηση_προσωρινής_χρήσης_οδοστρώματος_πεζοδρομίου"
"Θέλω να δηλώσω ένα παράνομο κλείσιμο δρόμου σε μια γειτονιά.","αίτηση_προσωρινής_χρήσης_οδοστρώματος_πεζοδρομίου"
"Πώς μπορώ να βρω το κόστος για την κατάληψη του πεζοδρομίου;","αίτηση_προσωρινής_χρήσης_οδοστρώματος_πεζοδρομίου"
"Η άδεια που πήρα ισχύει μόνο για κάποιες ώρες, μπορώ να την αλλάξω;","αίτηση_προσωρινής_χρήσης_οδοστρώματος_πεζοδρομίου"
"Πρέπει να πάρω άδεια για να κλείσω τον δρόμο για τη φορτοεκφόρτωση;","αίτηση_προσωρινής_χρήσης_οδοστρώματος_πεζοδρομίου"
"Ποια είναι η διαδικασία για την ακύρωση μιας άδειας προσωρινής χρήσης;","αίτηση_προσωρινής_χρήσης_οδοστρώματος_πεζοδρομίου"
"Μπορώ να ζητήσω άδεια για κατάληψη κοινόχρηστου χώρου για να στήσω ένα κιόσκι;","αίτηση_προσωρινής_χρήσης_οδοστρώματος_πεζοδρομίου"
"Χρειάζεται να βγάλω άδεια για να βάψω τον τοίχο του σπιτιού μου από το πεζοδρόμιο;","αίτηση_προσωρινής_χρήσης_οδοστρώματος_πεζοδρομίου"
"Ο δήμος έχει κάποια φόρμα για την αίτηση προσωρινής χρήσης;","αίτηση_προσωρινής_χρήσης_οδοστρώματος_πεζοδρομίου"
"Πώς μπορώ να ενημερωθώ για την πορεία της αίτησής μου για προσωρινή χρήση;","αίτηση_προσωρινής_χρήσης_οδοστρώματος_πεζοδρομίου"
"Χρειάζομαι άδεια για να κλείσω προσωρινά το πεζοδρόμιο λόγω μετακόμισης.", "αίτηση_προσωρινής_χρήσης_οδοστρώματος_πεζοδρομίου"
"Ποια είναι η διαδικασία για προσωρινή κατάληψη οδοστρώματος από γερανοφόρο όχημα;", "αίτηση_προσωρινής_χρήσης_οδοστρώματος_πεζοδρομίου"
"Θέλω να αιτηθώ άδεια για την τοποθέτηση ανυψωτικού μηχανήματος για λίγες ώρες.", "αίτηση_προσωρινής_χρήσης_οδοστρώματος_πεζοδρομίου"
"Πόσες μέρες πριν πρέπει να καταθέσω αίτηση για προσωρινή χρήση του οδοστρώματος;", "αίτηση_προσωρινής_χρήσης_οδοστρώματος_πεζοδρομίου"
"Ποιο είναι το κόστος για την προσωρινή δέσμευση θέσεων στάθμευσης λόγω εργασιών;", "αίτηση_προσωρινής_χρήσης_οδοστρώματος_πεζοδρομίου"
"Χρειάζομαι άδεια για να τοποθετήσω σκάλα σε πεζοδρόμιο για τον καθαρισμό προσόψεων.", "αίτηση_προσωρινής_χρήσης_οδοστρώματος_πεζοδρομίου"
"Μπορώ να δεσμεύσω το οδόστρωμα για την εκφόρτωση βαρέων μηχανημάτων;", "αίτηση_προσωρινής_χρήσης_οδοστρώματος_πεζοδρομίου"
"Ποια δικαιολογητικά απαιτούνται για την προσωρινή χρήση πεζοδρομίου από συνεργείο οικοδομής;", "αίτηση_προσωρινής_χρήσης_οδοστρώματος_πεζοδρομίου"
"Πώς μπορώ να βγάλω άδεια για να σταθμεύσει προσωρινά φορτηγό εκκένωσης βόθρου;", "αίτηση_προσωρινής_χρήσης_οδοστρώματος_πεζοδρομίου"
"Θέλω να κλείσω ένα τμήμα του δρόμου για την τοποθέτηση τέντας σε κατάστημα.", "αίτηση_προσωρινής_χρήσης_οδοστρώματος_πεζοδρομίου"
"Ποιο τμήμα του δήμου δίνει την έγκριση για ολιγόωρη κατάληψη κοινόχρηστου χώρου;", "αίτηση_προσωρινής_χρήσης_οδοστρώματος_πεζοδρομίου"
"Χρειάζομαι άδεια προσωρινής χρήσης για την εκφόρτωση υλικών ανακαίνισης διαμερίσματος.", "αίτηση_προσωρινής_χρήσης_οδοστρώματος_πεζοδρομίου"
"Είναι απαραίτητη η σύμφωνη γνώμη της τροχαίας για την προσωρινή χρήση οδοστρώματος;", "αίτηση_προσωρινής_χρήσης_οδοστρώματος_πεζοδρομίου"
"Πώς μπορώ να δεσμεύσω χώρο στο πεζοδρόμιο για την τοποθέτηση σκαλωσιάς για δύο μέρες;", "αίτηση_προσωρινής_χρήσης_οδοστρώματος_πεζοδρομίου"
"Τι παράβολο πρέπει να πληρώσω για την προσωρινή χρήση οδοστρώματος λόγω μετακόμισης;", "αίτηση_προσωρινής_χρήσης_οδοστρώματος_πεζοδρομίου"
"Μπορώ να ζητήσω προσωρινή χρήση του δρόμου για τη διεξαγωγή μιας φωτογράφισης;", "αίτηση_προσωρινής_χρήσης_οδοστρώματος_πεζοδρομίου"
"Χρειάζομαι άδεια για να τοποθετήσω κάδο μπαζών στο οδόστρωμα για ένα Σαββατοκύριακο.", "αίτηση_προσωρινής_χρήσης_οδοστρώματος_πεζοδρομίου"
"Πώς ειδοποιώ τον δήμο για την προσωρινή δέσμευση χώρου για φορτοεκφόρτωση εμπορευμάτων;", "αίτηση_προσωρινής_χρήσης_οδοστρώματος_πεζοδρομίου"
"Ποια είναι η μέγιστη διάρκεια που επιτρέπεται η προσωρινή χρήση του πεζοδρομίου;", "αίτηση_προσωρινής_χρήσης_οδοστρώματος_πεζοδρομίου"
"Θέλω να κλείσω το πεζοδρόμιο για την κοπή επικίνδυνων κλαδιών από δέντρο της αυλής μου.", "αίτηση_προσωρινής_χρήσης_οδοστρώματος_πεζοδρομίου"
"Χρειάζομαι έγγραφη άδεια για την προσωρινή στάθμευση αντλίας σκυροδέματος (πρέσας).", "αίτηση_προσωρινής_χρήσης_οδοστρώματος_πεζοδρομίου"
"Μπορώ να λάβω την άδεια προσωρινής χρήσης οδοστρώματος αυθημερόν από τον δήμο;", "αίτηση_προσωρινής_χρήσης_οδοστρώματος_πεζοδρομίου"
"Ποια μέτρα ασφαλείας πρέπει να λάβω κατά την προσωρινή χρήση του πεζοδρομίου;", "αίτηση_προσωρινής_χρήσης_οδοστρώματος_πεζοδρομίου"
"Χρειάζομαι άδεια για να κλείσω προσωρινά στενό δρόμο για τη διέλευση μεγάλου οχήματος.", "αίτηση_προσωρινής_χρήσης_οδοστρώματος_πεζοδρομίου"
"Πού υποβάλλεται η αίτηση για την προσωρινή χρήση κοινόχρηστου χώρου για έργα ΔΕΚΟ;", "αίτηση_προσωρινής_χρήσης_οδοστρώματος_πεζοδρομίου"
"Επιτρέπεται η προσωρινή χρήση οδοστρώματος για την τοποθέτηση γερανού σε πεζόδρομο;", "αίτηση_προσωρινής_χρήσης_οδοστρώματος_πεζοδρομίου"
"Πώς μπορώ να παρατείνω την άδεια προσωρινής χρήσης αν οι εργασίες καθυστερήσουν;", "αίτηση_προσωρινής_χρήσης_οδοστρώματος_πεζοδρομίου"
"Χρειάζομαι βεβαίωση από τον δήμο για τη δέσμευση του χώρου ώστε να μην παρκάρουν άλλοι.", "αίτηση_προσωρινής_χρήσης_οδοστρώματος_πεζοδρομίου"
"Ποιος είναι ο υπεύθυνος για τον έλεγχο των αδειών προσωρινής χρήσης οδοστρώματος;", "αίτηση_προσωρινής_χρήσης_οδοστρώματος_πεζοδρομίου"
"Θέλω να αιτηθώ προσωρινή χρήση πεζοδρομίου για την επισκευή εξωτερικής υδρορροής.", "αίτηση_προσωρινής_χρήσης_οδοστρώματος_πεζοδρομίου"
"Μπορώ να χρησιμοποιήσω κώνους για τη δέσμευση του οδοστρώματος αν έχω την άδεια ανά χείρας;", "αίτηση_προσωρινής_χρήσης_οδοστρώματος_πεζοδρομίου"

"Θα ήθελα να ρωτήσω για την πρόοδο του έργου αποχέτευσης στην οδό μας.","αίτηση_γενικού_τεχνικού_περιεχομένου"
"Πότε προβλέπεται να ολοκληρωθεί η ανάπλαση της πλατείας;","αίτηση_γενικού_τεχνικού_περιεχομένου"
"Μπορείτε να μου δώσετε πληροφορίες για τις τεχνικές προδιαγραφές του νέου πεζοδρομίου;","αίτηση_γενικού_τεχνικού_περιεχομένου"
"Υπάρχει κάποιο σχέδιο για την αντιπλημμυρική προστασία της περιοχής μας;","αίτηση_γενικού_τεχνικού_περιεχομένου"
"Θέλω να μάθω αν η ιδιοκτησία μου επηρεάζεται από το νέο ρυμοτομικό σχέδιο.","αίτηση_γενικού_τεχνικού_περιεχομένου"
"Ποιος είναι ο αρμόδιος μηχανικός του δήμου για τα έργα στην γειτονιά μου;","αίτηση_γενικού_τεχνικού_περιεχομένου"
"Πώς μπορώ να έχω πρόσβαση στα σχέδια για την διάνοιξη του δρόμου;","αίτηση_γενικού_τεχνικού_περιεχομένου"
"Έχω μια τεχνική ερώτηση σχετικά με τους όρους δόμησης στην περιοχή μου.","αίτηση_γενικού_τεχνικού_περιεχομένου"
"Μπορώ να καταθέσω μια τεχνική πρόταση για τη βελτίωση της κυκλοφορίας;","αίτηση_γενικού_τεχνικού_περιεχομένου"
"Πού μπορώ να βρω τα αποτελέσματα των γεωτρήσεων που έγιναν πρόσφατα;","αίτηση_γενικού_τεχνικού_περιεχομένου"
"Πώς μπορώ να ζητήσω αντίγραφο της μελέτης για την επέκταση του δικτύου ύδρευσης;","αίτηση_γενικού_τεχνικού_περιεχομένου"
"Θα ήθελα να ενημερωθώ για την τεχνική κατάσταση του δημοτικού κτιρίου στην οδό Τάδε;","αίτηση_γενικού_τεχνικού_περιεχομένου"
"Μπορείτε να μου παρέχετε τεχνικά σχέδια για την αποκατάσταση ενός κοινόχρηστου χώρου;","αίτηση_γενικού_τεχνικού_περιεχομένου"
"Υπάρχει διαθέσιμη μελέτη για την ενεργειακή αναβάθμιση δημοτικών κτιρίων;","αίτηση_γενικού_τεχνικού_περιεχομένου"
"Πώς μπορώ να υποβάλω αίτημα για τεχνική υποστήριξη σε ένα πρόβλημα υποδομής;","αίτηση_γενικού_τεχνικού_περιεχομένου"
"Πού μπορώ να βρω λεπτομέρειες για την ανθεκτικότητα των υλικών που χρησιμοποιούνται σε δημόσια έργα;","αίτηση_γενικού_τεχνικού_περιεχομένου"
"Είναι διαθέσιμες οι τεχνικές εκθέσεις για την κατάσταση των γεφυρών του δήμου;","αίτηση_γενικού_τεχνικού_περιεχομένου"
"Χρειάζομαι πληροφορίες για την πορεία της μελέτης για την ανάπλαση του παραλιακού μετώπου;","αίτηση_γενικού_τεχνικού_περιεχομένου"
"Πώς μπορώ να ζητήσω τεχνικά στοιχεία για την κατασκευή ενός δημοτικού πάρκινγκ;","αίτηση_γενικού_τεχνικού_περιεχομένου"
"Υπάρχει κάποιο τεχνικό σχέδιο για την τοποθέτηση νέων φωτιστικών σωμάτων;","αίτηση_γενικού_τεχνικού_περιεχομένου"
"Θα ήθελα να μάθω για την τεχνική βιωσιμότητα ενός έργου πράσινης ανάπτυξης;","αίτηση_γενικού_τεχνικού_περιεχομένου"
"Ποια είναι η διαδικασία για την πρόσβαση σε αρχειοθετημένα τεχνικά σχέδια;","αίτηση_γενικού_τεχνικού_περιεχομένου"
"Μπορείτε να μου δώσετε τις τεχνικές απαιτήσεις για την εγκατάσταση φωτοβολταϊκών σε στέγες;","αίτηση_γενικού_τεχνικού_περιεχομένου"
"Υπάρχει διαθέσιμη μελέτη για την κυκλοφοριακή αναδιάρθρωση της πόλης;","αίτηση_γενικού_τεχνικού_περιεχομένου"
"Πώς μπορώ να υποβάλω αίτημα για τεχνική αξιολόγηση μιας ιδιωτικής υποδομής που επηρεάζει κοινόχρηστο χώρο;","αίτηση_γενικού_τεχνικού_περιεχομένου"
"Πού μπορώ να βρω τεχνικές προδιαγραφές για τα υλικά που χρησιμοποιούνται σε πεζοδρόμια;","αίτηση_γενικού_τεχνικού_περιεχομένου"
"Είναι διαθέσιμα τα τεχνικά σχέδια για την ανακατασκευή της πλατείας;","αίτηση_γενικού_τεχνικού_περιεχομένου"
"Χρειάζομαι πληροφορίες για την τεχνική εφαρμογή του Γενικού Πολεοδομικού Σχεδίου;","αίτηση_γενικού_τεχνικού_περιεχομένου"
"Πώς μπορώ να ζητήσω τεχνικά στοιχεία για την κατάσταση του οδικού δικτύου;","αίτηση_γενικού_τεχνικού_περιεχομένου"
"Υπάρχει κάποιο τεχνικό εγχειρίδιο για τη συντήρηση των δημοτικών υποδομών;","αίτηση_γενικού_τεχνικού_περιεχομένου"
"Θα ήθελα να μάθω για την τεχνική συμβατότητα μιας νέας κατασκευής με το περιβάλλον;","αίτηση_γενικού_τεχνικού_περιεχομένου"
"Ποια είναι η διαδικασία για την πρόσβαση σε τεχνικά αρχεία παλαιότερων έργων;","αίτηση_γενικού_τεχνικού_περιεχομένου"
"Μπορείτε να μου δώσετε τις τεχνικές οδηγίες για την τοποθέτηση πινακίδων σήμανσης;","αίτηση_γενικού_τεχνικού_περιεχομένου"
"Υπάρχει διαθέσιμη μελέτη για την διαχείριση των αποβλήτων;","αίτηση_γενικού_τεχνικού_περιεχομένου"
"Πώς μπορώ να υποβάλω αίτημα για τεχνική εκτίμηση ζημιών μετά από φυσική καταστροφή;","αίτηση_γενικού_τεχνικού_περιεχομένου"
"Πού μπορώ να βρω τεχνικές προδιαγραφές για τις παιδικές χαρές;","αίτηση_γενικού_τεχνικού_περιεχομένου"
"Είναι διαθέσιμες οι τεχνικές αναλύσεις για την ποιότητα του πόσιμου νερού;","αίτηση_γενικού_τεχνικού_περιεχομένου"
"Χρειάζομαι πληροφορίες για την τεχνική υλοποίηση των έργων ανάπλασης;","αίτηση_γενικού_τεχνικού_περιεχομένου"
"Πώς μπορώ να ζητήσω τεχνικά στοιχεία για τις υφιστάμενες υποδομές κοινής ωφέλειας;","αίτηση_γενικού_τεχνικού_περιεχομένου"
"Υπάρχει κάποιο τεχνικό σχέδιο για την επέκταση του δικτύου ηλεκτροφωτισμού;","αίτηση_γενικού_τεχνικού_περιεχομένου"
"Θα ήθελα να μάθω για την τεχνική αρτιότητα των νέων έργων πρασίνου;","αίτηση_γενικού_τεχνικού_περιεχομένου"
"Ποια είναι η διαδικασία για την πρόσβαση σε τεχνικές προτάσεις τρίτων;","αίτηση_γενικού_τεχνικού_περιεχομένου"
"Μπορείτε να μου δώσετε τις τεχνικές προδιαγραφές για τις υποδομές απορριμμάτων;","αίτηση_γενικού_τεχνικού_περιεχομένου"
"Υπάρχει διαθέσιμη μελέτη για την αύξηση της ενεργειακής απόδοσης του δήμου;","αίτηση_γενικού_τεχνικού_περιεχομένου"
"Πώς μπορώ να υποβάλω αίτημα για τεχνική συνδρομή σε θέματα προσβασιμότητας;","αίτηση_γενικού_τεχνικού_περιεχομένου"
"Πού μπορώ να βρω τεχνικές προδιαγραφές για τις ράμπες ΑμεΑ;","αίτηση_γενικού_τεχνικού_περιεχομένου"
"Είναι διαθέσιμες οι τεχνικές εκθέσεις για την κατάσταση των πλατειών;","αίτηση_γενικού_τεχνικού_περιεχομένου"
"Χρειάζομαι πληροφορίες για την τεχνική διαχείριση των ιστορικών κτιρίων;","αίτηση_γενικού_τεχνικού_περιεχομένου"
"Πώς μπορώ να ζητήσω τεχνικά στοιχεία για την ποιότητα των οδοστρωμάτων;","αίτηση_γενικού_τεχνικού_περιεχομένου"
"Υπάρχει κάποιο τεχνικό σχέδιο για την αναδιαμόρφωση δημοτικών χώρων;","αίτηση_γενικού_τεχνικού_περιεχομένου"
"Θέλω να ενημερωθώ για τεχνικά έργα στην περιοχή μου.","αίτηση_γενικού_τεχνικού_περιεχομένου"
"Πότε θα ξεκινήσουν τα έργα για την πλατεία;","αίτηση_γενικού_τεχνικού_περιεχομένου"
"Έχω μια ερώτηση για το νέο ρυμοτομικό σχέδιο του δήμου.","αίτηση_γενικού_τεχνικού_περιεχομένου"
"Πώς μπορώ να πάρω πληροφορίες για ένα τεχνικό έργο που γίνεται στον δρόμο μου;","αίτηση_γενικού_τεχνικού_περιεχομένου"
"Θα ήθελα να ρωτήσω για τους όρους δόμησης που ισχύουν για το οικόπεδό μου.","αίτηση_γενικού_τεχνικού_περιεχομένου"
"Ποιος είναι ο αρμόδιος για να μου δώσει τεχνικές οδηγίες για τη συντήρηση του κτιρίου μου;","αίτηση_γενικού_τεχνικού_περιεχομένου"
"Μπορώ να υποβάλω μια τεχνική πρόταση για τη βελτίωση της γειτονιάς;","αίτηση_γενικού_τεχνικού_περιεχομένου"
"Χρειάζομαι τεχνικά σχέδια για ένα κτίριο που θέλω να ανακαινίσω.","αίτηση_γενικού_τεχνικού_περιεχομένου"
"Πώς μπορώ να βρω αρχεία για ένα παλιό τεχνικό έργο του δήμου;","αίτηση_γενικού_τεχνικού_περιεχομένου"
"Ο δήμος έχει κάποιο σχέδιο για την αντιπλημμυρική προστασία της περιοχής μας;","αίτηση_γενικού_τεχνικού_περιεχομένου"
"Πού μπορώ να βρω τα αποτελέσματα των μελετών για την ανάπλαση της πλατείας;","αίτηση_γενικού_τεχνικού_περιεχομένου"
"Θέλω να μάθω αν η ιδιοκτησία μου επηρεάζεται από κάποια τεχνική μελέτη;","αίτηση_γενικού_τεχνικού_περιεχομένου"
"Ποιος είναι ο αρμόδιος για να μου δώσει τεχνικές πληροφορίες για ένα έργο;","αίτηση_γενικού_τεχνικού_περιεχομένου"
"Μπορώ να κάνω μια αναφορά για την καθυστέρηση ενός τεχνικού έργου;","αίτηση_γενικού_τεχνικού_περιεχομένου"
"Θα ήθελα να ενημερωθώ για την τεχνική κατάσταση των δημοτικών υποδομών στην περιοχή μου.","αίτηση_γενικού_τεχνικού_περιεχομένου"
"Πώς μπορώ να ζητήσω τεχνική βοήθεια για ένα πρόβλημα στο σπίτι μου;","αίτηση_γενικού_τεχνικού_περιεχομένου"
"Ποια είναι η διαδικασία για την πρόσβαση σε τεχνικά αρχεία;","αίτηση_γενικού_τεχνικού_περιεχομένου"
"Υπάρχει πλατφόρμα για την υποβολή τεχνικών αιτημάτων;","αίτηση_γενικού_τεχνικού_περιεχομένου"
"Χρειάζομαι ένα έγγραφο από τον δήμο που να βεβαιώνει τη νομιμότητα του κτιρίου μου.","αίτηση_γενικού_τεχνικού_περιεχομένου"
"Πού μπορώ να βρω τις τεχνικές προδιαγραφές για τα υλικά που χρησιμοποιεί ο δήμος;","αίτηση_γενικού_τεχνικού_περιεχομένου"
"Θέλω να υποβάλω μια γενική αίτηση προς την Τεχνική Υπηρεσία για ένα τεχνικό πρόβλημα στη γειτονιά μου.", "αίτηση_γενικού_τεχνικού_περιεχομένου"
"Πώς μπορώ να ζητήσω αυτοψία από μηχανικό του δήμου για ένα ζήτημα στατικότητας σε δημόσιο χώρο;", "αίτηση_γενικού_τεχνικού_περιεχομένου"
"Χρειάζομαι τεχνικές διευκρινίσεις για ένα έργο που εκτελείται αυτή τη στιγμή στον δρόμο μου.", "αίτηση_γενικού_τεχνικού_περιεχομένου"
"Ποια είναι η διαδικασία για να λάβω αντίγραφο μιας τεχνικής μελέτης που αφορά την περιοχή μου;", "αίτηση_γενικού_τεχνικού_περιεχομένου"
"Θέλω να καταθέσω μια τεχνική έκθεση ιδιώτη μηχανικού προς εξέταση από τις υπηρεσίες του δήμου.", "αίτηση_γενικού_τεχνικού_περιεχομένου"
"Πού υποβάλλεται το αίτημα για τη γνωμοδότηση της Τεχνικής Υπηρεσίας σχετικά με ένα οικόπεδο;", "αίτηση_γενικού_τεχνικού_περιεχομένου"
"Χρειάζομαι πληροφορίες για τις τεχνικές προδιαγραφές των έργων ανάπλασης που ξεκινούν.", "αίτηση_γενικού_τεχνικού_περιεχομένου"
"Πώς μπορώ να ενημερωθώ για την πορεία ενός τεχνικού αιτήματος που έχω καταθέσει στο πρωτόκολλο;", "αίτηση_γενικού_τεχνικού_περιεχομένου"
"Θέλω να αναφέρω μια αστοχία υλικού σε πρόσφατο τεχνικό έργο του δήμου.", "αίτηση_γενικού_τεχνικού_περιεχομένου"
"Ποιο είναι το αρμόδιο γραφείο για την έγκριση τεχνικών παρεμβάσεων σε κοινόχρηστους χώρους;", "αίτηση_γενικού_τεχνικού_περιεχομένου"
"Χρειάζομαι μια βεβαίωση τεχνικού περιεχομένου για δικαστική χρήση.", "αίτηση_γενικού_τεχνικού_περιεχομένου"
"Μπορώ να ζητήσω την τεχνική άποψη του δήμου για τη διαχείριση των ομβρίων υδάτων σε ένα σημείο;", "αίτηση_γενικού_τεχνικού_περιεχομένου"
"Ποια δικαιολογητικά απαιτούνται για μια γενική αίτηση τεχνικής φύσεως;", "αίτηση_γενικού_τεχνικού_περιεχομένου"
"Θέλω να καταθέσω πρόταση για τη βελτίωση των τεχνικών υποδομών στην πλατεία του χωριού.", "αίτηση_γενικού_τεχνικού_περιεχομένου"
"Πώς μπορώ να λάβω πληροφορίες για τις υψομετρικές μελέτες που εκκρεμούν στην περιοχή μου;", "αίτηση_γενικού_τεχνικού_περιεχομένου"
"Χρειάζομαι μια επίσημη απάντηση από την Τεχνική Υπηρεσία για τη δυνατότητα σύνδεσης με δίκτυα.", "αίτηση_γενικού_τεχνικού_περιεχομένου"
"Πού μπορώ να βρω το αρχείο των τεχνικών έργων που έχουν ολοκληρωθεί την τελευταία δεκαετία;", "αίτηση_γενικού_τεχνικού_περιεχομένου"
"Θέλω να αιτηθώ τον έλεγχο μιας τεχνικής κατασκευής που φαίνεται επικίνδυνη για τους περαστικούς.", "αίτηση_γενικού_τεχνικού_περιεχομένου"
"Ποιος μηχανικός είναι υπεύθυνος για την επίβλεψη των τεχνικών θεμάτων στη δημοτική ενότητα;", "αίτηση_γενικού_τεχνικού_περιεχομένου"
"Υπάρχει κάποιο έντυπο γενικής τεχνικής αίτησης που μπορώ να συμπληρώσω ηλεκτρονικά;", "αίτηση_γενικού_τεχνικού_περιεχομένου"
"Χρειάζομαι πληροφορίες για την υλοποίηση της κυκλοφοριακής μελέτης από τεχνικής πλευράς.", "αίτηση_γενικού_τεχνικού_περιεχομένου"
"Μπορώ να ζητήσω αντίγραφο των τεχνικών προδιαγραφών μιας δημόσιας σύμβασης έργου;", "αίτηση_γενικού_τεχνικού_περιεχομένου"
"Θέλω να αναφέρω ένα πρόβλημα στη θεμελίωση δημόσιου τοιχίου αντιστήριξης.", "αίτηση_γενικού_τεχνικού_περιεχομένου"
"Πώς μπορώ να καταθέσω συμπληρωματικά τεχνικά στοιχεία για μια εκκρεμή υπόθεσή μου;", "αίτηση_γενικού_τεχνικού_περιεχομένου"
"Χρειάζομαι μια τεχνική βεβαίωση για την κατάσταση των υποδομών μπροστά από το ακίνητό μου.", "αίτηση_γενικού_τεχνικού_περιεχομένου"
"Ποια είναι η διαδικασία για την υποβολή ενστάσεων επί τεχνικών θεμάτων;", "αίτηση_γενικού_τεχνικού_περιεχομένου"
"Θέλω να ενημερωθώ για το πλάνο συντήρησης των τεχνικών έργων του δήμου.", "αίτηση_γενικού_τεχνικού_περιεχομένου"
"Μπορεί η Τεχνική Υπηρεσία να γνωματεύσει για ένα θέμα οριοθέτησης ρέματος;", "αίτηση_γενικού_τεχνικού_περιεχομένου"
"Χρειάζομαι έγγραφη ενημέρωση για τις τεχνικές δυσκολίες που καθυστερούν ένα έργο.", "αίτηση_γενικού_τεχνικού_περιεχομένου"
"Πώς μπορώ να αιτηθώ την τροποποίηση μιας υφιστάμενης τεχνικής μελέτης;", "αίτηση_γενικού_τεχνικού_περιεχομένου"

"Ο πατέρας μου είναι ΑμεΑ, πώς μπορούμε να έχουμε μια θέση πάρκινγκ κάτω από το σπίτι;","αίτηση_παραχώρησης_αποκλειστικής_θέσης_στάθμευσης_αμεα"
"Ποια δικαιολογητικά χρειάζονται για να δεσμευτεί χώρος στάθμευσης για ανάπηρο;","αίτηση_παραχώρησης_αποκλειστικής_θέσης_στάθμευσης_αμεα"
"Μπορεί η θέση ΑμεΑ να είναι ακριβώς έξω από την είσοδο της πολυκατοικίας;","αίτηση_παραχώρησης_αποκλειστικής_θέσης_στάθμευσης_αμεα"
"Κάθε πότε πρέπει να ανανεώνω την αίτηση για την αποκλειστική θέση στάθμευσης;","αίτηση_παραχώρησης_αποκλειστικής_θέσης_στάθμευσης_αμεα"
"Αν μετακομίσω, μεταφέρεται και η θέση στάθμευσης ΑμεΑ;","αίτηση_παραχώρησης_αποκλειστικής_θέσης_στάθμευσης_αμεα"
"Κάποιος παρκάρει συνεχώς στην θέση ΑμεΑ που μου έχετε παραχωρήσει, τι να κάνω;","αίτηση_παραχώρησης_αποκλειστικής_θέσης_στάθμευσης_αμεα"
"Η σήμανση για την θέση ΑμεΑ έχει ξεθωριάσει, ποιος την φτιάχνει;","αίτηση_παραχώρησης_αποκλειστικής_θέσης_στάθμευσης_αμεα"
"Χρειάζεται γνωμάτευση γιατρού για την αίτηση παραχώρησης θέσης πάρκινγκ;","αίτηση_παραχώρησης_αποκλειστικής_θέσης_στάθμευσης_αμεα"
"Πόσο καιρό παίρνει η διαδικασία για να εγκριθεί μια θέση στάθμευσης για ΑμεΑ;","αίτηση_παραχώρησης_αποκλειστικής_θέσης_στάθμευσης_αμεα"
"Η θέση που μου δώσατε είναι συχνά κατειλημμένη, μπορεί να γίνει καλύτερη σήμανση;","αίτηση_παραχώρησης_αποκλειστικής_θέσης_στάθμευσης_αμεα"
"Πού μπορώ να υποβάλω αίτηση για αποκλειστική θέση στάθμευσης ΑμεΑ;","αίτηση_παραχώρησης_αποκλειστικής_θέσης_στάθμευσης_αμεα"
"Είναι δυνατή η online υποβολή αίτησης για θέση πάρκινγκ ΑμεΑ;","αίτηση_παραχώρησης_αποκλειστικής_θέσης_στάθμευσης_αμεα"
"Ποια υπηρεσία του δήμου είναι αρμόδια για τις θέσεις στάθμευσης ΑμεΑ;","αίτηση_παραχώρησης_αποκλειστικής_θέσης_στάθμευσης_αμεα"
"Χρειάζεται ειδική κάρτα στάθμευσης ΑμεΑ για την αίτηση;","αίτηση_παραχώρησης_αποκλειστικής_θέσης_στάθμευσης_αμεα"
"Τι γίνεται αν δεν υπάρχει διαθέσιμος χώρος για θέση ΑμεΑ στην περιοχή μου;","αίτηση_παραχώρησης_αποκλειστικής_θέσης_στάθμευσης_αμεα"
"Μπορώ να ζητήσω θέση στάθμευσης ΑμεΑ για επισκέπτη ή συγγενή;","αίτηση_παραχώρησης_αποκλειστικής_θέσης_στάθμευσης_αμεα"
"Πού μπορώ να βρω τους κανονισμούς για τις θέσεις στάθμευσης ΑμεΑ;","αίτηση_παραχώρησης_αποκλειστικής_θέσης_στάθμευσης_αμεα"
"Είναι η παραχώρηση θέσης στάθμευσης ΑμεΑ μόνιμη;","αίτηση_παραχώρησης_αποκλειστικής_θέσης_στάθμευσης_αμεα"
"Πώς μπορώ να δηλώσω ότι κάποιος χρησιμοποιεί παράνομα θέση ΑμεΑ;","αίτηση_παραχώρησης_αποκλειστικής_θέσης_στάθμευσης_αμεα"
"Υπάρχει κόστος για την παραχώρηση αποκλειστικής θέσης στάθμευσης ΑμεΑ;","αίτηση_παραχώρησης_αποκλειστικής_θέσης_στάθμευσης_αμεα"
"Πού μπορώ να βρω το έντυπο αίτησης για θέση ΑμεΑ;","αίτηση_παραχώρησης_αποκλειστικής_θέσης_στάθμευσης_αμεα"
"Χρειάζεται γνωμάτευση ΚΕ.Π.Α. για την αίτηση θέσης ΑμεΑ;","αίτηση_παραχώρησης_αποκλειστικής_θέσης_στάθμευσης_αμεα"
"Πώς μπορώ να επιταχύνω τη διαδικασία έγκρισης θέσης ΑμεΑ;","αίτηση_παραχώρησης_αποκλειστικής_θέσης_στάθμευσης_αμεα"
"Τι προβλέπεται για πρόστιμα σε περίπτωση παράνομης κατάληψης θέσης ΑμεΑ;","αίτηση_παραχώρησης_αποκλειστικής_θέσης_στάθμευσης_αμεα"
"Πού μπορώ να ζητήσω αντίγραφο της απόφασης παραχώρησης θέσης ΑμεΑ;","αίτηση_παραχώρησης_αποκλειστικής_θέσης_στάθμευσης_αμεα"
"Είναι η θέση ΑμεΑ αποκλειστικά για το συγκεκριμένο όχημα;","αίτηση_παραχώρησης_αποκλειστικής_θέσης_στάθμευσης_αμεα"
"Πώς μπορώ να δηλώσω αλλαγή οχήματος για την παραχωρημένη θέση ΑμεΑ;","αίτηση_παραχώρησης_αποκλειστικής_θέσης_στάθμευσης_αμεα"
"Υπάρχουν ειδικές ρυθμίσεις για θέσεις ΑμεΑ σε εμπορικές ζώνες;","αίτηση_παραχώρησης_αποκλειστικής_θέσης_στάθμευσης_αμεα"
"Πού μπορώ να βρω εγκυκλίους που αφορούν τις θέσεις στάθμευσης ΑμεΑ;","αίτηση_παραχώρησης_αποκλειστικής_θέσης_στάθμευσης_αμεα"
"Μπορώ να ζητήσω θέση ΑμεΑ σε ιδιωτικό χώρο στάθμευσης που χρησιμοποιείται από το κοινό;","αίτηση_παραχώρησης_αποκλειστικής_θέσης_στάθμευσης_αμεα"
"Ποια είναι η διαδικασία για την ακύρωση παραχωρημένης θέσης ΑμεΑ;","αίτηση_παραχώρησης_αποκλειστικής_θέσης_στάθμευσης_αμεα"
"Χρειάζεται γνωμάτευση κοινωνικής υπηρεσίας για την αίτηση θέσης ΑμεΑ;","αίτηση_παραχώρησης_αποκλειστικής_θέσης_στάθμευσης_αμεα"
"Πού μπορώ να βρω συχνές ερωτήσεις για τις θέσεις στάθμευσης ΑμεΑ;","αίτηση_παραχώρησης_αποκλειστικής_θέσης_στάθμευσης_αμεα"
"Είναι η θέση ΑμεΑ καθοριστική για την πρόσβαση σε δημόσιες υπηρεσίες;","αίτηση_παραχώρησης_αποκλειστικής_θέσης_στάθμευσης_αμεα"
"Πώς μπορώ να αντλήσω στοιχεία για προηγούμενες παραχωρήσεις θέσεων ΑμεΑ;","αίτηση_παραχώρησης_αποκλειστικής_θέσης_στάθμευσης_αμεα"
"Υπάρχει ειδικό καθεστώς για θέσεις ΑμεΑ σε νοσοκομεία ή κέντρα υγείας;","αίτηση_παραχώρησης_αποκλειστικής_θέσης_στάθμευσης_αμεα"
"Πού μπορώ να υποβάλω ένσταση για απόρριψη αίτησης θέσης ΑμεΑ;","αίτηση_παραχώρησης_αποκλειστικής_θέσης_στάθμευσης_αμεα"
"Τι γίνεται αν η τοποθέτηση θέσης ΑμεΑ δεν είναι σύμφωνη με τις προδιαγραφές;","αίτηση_παραχώρησης_αποκλειστικής_θέσης_στάθμευσης_αμεα"
"Πώς μπορώ να λάβω πληροφορίες για το κόστος συντήρησης σήμανσης θέσης ΑμεΑ;","αίτηση_παραχώρησης_αποκλειστικής_θέσης_στάθμευσης_αμεα"
"Είναι η ύπαρξη θέσης ΑμεΑ απαραίτητη για την άδεια λειτουργίας καταστήματος υγειονομικού ενδιαφέροντος;","αίτηση_παραχώρησης_αποκλειστικής_θέσης_στάθμευσης_αμεα"
"Πού μπορώ να βρω αποφάσεις δικαστηρίων για ζητήματα θέσεων ΑμεΑ;","αίτηση_παραχώρησης_αποκλειστικής_θέσης_στάθμευσης_αμεα"
"Μπορώ να αιτηθώ για θέση ΑμεΑ σε αγροτική περιοχή;","αίτηση_παραχώρησης_αποκλειστικής_θέσης_στάθμευσης_αμεα"
"Ποια είναι η διαδικασία για την αφαίρεση μιας θέσης ΑμεΑ που δεν χρησιμοποιείται πλέον;","αίτηση_παραχώρησης_αποκλειστικής_θέσης_στάθμευσης_αμεα"
"Χρειάζεται επικύρωση της αίτησης από δικηγόρο;","αίτηση_παραχώρησης_αποκλειστικής_θέσης_στάθμευσης_αμεα"
"Πού μπορώ να επικοινωνήσω για νομικές συμβουλές σχετικά με τις θέσεις στάθμευσης ΑμεΑ;","αίτηση_παραχώρησης_αποκλειστικής_θέσης_στάθμευσης_αμεα"
"Είναι η αποκλειστική θέση στάθμευσης ΑμεΑ το ίδιο με τον χώρο στάθμευσης πολυκατοικίας;","αίτηση_παραχώρησης_αποκλειστικής_θέσης_στάθμευσης_αμεα"
"Πώς μπορώ να δηλώσω ανάγκη για επιπλέον θέση ΑμεΑ σε δημόσιο χώρο;","αίτηση_παραχώρησης_αποκλειστικής_θέσης_στάθμευσης_αμεα"
"Υπάρχουν περιορισμοί στον αριθμό των θέσεων ΑμεΑ που μπορούν να παραχωρηθούν;","αίτηση_παραχώρησης_αποκλειστικής_θέσης_στάθμευσης_αμεα"
"Πού μπορώ να βρω παλαιούς χάρτες που δείχνουν τις θέσεις ΑμεΑ;","αίτηση_παραχώρησης_αποκλειστικής_θέσης_στάθμευσης_αμεα"
"Τι γίνεται αν η ανάγκη θέσης ΑμεΑ αμφισβητείται από τους γείτονες;","αίτηση_παραχώρησης_αποκλειστικής_θέσης_στάθμευσης_αμεα"
"Ο πατέρας μου έχει αναπηρία, πώς μπορώ να ζητήσω μια θέση πάρκινγκ έξω από το σπίτι μας;","αίτηση_παραχώρησης_αποκλειστικής_θέσης_στάθμευσης_αμεα"
"Έχω ειδική κάρτα για ΑμεΑ, τι πρέπει να κάνω για να έχω τη δική μου θέση;","αίτηση_παραχώρησης_αποκλειστικής_θέσης_στάθμευσης_αμεα"
"Πρέπει να πάω στον δήμο για να κάνω αίτηση για θέση στάθμευσης για ανάπηρο;","αίτηση_παραχώρησης_αποκλειστικής_θέσης_στάθμευσης_αμεα"
"Πόσο καιρό κάνει να εγκριθεί μια θέση πάρκινγκ για ΑμεΑ;","αίτηση_παραχώρησης_αποκλειστικής_θέσης_στάθμευσης_αμεα"
"Ο γείτονας παρκάρει στη θέση μου, μπορώ να τον καταγγείλω;","αίτηση_παραχώρησης_αποκλειστικής_θέσης_στάθμευσης_αμεα"
"Χρειάζεται να ανανεώνω την αίτηση για τη θέση ΑμεΑ κάθε χρόνο;","αίτηση_παραχώρησης_αποκλειστικής_θέσης_στάθμευσης_αμεα"
"Αν αλλάξω αυτοκίνητο, χάνω την αποκλειστική θέση;","αίτηση_παραχώρησης_αποκλειστικής_θέσης_στάθμευσης_αμεα"
"Πού μπορώ να βρω το κόστος για την τοποθέτηση της σήμανσης για τη θέση ΑμεΑ;","αίτηση_παραχώρησης_αποκλειστικής_θέσης_στάθμευσης_αμεα"
"Θέλω να δηλώσω ένα σημείο που είναι επικίνδυνο για να μπουν ΑμεΑ στο πεζοδρόμιο.","αίτηση_παραχώρησης_αποκλειστικής_θέσης_στάθμευσης_αμεα"
"Μπορώ να ζητήσω μια θέση στάθμευσης για ΑμεΑ κοντά στην εργασία μου;","αίτηση_παραχώρησης_αποκλειστικής_θέσης_στάθμευσης_αμεα"
"Πού μπορώ να βρω τους κανονισμούς για τις θέσεις στάθμευσης για άτομα με αναπηρία;","αίτηση_παραχώρησης_αποκλειστικής_θέσης_στάθμευσης_αμεα"
"Χρειάζεται γνωμάτευση από το ΚΕΠΑ για την αίτηση;","αίτηση_παραχώρησης_αποκλειστικής_θέσης_στάθμευσης_αμεα"
"Πώς μπορώ να ελέγξω την πορεία της αίτησής μου για θέση ΑμεΑ;","αίτηση_παραχώρησης_αποκλειστικής_θέσης_στάθμευσης_αμεα"
"Ποιος είναι ο αρμόδιος φορέας για να εγκρίνει μια θέση πάρκινγκ για ΑμεΑ;","αίτηση_παραχώρησης_αποκλειστικής_θέσης_στάθμευσης_αμεα"
"Θέλω να δηλώσω ότι η σήμανση της θέσης ΑμεΑ που μου δώσατε έχει σβηστεί.","αίτηση_παραχώρησης_αποκλειστικής_θέσης_στάθμευσης_αμεα"
"Πώς μπορώ να ζητήσω την αφαίρεση της θέσης ΑμεΑ, γιατί δεν τη χρησιμοποιούμε πια;","αίτηση_παραχώρησης_αποκλειστικής_θέσης_στάθμευσης_αμεα"
"Μπορώ να κάνω online αίτηση για να μου παραχωρηθεί μια θέση ΑμεΑ;","αίτηση_παραχώρησης_αποκλειστικής_θέσης_στάθμευσης_αμεα"
"Πρέπει να έχω κάρτα στάθμευσης για να κάνω την αίτηση;","αίτηση_παραχώρησης_αποκλειστικής_θέσης_στάθμευσης_αμεα"
"Υπάρχουν περιορισμοί στον αριθμό των θέσεων ΑμεΑ που μπορώ να ζητήσω;","αίτηση_παραχώρησης_αποκλειστικής_θέσης_στάθμευσης_αμεα"
"Πού μπορώ να βρω το έντυπο αίτησης για θέση στάθμευσης για ανάπηρο;","αίτηση_παραχώρησης_αποκλειστικής_θέσης_στάθμευσης_αμεα"
"Ποια είναι η διαδικασία για να αιτηθώ προσωπική θέση στάθμευσης ΑμεΑ έξω από το σπίτι μου;", "αίτηση_παραχώρησης_αποκλειστικής_θέσης_στάθμευσης_αμεα"
"Τι δικαιολογητικά χρειάζονται από το ΚΕΠΑ για την παραχώρηση θέσης πάρκινγκ αναπηρικού οχήματος;", "αίτηση_παραχώρησης_αποκλειστικής_θέσης_στάθμευσης_αμεα"
"Χρειάζομαι αποκλειστική θέση στάθμευσης ΑμεΑ έξω από τον χώρο της εργασίας μου.", "αίτηση_παραχώρησης_αποκλειστικής_θέσης_στάθμευσης_αμεα"
"Πώς μπορώ να ανανεώσω την άδεια της αποκλειστικής θέσης στάθμευσης που έχει λήξει;", "αίτηση_παραχώρησης_αποκλειστικής_θέσης_στάθμευσης_αμεα"
"Μπορώ να ζητήσω θέση στάθμευσης ΑμεΑ αν είμαι ο οδηγός που μεταφέρει άτομο με αναπηρία;", "αίτηση_παραχώρησης_αποκλειστικής_θέσης_στάθμευσης_αμεα"
"Ποιο είναι το ελάχιστο ποσοστό αναπηρίας που απαιτείται για την παραχώρηση θέσης;", "αίτηση_παραχώρησης_αποκλειστικής_θέσης_στάθμευσης_αμεα"
"Η σήμανση της προσωπικής μου θέσης ΑμεΑ έχει σβηστεί, πώς μπορώ να ζητήσω επαναβαφή;", "αίτηση_παραχώρησης_αποκλειστικής_θέσης_στάθμευσης_αμεα"
"Πόσο καιρό διαρκεί η εξέταση της αίτησης για θέση στάθμευσης από την αρμόδια επιτροπή;", "αίτηση_παραχώρησης_αποκλειστικής_θέσης_στάθμευσης_αμεα"
"Χρειάζεται να καταθέσω τοπογραφικό διάγραμμα για το σημείο που ζητάω τη θέση πάρκινγκ;", "αίτηση_παραχώρησης_αποκλειστικής_θέσης_στάθμευσης_αμεα"
"Μπορεί ο δήμος να τοποθετήσει πινακίδα με τον αριθμό κυκλοφορίας του οχήματός μου στη θέση ΑμεΑ;", "αίτηση_παραχώρησης_αποκλειστικής_θέσης_στάθμευσης_αμεα"
"Πού υποβάλλεται η ένσταση αν απορριφθεί το αίτημά μου για αποκλειστική θέση στάθμευσης;", "αίτηση_παραχώρησης_αποκλειστικής_θέσης_στάθμευσης_αμεα"
"Είναι δυνατή η παραχώρηση θέσης ΑμεΑ σε δρόμο που ισχύει ελεγχόμενη στάθμευση;", "αίτηση_παραχώρησης_αποκλειστικής_θέσης_στάθμευσης_αμεα"
"Τι γίνεται αν κάποιος άλλος παρκάρει στην αποκλειστική θέση ΑμεΑ που μου έχει παραχωρηθεί;", "αίτηση_παραχώρησης_αποκλειστικής_θέσης_στάθμευσης_αμεα"
"Πώς μπορώ να μεταφέρω τη θέση στάθμευσης ΑμεΑ λόγω μετακόμισης σε νέα διεύθυνση;", "αίτηση_παραχώρησης_αποκλειστικής_θέσης_στάθμευσης_αμεα"
"Χρειάζομαι βεβαίωση από τον δήμο ότι η θέση στάθμευσης ΑμεΑ είναι νόμιμη και ενεργή.", "αίτηση_παραχώρησης_αποκλειστικής_θέσης_στάθμευσης_αμεα"
"Μπορώ να αιτηθώ θέση ΑμεΑ αν δεν διαθέτω ιδιόκτητη θέση στάθμευσης στην πολυκατοικία μου;", "αίτηση_παραχώρησης_αποκλειστικής_θέσης_στάθμευσης_αμεα"
"Ποια υπηρεσία είναι αρμόδια για την τοποθέτηση των πινακίδων P-72 σε θέσεις ΑμεΑ;", "αίτηση_παραχώρησης_αποκλειστικής_θέσης_στάθμευσης_αμεα"
"Ποια είναι τα κριτήρια για την έγκριση θέσης στάθμευσης ΑμεΑ σε στενούς δρόμους;", "αίτηση_παραχώρησης_αποκλειστικής_θέσης_στάθμευσης_αμεα"
"Θέλω να αναφέρω ότι η πινακίδα της αποκλειστικής μου θέσης έχει κλαπεί ή καταστραφεί.", "αίτηση_παραχώρησης_αποκλειστικής_θέσης_στάθμευσης_αμεα"
"Είναι δωρεάν η παραχώρηση αποκλειστικής θέσης στάθμευσης από τον δήμο;", "αίτηση_παραχώρησης_αποκλειστικής_θέσης_στάθμευσης_αμεα"
"Πώς μπορώ να ακυρώσω μια θέση στάθμευσης ΑμεΑ που δεν χρησιμοποιείται πλέον;", "αίτηση_παραχώρησης_αποκλειστικής_θέσης_στάθμευσης_αμεα"
"Χρειάζεται να προσκομίσω υπεύθυνη δήλωση των συνιδιοκτητών για τη θέση πάρκινγκ;", "αίτηση_παραχώρησης_αποκλειστικής_θέσης_στάθμευσης_αμεα"
"Μπορεί να παραχωρηθεί θέση ΑμεΑ σε πεζόδρομο αν υπάρχει ανάγκη πρόσβασης;", "αίτηση_παραχώρησης_αποκλειστικής_θέσης_στάθμευσης_αμεα"
"Ποια έγγραφα αποδεικνύουν τη μόνιμη κατοικία για την αίτηση θέσης στάθμευσης ΑμεΑ;", "αίτηση_παραχώρησης_αποκλειστικής_θέσης_στάθμευσης_αμεα"
"Πόσες θέσεις ΑμεΑ επιτρέπεται να υπάρχουν ανά οικοδομικό τετράγωνο;", "αίτηση_παραχώρησης_αποκλειστικής_θέσης_στάθμευσης_αμεα"
"Θέλω να ενημερωθώ για την απόφαση του Δημοτικού Συμβουλίου σχετικά με τη θέση μου.", "αίτηση_παραχώρησης_αποκλειστικής_θέσης_στάθμευσης_αμεα"
"Μπορώ να χρησιμοποιώ τη θέση ΑμεΑ με δύο διαφορετικά οχήματα που ανήκουν στην οικογένεια;", "αίτηση_παραχώρησης_αποκλειστικής_θέσης_στάθμευσης_αμεα"
"Τι προδιαγραφές πρέπει να έχει η διαγράμμιση για μια προσωπική θέση στάθμευσης ΑμεΑ;", "αίτηση_παραχώρησης_αποκλειστικής_θέσης_στάθμευσης_αμεα"
"Χρειάζεται ιατρική βεβαίωση που να αναφέρει τη δυσκολία στη βάδιση για τη θέση πάρκινγκ;", "αίτηση_παραχώρησης_αποκλειστικής_θέσης_στάθμευσης_αμεα"
"Πώς μπορώ να ελέγξω αν μια θέση στάθμευσης ΑμεΑ είναι νόμιμα παραχωρημένη;", "αίτηση_παραχώρησης_αποκλειστικής_θέσης_στάθμευσης_αμεα"
"Ποιος αναλαμβάνει το κόστος της σήμανσης για την αποκλειστική θέση στάθμευσης ΑμεΑ;", "αίτηση_παραχώρησης_αποκλειστικής_θέσης_στάθμευσης_αμεα"

"Πώς μπορώ να ζητήσω να βάλετε κίτρινη γραμμή μπροστά από το γκαράζ μου για να μην παρκάρουν;","αίτηση_κίτρινης_διαγράμμισης"
"Στην είσοδο του μαγαζιού μου παρκάρουν συνέχεια και δεν μπορούν να μπουν οι πελάτες, γίνεται να μπει ζιγκ-ζαγκ;","αίτηση_κίτρινης_διαγράμμισης"
"Τι προϋποθέσεις υπάρχουν για να εγκριθεί η κίτρινη διαγράμμιση;","αίτηση_κίτρινης_διαγράμμισης"
"Η ράμπα του πεζοδρομίου είναι μονίμως κλειστή από αυτοκίνητα, βοηθάει η κίτρινη γραμμή;","αίτηση_κίτρινης_διαγράμμισης"
"Ποιος αναλαμβάνει το κόστος για την διαγράμμιση ζιγκ-ζαγκ;","αίτηση_κίτρινης_διαγράμμισης"
"Μπορώ να κάνω αίτηση για κίτρινη γραμμή μπροστά από την είσοδο της αποθήκης μου;","αίτηση_κίτρινης_διαγράμμισης"
"Κάναμε αίτηση για ζιγκ-ζαγκ αλλά απορρίφθηκε, μπορούμε να ξανακάνουμε;","αίτηση_κίτρινης_διαγράμμισης"
"Πόσα μέτρα καλύπτει η κίτρινη διαγράμμιση;","αίτηση_κίτρινης_διαγράμμισης"
"Αν κάποιος παρκάρει πάνω στην κίτρινη γραμμή, μπορώ να καλέσω την τροχαία;","αίτηση_κίτρινης_διαγράμμισης"
"Η κίτρινη γραμμή που είχαμε έχει σβηστεί, πού δηλώνω να την ξαναβάψουν;","αίτηση_κίτρινης_διαγράμμισης"
"Ποια δικαιολογητικά χρειάζονται για αίτηση κίτρινης διαγράμμισης;","αίτηση_κίτρινης_διαγράμμισης"
"Πόσος χρόνος απαιτείται για την έγκριση και υλοποίηση κίτρινης διαγράμμισης;","αίτηση_κίτρινης_διαγράμμισης"
"Μπορώ να αιτηθώ ηλεκτρονικά για κίτρινη διαγράμμιση;","αίτηση_κίτρινης_διαγράμμισης"
"Σε ποια υπηρεσία του δήμου απευθύνομαι για κίτρινη διαγράμμιση;","αίτηση_κίτρινης_διαγράμμισης"
"Είναι απαραίτητη η αυτοψία για την έγκριση κίτρινης διαγράμμισης;","αίτηση_κίτρινης_διαγράμμισης"
"Ποιοι άλλοι τρόποι απαγόρευσης στάθμευσης υπάρχουν;","αίτηση_κίτρινης_διαγράμμισης"
"Χρειάζεται σχέδιο κυκλοφοριακής μελέτης για την κίτρινη διαγράμμιση;","αίτηση_κίτρινης_διαγράμμισης"
"Πώς μπορώ να παρακολουθήσω την πορεία της αίτησης για κίτρινη διαγράμμιση;","αίτηση_κίτρινης_διαγράμμισης"
"Τι γίνεται αν η κίτρινη διαγράμμιση δεν είναι σύμφωνη με τις προδιαγραφές;","αίτηση_κίτρινης_διαγράμμισης"
"Πού μπορώ να βρω τους κανονισμούς για την κίτρινη διαγράμμιση;","αίτηση_κίτρινης_διαγράμμισης"
"Είναι η κίτρινη διαγράμμιση κρίσιμη για την ασφάλεια των πεζών;","αίτηση_κίτρινης_διαγράμμισης"
"Πού μπορώ να βρω τη νομοθεσία για τις διαγραμμίσεις;","αίτηση_κίτρινης_διαγράμμισης"
"Μπορώ να ζητήσω κίτρινη διαγράμμιση μέσω ΚΕΠ;","αίτηση_κίτρινης_διαγράμμισης"
"Ποιος είναι ο ρόλος της Τροχαίας στην έγκριση κίτρινης διαγράμμισης;","αίτηση_κίτρινης_διαγράμμισης"
"Χρειάζεται έγκριση από το Δημοτικό Συμβούλιο για την κίτρινη διαγράμμιση;","αίτηση_κίτρινης_διαγράμμισης"
"Πώς μπορώ να επιταχύνω την υλοποίηση της κίτρινης διαγράμμισης;","αίτηση_κίτρινης_διαγράμμισης"
"Τι προβλέπεται για πρόστιμα σε περίπτωση παράνομης στάθμευσης σε κίτρινη γραμμή;","αίτηση_κίτρινης_διαγράμμισης"
"Πού μπορώ να ζητήσω αντίγραφα αποφάσεων για κίτρινη διαγράμμιση;","αίτηση_κίτρινης_διαγράμμισης"
"Είναι η κίτρινη διαγράμμιση απαραίτητη για χώρους φορτοεκφόρτωσης;","αίτηση_κίτρινης_διαγράμμισης"
"Πώς μπορώ να δηλώσω φθορές στην κίτρινη διαγράμμιση;","αίτηση_κίτρινης_διαγράμμισης"
"Υπάρχουν ειδικές ρυθμίσεις για κίτρινη διαγράμμιση σε σχολικές ζώνες;","αίτηση_κίτρινης_διαγράμμισης"
"Πού μπορώ να βρω εγκυκλίους που αφορούν την κίτρινη διαγράμμιση;","αίτηση_κίτρινης_διαγράμμισης"
"Μπορώ να ζητήσω κίτρινη διαγράμμιση σε ιδιωτικό δρόμο με κοινόχρηστη πρόσβαση;","αίτηση_κίτρινης_διαγράμμισης"
"Ποια είναι η διαδικασία για την αφαίρεση κίτρινης διαγράμμισης;","αίτηση_κίτρινης_διαγράμμισης"
"Χρειάζεται απόφαση κυκλοφοριακής επιτροπής για την κίτρινη διαγράμμιση;","αίτηση_κίτρινης_διαγράμμισης"
"Πού μπορώ να βρω συχνές ερωτήσεις για την κίτρινη διαγράμμιση;","αίτηση_κίτρινης_διαγράμμισης"
"Είναι η κίτρινη διαγράμμιση καθοριστική για την πρόσβαση σε χώρους έκτακτης ανάγκης;","αίτηση_κίτρινης_διαγράμμισης"
"Πώς μπορώ να αντλήσω στοιχεία για προηγούμενες κίτρινες διαγραμμίσεις;","αίτηση_κίτρινης_διαγράμμισης"
"Υπάρχει ειδικό καθεστώς για κίτρινη διαγράμμιση σε νοσοκομεία;","αίτηση_κίτρινης_διαγράμμισης"
"Πού μπορώ να υποβάλω ένσταση για απόρριψη αίτησης κίτρινης διαγράμμισης;","αίτηση_κίτρινης_διαγράμμισης"
"Τι γίνεται αν η κίτρινη διαγράμμιση αμφισβητείται από τους κατοίκους;","αίτηση_κίτρινης_διαγράμμισης"
"Πώς μπορώ να λάβω πληροφορίες για το υλικό της κίτρινης διαγράμμισης;","αίτηση_κίτρινης_διαγράμμισης"
"Είναι η κίτρινη διαγράμμιση το ίδιο με την απαγόρευση στάσης;","αίτηση_κίτρινης_διαγράμμισης"
"Πώς μπορώ να δηλώσω ανάγκη για κίτρινη διαγράμμιση σε περίπτωση νέας επιχείρησης;","αίτηση_κίτρινης_διαγράμμισης"
"Υπάρχουν περιορισμοί στην απόσταση της κίτρινης διαγράμμισης από τη γωνία;","αίτηση_κίτρινης_διαγράμμισης"
"Πού μπορώ να βρω παλαιούς χάρτες που δείχνουν τις κίτρινες διαγραμμίσεις;","αίτηση_κίτρινης_διαγράμμισης"
"Τι γίνεται αν η κίτρινη διαγράμμιση δεν τηρείται από τους οδηγούς;","αίτηση_κίτρινης_διαγράμμισης"
"Πώς μπορώ να λάβω πληροφορίες για το κόστος συντήρησης κίτρινης διαγράμμισης;","αίτηση_κίτρινης_διαγράμμισης"
"Παρκάρουν συνέχεια μπροστά στην είσοδο του σπιτιού μου, πώς μπορώ να βάλω μια κίτρινη γραμμή;","αίτηση_κίτρινης_διαγράμμισης"
"Χρειάζεται να μπουν ζιγκ-ζαγκ μπροστά στο γκαράζ μου για να μην κλείνουν την είσοδο.","αίτηση_κίτρινης_διαγράμμισης"
"Πώς μπορώ να ζητήσω να βαφτεί ξανά η κίτρινη γραμμή που έχει σβηστεί;","αίτηση_κίτρινης_διαγράμμισης"
"Υπάρχει κάποια αίτηση για κίτρινη διαγράμμιση;","αίτηση_κίτρινης_διαγράμμισης"
"Ο δήμος είναι υπεύθυνος για να κάνει τη διαγράμμιση ζιγκ-ζαγκ;","αίτηση_κίτρινης_διαγράμμισης"
"Πώς μπορώ να κάνω μια αναφορά για παράνομο παρκάρισμα σε κίτρινη γραμμή;","αίτηση_κίτρινης_διαγράμμισης"
"Χρειάζεται να πληρώσω για την κίτρινη διαγράμμιση μπροστά στο μαγαζί μου;","αίτηση_κίτρινης_διαγράμμισης"
"Πού μπορώ να βρω το τηλέφωνο του τμήματος που ασχολείται με τις διαγραμμίσεις;","αίτηση_κίτρινης_διαγράμμισης"
"Θέλω να δηλώσω ότι η κίτρινη γραμμή που βάψατε είναι πολύ μικρή.","αίτηση_κίτρινης_διαγράμμισης"
"Πρέπει να πάρω την έγκριση της τροχαίας για να μπει κίτρινη διαγράμμιση;","αίτηση_κίτρινης_διαγράμμισης"
"Ποια είναι η διαδικασία για την αφαίρεση μιας κίτρινης γραμμής;","αίτηση_κίτρινης_διαγράμμισης"
"Μπορώ να ζητήσω να επεκταθεί η κίτρινη διαγράμμιση;","αίτηση_κίτρινης_διαγράμμισης"
"Χρειάζεται σχέδιο με τον χώρο που θέλω να γίνει η διαγράμμιση;","αίτηση_κίτρινης_διαγράμμισης"
"Ο δήμος έχει κάποιο πρόγραμμα για την συντήρηση των κίτρινων γραμμών;","αίτηση_κίτρινης_διαγράμμισης"
"Θέλω να κάνω καταγγελία για έναν οδηγό που παρκάρει συνέχεια σε κίτρινη γραμμή.","αίτηση_κίτρινης_διαγράμμισης"
"Πρέπει να πληρώσω ένα παράβολο για την αίτηση κίτρινης διαγράμμισης;","αίτηση_κίτρινης_διαγράμμισης"
"Πώς μπορώ να βρω τους κανονισμούς για την τοποθέτηση κίτρινων γραμμών;","αίτηση_κίτρινης_διαγράμμισης"
"Μπορώ να ζητήσω να βαφτεί μια κίτρινη γραμμή μπροστά από τη ράμπα για ΑμεΑ;","αίτηση_κίτρινης_διαγράμμισης"
"Πού μπορώ να βρω το κόστος για την ανανέωση μιας κίτρινης διαγράμμισης;","αίτηση_κίτρινης_διαγράμμισης"
"Χρειάζεται η υπογραφή όλων των κατοίκων για να γίνει η κίτρινη διαγράμμιση;","αίτηση_κίτρινης_διαγράμμισης"
"Πώς μπορώ να υποβάλω αίτηση για κίτρινη διαγράμμιση μπροστά από την είσοδο του γκαράζ μου;", "αίτηση_κίτρινης_διαγράμμισης"
"Χρειάζομαι κίτρινη γραμμή στο οδόστρωμα γιατί παρκάρουν αυτοκίνητα και δεν μπορώ να βγω από το σπίτι μου.", "αίτηση_κίτρινης_διαγράμμισης"
"Ποια δικαιολογητικά απαιτούνται για την έγκριση κίτρινης διαγράμμισης απαγόρευσης στάθμευσης;", "αίτηση_κίτρινης_διαγράμμισης"
"Η κίτρινη διαγράμμιση έξω από την πιλοτή μου έχει σβηστεί και οι οδηγοί την αγνοούν.", "αίτηση_κίτρινης_διαγράμμισης"
"Θέλω να αιτηθώ κίτρινη γραμμή στη γωνία του δρόμου για να μπορούν να στρίβουν τα απορριμματοφόρα.", "αίτηση_κίτρινης_διαγράμμισης"
"Ποιο είναι το κόστος του παραβόλου για τη χάραξη κίτρινης γραμμής από τον δήμο;", "αίτηση_κίτρινης_διαγράμμισης"
"Μπορώ να βάψω μόνος μου την κίτρινη γραμμή αν έχω την άδεια από την τεχνική υπηρεσία;", "αίτηση_κίτρινης_διαγράμμισης"
"Χρειάζεται απόφαση της επιτροπής κυκλοφορίας για να τοποθετηθεί κίτρινη σήμανση στο οδόστρωμα;", "αίτηση_κίτρινης_διαγράμμισης"
"Πώς μπορώ να ζητήσω επέκταση της υπάρχουσας κίτρινης διαγράμμισης λόγω μεγάλου οχήματος;", "αίτηση_κίτρινης_διαγράμμισης"
"Η κίτρινη γραμμή μπροστά από το κατάστημά μου δεν είναι πλέον ορατή, παρακαλώ για επαναβαφή.", "αίτηση_κίτρινης_διαγράμμισης"
"Ποια είναι η διαδικασία για την ακύρωση μιας κίτρινης διαγράμμισης που δεν χρειάζεται πλέον;", "αίτηση_κίτρινης_διαγράμμισης"
"Είναι νόμιμη η κίτρινη διαγράμμιση αν δεν συνοδεύεται από την αντίστοιχη πινακίδα P-40;", "αίτηση_κίτρινης_διαγράμμισης"
"Χρειάζομαι κίτρινο πλέγμα στη διασταύρωση για να μην μπλοκάρεται η κυκλοφορία.", "αίτηση_κίτρινης_διαγράμμισης"
"Μπορεί ο δήμος να βάλει κίτρινη γραμμή σε ιδιωτικό δρόμο που είναι σε κοινή χρήση;", "αίτηση_κίτρινης_διαγράμμισης"
"Πού υποβάλλεται η καταγγελία για παράνομη κίτρινη διαγράμμιση που έγινε από ιδιώτη;", "αίτηση_κίτρινης_διαγράμμισης"
"Πόσο καιρό διαρκεί η έγκριση για τη σήμανση απαγόρευσης στάθμευσης με κίτρινη γραμμή;", "αίτηση_κίτρινης_διαγράμμισης"
"Θέλω να μάθω αν η κίτρινη γραμμή έξω από την είσοδο του πάρκινγκ μου είναι εγκεκριμένη.", "αίτηση_κίτρινης_διαγράμμισης"
"Ποια υπηρεσία είναι αρμόδια για τη βαφή των κίτρινων διαγραμμίσεων στον δήμο;", "αίτηση_κίτρινης_διαγράμμισης"
"Χρειάζεται να προσκομίσω την άδεια λειτουργίας του γκαράζ για την κίτρινη γραμμή;", "αίτηση_κίτρινης_διαγράμμισης"
"Η κίτρινη διαγράμμιση έχει γίνει σε λάθος σημείο και εμποδίζει νόμιμες θέσεις πάρκινγκ.", "αίτηση_κίτρινης_διαγράμμισης"
"Πώς μπορώ να ζητήσω τη διαγράμμιση «Χ» (ζικ-ζακ) μπροστά από την είσοδο του σχολείου;", "αίτηση_κίτρινης_διαγράμμισης"
"Μπορώ να αιτηθώ κίτρινη γραμμή για να διευκολυνθεί η στροφή του λεωφορείου στη γωνία;", "αίτηση_κίτρινης_διαγράμμισης"
"Τι μέγεθος πρέπει να έχει η κίτρινη γραμμή μπροστά από μια νόμιμη είσοδο-έξοδο οχημάτων;", "αίτηση_κίτρινης_διαγράμμισης"
"Χρειάζομαι βεβαίωση ότι η κίτρινη διαγράμμιση έχει τοποθετηθεί με εντολή του δήμου.", "αίτηση_κίτρινης_διαγράμμισης"
"Ποιο είναι το πρόστιμο για στάθμευση πάνω σε κίτρινη διαγράμμιση απαγόρευσης;", "αίτηση_κίτρινης_διαγράμμισης"
"Η κίτρινη γραμμή έχει καλυφθεί από άσφαλτο μετά τα έργα και πρέπει να ξαναγίνει.", "αίτηση_κίτρινης_διαγράμμισης"
"Θέλω να ζητήσω κίτρινη σήμανση για τη διασφάλιση της πρόσβασης σε πυροσβεστικό κρουνό.", "αίτηση_κίτρινης_διαγράμμισης"
"Μπορεί να μπει κίτρινη γραμμή σε στενό δρόμο διπλής κατεύθυνσης για να μην κλείνει;", "αίτηση_κίτρινης_διαγράμμισης"
"Πώς ενημερώνομαι για την ημερομηνία που θα έρθει το συνεργείο για τη διαγράμμιση;", "αίτηση_κίτρινης_διαγράμμισης"
"Χρειάζεται υπεύθυνη δήλωση για την αίτηση κίτρινης γραμμής σε κοινόχρηστο γκαράζ;", "αίτηση_κίτρινης_διαγράμμισης"
"Η κίτρινη γραμμή είναι απαραίτητη για την ασφαλή ορατότητα των οδηγών στη διασταύρωση.", "αίτηση_κίτρινης_διαγράμμισης"
"Ποιος επιβλέπει τη σωστή εφαρμογή των κίτρινων διαγραμμίσεων βάσει της μελέτης;", "αίτηση_κίτρινης_διαγράμμισης"

"Πού γίνεται η αίτηση για έκδοση οικοδομησιμότητας;","οικοδομησιμότητα"
"Χρειάζομαι βεβαίωση οικοδομησιμότητας για συμβολαιογράφο.","οικοδομησιμότητα"
"Ποια υπηρεσία δίνει πιστοποιητικό οικοδομησιμότητας;","οικοδομησιμότητα"
"Υπάρχει ηλεκτρονική διαδικασία για οικοδομησιμότητα;","οικοδομησιμότητα"
"Τι δικαιολογητικά απαιτούνται για την αίτηση;","οικοδομησιμότητα"
"Ποιος είναι ο χρόνος έκδοσης πιστοποιητικού οικοδομησιμότητας;","οικοδομησιμότητα"
"Μπορώ να ελέγξω online αν ένα οικόπεδο είναι οικοδομήσιμο;","οικοδομησιμότητα"
"Σε ποια Διεύθυνση Πολεοδομίας απευθύνομαι για ζητήματα οικοδομησιμότητας;","οικοδομησιμότητα"
"Είναι απαραίτητη η αυτοψία μηχανικού για τη βεβαίωση οικοδομησιμότητας;","οικοδομησιμότητα"
"Ποιοι άλλοι παράγοντες επηρεάζουν την οικοδομησιμότητα;","οικοδομησιμότητα"
"Χρειάζεται τοπογραφικό διάγραμμα για την αίτηση οικοδομησιμότητας;","οικοδομησιμότητα"
"Πώς μπορώ να διορθώσω λανθασμένα στοιχεία σε βεβαίωση οικοδομησιμότητας;","οικοδομησιμότητα"
"Τι γίνεται αν το οικόπεδό μου δεν είναι οικοδομήσιμο;","οικοδομησιμότητα"
"Πού μπορώ να βρω τους όρους δόμησης για την περιοχή μου;","οικοδομησιμότητα"
"Είναι η οικοδομησιμότητα κρίσιμη για την αγοραπωλησία ακινήτου;","οικοδομησιμότητα"
"Πού μπορώ να βρω τη νομοθεσία για την οικοδομησιμότητα;","οικοδομησιμότητα"
"Μπορώ να ζητήσω βεβαίωση οικοδομησιμότητας μέσω ΚΕΠ;","οικοδομησιμότητα"
"Ποιος είναι ο ρόλος του Κτηματολογίου στην οικοδομησιμότητα;","οικοδομησιμότητα"
"Χρειάζεται βεβαίωση μηχανικού για την οικοδομησιμότητα;","οικοδομησιμότητα"
"Πώς μπορώ να επιταχύνω την έκδοση βεβαίωσης οικοδομησιμότητας;","οικοδομησιμότητα"
"Τι προβλέπεται για οικόπεδα που βρίσκονται εντός ρέματος;","οικοδομησιμότητα"
"Πού μπορώ να ζητήσω αντίγραφα αποφάσεων για την οικοδομησιμότητα;","οικοδομησιμότητα"
"Είναι η οικοδομησιμότητα απαραίτητη για την έκδοση οικοδομικής άδειας;","οικοδομησιμότητα"
"Πώς μπορώ να δηλώσω ότι ένα οικόπεδο έχει αλλάξει χαρακτηρισμό οικοδομησιμότητας;","οικοδομησιμότητα"
"Υπάρχουν ειδικές ρυθμίσεις για οικοδομησιμότητα σε παραδοσιακούς οικισμούς;","οικοδομησιμότητα"
"Πού μπορώ να βρω εγκυκλίους που αφορούν την οικοδομησιμότητα;","οικοδομησιμότητα"
"Μπορώ να ζητήσω βεβαίωση οικοδομησιμότητας για αγροτεμάχιο;","οικοδομησιμότητα"
"Ποια είναι η διαδικασία για την αναθεώρηση βεβαίωσης οικοδομησιμότητας;","οικοδομησιμότητα"
"Χρειάζεται απόφαση δημοτικού συμβουλίου για την οικοδομησιμότητα;","οικοδομησιμότητα"
"Πού μπορώ να βρω συχνές ερωτήσεις για την οικοδομησιμότητα;","οικοδομησιμότητα"
"Είναι η οικοδομησιμότητα καθοριστική για την αξία του ακινήτου;","οικοδομησιμότητα"
"Πώς μπορώ να αντλήσω στοιχεία για προηγούμενες βεβαιώσεις οικοδομησιμότητας;","οικοδομησιμότητα"
"Υπάρχει ειδικό καθεστώς για οικοδομησιμότητα σε εκτός σχεδίου περιοχές;","οικοδομησιμότητα"
"Πού μπορώ να υποβάλω ένσταση για απόρριψη αίτησης οικοδομησιμότητας;","οικοδομησιμότητα"
"Τι γίνεται αν η οικοδομησιμότητα αμφισβητείται από γείτονα;","οικοδομησιμότητα"
"Πώς μπορώ να λάβω πληροφορίες για το Γενικό Πολεοδομικό Σχέδιο και την οικοδομησιμότητα;","οικοδομησιμότητα"
"Είναι η ύπαρξη δρόμου απαραίτητη για την οικοδομησιμότητα;","οικοδομησιμότητα"
"Πού μπορώ να βρω αποφάσεις δικαστηρίων για ζητήματα οικοδομησιμότητας;","οικοδομησιμότητα"
"Μπορώ να αιτηθώ για οικοδομησιμότητα σε οικόπεδο με πρόσοψη σε αγροτική οδό;","οικοδομησιμότητα"
"Ποια είναι η διαδικασία για την τροποποίηση του χαρακτηρισμού οικοδομησιμότητας;","οικοδομησιμότητα"
"Χρειάζεται έλεγχος δασικών χαρτών για την οικοδομησιμότητα;","οικοδομησιμότητα"
"Πού μπορώ να επικοινωνήσω για νομικές συμβουλές σχετικά με την οικοδομησιμότητα;","οικοδομησιμότητα"
"Είναι η βεβαίωση οικοδομησιμότητας το ίδιο με την οικοδομική άδεια;","οικοδομησιμότητα"
"Πώς μπορώ να αποδείξω την οικοδομησιμότητα αν το οικόπεδο βρίσκεται σε οικισμό;","οικοδομησιμότητα"
"Υπάρχουν περιορισμοί στο μέγεθος ή τον αριθμό των ορόφων βάσει οικοδομησιμότητας;","οικοδομησιμότητα"
"Πού μπορώ να βρω παλαιούς χάρτες που δείχνουν την οικοδομησιμότητα περιοχών;","οικοδομησιμότητα"
"Τι γίνεται αν η αρχική άδεια δεν αντιστοιχεί στην τρέχουσα οικοδομησιμότητα;","οικοδομησιμότητα"
"Πώς μπορώ να λάβω πληροφορίες για το κόστος έκδοσης βεβαίωσης οικοδομησιμότητας;","οικοδομησιμότητα"
"Πού μπορώ να βρω ένα χαρτί που να λέει αν μπορώ να χτίσω στο οικόπεδό μου;","οικοδομησιμότητα"
"Χρειάζομαι ένα έγγραφο από τον δήμο για να αποδείξω στον συμβολαιογράφο ότι το οικόπεδό μου είναι οικοδομήσιμο.","οικοδομησιμότητα"
"Ποια υπηρεσία είναι αρμόδια για να μου δώσει πιστοποιητικό ότι ένα οικόπεδο είναι κατάλληλο για ανέγερση;","οικοδομησιμότητα"
"Μπορώ να κάνω αίτηση για να ελέγξω αν το οικόπεδό μου είναι οικοδομήσιμο;","οικοδομησιμότητα"
"Πώς μπορώ να επιταχύνω την έκδοση της βεβαίωσης οικοδομησιμότητας;","οικοδομησιμότητα"
"Πού μπορώ να βρω τους όρους δόμησης για την περιοχή μου;","οικοδομησιμότητα"
"Η τράπεζα μου ζήτησε βεβαίωση οικοδομησιμότητας για ένα οικόπεδο που θέλω να αγοράσω.","οικοδομησιμότητα"
"Χρειάζεται να πληρώσω κάτι για την έκδοση πιστοποιητικού οικοδομησιμότητας;","οικοδομησιμότητα"
"Πώς μπορώ να διορθώσω ένα λάθος στα στοιχεία της βεβαίωσης οικοδομησιμότητας;","οικοδομησιμότητα"
"Πού μπορώ να βρω πληροφορίες για την οικοδομησιμότητα σε εκτός σχεδίου περιοχή;","οικοδομησιμότητα"
"Το οικόπεδό μου είναι σε μια περιοχή με ρέμα, είναι οικοδομήσιμο;","οικοδομησιμότητα"
"Πρέπει να καταθέσω τοπογραφικό διάγραμμα για την αίτηση οικοδομησιμότητας;","οικοδομησιμότητα"
"Μπορώ να ζητήσω αντίγραφο της βεβαίωσης οικοδομησιμότητας που έχω ήδη;","οικοδομησιμότητα"
"Χρειάζεται βεβαίωση μηχανικού για να πάρω την οικοδομησιμότητα;","οικοδομησιμότητα"
"Ο δήμος έχει κάποια βάση δεδομένων για την οικοδομησιμότητα των οικοπέδων;","οικοδομησιμότητα"
"Θέλω να μάθω αν η οικοδομησιμότητα του οικοπέδου μου έχει αλλάξει με τα νέα σχέδια.","οικοδομησιμότητα"
"Ποιος είναι ο αρμόδιος για να μου δώσει πληροφορίες για το Γενικό Πολεοδομικό Σχέδιο;","οικοδομησιμότητα"
"Μπορώ να κάνω αίτηση για να επαληθευτεί η οικοδομησιμότητα του οικοπέδου μου;","οικοδομησιμότητα"
"Πού μπορώ να βρω το έντυπο αίτησης για οικοδομησιμότητα;","οικοδομησιμότητα"
"Πώς μπορώ να μάθω αν το οικόπεδό μου είναι άρτιο και οικοδομήσιμο;", "οικοδομησιμότητα"
"Χρειάζομαι βεβαίωση οικοδομησιμότητας για τη σύνταξη συμβολαίου αγοραπωλησίας.", "οικοδομησιμότητα"
"Ποιοι είναι οι όροι δόμησης που ισχύουν για το συγκεκριμένο οικοδομικό τετράγωνο;", "οικοδομησιμότητα"
"Είναι οικοδομήσιμο ένα αγροτεμάχιο εκτός σχεδίου που έχει πρόσωπο σε αγροτική οδό;", "οικοδομησιμότητα"
"Ποια είναι η ελάχιστη επιφάνεια για την αρτιότητα κατά παρέκκλιση στην περιοχή μου;", "οικοδομησιμότητα"
"Πώς επηρεάζει η ύπαρξη ρέματος την οικοδομησιμότητα του ακινήτου μου;", "οικοδομησιμότητα"
"Χρειάζομαι πιστοποιητικό από την πολεοδομία ότι το οικόπεδο δεν τελεί υπό αναστολή οικοδομικών εργασιών.", "οικοδομησιμότητα"
"Ποιες είναι οι πλάγιες αποστάσεις (Δ) που πρέπει να τηρηθούν για να είναι το οικόπεδο οικοδομήσιμο;", "οικοδομησιμότητα"
"Επηρεάζεται η οικοδομησιμότητα από τη διέλευση γραμμών υψηλής τάσης της ΔΕΗ;", "οικοδομησιμότητα"
"Πώς μπορώ να βγάλω βεβαίωση όρων δόμησης για ένα οικόπεδο εντός οικισμού;", "οικοδομησιμότητα"
"Είναι οικοδομήσιμο το οικόπεδο αν δεν έχει ολοκληρωθεί η πράξη εφαρμογής;", "οικοδομησιμότητα"
"Ποιο είναι το μέγιστο ποσοστό κάλυψης που επιτρέπεται για το οικόπεδό μου;", "οικοδομησιμότητα"
"Χρειάζομαι βεβαίωση ότι το γήπεδο βρίσκεται εκτός ζώνης προστασίας αρχαιολογικού χώρου.", "οικοδομησιμότητα"
"Πώς μπορώ να μάθω αν το ακίνητό μου βρίσκεται εντός Ζώνης Οικιστικού Ελέγχου (ΖΟΕ);", "οικοδομησιμότητα"
"Υπάρχει περιορισμός στην οικοδομησιμότητα λόγω δασικού χαρακτήρα της έκτασης;", "οικοδομησιμότητα"
"Ποιος είναι ο συντελεστής δόμησης που ισχύει για τις κατοικίες στην περιοχή;", "οικοδομησιμότητα"
"Μπορώ να χτίσω σε οικόπεδο που προέκυψε από κατάτμηση μετά το 2003;", "οικοδομησιμότητα"
"Πώς επηρεάζει το υψόμετρο του δρόμου την οικοδομησιμότητα και το ύψος του κτιρίου;", "οικοδομησιμότητα"
"Χρειάζομαι βεβαίωση για το αν το οικόπεδο έχει πρόσωπο σε κοινόχρηστο δρόμο.", "οικοδομησιμότητα"
"Ποιες είναι οι προϋποθέσεις για την οικοδομησιμότητα τυφλού οικοπέδου;", "οικοδομησιμότητα"
"Είναι δυνατή η δόμηση σε περιοχή που έχει χαρακτηριστεί ως Natura 2000;", "οικοδομησιμότητα"
"Πού μπορώ να βρω το ΦΕΚ με τους όρους δόμησης για τον συγκεκριμένο οικισμό;", "οικοδομησιμότητα"
"Χρειάζομαι προέγκριση οικοδομικής άδειας για να βεβαιωθώ για την οικοδομησιμότητα.", "οικοδομησιμότητα"
"Πώς μπορώ να διορθώσω την οικοδομησιμότητα μετά από προσκύρωση εδαφικού τμήματος;", "οικοδομησιμότητα"
"Ποιοι περιορισμοί υπάρχουν στη δόμηση κοντά σε αιγιαλό και παραλία;", "οικοδομησιμότητα"
"Επηρεάζεται η οικοδομησιμότητα από την απόσταση από το όριο του δάσους;", "οικοδομησιμότητα"
"Ποια είναι η διαδικασία για τον καθορισμό γραμμής δόμησης και πρασιάς;", "οικοδομησιμότητα"
"Χρειάζομαι βεβαίωση ότι το οικόπεδο δεν είναι απαλλοτριωτέο για λόγους ρυμοτομίας.", "οικοδομησιμότητα"
"Πώς μπορώ να μάθω αν επιτρέπεται η χρήση «επαγγελματικό εργαστήριο» στο οικόπεδό μου;", "οικοδομησιμότητα"
"Είναι οικοδομήσιμο το οικόπεδο αν η πρόσοψή του είναι μικρότερη από το όριο αρτιότητας;", "οικοδομησιμότητα"
"Ποιοι είναι οι ειδικοί όροι δόμησης για διατηρητέα κτίρια ή παραδοσιακούς οικισμούς;", "οικοδομησιμότητα"
"Χρειάζομαι έγγραφη απάντηση από την Πολεοδομία για τη δυνατότητα συνένωσης δύο οικοπέδων.", "οικοδομησιμότητα"
"Πώς επηρεάζει το Γενικό Πολεοδομικό Σχέδιο (ΓΠΣ) την αξία και την οικοδομησιμότητα;", "οικοδομησιμότητα"

"Πού υποβάλλω αίτηση για θεώρηση ρυμοτομικής γραμμής;","θεώρηση_γραμμών"
"Χρειάζομαι έγκριση όρων δόμησης και θεώρηση γραμμών.","θεώρηση_γραμμών"
"Υπάρχει έντυπο για θεώρηση οικοδομικών ορίων;","θεώρηση_γραμμών"
"Ποιος εγκρίνει τις ρυμοτομικές γραμμές στον δήμο;","θεώρηση_γραμμών"
"Μπορώ να κάνω ηλεκτρονική αίτηση για θεώρηση;","θεώρηση_γραμμών"
"Ποια δικαιολογητικά χρειάζονται για τη θεώρηση ρυμοτομικής γραμμής;","θεώρηση_γραμμών"
"Πόσος χρόνος απαιτείται για την έγκριση θεώρησης γραμμών;","θεώρηση_γραμμών"
"Μπορώ να ελέγξω online τη ρυμοτομική γραμμή του οικοπέδου μου;","θεώρηση_γραμμών"
"Σε ποια Διεύθυνση Πολεοδομίας απευθύνομαι για θεώρηση γραμμών;","θεώρηση_γραμμών"
"Είναι απαραίτητη η αυτοψία μηχανικού για τη θεώρηση οικοδομικής γραμμής;","θεώρηση_γραμμών"
"Ποιοι άλλοι παράγοντες επηρεάζουν τη θεώρηση γραμμών;","θεώρηση_γραμμών"
"Χρειάζεται τοπογραφικό διάγραμμα με τις γραμμές για θεώρηση;","θεώρηση_γραμμών"
"Πώς μπορώ να διορθώσω λανθασμένα στοιχεία σε θεώρηση γραμμών;","θεώρηση_γραμμών"
"Τι γίνεται αν η ρυμοτομική γραμμή επηρεάζει την ιδιοκτησία μου;","θεώρηση_γραμμών"
"Πού μπορώ να βρω τους κανονισμούς για τις ρυμοτομικές και οικοδομικές γραμμές;","θεώρηση_γραμμών"
"Είναι η θεώρηση γραμμών κρίσιμη για την έκδοση οικοδομικής άδειας;","θεώρηση_γραμμών"
"Πού μπορώ να βρω τη νομοθεσία για τις γραμμές δόμησης;","θεώρηση_γραμμών"
"Μπορώ να ζητήσω θεώρηση γραμμών μέσω ΚΕΠ;","θεώρηση_γραμμών"
"Ποιος είναι ο ρόλος του Κτηματολογίου στις ρυμοτομικές γραμμές;","θεώρηση_γραμμών"
"Χρειάζεται βεβαίωση μηχανικού για τη θεώρηση γραμμών;","θεώρηση_γραμμών"
"Πώς μπορώ να επιταχύνω την έκδοση της θεώρησης γραμμών;","θεώρηση_γραμμών"
"Τι προβλέπεται για οικόπεδα που βρίσκονται εκτός ρυμοτομικού σχεδίου;","θεώρηση_γραμμών"
"Πού μπορώ να ζητήσω αντίγραφα αποφάσεων για θεώρηση γραμμών;","θεώρηση_γραμμών"
"Είναι η θεώρηση γραμμών απαραίτητη για την τακτοποίηση αυθαιρέτου;","θεώρηση_γραμμών"
"Πώς μπορώ να δηλώσω ότι μια ρυμοτομική γραμμή είναι ασαφής;","θεώρηση_γραμμών"
"Υπάρχουν ειδικές ρυθμίσεις για θεώρηση γραμμών σε παραδοσιακούς οικισμούς;","θεώρηση_γραμμών"
"Πού μπορώ να βρω εγκυκλίους που αφορούν τη θεώρηση γραμμών;","θεώρηση_γραμμών"
"Μπορώ να ζητήσω θεώρηση γραμμών για αγροτεμάχιο;","θεώρηση_γραμμών"
"Ποια είναι η διαδικασία για την αναθεώρηση ρυμοτομικών γραμμών;","θεώρηση_γραμμών"
"Χρειάζεται απόφαση δημοτικού συμβουλίου για τη θεώρηση γραμμών;","θεώρηση_γραμμών"
"Πού μπορώ να βρω συχνές ερωτήσεις για τη θεώρηση γραμμών;","θεώρηση_γραμμών"
"Είναι η θεώρηση γραμμών καθοριστική για την αξία του ακινήτου;","θεώρηση_γραμμών"
"Πώς μπορώ να αντλήσω στοιχεία για προηγούμενες θεωρήσεις γραμμών;","θεώρηση_γραμμών"
"Υπάρχει ειδικό καθεστώς για θεώρηση γραμμών σε περιοχές Natura;","θεώρηση_γραμμών"
"Πού μπορώ να υποβάλω ένσταση για απόρριψη αίτησης θεώρησης γραμμών;","θεώρηση_γραμμών"
"Τι γίνεται αν η ρυμοτομική γραμμή αμφισβητείται από γείτονα;","θεώρηση_γραμμών"
"Πώς μπορώ να λάβω πληροφορίες για το Γενικό Πολεοδομικό Σχέδιο και τις γραμμές;","θεώρηση_γραμμών"
"Είναι η θεώρηση γραμμών απαραίτητη για σύνδεση με δίκτυα κοινής ωφέλειας;","θεώρηση_γραμμών"
"Πού μπορώ να βρω αποφάσεις δικαστηρίων για ζητήματα ρυμοτομικών γραμμών;","θεώρηση_γραμμών"
"Μπορώ να αιτηθώ για θεώρηση γραμμών σε οικόπεδο με κοινόχρηστη πρόσοψη;","θεώρηση_γραμμών"
"Ποια είναι η διαδικασία για την τροποποίηση οικοδομικών γραμμών;","θεώρηση_γραμμών"
"Χρειάζεται έλεγχος δασικών χαρτών για τη θεώρηση γραμμών;","θεώρηση_γραμμών"
"Πού μπορώ να επικοινωνήσω για νομικές συμβουλές σχετικά με τη θεώρηση γραμμών;","θεώρηση_γραμμών"
"Είναι η θεώρηση γραμμών το ίδιο με την άδεια δόμησης;","θεώρηση_γραμμών"
"Πώς μπορώ να αποδείξω την ορθή θέση μιας οικοδομικής γραμμής;","θεώρηση_γραμμών"
"Υπάρχουν περιορισμοί στο ύψος των κτιρίων βάσει των θεωρημένων γραμμών;","θεώρηση_γραμμών"
"Πού μπορώ να βρω παλαιούς χάρτες που δείχνουν τις θεωρημένες γραμμές;","θεώρηση_γραμμών"
"Τι γίνεται αν η αρχική θεώρηση γραμμών δεν αντιστοιχεί στην τρέχουσα κατάσταση;","θεώρηση_γραμμών"
"Πώς μπορώ να λάβω πληροφορίες για το κόστος έκδοσης θεώρησης γραμμών;","θεώρηση_γραμμών"
"Ο μηχανικός μου χρειάζεται να πάρω ένα χαρτί που να δείχνει τις ρυμοτομικές γραμμές του οικοπέδου.","θεώρηση_γραμμών"
"Πού μπορώ να κάνω αίτηση για να μου βεβαιώσουν τα όρια δόμησης;","θεώρηση_γραμμών"
"Η τράπεζα μου ζήτησε έγγραφο με τις οικοδομικές γραμμές για να μου δώσει δάνειο.","θεώρηση_γραμμών"
"Πρέπει να πάω στην πολεοδομία για να βγάλω το χαρτί με τη ρύμοτομική γραμμή;","θεώρηση_γραμμών"
"Χρειάζεται να πληρώσω κάτι για τη θεώρηση των ορίων;","θεώρηση_γραμμών"
"Πώς μπορώ να βρω τους όρους δόμησης που ισχύουν για το οικόπεδό μου;","θεώρηση_γραμμών"
"Ο γείτονας λέει ότι χτίζω πάνω στη ρυμοτομική γραμμή, πώς μπορώ να το αποδείξω;","θεώρηση_γραμμών"
"Θέλω να βεβαιώσω την οικοδομική μου γραμμή για να κάνω επέκταση στο σπίτι.","θεώρηση_γραμμών"
"Πού μπορώ να βρω τα έντυπα για αίτηση θεώρησης γραμμών;","θεώρηση_γραμμών"
"Μπορώ να κάνω αίτηση για να επαληθευτεί η ρυμοτομική γραμμή του οικοπέδου μου;","θεώρηση_γραμμών"
"Χρειάζεται να πάω ο ίδιος στον δήμο για να πάρω το χαρτί με τις γραμμές;","θεώρηση_γραμμών"
"Πώς μπορώ να βρω τα τηλέφωνα επικοινωνίας για θέματα ρυμοτομίας;","θεώρηση_γραμμών"
"Θέλω να μάθω αν η ιδιοκτησία μου επηρεάζεται από τη ρυμοτομική γραμμή.","θεώρηση_γραμμών"
"Μπορώ να ζητήσω θεώρηση γραμμών για ένα αγροτεμάχιο;","θεώρηση_γραμμών"
"Πρέπει να καταθέσω τοπογραφικό για την αίτηση θεώρησης γραμμών;","θεώρηση_γραμμών"
"Πού μπορώ να βρω το Γενικό Πολεοδομικό Σχέδιο;","θεώρηση_γραμμών"
"Χρειάζεται να υπογράψουν και οι γείτονες για την θεώρηση των γραμμών;","θεώρηση_γραμμών"
"Μπορώ να ζητήσω αντίγραφα παλιών σχεδίων με τις ρυμοτομικές γραμμές;","θεώρηση_γραμμών"
"Ποιος είναι ο αρμόδιος για να μου δώσει νομικές συμβουλές για τις γραμμές;","θεώρηση_γραμμών"
"Θέλω να βγάλω ένα χαρτί για να αποδείξω ότι η οικοδομή μου είναι μέσα στις γραμμές;","θεώρηση_γραμμών"
"Ποια δικαιολογητικά απαιτούνται για την αίτηση θεώρησης ρυμοτομικών γραμμών;", "θεώρηση_γραμμών"
"Χρειάζομαι επίσημη θεώρηση της οικοδομικής γραμμής για την έκδοση οικοδομικής άδειας.", "θεώρηση_γραμμών"
"Πώς μπορώ να μάθω αν έχει καθοριστεί η πρασιά μπροστά από το οικόπεδό μου;", "θεώρηση_γραμμών"
"Θέλω να αιτηθώ τη θεώρηση των γραμμών δόμησης σε οικόπεδο εντός σχεδίου πόλεως.", "θεώρηση_γραμμών"
"Ποιο τμήμα της Πολεοδομίας είναι αρμόδιο για τη θεώρηση των ρυμοτομικών γραμμών;", "θεώρηση_γραμμών"
"Η ρυμοτομική γραμμή στο τοπογραφικό μου φαίνεται να τέμνει το κτίριο, τι πρέπει να κάνω;", "θεώρηση_γραμμών"
"Πόσο χρόνο διαρκεί η επεξεργασία του αιτήματος για θεώρηση γραμμών από τον δήμο;", "θεώρηση_γραμμών"
"Χρειάζομαι βεβαίωση για το πλάτος του δρόμου και τη θέση της οικοδομικής γραμμής.", "θεώρηση_γραμμών"
"Πώς μπορώ να ζητήσω διόρθωση της θεωρημένης ρυμοτομικής γραμμής λόγω λάθους στην αποτύπωση;", "θεώρηση_γραμμών"
"Είναι απαραίτητη η θεώρηση γραμμών για την περίφραξη ενός οικοπέδου;", "θεώρηση_γραμμών"
"Πού υποβάλλεται η αίτηση για τον καθορισμό υψομέτρου και γραμμής δόμησης;", "θεώρηση_γραμμών"
"Θέλω να λάβω αντίγραφο του εγκεκριμένου ρυμοτομικού σχεδίου με τις θεωρημένες γραμμές.", "θεώρηση_γραμμών"
"Πώς επηρεάζει η θεώρηση των γραμμών το επιτρεπόμενο βάθος της οικοδομής;", "θεώρηση_γραμμών"
"Χρειάζομαι θεώρηση γραμμών για οικόπεδο που βρίσκεται σε περιοχή υπό ένταξη στο σχέδιο.", "θεώρηση_γραμμών"
"Ποιο είναι το κόστος για τη θεώρηση των οικοδομικών γραμμών από την τεχνική υπηρεσία;", "θεώρηση_γραμμών"
"Μπορεί ο ιδιώτης μηχανικός μου να καταθέσει την αίτηση θεώρησης γραμμών με εξουσιοδότηση;", "θεώρηση_γραμμών"
"Η ρυμοτομική γραμμή έχει αλλάξει με την πρόσφατη τροποποίηση του σχεδίου πόλεως;", "θεώρηση_γραμμών"
"Πώς ορίζεται η γραμμή δόμησης σε οικόπεδα που έχουν πρόσωπο σε δύο δρόμους;", "θεώρηση_γραμμών"
"Χρειάζομαι βεβαίωση ότι η οικοδομική γραμμή ταυτίζεται με τη ρυμοτομική στο δικό μου τετράγωνο.", "θεώρηση_γραμμών"
"Ποια είναι η διαδικασία θεώρησης γραμμών σε οικισμούς προϋφιστάμενους του 1923;", "θεώρηση_γραμμών"
"Θέλω να ελέγξω αν η περίφραξη του γείτονα παραβιάζει τη θεωρημένη ρυμοτομική γραμμή.", "θεώρηση_γραμμών"
"Πού μπορώ να βρω τις συντεταγμένες των σημείων της οικοδομικής γραμμής;", "θεώρηση_γραμμών"
"Η θεώρηση των γραμμών είναι προϋπόθεση για τη σύνδεση με το δίκτυο αποχέτευσης;", "θεώρηση_γραμμών"
"Πώς μπορώ να ζητήσω αυτοψία για τον έλεγχο της εφαρμογής της ρυμοτομικής γραμμής στο έδαφος;", "θεώρηση_γραμμών"
"Υπάρχει ειδική διαδικασία θεώρησης γραμμών για διατηρητέα κτίρια;", "θεώρηση_γραμμών"
"Ποια έγγραφα αποδεικνύουν τη θέση της οικοδομικής γραμμής σε παλαιά ρυμοτομικά σχέδια;", "θεώρηση_γραμμών"
"Χρειάζομαι θεώρηση γραμμών για την τοποθέτηση προσωρινής κατασκευής στο προκήπιο.", "θεώρηση_γραμμών"
"Πώς μπορώ να ενημερωθώ για την κατάργηση πρασιάς σε συγκεκριμένο δρόμο;", "θεώρηση_γραμμών"
"Η αίτηση θεώρησης γραμμών μπορεί να γίνει μέσω της ηλεκτρονικής πλατφόρμας του δήμου;", "θεώρηση_γραμμών"
"Ποιες κυρώσεις υπάρχουν αν γίνει δόμηση πέρα από τη θεωρημένη οικοδομική γραμμή;", "θεώρηση_γραμμών"
"Χρειάζομαι τη θεώρηση των γραμμών για να προχωρήσω σε πράξη τακτοποίησης και αναλογισμού.", "θεώρηση_γραμμών"

"Πού αιτούμαι βεβαίωση αρτιότητας οικοπέδου;","βεβαίωση_αρτιότητας"
"Χρειάζομαι βεβαίωση για το αν είναι άρτιο το οικόπεδο.","βεβαίωση_αρτιότητας"
"Υπάρχει ηλεκτρονική φόρμα για βεβαίωση αρτιότητας;","βεβαίωση_αρτιότητας"
"Ποιος φορέας εκδίδει τη βεβαίωση αρτιότητας;","βεβαίωση_αρτιότητας"
"Χρειάζεται τοπογραφικό για την αίτηση;","βεβαίωση_αρτιότητας"
"Ποια δικαιολογητικά απαιτούνται για βεβαίωση αρτιότητας οικοπέδου;","βεβαίωση_αρτιότητας"
"Πόσος χρόνος απαιτείται για την έκδοση βεβαίωσης αρτιότητας;","βεβαίωση_αρτιότητας"
"Μπορώ να ελέγξω online αν το οικόπεδό μου είναι άρτιο;","βεβαίωση_αρτιότητας"
"Σε ποια Διεύθυνση Πολεοδομίας απευθύνομαι για βεβαίωση αρτιότητας;","βεβαίωση_αρτιότητας"
"Είναι απαραίτητη η αυτοψία μηχανικού για την επιβεβαίωση αρτιότητας;","βεβαίωση_αρτιότητας"
"Ποιοι άλλοι παράγοντες επηρεάζουν την αρτιότητα ενός οικοπέδου;","βεβαίωση_αρτιότητας"
"Χρειάζεται ενημέρωση του τοπογραφικού για την αίτηση αρτιότητας;","βεβαίωση_αρτιότητας"
"Πώς μπορώ να διορθώσω λάθη σε βεβαίωση αρτιότητας;","βεβαίωση_αρτιότητας"
"Τι γίνεται αν το οικόπεδό μου δεν είναι άρτιο;","βεβαίωση_αρτιότητας"
"Πού μπορώ να βρω τους όρους αρτιότητας για την περιοχή μου;","βεβαίωση_αρτιότητας"
"Είναι η βεβαίωση αρτιότητας κρίσιμη για την αγοραπωλησία ακινήτου;","βεβαίωση_αρτιότητας"
"Πού μπορώ να βρω τη νομοθεσία για την αρτιότητα οικοπέδων;","βεβαίωση_αρτιότητας"
"Μπορώ να ζητήσω βεβαίωση αρτιότητας μέσω ΚΕΠ;","βεβαίωση_αρτιότητας"
"Ποιος είναι ο ρόλος του Κτηματολογίου στην αρτιότητα οικοπέδων;","βεβαίωση_αρτιότητας"
"Χρειάζεται βεβαίωση μηχανικού για την αρτιότητα;","βεβαίωση_αρτιότητας"
"Πώς μπορώ να επιταχύνω την έκδοση βεβαίωσης αρτιότητας;","βεβαίωση_αρτιότητας"
"Τι προβλέπεται για οικόπεδα που βρίσκονται σε ρέμα ή αιγιαλό;","βεβαίωση_αρτιότητας"
"Πού μπορώ να ζητήσω αντίγραφα αποφάσεων για την αρτιότητα;","βεβαίωση_αρτιότητας"
"Είναι η βεβαίωση αρτιότητας απαραίτητη για την έκδοση οικοδομικής άδειας;","βεβαίωση_αρτιότητας"
"Πώς μπορώ να δηλώσω ότι ένα οικόπεδο έχει αλλάξει χαρακτηρισμό αρτιότητας;","βεβαίωση_αρτιότητας"
"Υπάρχουν ειδικές ρυθμίσεις για αρτιότητα σε παραδοσιακούς οικισμούς;","βεβαίωση_αρτιότητας"
"Πού μπορώ να βρω εγκυκλίους που αφορούν την αρτιότητα;","βεβαίωση_αρτιότητας"
"Μπορώ να ζητήσω βεβαίωση αρτιότητας για αγροτεμάχιο εκτός σχεδίου;","βεβαίωση_αρτιότητας"
"Ποια είναι η διαδικασία για την αναθεώρηση βεβαίωσης αρτιότητας;","βεβαίωση_αρτιότητας"
"Χρειάζεται απόφαση δημοτικού συμβουλίου για την αρτιότητα οικοπέδου;","βεβαίωση_αρτιότητας"
"Πού μπορώ να βρω συχνές ερωτήσεις για την αρτιότητα οικοπέδων;","βεβαίωση_αρτιότητας"
"Είναι η αρτιότητα καθοριστική για την αξία του ακινήτου;","βεβαίωση_αρτιότητας"
"Πώς μπορώ να αντλήσω στοιχεία για προηγούμενες βεβαιώσεις αρτιότητας;","βεβαίωση_αρτιότητας"
"Υπάρχει ειδικό καθεστώς για αρτιότητα σε περιοχές Natura;","βεβαίωση_αρτιότητας"
"Πού μπορώ να υποβάλω ένσταση για απόρριψη αίτησης αρτιότητας;","βεβαίωση_αρτιότητας"
"Τι γίνεται αν η αρτιότητα αμφισβητείται από γείτονα;","βεβαίωση_αρτιότητας"
"Πώς μπορώ να λάβω πληροφορίες για το Γενικό Πολεοδομικό Σχέδιο και την αρτιότητα;","βεβαίωση_αρτιότητας"
"Είναι η ύπαρξη προσόψεως σε δρόμο απαραίτητη για την αρτιότητα;","βεβαίωση_αρτιότητας"
"Πού μπορώ να βρω αποφάσεις δικαστηρίων για ζητήματα αρτιότητας οικοπέδων;","βεβαίωση_αρτιότητας"
"Μπορώ να αιτηθώ για αρτιότητα σε οικόπεδο με μικρή πρόσοψη;","βεβαίωση_αρτιότητας"
"Ποια είναι η διαδικασία για την τροποποίηση των όρων αρτιότητας;","βεβαίωση_αρτιότητας"
"Χρειάζεται έλεγχος δασικών χαρτών για την αρτιότητα;","βεβαίωση_αρτιότητας"
"Πού μπορώ να επικοινωνήσω για νομικές συμβουλές σχετικά με την αρτιότητα;","βεβαίωση_αρτιότητας"
"Είναι η βεβαίωση αρτιότητας το ίδιο με την οικοδομησιμότητα;","βεβαίωση_αρτιότητας"
"Πώς μπορώ να αποδείξω την αρτιότητα αν το οικόπεδο βρίσκεται σε οικισμό;","βεβαίωση_αρτιότητας"
"Υπάρχουν περιορισμοί στο μέγεθος ή τον αριθμό των οικοπέδων βάσει αρτιότητας;","βεβαίωση_αρτιότητας"
"Πού μπορώ να βρω παλαιούς χάρτες που δείχνουν την αρτιότητα περιοχών;","βεβαίωση_αρτιότητας"
"Τι γίνεται αν η αρχική άδεια δεν αντιστοιχεί στην τρέχουσα αρτιότητα;","βεβαίωση_αρτιότητας"
"Πώς μπορώ να λάβω πληροφορίες για το κόστος έκδοσης βεβαίωσης αρτιότητας;","βεβαίωση_αρτιότητας"
"Πώς μπορώ να βρω ένα επίσημο έγγραφο που να λέει αν το οικόπεδό μου είναι άρτιο;","βεβαίωση_αρτιότητας"
"Για να χτίσω σπίτι στο οικόπεδό μου, χρειάζομαι το πιστοποιητικό αρτιότητας;","βεβαίωση_αρτιότητας"
"Πρέπει να πάρω βεβαίωση αρτιότητας για να πουλήσω το οικόπεδό μου;","βεβαίωση_αρτιότητας"
"Χρειάζεται να πληρώσω κάτι για την έκδοση της βεβαίωσης αρτιότητας;","βεβαίωση_αρτιότητας"
"Μπορώ να κάνω αίτηση για να επαληθευτεί η αρτιότητα του οικοπέδου μου;","βεβαίωση_αρτιότητας"
"Πού μπορώ να βρω πληροφορίες για τους όρους δόμησης στην περιοχή μου;","βεβαίωση_αρτιότητας"
"Η τράπεζα μου ζήτησε βεβαίωση αρτιότητας για να εγκρίνει το δάνειο.","βεβαίωση_αρτιότητας"
"Αν το οικόπεδό μου δεν είναι άρτιο, υπάρχει κάποια λύση;","βεβαίωση_αρτιότητας"
"Πώς μπορώ να διορθώσω ένα λάθος στη βεβαίωση αρτιότητας;","βεβαίωση_αρτιότητας"
"Πού μπορώ να βρω το έντυπο αίτησης για τη βεβαίωση αρτιότητας;","βεβαίωση_αρτιότητας"
"Μπορώ να ζητήσω βεβαίωση αρτιότητας για ένα οικόπεδο που βρίσκεται σε εκτός σχεδίου περιοχή;","βεβαίωση_αρτιότητας"
"Χρειάζεται να έχω τοπογραφικό διάγραμμα για να κάνω την αίτηση;","βεβαίωση_αρτιότητας"
"Πώς μπορώ να βρω το κόστος για την έκδοση της βεβαίωσης;","βεβαίωση_αρτιότητας"
"Ο δικηγόρος μου ζητάει επίσημο χαρτί που να βεβαιώνει την αρτιότητα του οικοπέδου.","βεβαίωση_αρτιότητας"
"Μπορώ να ζητήσω αντίγραφο μιας παλιάς βεβαίωσης αρτιότητας;","βεβαίωση_αρτιότητας"
"Πρέπει να πάω στην πολεοδομία για να πάρω τη βεβαίωση αρτιότητας;","βεβαίωση_αρτιότητας"
"Θέλω να μάθω αν η αρτιότητα του οικοπέδου μου έχει αλλάξει με τα νέα σχέδια του δήμου.","βεβαίωση_αρτιότητας"
"Πώς μπορώ να βρω τη νομοθεσία που ισχύει για την αρτιότητα;","βεβαίωση_αρτιότητας"
"Μπορώ να κάνω ένσταση αν απορριφθεί η αίτησή μου για αρτιότητα;","βεβαίωση_αρτιότητας"
"Χρειάζεται να έχω πρόσοψη σε δρόμο για να είναι άρτιο το οικόπεδό μου;","βεβαίωση_αρτιότητας"
"Πώς μπορώ να λάβω βεβαίωση αρτιότητας για ένα οικόπεδο που βρίσκεται εντός οικισμού;", "βεβαίωση_αρτιότητας"
"Χρειάζομαι βεβαίωση αρτιότητας και οικοδομησιμότητας για να προχωρήσω σε πώληση ακινήτου.", "βεβαίωση_αρτιότητας"
"Ποια δικαιολογητικά πρέπει να καταθέσω για τη βεβαίωση αρτιότητας εκτός σχεδίου;", "βεβαίωση_αρτιότητας"
"Είναι δυνατή η έκδοση βεβαίωσης αρτιότητας για αγροτεμάχιο που προέκυψε από κατάτμηση;", "βεβαίωση_αρτιότητας"
"Ποιο είναι το ελάχιστο πρόσωπο που απαιτείται για να θεωρηθεί ένα οικόπεδο άρτιο στην περιοχή μου;", "βεβαίωση_αρτιότητας"
"Χρειάζομαι βεβαίωση αρτιότητας κατά παρέκκλιση για οικόπεδο που προϋφίσταται του 1962.", "βεβαίωση_αρτιότητας"
"Πόσο χρόνο διαρκεί η έκδοση της βεβαίωσης αρτιότητας από το τμήμα τοπογραφικού της Πολεοδομίας;", "βεβαίωση_αρτιότητας"
"Πού υποβάλλεται η αίτηση για τη βεβαίωση αρτιότητας σε περιοχή που τελεί υπό ένταξη στο σχέδιο;", "βεβαίωση_αρτιότητας"
"Η βεβαίωση αρτιότητας είναι απαραίτητη για την έγκριση εργασιών μικρής κλίμακας;", "βεβαίωση_αρτιότητας"
"Πώς μπορώ να μάθω αν το οικόπεδό μου χάνει την αρτιότητά του λόγω νέας ρυμοτομικής απαλλοτρίωσης;", "βεβαίωση_αρτιότητας"
"Χρειάζομαι βεβαίωση αρτιότητας για οικόπεδο που συνορεύει με δασική έκταση.", "βεβαίωση_αρτιότητας"
"Μπορώ να αιτηθώ βεβαίωση αρτιότητας ηλεκτρονικά μέσω της πύλης του δήμου;", "βεβαίωση_αρτιότητας"
"Ποιο είναι το παράβολο που αντιστοιχεί στην αίτηση για βεβαίωση αρτιότητας;", "βεβαίωση_αρτιότητας"
"Χρειάζεται πρόσφατο τοπογραφικό διάγραμμα εξαρτημένο από το ΕΓΣΑ '87 για τη βεβαίωση;", "βεβαίωση_αρτιότητας"
"Πώς επηρεάζει η συνένωση δύο μη άρτιων οικοπέδων τη συνολική αρτιότητα;", "βεβαίωση_αρτιότητας"
"Θέλω να ελέγξω αν η βεβαίωση αρτιότητας που έχω στα χέρια μου είναι ακόμα σε ισχύ.", "βεβαίωση_αρτιότητας"
"Είναι οικοδομήσιμο ένα οικόπεδο που έχει την έκταση αλλά όχι το απαιτούμενο πρόσωπο σε δρόμο;", "βεβαίωση_αρτιότητας"
"Χρειάζομαι βεβαίωση αρτιότητας για την ένταξη του ακινήτου μου σε επιδοτούμενο πρόγραμμα;", "βεβαίωση_αρτιότητας"
"Ποια είναι η διαδικασία για τη βεβαίωση αρτιότητας σε κληροτεμάχια της αγροτικής διανομής;", "βεβαίωση_αρτιότητας"
"Μπορεί ο δήμος να εκδώσει βεβαίωση αρτιότητας αν εκκρεμεί η κύρωση της πράξης εφαρμογής;", "βεβαίωση_αρτιότητας"
"Ποιος μηχανικός του δήμου είναι υπεύθυνος για τον έλεγχο των όρων αρτιότητας;", "βεβαίωση_αρτιότητας"
"Θέλω να αιτηθώ βεβαίωση αρτιότητας για οικόπεδο που έχει προκύψει από αναδασμό.", "βεβαίωση_αρτιότητας"
"Πώς επηρεάζει ο καθορισμός της γραμμής αιγιαλού την αρτιότητα του παραθαλάσσιου οικοπέδου μου;", "βεβαίωση_αρτιότητας"
"Χρειάζομαι βεβαίωση αρτιότητας για να εκδώσω άδεια περίφραξης σε μη οικοδομήσιμο χώρο.", "βεβαίωση_αρτιότητας"
"Ποιες είναι οι προϋποθέσεις αρτιότητας για βιομηχανική χρήση σε εκτός σχεδίου περιοχή;", "βεβαίωση_αρτιότητας"
"Μπορώ να λάβω βεβαίωση αρτιότητας αν το οικόπεδο βρίσκεται εντός ζώνης 500 μέτρων από τον οικισμό;", "βεβαίωση_αρτιότητας"
"Η ύπαρξη κοινόχρηστου δρόμου είναι υποχρεωτική για τη βεβαίωση αρτιότητας ενός γηπέδου;", "βεβαίωση_αρτιότητας"
"Πώς μπορώ να προσβάλω μια αρνητική απάντηση της Πολεοδομίας σχετικά με την αρτιότητα;", "βεβαίωση_αρτιότητας"
"Χρειάζομαι βεβαίωση αρτιότητας για την κατάθεση φακέλου στον ΟΑΕΔ ή άλλους φορείς.", "βεβαίωση_αρτιότητας"
"Ποιες παρεκκλίσεις αρτιότητας ισχύουν για οικόπεδα που έχουν πρόσωπο σε εθνικό δίκτυο;", "βεβαίωση_αρτιότητας"
"Θέλω να ενημερωθώ αν οι νέες αλλαγές στην πολεοδομική νομοθεσία επηρεάζουν την αρτιότητα του οικοπέδου μου.", "βεβαίωση_αρτιότητας"

"Πού κάνω αίτηση για χορήγηση αντιγράφων άδειας πολεοδομίας;","αντίγραφα_άδειας_πολεοδομίας"
"Χρειάζομαι αντίγραφο οικοδομικής άδειας – τι κάνω;","αντίγραφα_άδειας_πολεοδομίας"
"Μπορώ να ζητήσω άδεια πολεοδομίας ηλεκτρονικά;","αντίγραφα_άδειας_πολεοδομίας"
"Ποιος εκδίδει τα αντίγραφα των πολεοδομικών αδειών;","αντίγραφα_άδειας_πολεοδομίας"
"Σε ποιο τμήμα υποβάλλω αίτηση για άδεια;","αντίγραφα_άδειας_πολεοδομίας"
"Ποια δικαιολογητικά χρειάζονται για αντίγραφα άδειας πολεοδομίας;","αντίγραφα_άδειας_πολεοδομίας"
"Ποιος είναι ο χρόνος έκδοσης αντιγράφων πολεοδομικής άδειας;","αντίγραφα_άδειας_πολεοδομίας"
"Μπορώ να ζητήσω αντίγραφο άδειας πολεοδομίας για ακίνητο που δεν μου ανήκει;","αντίγραφα_άδειας_πολεοδομίας"
"Σε ποια Διεύθυνση Δόμησης ή Πολεοδομίας απευθύνομαι για αντίγραφα άδειας;","αντίγραφα_άδειας_πολεοδομίας"
"Είναι απαραίτητη η αυτοψία για την έκδοση αντιγράφων άδειας πολεοδομίας;","αντίγραφα_άδειας_πολεοδομίας"
"Ποιοι άλλοι λόγοι οδηγούν σε άρνηση χορήγησης αντιγράφων άδειας πολεοδομίας;","αντίγραφα_άδειας_πολεοδομίας"
"Χρειάζεται ΑΦΜ αιτούντος για την αίτηση αντιγράφων άδειας πολεοδομίας;","αντίγραφα_άδειας_πολεοδομίας"
"Πώς μπορώ να διορθώσω λάθη στην αίτηση αντιγράφων άδειας πολεοδομίας;","αντίγραφα_άδειας_πολεοδομίας"
"Τι γίνεται αν η αίτηση αντιγράφων άδειας πολεοδομίας απορριφθεί;","αντίγραφα_άδειας_πολεοδομίας"
"Πού μπορώ να βρω τους κανονισμούς για τη χορήγηση αντιγράφων πολεοδομικών αδειών;","αντίγραφα_άδειας_πολεοδομίας"
"Είναι η χορήγηση αντιγράφων άδειας πολεοδομίας κρίσιμη για μεταβίβαση ακινήτου;","αντίγραφα_άδειας_πολεοδομίας"
"Πού μπορώ να βρω τη νομοθεσία για τις πολεοδομικές άδειες;","αντίγραφα_άδειας_πολεοδομίας"
"Μπορώ να ζητήσω αντίγραφα άδειας πολεοδομίας μέσω ΚΕΠ;","αντίγραφα_άδειας_πολεοδομίας"
"Ποιος είναι ο ρόλος του μηχανικού στην αίτηση αντιγράφων άδειας πολεοδομίας;","αντίγραφα_άδειας_πολεοδομίας"
"Χρειάζεται αντίγραφο ταυτότητας για την αίτηση αντιγράφων άδειας πολεοδομίας;","αντίγραφα_άδειας_πολεοδομίας"
"Πώς μπορώ να επιταχύνω τη διαδικασία χορήγησης αντιγράφων άδειας πολεοδομίας;","αντίγραφα_άδειας_πολεοδομίας"
"Τι προβλέπεται για πρόστιμα σε περίπτωση ψευδούς δήλωσης για αντίγραφα άδειας πολεοδομίας;","αντίγραφα_άδειας_πολεοδομίας"
"Πού μπορώ να ζητήσω αντίγραφα αποφάσεων για χορήγηση πολεοδομικών αδειών;","αντίγραφα_άδειας_πολεοδομίας"
"Είναι τα αντίγραφα άδειας πολεοδομίας απαραίτητα για σύνδεση με δίκτυα κοινής ωφέλειας;","αντίγραφα_άδειας_πολεοδομίας"
"Πώς μπορώ να δηλώσω αλλαγή χρήσης ακινήτου μετά την έκδοση αντιγράφων;","αντίγραφα_άδειας_πολεοδομίας"
"Υπάρχουν ειδικές ρυθμίσεις για αντίγραφα άδειας πολεοδομίας σε αυθαίρετα κτίσματα;","αντίγραφα_άδειας_πολεοδομίας"
"Πού μπορώ να βρω εγκυκλίους που αφορούν τα αντίγραφα άδειας πολεοδομίας;","αντίγραφα_άδειας_πολεοδομίας"
"Μπορώ να ζητήσω αντίγραφα άδειας πολεοδομίας για οικόπεδο χωρίς κτίσμα;","αντίγραφα_άδειας_πολεοδομίας"
"Ποια είναι η διαδικασία για την ανανέωση άδειας πολεοδομίας;","αντίγραφα_άδειας_πολεοδομίας"
"Χρειάζεται βεβαίωση μη οφειλής για την αίτηση αντιγράφων άδειας πολεοδομίας;","αντίγραφα_άδειας_πολεοδομίας"
"Πού μπορώ να βρω συχνές ερωτήσεις για τα αντίγραφα άδειας πολεοδομίας;","αντίγραφα_άδειας_πολεοδομίας"
"Είναι τα αντίγραφα άδειας πολεοδομίας καθοριστικά για την αξία ακινήτου;","αντίγραφα_άδειας_πολεοδομίας"
"Πώς μπορώ να αντλήσω στοιχεία για προηγούμενα αντίγραφα άδειας πολεοδομίας;","αντίγραφα_άδειας_πολεοδομίας"
"Υπάρχει ειδικό καθεστώς για αντίγραφα άδειας πολεοδομίας σε διατηρητέα κτίρια;","αντίγραφα_άδειας_πολεοδομίας"
"Πού μπορώ να υποβάλω ένσταση για απόρριψη αίτησης αντιγράφων άδειας πολεοδομίας;","αντίγραφα_άδειας_πολεοδομίας"
"Τι γίνεται αν τα αντίγραφα άδειας πολεοδομίας αμφισβητούνται από τρίτους;","αντίγραφα_άδειας_πολεοδομίας"
"Πώς μπορώ να λάβω πληροφορίες για το κόστος έκδοσης αντιγράφων άδειας πολεοδομίας;","αντίγραφα_άδειας_πολεοδομίας"
"Είναι τα αντίγραφα άδειας πολεοδομίας απαραίτητα για την εγγραφή στο Κτηματολόγιο;","αντίγραφα_άδειας_πολεοδομίας"
"Πού μπορώ να βρω αποφάσεις δικαστηρίων για ζητήματα πολεοδομικών αδειών;","αντίγραφα_άδειας_πολεοδομίας"
"Μπορώ να αιτηθώ για αντίγραφα άδειας πολεοδομίας για κληρονομικό ακίνητο;","αντίγραφα_άδειας_πολεοδομίας"
"Ποια είναι η διαδικασία για την ανάκληση άδειας πολεοδομίας;","αντίγραφα_άδειας_πολεοδομίας"
"Χρειάζεται πιστοποιητικό ιδιοκτησίας για την αίτηση αντιγράφων άδειας πολεοδομίας;","αντίγραφα_άδειας_πολεοδομίας"
"Πού μπορώ να επικοινωνήσω για νομικές συμβουλές σχετικά με αντίγραφα άδειας πολεοδομίας;","αντίγραφα_άδειας_πολεοδομίας"
"Είναι τα αντίγραφα άδειας πολεοδομίας το ίδιο με την άδεια δόμησης;","αντίγραφα_άδειας_πολεοδομίας"
"Πώς μπορώ να δηλώσω ανάγκη για αντίγραφα άδειας πολεοδομίας σε περίπτωση απώλειας πρωτοτύπου;","αντίγραφα_άδειας_πολεοδομίας"
"Υπάρχουν περιορισμοί στον αριθμό των αντιγράφων που μπορώ να ζητήσω;","αντίγραφα_άδειας_πολεοδομίας"
"Πού μπορώ να βρω παλαιούς κανονισμούς που αφορούν τα αντίγραφα άδειας πολεοδομίας;","αντίγραφα_άδειας_πολεοδομίας"
"Τι γίνεται αν τα αντίγραφα άδειας πολεοδομίας δεν εκδοθούν στην ώρα τους;","αντίγραφα_άδειας_πολεοδομίας"
"Πώς μπορώ να λάβω πληροφορίες για προγράμματα τακτοποίησης αυθαιρέτων;","αντίγραφα_άδειας_πολεοδομίας"
"Έχω χάσει την οικοδομική μου άδεια, πού μπορώ να βγάλω ένα αντίγραφο;","αντίγραφα_άδειας_πολεοδομίας"
"Πρέπει να πάρω ένα χαρτί από την πολεοδομία για να αποδείξω ότι το σπίτι μου είναι νόμιμο.","αντίγραφα_άδειας_πολεοδομίας"
"Χρειάζομαι ένα αντίγραφο της άδειας δόμησης για να την καταθέσω στην τράπεζα.","αντίγραφα_άδειας_πολεοδομίας"
"Πώς μπορώ να βρω τα σχέδια της πολυκατοικίας που χτίστηκε πριν πολλά χρόνια;","αντίγραφα_άδειας_πολεοδομίας"
"Μπορεί ο μηχανικός μου να ζητήσει αντίγραφα άδειας για ένα οικόπεδο που θέλω να αγοράσω;","αντίγραφα_άδειας_πολεοδομίας"
"Η τράπεζα μου ζήτησε αντίγραφο της άδειας ανέγερσης για ένα δάνειο.","αντίγραφα_άδειας_πολεοδομίας"
"Χρειάζεται να πληρώσω κάτι για να μου βγάλουν τα αντίγραφα των αδειών;","αντίγραφα_άδειας_πολεοδομίας"
"Πώς μπορώ να βρω τα αρχεία της πολεοδομίας για ένα παλιό ακίνητο;","αντίγραφα_άδειας_πολεοδομίας"
"Θέλω να βεβαιώσω την νομιμότητα του ακινήτου μου, τι έγγραφο χρειάζομαι;","αντίγραφα_άδειας_πολεοδομίας"
"Μπορώ να ζητήσω αντίγραφα άδειας πολεοδομίας για ένα ακίνητο που ανήκει στον πατέρα μου;","αντίγραφα_άδειας_πολεοδομίας"
"Ποιος είναι ο αρμόδιος για την έκδοση αντιγράφων οικοδομικής άδειας;","αντίγραφα_άδειας_πολεοδομίας"
"Πού μπορώ να βρω το κόστος για τα αντίγραφα των αδειών;","αντίγραφα_άδειας_πολεοδομίας"
"Θέλω να κάνω αίτηση για αντίγραφο άδειας μέσω του gov.gr.","αντίγραφα_άδειας_πολεοδομίας"
"Πρέπει να πάρω αντίγραφο άδειας πολεοδομίας για να κάνω τακτοποίηση αυθαιρέτου;","αντίγραφα_άδειας_πολεοδομίας"
"Μπορώ να ζητήσω αντίγραφο της άδειας για ένα κτίριο που έχει κατεδαφιστεί;","αντίγραφα_άδειας_πολεοδομίας"
"Χρειάζεται να έχω κωδικούς TaxisNet για να κάνω αίτηση;","αντίγραφα_άδειας_πολεοδομίας"
"Πού μπορώ να βρω τα έντυπα για αίτηση αντιγράφων άδειας πολεοδομίας;","αντίγραφα_άδειας_πολεοδομίας"
"Πώς μπορώ να ελέγξω αν τα αντίγραφα που πήρα είναι σωστά;","αντίγραφα_άδειας_πολεοδομίας"
"Ο δικηγόρος μου ζητάει τα αντίγραφα των σχεδίων της οικοδομικής μου άδειας.","αντίγραφα_άδειας_πολεοδομίας"
"Θέλω να βρω τους παλιούς κανονισμούς για τις πολεοδομικές άδειες.","αντίγραφα_άδειας_πολεοδομίας"
"Πού μπορώ να υποβάλω αίτηση για τη λήψη αντιγράφου του στελέχους της οικοδομικής μου άδειας;", "αντίγραφα_άδειας_πολεοδομίας"
"Χρειάζομαι αντίγραφα των αρχιτεκτονικών σχεδίων (κατόψεις, τομές) για την ανακαίνιση του σπιτιού μου.", "αντίγραφα_άδειας_πολεοδομίας"
"Πώς μπορώ να βρω την οικοδομική άδεια μιας παλιάς πολυκατοικίας αν δεν γνωρίζω τον αριθμό της;", "αντίγραφα_άδειας_πολεοδομίας"
"Θέλω να αιτηθώ αντίγραφο του τοπογραφικού διαγράμματος που συνοδεύει την άδεια του 1985.", "αντίγραφα_άδειας_πολεοδομίας"
"Ποιο είναι το κόστος για την αναπαραγωγή σχεδίων μεγάλου μεγέθους από το αρχείο της Πολεοδομίας;", "αντίγραφα_άδειας_πολεοδομίας"
"Χρειάζομαι επικυρωμένο αντίγραφο της στατικής μελέτης για τον έλεγχο στατικότητας του κτιρίου.", "αντίγραφα_άδειας_πολεοδομίας"
"Μπορώ να λάβω ψηφιακά αντίγραφα των σχεδίων της οικοδομικής άδειας μέσω e-mail;", "αντίγραφα_άδειας_πολεοδομίας"
"Πόσο χρόνο διαρκεί η αναζήτηση μιας οικοδομικής άδειας στο φυσικό αρχείο του δήμου;", "αντίγραφα_άδειας_πολεοδομίας"
"Χρειάζομαι αντίγραφο της άδειας κατεδάφισης που εκδόθηκε για το συγκεκριμένο οικόπεδο.", "αντίγραφα_άδειας_πολεοδομίας"
"Ποια δικαιολογητικά πρέπει να προσκομίσω για να αποδείξω το έννομο συμφέρον μου για τη λήψη σχεδίων;", "αντίγραφα_άδειας_πολεοδομίας"
"Θέλω να ζητήσω αντίγραφα από τον φάκελο μιας άδειας που βρίσκεται σε καθεστώς νομιμοποίησης.", "αντίγραφα_άδειας_πολεοδομίας"
"Είναι δυνατή η λήψη αντιγράφων αν ο φάκελος της οικοδομικής άδειας έχει χαθεί ή καταστραφεί;", "αντίγραφα_άδειας_πολεοδομίας"
"Χρειάζομαι αντίγραφο της μελέτης παθητικής πυροπροστασίας από τον φάκελο της πολεοδομίας.", "αντίγραφα_άδειας_πολεοδομίας"
"Πώς μπορώ να λάβω αντίγραφα των εγκεκριμένων σχεδίων για την τακτοποίηση αυθαιρέτου;", "αντίγραφα_άδειας_πολεοδομίας"
"Ποιο τμήμα είναι αρμόδιο για τη χορήγηση αντιγράφων από το αρχείο αυθαιρέτων του Ν. 4178 ή 4495;", "αντίγραφα_άδειας_πολεοδομίας"
"Μπορεί ο μηχανικός μου να παραλάβει τα σχέδια με απλή εξουσιοδότηση ή χρειάζεται συμβολαιογραφική;", "αντίγραφα_άδειας_πολεοδομίας"
"Χρειάζομαι αντίγραφο του διαγράμματος κάλυψης για να ελέγξω το υπόλοιπο δόμησης.", "αντίγραφα_άδειας_πολεοδομίας"
"Πού μπορώ να βρω τον αριθμό πρωτοκόλλου μιας άδειας για την οποία θέλω να βγάλω αντίγραφα;", "αντίγραφα_άδειας_πολεοδομίας"
"Θέλω να αιτηθώ αντίγραφο της βεβαίωσης περαίωσης εργασιών από τον φάκελο της οικοδομής.", "αντίγραφα_άδειας_πολεοδομίας"
"Υπάρχει η δυνατότητα να δω τον φάκελο της άδειας πριν ζητήσω τη φωτοτύπηση των σχεδίων;", "αντίγραφα_άδειας_πολεοδομίας"
"Χρειάζομαι αντίγραφα της μελέτης ηλεκτρομηχανολογικών εγκαταστάσεων για το κατάστημά μου.", "αντίγραφα_άδειας_πολεοδομίας"
"Πώς μπορώ να ζητήσω ανασύσταση φακέλου αν δεν βρίσκονται τα σχέδια στην Πολεοδομία;", "αντίγραφα_άδειας_πολεοδομίας"
"Ποια είναι η διαδικασία για τη λήψη αντιγράφων από αρχείο που έχει μεταφερθεί σε εξωτερική αποθήκη;", "αντίγραφα_άδειας_πολεοδομίας"
"Χρειάζομαι αντίγραφο της άδειας λειτουργίας που είχε εκδοθεί παλαιότερα από την Πολεοδομία.", "αντίγραφα_άδειας_πολεοδομίας"
"Μπορώ να βγάλω αντίγραφα από φάκελο γειτονικού ακινήτου αν έχω δικαστική εντολή;", "αντίγραφα_άδειας_πολεοδομίας"
"Πόσο παλιές άδειες υπάρχουν διαθέσιμες στο αρχείο του δήμου μας;", "αντίγραφα_άδειας_πολεοδομίας"
"Χρειάζομαι αντίγραφο της έκθεσης αυτοψίας αυθαιρέτου που περιλαμβάνεται στον φάκελο.", "αντίγραφα_άδειας_πολεοδομίας"
"Ποια είναι η χρέωση ανά σελίδα για τα αντίγραφα των εγγράφων της πολεοδομίας;", "αντίγραφα_άδειας_πολεοδομίας"
"Θέλω να ζητήσω αντίγραφο του πίνακα ποσοστών που συνοδεύει την οικοδομική άδεια.", "αντίγραφα_άδειας_πολεοδομίας"
"Πώς μπορώ να επιβεβαιώσω ότι το αντίγραφο που έλαβα είναι «ακριβές αντίγραφο εκ του πρωτοτύπου»;", "αντίγραφα_άδειας_πολεοδομίας"
"Χρειάζομαι αντίγραφο της έγκρισης από την αρχαιολογική υπηρεσία που υπάρχει στον φάκελο της άδειας.", "αντίγραφα_άδειας_πολεοδομίας"

"Πού κάνω αίτηση για εγκατάσταση καταστήματος υγειονομικού ενδιαφέροντος;","βεβαίωση_εγκατάστασης_καταστήματος"
"Χρειάζομαι βεβαίωση τοποθεσίας για άδεια καταστήματος.","βεβαίωση_εγκατάστασης_καταστήματος"
"Ποιος εγκρίνει την τοποθέτηση καταστήματος υγειονομικού τύπου;","βεβαίωση_εγκατάστασης_καταστήματος"
"Υπάρχει ηλεκτρονική αίτηση για άδεια λειτουργίας σε συγκεκριμένο σημείο;","βεβαίωση_εγκατάστασης_καταστήματος"
"Ποια δικαιολογητικά απαιτούνται για την τοποθέτηση επιχείρησης;","βεβαίωση_εγκατάστασης_καταστήματος"
"Ποιος είναι ο χρόνος έκδοσης βεβαίωσης εγκατάστασης καταστήματος υγειονομικού ενδιαφέροντος;","βεβαίωση_εγκατάστασης_καταστήματος"
"Μπορώ να ελέγξω online αν η περιοχή μου επιτρέπει κατάστημα υγειονομικού ενδιαφέροντος;","βεβαίωση_εγκατάστασης_καταστήματος"
"Σε ποια υπηρεσία του δήμου απευθύνομαι για βεβαίωση καταλληλότητας χώρου;","βεβαίωση_εγκατάστασης_καταστήματος"
"Είναι απαραίτητη η αυτοψία υγειονομικού για την εγκατάσταση καταστήματος;","βεβαίωση_εγκατάστασης_καταστήματος"
"Ποιοι άλλοι παράγοντες επηρεάζουν την εγκατάσταση καταστήματος υγειονομικού ενδιαφέροντος;","βεβαίωση_εγκατάστασης_καταστήματος"
"Χρειάζεται σχέδιο κάτοψης για την αίτηση εγκατάστασης καταστήματος;","βεβαίωση_εγκατάστασης_καταστήματος"
"Πώς μπορώ να διορθώσω λάθη σε βεβαίωση εγκατάστασης καταστήματος;","βεβαίωση_εγκατάστασης_καταστήματος"
"Τι γίνεται αν η περιοχή δεν επιτρέπει το είδος του καταστήματος;","βεβαίωση_εγκατάστασης_καταστήματος"
"Πού μπορώ να βρω τους όρους και τις προϋποθέσεις για τα καταστήματα υγειονομικού ενδιαφέροντος;","βεβαίωση_εγκατάστασης_καταστήματος"
"Είναι η βεβαίωση εγκατάστασης κρίσιμη για την έναρξη λειτουργίας;","βεβαίωση_εγκατάστασης_καταστήματος"
"Πού μπορώ να βρω τη νομοθεσία για τα καταστήματα υγειονομικού ενδιαφέροντος;","βεβαίωση_εγκατάστασης_καταστήματος"
"Μπορώ να ζητήσω βεβαίωση εγκατάστασης μέσω ΚΕΠ;","βεβαίωση_εγκατάστασης_καταστήματος"
"Ποιος είναι ο ρόλος της Διεύθυνσης Υγείας στην εγκατάσταση καταστημάτων;","βεβαίωση_εγκατάστασης_καταστήματος"
"Χρειάζεται πυροσβεστική άδεια για την εγκατάσταση καταστήματος;","βεβαίωση_εγκατάστασης_καταστήματος"
"Πώς μπορώ να επιταχύνω την έκδοση βεβαίωσης εγκατάστασης καταστήματος;","βεβαίωση_εγκατάστασης_καταστήματος"
"Τι προβλέπεται για πρόστιμα σε περίπτωση λειτουργίας χωρίς βεβαίωση εγκατάστασης;","βεβαίωση_εγκατάστασης_καταστήματος"
"Πού μπορώ να ζητήσω αντίγραφα αποφάσεων για εγκαταστάσεις καταστημάτων;","βεβαίωση_εγκατάστασης_καταστήματος"
"Είναι η βεβαίωση εγκατάστασης απαραίτητη για την απόκτηση ΑΦΜ επιχείρησης;","βεβαίωση_εγκατάστασης_καταστήματος"
"Πώς μπορώ να δηλώσω αλλαγή χρήσης χώρου σε κατάστημα υγειονομικού ενδιαφέροντος;","βεβαίωση_εγκατάστασης_καταστήματος"
"Υπάρχουν ειδικές ρυθμίσεις για εγκατάσταση καταστημάτων σε ιστορικά κτίρια;","βεβαίωση_εγκατάστασης_καταστήματος"
"Πού μπορώ να βρω εγκυκλίους που αφορούν την εγκατάσταση καταστημάτων;","βεβαίωση_εγκατάστασης_καταστήματος"
"Μπορώ να ζητήσω βεβαίωση εγκατάστασης για εποχιακό κατάστημα;","βεβαίωση_εγκατάστασης_καταστήματος"
"Ποια είναι η διαδικασία για την ανανέωση βεβαίωσης εγκατάστασης καταστήματος;","βεβαίωση_εγκατάστασης_καταστήματος"
"Χρειάζεται απόφαση δημοτικού συμβουλίου για την εγκατάσταση καταστήματος;","βεβαίωση_εγκατάστασης_καταστήματος"
"Πού μπορώ να βρω συχνές ερωτήσεις για την εγκατάσταση καταστημάτων υγειονομικού ενδιαφέροντος;","βεβαίωση_εγκατάστασης_καταστήματος"
"Είναι η εγκατάσταση καταστήματος καθοριστική για την αδειοδότηση;","βεβαίωση_εγκατάστασης_καταστήματος"
"Πώς μπορώ να αντλήσω στοιχεία για προηγούμενες βεβαιώσεις εγκατάστασης;","βεβαίωση_εγκατάστασης_καταστήματος"
"Υπάρχει ειδικό καθεστώς για εγκατάσταση καταστημάτων σε τουριστικές περιοχές;","βεβαίωση_εγκατάστασης_καταστήματος"
"Πού μπορώ να υποβάλω ένσταση για απόρριψη αίτησης εγκατάστασης καταστήματος;","βεβαίωση_εγκατάστασης_καταστήματος"
"Τι γίνεται αν η τοποθεσία του καταστήματος αμφισβητείται από γείτονες;","βεβαίωση_εγκατάστασης_καταστήματος"
"Πώς μπορώ να λάβω πληροφορίες για τις χρήσεις γης στην περιοχή μου;","βεβαίωση_εγκατάστασης_καταστήματος"
"Είναι η ύπαρξη εξωτερικού χώρου κρίσιμη για τη βεβαίωση εγκατάστασης;","βεβαίωση_εγκατάστασης_καταστήματος"
"Πού μπορώ να βρω αποφάσεις δικαστηρίων για ζητήματα εγκατάστασης καταστημάτων;","βεβαίωση_εγκατάστασης_καταστήματος"
"Μπορώ να αιτηθώ για βεβαίωση εγκατάστασης για κατάστημα εντός πολυκατοικίας;","βεβαίωση_εγκατάστασης_καταστήματος"
"Ποια είναι η διαδικασία για την αλλαγή κατηγορίας καταστήματος υγειονομικού ενδιαφέροντος;","βεβαίωση_εγκατάστασης_καταστήματος"
"Χρειάζεται έλεγχος προσβασιμότητας ΑμεΑ για την εγκατάσταση καταστήματος;","βεβαίωση_εγκατάστασης_καταστήματος"
"Πού μπορώ να επικοινωνήσω για νομικές συμβουλές σχετικά με την εγκατάσταση καταστημάτων;","βεβαίωση_εγκατάστασης_καταστήματος"
"Είναι η βεβαίωση εγκατάστασης καταστήματος το ίδιο με την άδεια λειτουργίας;","βεβαίωση_εγκατάστασης_καταστήματος"
"Πώς μπορώ να δηλώσω ανάγκη για βεβαίωση εγκατάστασης σε περίπτωση επέκτασης καταστήματος;","βεβαίωση_εγκατάστασης_καταστήματος"
"Υπάρχουν περιορισμοί στο μέγεθος ή τον τύπο των καταστημάτων υγειονομικού ενδιαφέροντος;","βεβαίωση_εγκατάστασης_καταστήματος"
"Πού μπορώ να βρω παλαιούς χάρτες που δείχνουν τις χρήσεις γης;","βεβαίωση_εγκατάστασης_καταστήματος"
"Τι γίνεται αν η τοποθεσία του καταστήματος δεν πληροί τις υγειονομικές απαιτήσεις;","βεβαίωση_εγκατάστασης_καταστήματος"
"Πώς μπορώ να λάβω πληροφορίες για το κόστος έκδοσης βεβαίωσης εγκατάστασης καταστήματος;","βεβαίωση_εγκατάστασης_καταστήματος"
"Πώς μπορώ να βγάλω ένα χαρτί από τον δήμο για να ανοίξω το μαγαζί μου;","βεβαίωση_εγκατάστασης_καταστήματος"
"Θέλω να ανοίξω ένα κατάστημα εστίασης, αλλά χρειάζομαι μια βεβαίωση καταλληλότητας χώρου.","βεβαίωση_εγκατάστασης_καταστήματος"
"Πού μπορώ να βρω τα έντυπα για αίτηση εγκατάστασης καταστήματος;","βεβαίωση_εγκατάστασης_καταστήματος"
"Χρειάζεται να πάρω άδεια από τον δήμο για να αλλάξω την χρήση ενός χώρου σε κατάστημα;","βεβαίωση_εγκατάστασης_καταστήματος"
"Ποια υπηρεσία είναι αρμόδια για να εγκρίνει την τοποθεσία μιας επιχείρησης;","βεβαίωση_εγκατάστασης_καταστήματος"
"Είναι απαραίτητο να γίνει αυτοψία στον χώρο για την έκδοση της βεβαίωσης;","βεβαίωση_εγκατάστασης_καταστήματος"
"Πόσος χρόνος χρειάζεται για να βγει η βεβαίωση εγκατάστασης;","βεβαίωση_εγκατάστασης_καταστήματος"
"Θέλω να βάλω τραπεζοκαθίσματα στον πεζόδρομο, χρειάζομαι βεβαίωση εγκατάστασης;","βεβαίωση_εγκατάστασης_καταστήματος"
"Μπορώ να κάνω αίτηση για βεβαίωση εγκατάστασης αν το κατάστημά μου είναι σε πολυκατοικία;","βεβαίωση_εγκατάστασης_καταστήματος"
"Πώς μπορώ να βρω τους κανονισμούς για τα καταστήματα υγειονομικού ενδιαφέροντος;","βεβαίωση_εγκατάστασης_καταστήματος"
"Χρειάζεται να πληρώσω κάτι για την έκδοση της βεβαίωσης εγκατάστασης;","βεβαίωση_εγκατάστασης_καταστήματος"
"Πού μπορώ να βρω τα στοιχεία επικοινωνίας για την υπηρεσία που δίνει τις βεβαιώσεις;","βεβαίωση_εγκατάστασης_καταστήματος"
"Μπορώ να κάνω ηλεκτρονικά την αίτηση για βεβαίωση εγκατάστασης;","βεβαίωση_εγκατάστασης_καταστήματος"
"Ποια είναι η διαδικασία για την αλλαγή κατηγορίας του καταστήματός μου;","βεβαίωση_εγκατάστασης_καταστήματος"
"Θέλω να μάθω αν η τοποθεσία του μαγαζιού μου επιτρέπει την πώληση αλκοόλ.","βεβαίωση_εγκατάστασης_καταστήματος"
"Πρέπει να πάρω πυροσβεστική άδεια για να ανοίξω το κατάστημά μου;","βεβαίωση_εγκατάστασης_καταστήματος"
"Ποιος είναι ο αρμόδιος για να ελέγξει αν ο χώρος είναι κατάλληλος για υγειονομική χρήση;","βεβαίωση_εγκατάστασης_καταστήματος"
"Μπορώ να ζητήσω αντίγραφο της βεβαίωσης εγκατάστασης που έχω ήδη;","βεβαίωση_εγκατάστασης_καταστήματος"
"Χρειάζεται να υπογράψω μια υπεύθυνη δήλωση για την αίτηση;","βεβαίωση_εγκατάστασης_καταστήματος"
"Ποια είναι η διαδικασία για την έκδοση βεβαίωσης εγκατάστασης για ένα νέο καφέ-εστιατόριο;", "βεβαίωση_εγκατάστασης_καταστήματος"
"Επιτρέπεται η λειτουργία συνεργείου αυτοκινήτων στο συγκεκριμένο οικοδομικό τετράγωνο;", "βεβαίωση_εγκατάστασης_καταστήματος"
"Χρειάζομαι βεβαίωση από την Πολεοδομία ότι το ακίνητο μπορεί να χρησιμοποιηθεί ως φροντιστήριο.", "βεβαίωση_εγκατάστασης_καταστήματος"
"Ποια δικαιολογητικά απαιτούνται για τη βεβαίωση εγκατάστασης καταστήματος υγειονομικού ενδιαφέροντος;", "βεβαίωση_εγκατάστασης_καταστήματος"
"Μπορώ να λάβω βεβαίωση εγκατάστασης αν η χρήση γης στην περιοχή είναι 'αμιγής κατοικία';", "βεβαίωση_εγκατάστασης_καταστήματος"
"Πόσο χρόνο διαρκεί η εξέταση του αιτήματος για βεβαίωση εγκατάστασης από τον δήμο;", "βεβαίωση_εγκατάστασης_καταστήματος"
"Θέλω να μάθω αν επιτρέπεται η ίδρυση κέντρου αισθητικής σε διαμέρισμα πρώτου ορόφου.", "βεβαίωση_εγκατάστασης_καταστήματος"
"Ποιο είναι το κόστος του παραβόλου για την αίτηση βεβαίωσης εγκατάστασης;", "βεβαίωση_εγκατάστασης_καταστήματος"
"Χρειάζομαι βεβαίωση εγκατάστασης για τη μεταφορά της έδρας της επιχείρησής μου.", "βεβαίωση_εγκατάστασης_καταστήματος"
"Είναι απαραίτητη η σύμφωνη γνώμη της πυροσβεστικής για την έκδοση της βεβαίωσης εγκατάστασης;", "βεβαίωση_εγκατάστασης_καταστήματος"
"Πώς μπορώ να ελέγξω τις επιτρεπόμενες χρήσεις γης πριν νοικιάσω έναν επαγγελματικό χώρο;", "βεβαίωση_εγκατάστασης_καταστήματος"
"Χρειάζομαι βεβαίωση εγκατάστασης για τη λειτουργία αυτόματου πωλητή σε εξωτερικό χώρο.", "βεβαίωση_εγκατάστασης_καταστήματος"
"Μπορεί ο δήμος να αρνηθεί τη βεβαίωση εγκατάστασης λόγω μεγάλης συγκέντρωσης ομοειδών καταστημάτων;", "βεβαίωση_εγκατάστασης_καταστήματος"
"Ποια υπηρεσία είναι αρμόδια για τη βεβαίωση εγκατάστασης σε διατηρητέα κτίρια;", "βεβαίωση_εγκατάστασης_καταστήματος"
"Θέλω να αιτηθώ βεβαίωση εγκατάστασης για ένα κατάστημα λιανικού εμπορίου τροφίμων.", "βεβαίωση_εγκατάστασης_καταστήματος"
"Πώς επηρεάζει ο κανονισμός της πολυκατοικίας την έκδοση βεβαίωσης εγκατάστασης;", "βεβαίωση_εγκατάστασης_καταστήματος"
"Χρειάζεται τοπογραφικό διάγραμμα για την αίτηση βεβαίωσης εγκατάστασης καταστήματος;", "βεβαίωση_εγκατάστασης_καταστήματος"
"Είναι δυνατή η έκδοση βεβαίωσης εγκατάστασης για δραστηριότητα που θεωρείται μέσης όχλησης;", "βεβαίωση_εγκατάστασης_καταστήματος"
"Πού υποβάλλεται η ένσταση σε περίπτωση απόρριψης της βεβαίωσης εγκατάστασης;", "βεβαίωση_εγκατάστασης_καταστήματος"
"Χρειάζομαι βεβαίωση εγκατάστασης για τη λειτουργία ιατρείου ή οδοντιατρείου.", "βεβαίωση_εγκατάστασης_καταστήματος"
"Πώς μπορώ να βγάλω βεβαίωση εγκατάστασης μέσω της πλατφόρμας Notify Business;", "βεβαίωση_εγκατάστασης_καταστήματος"
"Μπορώ να αλλάξω τη χρήση του καταστήματος χωρίς νέα βεβαίωση εγκατάστασης;", "βεβαίωση_εγκατάστασης_καταστήματος"
"Ποιες είναι οι προϋποθέσεις για βεβαίωση εγκατάστασης σε περιοχές γενικής κατοικίας;", "βεβαίωση_εγκατάστασης_καταστήματος"
"Θέλω να ανοίξω ένα γυμναστήριο, τι έγγραφα χρειάζεται η Πολεοδομία για τη βεβαίωση;", "βεβαίωση_εγκατάστασης_καταστήματος"
"Επηρεάζεται η βεβαίωση εγκατάστασης από την ύπαρξη αυθαίρετων κατασκευών στο κατάστημα;", "βεβαίωση_εγκατάστασης_καταστήματος"
"Ποιο τμήμα του δήμου εκδίδει τη βεβαίωση για τη λειτουργία παιδότοπου;", "βεβαίωση_εγκατάστασης_καταστήματος"
"Χρειάζομαι βεβαίωση εγκατάστασης για την τοποθέτηση τραπεζοκαθισμάτων σε κοινόχρηστο χώρο.", "βεβαίωση_εγκατάστασης_καταστήματος"
"Πώς μπορώ να λάβω βεβαίωση εγκατάστασης για κατάστημα που βρίσκεται σε εμπορικό κέντρο;", "βεβαίωση_εγκατάστασης_καταστήματος"
"Είναι απαραίτητη η βεβαίωση εγκατάστασης για την αδειοδότηση μιας αποθήκης χονδρικής;", "βεβαίωση_εγκατάστασης_καταστήματος"
"Μπορώ να ζητήσω προκαταρκτικό έλεγχο χρήσεων γης πριν την επίσημη αίτηση;", "βεβαίωση_εγκατάστασης_καταστήματος"
"Ποια είναι η διάρκεια ισχύος μιας βεβαίωσης εγκατάστασης αν δεν ξεκινήσει η λειτουργία;", "βεβαίωση_εγκατάστασης_καταστήματος"
"Χρειάζομαι βεβαίωση εγκατάστασης για τη δημιουργία ενός εργαστηρίου ζαχαροπλαστικής.", "βεβαίωση_εγκατάστασης_καταστήματος"
"Πώς μπορώ να ενημερωθώ αν μια περιοχή έχει χαρακτηριστεί ως 'περιοχή προστασίας' για ορισμένες χρήσεις;", "βεβαίωση_εγκατάστασης_καταστήματος"

"Πού κάνω αίτηση για αναγγελία επαγγέλματος κομμωτή ή κουρέα;","αναγγελία_κομμωτή"
"Χρειάζεται άδεια για να εργαστώ ως κομμωτής;","αναγγελία_κομμωτή"
"Ποια είναι η διαδικασία για αναγγελία επαγγέλματος κομμωτικής;","αναγγελία_κομμωτή"
"Γίνεται η αναγγελία ηλεκτρονικά;","αναγγελία_κομμωτή"
"Σε ποιο τμήμα ανήκει η άδεια άσκησης επαγγέλματος κομμωτή;","αναγγελία_κομμωτή"
"Ποια δικαιολογητικά απαιτούνται για την αναγγελία επαγγέλματος κομμωτή;","αναγγελία_κομμωτή"
"Πόσος χρόνος απαιτείται για την έγκριση της αναγγελίας κομμωτή;","αναγγελία_κομμωτή"
"Μπορώ να ξεκινήσω να εργάζομαι μόλις υποβάλω την αναγγελία;","αναγγελία_κομμωτή"
"Σε ποια υπηρεσία του δήμου απευθύνομαι για αναγγελία κουρέα;","αναγγελία_κομμωτή"
"Είναι απαραίτητη η βεβαίωση προϋπηρεσίας για την αναγγελία κομμωτή;","αναγγελία_κομμωτή"
"Ποιοι άλλοι φορείς εμπλέκονται στην αδειοδότηση κομμωτών;","αναγγελία_κομμωτή"
"Χρειάζεται πιστοποιητικό υγείας για την αναγγελία κομμωτή;","αναγγελία_κομμωτή"
"Πώς μπορώ να παρακολουθήσω την πορεία της αναγγελίας μου;","αναγγελία_κομμωτή"
"Τι γίνεται αν δεν πληρώ τις προϋποθέσεις για αναγγελία επαγγέλματος;","αναγγελία_κομμωτή"
"Πού μπορώ να βρω τους όρους και τις προϋποθέσεις για την άσκηση κομμωτικής;","αναγγελία_κομμωτή"
"Είναι η αναγγελία απαραίτητη για τη νόμιμη λειτουργία κομμωτηρίου;","αναγγελία_κομμωτή"
"Πού μπορώ να βρω τη νομοθεσία για τα επαγγέλματα κομμωτών/κουρέων;","αναγγελία_κομμωτή"
"Μπορώ να κάνω αναγγελία επαγγέλματος μέσω ΚΕΠ;","αναγγελία_κομμωτή"
"Ποιος είναι ο ρόλος του Επαγγελματικού Επιμελητηρίου στην αναγγελία κομμωτή;","αναγγελία_κομμωτή"
"Χρειάζεται έγκριση από το Δημοτικό Συμβούλιο για την αναγγελία;","αναγγελία_κομμωτή"
"Πώς μπορώ να επιταχύνω τη διαδικασία αναγγελίας κομμωτή;","αναγγελία_κομμωτή"
"Τι προβλέπεται για πρόστιμα σε περίπτωση άσκησης επαγγέλματος χωρίς αναγγελία;","αναγγελία_κομμωτή"
"Πού μπορώ να ζητήσω αντίγραφα αναγγελιών επαγγέλματος;","αναγγελία_κομμωτή"
"Είναι η αναγγελία απαραίτητη για τη συμμετοχή σε σεμινάρια κομμωτικής;","αναγγελία_κομμωτή"
"Πώς μπορώ να δηλώσω αλλαγή στοιχείων στην αναγγελία επαγγέλματος;","αναγγελία_κομμωτή"
"Υπάρχουν ειδικές ρυθμίσεις για αναγγελία κομμωτών που εργάζονται κατ' οίκον;","αναγγελία_κομμωτή"
"Πού μπορώ να βρω εγκυκλίους που αφορούν την αναγγελία κομμωτών;","αναγγελία_κομμωτή"
"Μπορώ να ζητήσω αναγνώριση επαγγελματικών προσόντων από το εξωτερικό;","αναγγελία_κομμωτή"
"Ποια είναι η διαδικασία για την ανανέωση της αναγγελίας επαγγέλματος;","αναγγελία_κομμωτή"
"Χρειάζεται ασφάλιση επαγγελματικής ευθύνης για κομμωτές;","αναγγελία_κομμωτή"
"Πού μπορώ να βρω συχνές ερωτήσεις για την αναγγελία κομμωτών;","αναγγελία_κομμωτή"
"Είναι η αναγγελία καθοριστική για τη χορήγηση επιδοτήσεων σε κομμωτές;","αναγγελία_κομμωτή"
"Πώς μπορώ να αντλήσω στοιχεία για προηγούμενες αναγγελίες επαγγέλματος;","αναγγελία_κομμωτή"
"Υπάρχει ειδικό καθεστώς για κομμωτές με ειδικότητες (π.χ. πέρυκες);","αναγγελία_κομμωτή"
"Πού μπορώ να υποβάλω ένσταση για απόρριψη αίτησης αναγγελίας;","αναγγελία_κομμωτή"
"Τι γίνεται αν η αναγγελία δεν είναι σύμφωνη με τα απαιτούμενα προσόντα;","αναγγελία_κομμωτή"
"Πώς μπορώ να λάβω πληροφορίες για το κόστος της αναγγελίας επαγγέλματος;","αναγγελία_κομμωτή"
"Είναι η αναγγελία απαραίτητη για την εγγραφή σε επαγγελματικά σωματεία;","αναγγελία_κομμωτή"
"Πού μπορώ να βρω αποφάσεις δικαστηρίων για ζητήματα άσκησης κομμωτικής;","αναγγελία_κομμωτή"
"Μπορώ να αιτηθώ για αναγγελία επαγγέλματος αν έχω πτυχίο από ΙΕΚ;","αναγγελία_κομμωτή"
"Ποια είναι η διαδικασία για την παύση άσκησης επαγγέλματος κομμωτή;","αναγγελία_κομμωτή"
"Χρειάζεται βεβαίωση καλής λειτουργίας από την υγειονομική υπηρεσία;","αναγγελία_κομμωτή"
"Πού μπορώ να επικοινωνήσω για νομικές συμβουλές σχετικά με την αναγγελία κομμωτών;","αναγγελία_κομμωτή"
"Είναι η αναγγελία επαγγέλματος το ίδιο με την άδεια λειτουργίας καταστήματος;","αναγγελία_κομμωτή"
"Πώς μπορώ να δηλώσω ανάγκη για αναγγελία σε περίπτωση αλλαγής διεύθυνσης εργασίας;","αναγγελία_κομμωτή"
"Υπάρχουν περιορισμοί στον αριθμό των κομμωτών ανά δήμο;","αναγγελία_κομμωτή"
"Πού μπορώ να βρω παλαιούς κανονισμούς που αφορούν τους κομμωτές;","αναγγελία_κομμωτή"
"Τι γίνεται αν η αναγγελία αμφισβητείται από άλλον επαγγελματία;","αναγγελία_κομμωτή"
"Πώς μπορώ να λάβω πληροφορίες για εκπαιδευτικά προγράμματα κομμωτικής;","αναγγελία_κομμωτή"
"Τελείωσα μια σχολή κομμωτικής και θέλω να ξεκινήσω να εργάζομαι, τι πρέπει να κάνω;","αναγγελία_κομμωτή"
"Πρέπει να πάρω ένα έγγραφο από τον δήμο για να ασκήσω το επάγγελμα του κομμωτή;","αναγγελία_κομμωτή"
"Πού μπορώ να δηλώσω την έναρξη του επαγγέλματός μου ως κουρέας;","αναγγελία_κομμωτή"
"Ο δήμος έχει κάποια πλατφόρμα για την αναγγελία επαγγέλματος κομμωτή;","αναγγελία_κομμωτή"
"Χρειάζεται να πληρώσω κάτι για να κάνω την αναγγελία επαγγέλματος;","αναγγελία_κομμωτή"
"Πώς μπορώ να βρω τα έντυπα για την αναγγελία κομμωτή;","αναγγελία_κομμωτή"
"Ποια είναι η διαδικασία για την ανανέωση της άδειας μου;","αναγγελία_κομμωτή"
"Μπορώ να ζητήσω αναγνώριση του πτυχίου μου από το εξωτερικό;","αναγγελία_κομμωτή"
"Πρέπει να πάρω μια βεβαίωση καλής λειτουργίας για να κάνω την αναγγελία;","αναγγελία_κομμωτή"
"Χρειάζεται ασφάλιση για να εργαστώ ως κομμωτής;","αναγγελία_κομμωτή"
"Πού μπορώ να βρω πληροφορίες για τα δικαιολογητικά που χρειάζομαι για την αναγγελία;","αναγγελία_κομμωτή"
"Μπορώ να κάνω αναγγελία επαγγέλματος αν είμαι μακιγιέζ;","αναγγελία_κομμωτή"
"Πώς μπορώ να βρω τους κανονισμούς για τα κομμωτήρια;","αναγγελία_κομμωτή"
"Ποιος είναι ο αρμόδιος για να ελέγξει αν η αναγγελία μου είναι σωστή;","αναγγελία_κομμωτή"
"Θέλω να δηλώσω παύση επαγγέλματος κομμωτή, τι πρέπει να κάνω;","αναγγελία_κομμωτή"
"Πρέπει να πάρω άδεια από τον δήμο για να δουλέψω ως κομμωτής στο σπίτι μου;","αναγγελία_κομμωτή"
"Ποιος είναι ο ρόλος του Επαγγελματικού Επιμελητηρίου στην αδειοδότηση;","αναγγελία_κομμωτή"
"Μπορώ να κάνω αναγγελία επαγγέλματος μέσω ΚΕΠ;","αναγγελία_κομμωτή"
"Χρειάζεται να υπογράψω μια υπεύθυνη δήλωση για την αναγγελία;","αναγγελία_κομμωτή"
"Πώς μπορώ να ενημερωθώ για εκπαιδευτικά προγράμματα για κομμωτές;","αναγγελία_κομμωτή"
"Ποια δικαιολογητικά χρειάζονται για την αναγγελία έναρξης ασκήσεως επαγγέλματος κομμωτή;", "αναγγελία_κομμωτή"
"Πώς μπορώ να καταθέσω την άδεια ασκήσεως επαγγέλματος κουρέα στον δήμο;", "αναγγελία_κομμωτή"
"Χρειάζομαι βεβαίωση υποβολής αναγγελίας για την έναρξη του κομμωτηρίου μου στην εφορία.", "αναγγελία_κομμωτή"
"Ποιο είναι το παράβολο που πρέπει να πληρώσω για την αναγγελία τεχνίτη περιποίησης χεριών και ποδιών;", "αναγγελία_κομμωτή"
"Μπορώ να υποβάλω την αναγγελία κομμωτή ηλεκτρονικά μέσω της πύλης του δήμου;", "αναγγελία_κομμωτή"
"Πόσο χρόνο διαρκεί η επεξεργασία της αναγγελίας μέχρι να λάβω τη βεβαίωση νόμιμης λειτουργίας;", "αναγγελία_κομμωτή"
"Χρειάζεται να καταθέσω πιστοποιητικό υγείας μαζί με την αναγγελία έναρξης επαγγέλματος;", "αναγγελία_κομμωτή"
"Πού υποβάλλεται η αίτηση για την αναγγελία άσκησης επαγγέλματος κομμωτή - κουρέα;", "αναγγελία_κομμωτή"
"Τι γίνεται αν η αναγγελία μου απορριφθεί λόγω ελλιπών δικαιολογητικών;", "αναγγελία_κομμωτή"
"Χρειάζομαι αντίγραφο πτυχίου ή βεβαίωση προϋπηρεσίας για την αναγγελία στον δήμο;", "αναγγελία_κομμωτή"
"Ποια είναι η διαδικασία αναγγελίας για τεχνίτη ονυχοπλαστικής που θέλει να ανοίξει δικό του χώρο;", "αναγγελία_κομμωτή"
"Είναι απαραίτητη η αναγγελία στον δήμο αν εργάζομαι ως υπάλληλος σε κομμωτήριο;", "αναγγελία_κομμωτή"
"Πώς μπορώ να κάνω μεταβολή στοιχείων στην ήδη κατατεθειμένη αναγγελία κομμωτή;", "αναγγελία_κομμωτή"
"Χρειάζομαι βεβαίωση ότι η αναγγελία μου έχει καταχωρηθεί στο μητρώο του δήμου.", "αναγγελία_κομμωτή"
"Ποια υπηρεσία του δήμου είναι αρμόδια για τον έλεγχο των φακέλων των κομμωτών;", "αναγγελία_κομμωτή"
"Μπορώ να ασκήσω το επάγγελμα αν έχουν περάσει 20 ημέρες από την υποβολή της αναγγελίας χωρίς απάντηση;", "αναγγελία_κομμωτή"
"Ποια είναι τα απαραίτητα έγγραφα για την αναγγελία έναρξης επαγγέλματος από αλλοδαπό;", "αναγγελία_κομμωτή"
"Χρειάζεται ποινικό μητρώο για την ολοκλήρωση της διαδικασίας αναγγελίας κομμωτή;", "αναγγελία_κομμωτή"
"Πώς μπορώ να ανακαλέσω την αναγγελία μου αν αποφασίσω να κλείσω την επιχείρηση;", "αναγγελία_κομμωτή"
"Είναι διαφορετική η διαδικασία αναγγελίας για κουρείς και διαφορετική για κομμωτές;", "αναγγελία_κομμωτή"
"Πού μπορώ να βρω το έντυπο της υπεύθυνης δήλωσης που συνοδεύει την αναγγελία;", "αναγγελία_κομμωτή"
"Χρειάζομαι βεβαίωση μόνιμης κατοικίας για να καταθέσω αναγγελία στον συγκεκριμένο δήμο;", "αναγγελία_κομμωτή"
"Ποιο είναι το όριο ηλικίας για την υποβολή αναγγελίας έναρξης επαγγέλματος κομμωτή;", "αναγγελία_κομμωτή"
"Μπορεί ένας αντιπρόσωπος να καταθέσει την αναγγελία μου με εξουσιοδότηση;", "αναγγελία_κομμωτή"
"Τι έγγραφα απαιτούνται για την αναγγελία τεχνίτη μακιγιάζ που λειτουργεί εντός κομμωτηρίου;", "αναγγελία_κομμωτή"
"Πώς ενημερώνομαι για τον αριθμό μητρώου της αναγγελίας μου;", "αναγγελία_κομμωτή"
"Είναι απαραίτητη η κατάθεση φωτογραφιών για την έκδοση της βεβαίωσης αναγγελίας;", "αναγγελία_κομμωτή"
"Ποια είναι η διαδικασία αναγγελίας για κομμωτή που έρχεται από άλλη χώρα της Ε.Ε.;", "αναγγελία_κομμωτή"
"Χρειάζεται να δηλώσω την ακριβή διεύθυνση του καταστήματος κατά την αναγγελία;", "αναγγελία_κομμωτή"
"Πώς μπορώ να λάβω αντίγραφο της παλιάς μου αναγγελίας κομμωτή που έχω χάσει;", "αναγγελία_κομμωτή"
"Ποια είναι η νομοθεσία που διέπει την αναγγελία των επαγγελμάτων αισθητικής και κομμωτικής;", "αναγγελία_κομμωτή"

"Πού αιτούμαι αναγγελία άσκησης επαγγέλματος τεχνίτη άκρων;","αναγγελία_τεχνίτη_άκρων"
"Χρειάζομαι άδεια για περιποίηση άνω και κάτω άκρων;","αναγγελία_τεχνίτη_άκρων"
"Ποιος δίνει την έγκριση για επαγγελματίες περιποίησης νυχιών;","αναγγελία_τεχνίτη_άκρων"
"Μπορώ να κάνω την αναγγελία ψηφιακά;","αναγγελία_τεχνίτη_άκρων"
"Ποια έγγραφα χρειάζονται για την άδεια τεχνίτη άκρων;","αναγγελία_τεχνίτη_άκρων"
"Ποια δικαιολογητικά απαιτούνται για την αναγγελία επαγγέλματος τεχνίτη άκρων;","αναγγελία_τεχνίτη_άκρων"
"Πόσος χρόνος απαιτείται για την έγκριση της αναγγελίας τεχνίτη άκρων;","αναγγελία_τεχνίτη_άκρων"
"Μπορώ να ξεκινήσω να εργάζομαι μόλις υποβάλω την αναγγελία τεχνίτη άκρων;","αναγγελία_τεχνίτη_άκρων"
"Σε ποια υπηρεσία του δήμου απευθύνομαι για αναγγελία περιποίησης νυχιών;","αναγγελία_τεχνίτη_άκρων"
"Είναι απαραίτητη η βεβαίωση σπουδών για την αναγγελία τεχνίτη άκρων;","αναγγελία_τεχνίτη_άκρων"
"Ποιοι άλλοι φορείς εμπλέκονται στην αδειοδότηση τεχνιτών άκρων;","αναγγελία_τεχνίτη_άκρων"
"Χρειάζεται πιστοποιητικό υγείας για την αναγγελία τεχνίτη άκρων;","αναγγελία_τεχνίτη_άκρων"
"Πώς μπορώ να παρακολουθήσω την πορεία της αναγγελίας μου για τεχνίτη άκρων;","αναγγελία_τεχνίτη_άκρων"
"Τι γίνεται αν δεν πληρώ τις προϋποθέσεις για αναγγελία επαγγέλματος τεχνίτη άκρων;","αναγγελία_τεχνίτη_άκρων"
"Πού μπορώ να βρω τους όρους και τις προϋποθέσεις για την άσκηση επαγγέλματος τεχνίτη άκρων;","αναγγελία_τεχνίτη_άκρων"
"Είναι η αναγγελία απαραίτητη για τη νόμιμη λειτουργία ινστιτούτου νυχιών;","αναγγελία_τεχνίτη_άκρων"
"Πού μπορώ να βρω τη νομοθεσία για τους επαγγελματίες περιποίησης άκρων;","αναγγελία_τεχνίτη_άκρων"
"Μπορώ να κάνω αναγγελία επαγγέλματος τεχνίτη άκρων μέσω ΚΕΠ;","αναγγελία_τεχνίτη_άκρων"
"Ποιος είναι ο ρόλος του Επαγγελματικού Επιμελητηρίου στην αναγγελία τεχνίτη άκρων;","αναγγελία_τεχνίτη_άκρων"
"Χρειάζεται έγκριση από το Δημοτικό Συμβούλιο για την αναγγελία τεχνίτη άκρων;","αναγγελία_τεχνίτη_άκρων"
"Πώς μπορώ να επιταχύνω τη διαδικασία αναγγελίας τεχνίτη άκρων;","αναγγελία_τεχνίτη_άκρων"
"Τι προβλέπεται για πρόστιμα σε περίπτωση άσκησης επαγγέλματος τεχνίτη άκρων χωρίς αναγγελία;","αναγγελία_τεχνίτη_άκρων"
"Πού μπορώ να ζητήσω αντίγραφα αναγγελιών επαγγέλματος τεχνίτη άκρων;","αναγγελία_τεχνίτη_άκρων"
"Είναι η αναγγελία απαραίτητη για τη συμμετοχή σε σεμινάρια περιποίησης άκρων;","αναγγελία_τεχνίτη_άκρων"
"Πώς μπορώ να δηλώσω αλλαγή στοιχείων στην αναγγελία επαγγέλματος τεχνίτη άκρων;","αναγγελία_τεχνίτη_άκρων"
"Υπάρχουν ειδικές ρυθμίσεις για αναγγελία τεχνιτών άκρων που εργάζονται κατ' οίκον;","αναγγελία_τεχνίτη_άκρων"
"Πού μπορώ να βρω εγκυκλίους που αφορούν την αναγγελία τεχνίτη άκρων;","αναγγελία_τεχνίτη_άκρων"
"Μπορώ να ζητήσω αναγνώριση επαγγελματικών προσόντων τεχνίτη άκρων από το εξωτερικό;","αναγγελία_τεχνίτη_άκρων"
"Ποια είναι η διαδικασία για την ανανέωση της αναγγελίας επαγγέλματος τεχνίτη άκρων;","αναγγελία_τεχνίτη_άκρων"
"Χρειάζεται ασφάλιση επαγγελματικής ευθύνης για τεχνίτες άκρων;","αναγγελία_τεχνίτη_άκρων"
"Πού μπορώ να βρω συχνές ερωτήσεις για την αναγγελία τεχνίτη άκρων;","αναγγελία_τεχνίτη_άκρων"
"Είναι η αναγγελία καθοριστική για τη χορήγηση επιδοτήσεων σε τεχνίτες άκρων;","αναγγελία_τεχνίτη_άκρων"
"Πώς μπορώ να αντλήσω στοιχεία για προηγούμενες αναγγελίες επαγγέλματος τεχνίτη άκρων;","αναγγελία_τεχνίτη_άκρων"
"Υπάρχει ειδικό καθεστώς για τεχνίτες άκρων με ειδικές τεχνικές;","αναγγελία_τεχνίτη_άκρων"
"Πού μπορώ να υποβάλω ένσταση για απόρριψη αίτησης αναγγελίας τεχνίτη άκρων;","αναγγελία_τεχνίτη_άκρων"
"Τι γίνεται αν η αναγγελία τεχνίτη άκρων δεν είναι σύμφωνη με τα απαιτούμενα προσόντα;","αναγγελία_τεχνίτη_άκρων"
"Πώς μπορώ να λάβω πληροφορίες για το κόστος της αναγγελίας επαγγέλματος τεχνίτη άκρων;","αναγγελία_τεχνίτη_άκρων"
"Είναι η αναγγελία απαραίτητη για την εγγραφή σε επαγγελματικά σωματεία τεχνιτών άκρων;","αναγγελία_τεχνίτη_άκρων"
"Πού μπορώ να βρω αποφάσεις δικαστηρίων για ζητήματα άσκησης επαγγέλματος τεχνίτη άκρων;","αναγγελία_τεχνίτη_άκρων"
"Μπορώ να αιτηθώ για αναγγελία επαγγέλματος τεχνίτη άκρων αν έχω πτυχίο από σχολή του εξωτερικού;","αναγγελία_τεχνίτη_άκρων"
"Ποια είναι η διαδικασία για την παύση άσκησης επαγγέλματος τεχνίτη άκρων;","αναγγελία_τεχνίτη_άκρων"
"Χρειάζεται βεβαίωση καλής λειτουργίας από την υγειονομική υπηρεσία για το χώρο εργασίας;","αναγγελία_τεχνίτη_άκρων"
"Πού μπορώ να επικοινωνήσω για νομικές συμβουλές σχετικά με την αναγγελία τεχνίτη άκρων;","αναγγελία_τεχνίτη_άκρων"
"Είναι η αναγγελία επαγγέλματος τεχνίτη άκρων το ίδιο με την άδεια λειτουργίας ινστιτούτου;","αναγγελία_τεχνίτη_άκρων"
"Πώς μπορώ να δηλώσω ανάγκη για αναγγελία τεχνίτη άκρων σε περίπτωση αλλαγής διεύθυνσης εργασίας;","αναγγελία_τεχνίτη_άκρων"
"Υπάρχουν περιορισμοί στον αριθμό των τεχνιτών άκρων ανά δήμο;","αναγγελία_τεχνίτη_άκρων"
"Πού μπορώ να βρω παλαιούς κανονισμούς που αφορούν τους τεχνίτες άκρων;","αναγγελία_τεχνίτη_άκρων"
"Τι γίνεται αν η αναγγελία τεχνίτη άκρων αμφισβητείται από άλλον επαγγελματία;","αναγγελία_τεχνίτη_άκρων"
"Πώς μπορώ να λάβω πληροφορίες για εκπαιδευτικά προγράμματα περιποίησης άκρων;","αναγγελία_τεχνίτη_άκρων"
"Έχω τελειώσει μια σχολή νυχιών και θέλω να δουλέψω νόμιμα, τι πρέπει να κάνω;","αναγγελία_τεχνίτη_άκρων"
"Πρέπει να πάρω άδεια από τον δήμο για να κάνω μανικιούρ-πεντικιούρ;","αναγγελία_τεχνίτη_άκρων"
"Πού μπορώ να δηλώσω την έναρξη του επαγγέλματος μου ως τεχνίτης νυχιών;","αναγγελία_τεχνίτη_άκρων"
"Ο δήμος έχει κάποια πλατφόρμα για την αναγγελία του επαγγέλματος;","αναγγελία_τεχνίτη_άκρων"
"Χρειάζεται να πληρώσω κάτι για να κάνω την αναγγελία επαγγέλματος;","αναγγελία_τεχνίτη_άκρων"
"Πώς μπορώ να βρω τα έντυπα για την αναγγελία τεχνίτη άκρων;","αναγγελία_τεχνίτη_άκρων"
"Ποια είναι η διαδικασία για την ανανέωση της άδειάς μου;","αναγγελία_τεχνίτη_άκρων"
"Μπορώ να ζητήσω αναγνώριση του πτυχίου μου από το εξωτερικό;","αναγγελία_τεχνίτη_άκρων"
"Πρέπει να πάρω μια βεβαίωση καλής λειτουργίας για να κάνω την αναγγελία;","αναγγελία_τεχνίτη_άκρων"
"Χρειάζεται ασφάλιση για να εργαστώ ως τεχνίτης νυχιών;","αναγγελία_τεχνίτη_άκρων"
"Πού μπορώ να βρω πληροφορίες για τα δικαιολογητικά που χρειάζομαι για την αναγγελία;","αναγγελία_τεχνίτη_άκρων"
"Μπορώ να κάνω αναγγελία επαγγέλματος αν είμαι ποδολόγος;","αναγγελία_τεχνίτη_άκρων"
"Πώς μπορώ να βρω τους κανονισμούς για τα ινστιτούτα νυχιών;","αναγγελία_τεχνίτη_άκρων"
"Ποιος είναι ο αρμόδιος για να ελέγξει αν η αναγγελία μου είναι σωστή;","αναγγελία_τεχνίτη_άκρων"
"Θέλω να δηλώσω παύση επαγγέλματος τεχνίτη άκρων, τι πρέπει να κάνω;","αναγγελία_τεχνίτη_άκρων"
"Πρέπει να πάρω άδεια από τον δήμο για να δουλέψω ως τεχνίτης νυχιών στο σπίτι μου;","αναγγελία_τεχνίτη_άκρων"
"Ποιος είναι ο ρόλος του Επαγγελματικού Επιμελητηρίου στην αδειοδότηση;","αναγγελία_τεχνίτη_άκρων"
"Μπορώ να κάνω αναγγελία επαγγέλματος μέσω ΚΕΠ;","αναγγελία_τεχνίτη_άκρων"
"Χρειάζεται να υπογράψω μια υπεύθυνη δήλωση για την αναγγελία;","αναγγελία_τεχνίτη_άκρων"
"Πώς μπορώ να ενημερωθώ για εκπαιδευτικά προγράμματα για τεχνίτες άκρων;","αναγγελία_τεχνίτη_άκρων"
"Ποια δικαιολογητικά χρειάζονται για την αναγγελία έναρξης επαγγέλματος τεχνίτη περιποίησης χεριών και ποδιών;", "αναγγελία_τεχνίτη_άκρων"
"Πώς μπορώ να καταθέσω την άδεια ασκήσεως επαγγέλματος ονυχοπλαστικής στον δήμο;", "αναγγελία_τεχνίτη_άκρων"
"Χρειάζομαι βεβαίωση υποβολής αναγγελίας τεχνίτη άκρων για την έναρξη δραστηριότητας στην εφορία.", "αναγγελία_τεχνίτη_άκρων"
"Ποιο είναι το παράβολο που πρέπει να πληρώσω για την αναγγελία τεχνίτη μανικιούρ-πεντικιούρ;", "αναγγελία_τεχνίτη_άκρων"
"Μπορώ να υποβάλω την αναγγελία τεχνίτη άκρων ηλεκτρονικά μέσω της πλατφόρμας του δήμου;", "αναγγελία_τεχνίτη_άκρων"
"Πόσο χρόνο διαρκεί η επεξεργασία της αναγγελίας μέχρι να λάβω τη νόμιμη βεβαίωση;", "αναγγελία_τεχνίτη_άκρων"
"Χρειάζεται να καταθέσω πιστοποιητικό υγείας μαζί με την αναγγελία έναρξης επαγγέλματος;", "αναγγελία_τεχνίτη_άκρων"
"Πού υποβάλλεται η αίτηση για την αναγγελία άσκησης επαγγέλματος τεχνίτη περιποίησης άκρων;", "αναγγελία_τεχνίτη_άκρων"
"Τι γίνεται αν η αναγγελία μου απορριφθεί λόγω ελλιπών εγγράφων;", "αναγγελία_τεχνίτη_άκρων"
"Χρειάζομαι αντίγραφο πτυχίου ή βεβαίωση σπουδών για την αναγγελία στον δήμο;", "αναγγελία_τεχνίτη_άκρων"
"Ποια είναι η διαδικασία αναγγελίας για τεχνίτη που θέλει να εργαστεί σε υφιστάμενο κομμωτήριο;", "αναγγελία_τεχνίτη_άκρων"
"Είναι απαραίτητη η αναγγελία στον δήμο αν διαθέτω πτυχίο από ιδιωτική σχολή εξωτερικού;", "αναγγελία_τεχνίτη_άκρων"
"Πώς μπορώ να κάνω μεταβολή στοιχείων στην ήδη κατατεθειμένη αναγγελία τεχνίτη άκρων;", "αναγγελία_τεχνίτη_άκρων"
"Χρειάζομαι βεβαίωση ότι η αναγγελία μου έχει καταχωρηθεί επίσημα στο μητρώο του δήμου.", "αναγγελία_τεχνίτη_άκρων"
"Ποια υπηρεσία του δήμου είναι αρμόδια για τον έλεγχο των δικαιολογητικών των τεχνιτών άκρων;", "αναγγελία_τεχνίτη_άκρων"
"Μπορώ να ξεκινήσω να εργάζομαι αν έχουν περάσει 20 ημέρες από την αναγγελία χωρίς ενημέρωση;", "αναγγελία_τεχνίτη_άκρων"
"Ποια είναι τα απαραίτητα έγγραφα για την αναγγελία έναρξης επαγγέλματος από πολίτη τρίτης χώρας;", "αναγγελία_τεχνίτη_άκρων"
"Χρειάζεται αντίγραφο ποινικού μητρώου για την ολοκλήρωση της διαδικασίας αναγγελίας;", "αναγγελία_τεχνίτη_άκρων"
"Πώς μπορώ να ακυρώσω την αναγγελία μου αν σταματήσω να ασκώ το επάγγελμα;", "αναγγελία_τεχνίτη_άκρων"
"Είναι διαφορετική η διαδικασία αναγγελίας για απλό μανικιούρ και διαφορετική για τεχνητά νύχια;", "αναγγελία_τεχνίτη_άκρων"
"Πού μπορώ να βρω το έντυπο της αίτησης-υπεύθυνης δήλωσης για την αναγγελία τεχνίτη άκρων;", "αναγγελία_τεχνίτη_άκρων"
"Χρειάζομαι βεβαίωση μόνιμης κατοικίας για να καταθέσω αναγγελία στον δήμο σας;", "αναγγελία_τεχνίτη_άκρων"
"Ποιο είναι το ελάχιστο όριο ηλικίας για την υποβολή αναγγελίας τεχνίτη περιποίησης άκρων;", "αναγγελία_τεχνίτη_άκρων"
"Μπορεί ο λογιστής μου να καταθέσει την αναγγελία μου με εξουσιοδότηση;", "αναγγελία_τεχνίτη_άκρων"
"Τι έγγραφα απαιτούνται για την αναγγελία τεχνίτη άκρων που λειτουργεί σε δικό του studio;", "αναγγελία_τεχνίτη_άκρων"
"Πώς ενημερώνεται ο ενδιαφερόμενος για τον αριθμό πρωτοκόλλου της αναγγελίας του;", "αναγγελία_τεχνίτη_άκρων"
"Είναι απαραίτητη η κατάθεση πρόσφατων φωτογραφιών για τη βεβαίωση αναγγελίας;", "αναγγελία_τεχνίτη_άκρων"
"Ποια είναι η διαδικασία αναγγελίας για τεχνίτες που έχουν αναγνωρισμένα επαγγελματικά προσόντα;", "αναγγελία_τεχνίτη_άκρων"
"Χρειάζεται να δηλώσω την επαγγελματική έδρα κατά την υποβολή της αναγγελίας;", "αναγγελία_τεχνίτη_άκρων"
"Πώς μπορώ να λάβω αντίγραφο της βεβαίωσης αναγγελίας τεχνίτη άκρων λόγω απώλειας;", "αναγγελία_τεχνίτη_άκρων"
"Ποια είναι η τρέχουσα νομοθεσία για την αναγγελία των επαγγελμάτων αισθητικής άκρων;", "αναγγελία_τεχνίτη_άκρων"

"Πού κάνω αίτηση για παράταση ωραρίου μουσικής σε κατάστημα;","παράταση_μουσικής"
"Χρειάζεται ειδική άδεια για να παίζει μουσική μετά τις 11:00;","παράταση_μουσικής"
"Ποιος εγκρίνει την παράταση μουσικής σε καταστήματα;","παράταση_μουσικής"
"Γίνεται η διαδικασία ψηφιακά για παράταση ωραρίου μουσικής;","παράταση_μουσικής"
"Τι δικαιολογητικά απαιτούνται για την παράταση;","παράταση_μουσικής"
"Ποιος είναι ο χρόνος έκδοσης άδειας παράτασης ωραρίου μουσικής;","παράταση_μουσικής"
"Μπορώ να ζητήσω παράταση μουσικής για ειδικές εκδηλώσεις;","παράταση_μουσικής"
"Σε ποια υπηρεσία του δήμου απευθύνομαι για παράταση ωραρίου μουσικής;","παράταση_μουσικής"
"Είναι απαραίτητη η ηχομέτρηση για την παράταση μουσικής;","παράταση_μουσικής"
"Ποιοι άλλοι παράγοντες επηρεάζουν την έγκριση παράτασης μουσικής;","παράταση_μουσικής"
"Χρειάζεται υπεύθυνη δήλωση για την αίτηση παράτασης μουσικής;","παράταση_μουσικής"
"Πώς μπορώ να διορθώσω λάθη σε άδεια παράτασης μουσικής;","παράταση_μουσικής"
"Τι γίνεται αν η παράταση μουσικής απορριφθεί;","παράταση_μουσικής"
"Πού μπορώ να βρω τους κανονισμούς για το ωράριο μουσικής σε καταστήματα;","παράταση_μουσικής"
"Είναι η παράταση μουσικής κρίσιμη για τη λειτουργία νυχτερινών κέντρων;","παράταση_μουσικής"
"Πού μπορώ να βρω τη νομοθεσία για τη μουσική στα καταστήματα;","παράταση_μουσικής"
"Μπορώ να ζητήσω παράταση μουσικής μέσω ΚΕΠ;","παράταση_μουσικής"
"Ποιος είναι ο ρόλος της Αστυνομίας στην τήρηση του ωραρίου μουσικής;","παράταση_μουσικής"
"Χρειάζεται βεβαίωση μηχανικού για την ηχομόνωση;","παράταση_μουσικής"
"Πώς μπορώ να επιταχύνω την έκδοση άδειας παράτασης μουσικής;","παράταση_μουσικής"
"Τι προβλέπεται για πρόστιμα σε περίπτωση υπέρβασης ωραρίου μουσικής;","παράταση_μουσικής"
"Πού μπορώ να ζητήσω αντίγραφα αποφάσεων για παρατάσεις μουσικής;","παράταση_μουσικής"
"Είναι η παράταση μουσικής απαραίτητη για ζωντανή μουσική;","παράταση_μουσικής"
"Πώς μπορώ να δηλώσω παράνομη ηχορύπανση από κατάστημα;","παράταση_μουσικής"
"Υπάρχουν ειδικές ρυθμίσεις για παράταση μουσικής σε κατοικημένες περιοχές;","παράταση_μουσικής"
"Πού μπορώ να βρω εγκυκλίους που αφορούν την παράταση μουσικής;","παράταση_μουσικής"
"Μπορώ να ζητήσω παράταση μουσικής για εξωτερικό χώρο καταστήματος;","παράταση_μουσικής"
"Ποια είναι η διαδικασία για την ανανέωση άδειας παράτασης μουσικής;","παράταση_μουσικής"
"Χρειάζεται απόφαση δημοτικού συμβουλίου για την παράταση μουσικής;","παράταση_μουσικής"
"Πού μπορώ να βρω συχνές ερωτήσεις για την παράταση μουσικής;","παράταση_μουσικής"
"Είναι η παράταση μουσικής καθοριστική για την προσέλευση πελατών;","παράταση_μουσικής"
"Πώς μπορώ να αντλήσω στοιχεία για προηγούμενες παρατάσεις μουσικής;","παράταση_μουσικής"
"Υπάρχει ειδικό καθεστώς για παράταση μουσικής σε τουριστικές περιοχές;","παράταση_μουσικής"
"Πού μπορώ να υποβάλω ένσταση για απόρριψη αίτησης παράτασης μουσικής;","παράταση_μουσικής"
"Τι γίνεται αν η παράταση μουσικής αμφισβητείται από γείτονες;","παράταση_μουσικής"
"Πώς μπορώ να λάβω πληροφορίες για τα όρια έντασης ήχου;","παράταση_μουσικής"
"Είναι η άδεια παράτασης μουσικής το ίδιο με την άδεια λειτουργίας καταστήματος;","παράταση_μουσικής"
"Πού μπορώ να βρω αποφάσεις δικαστηρίων για ζητήματα ηχορύπανσης;","παράταση_μουσικής"
"Μπορώ να αιτηθώ για παράταση μουσικής για μια μόνο βραδιά;","παράταση_μουσικής"
"Ποια είναι η διαδικασία για την ανάκληση άδειας παράτασης μουσικής;","παράταση_μουσικής"
"Χρειάζεται απόδειξη πληρωμής τελών για την παράταση μουσικής;","παράταση_μουσικής"
"Πού μπορώ να επικοινωνήσω για νομικές συμβουλές σχετικά με την παράταση μουσικής;","παράταση_μουσικής"
"Είναι η παράταση μουσικής απαραίτητη για εκδηλώσεις σε δημόσιους χώρους;","παράταση_μουσικής"
"Πώς μπορώ να δηλώσω ανάγκη για παράταση μουσικής λόγω ειδικής περίστασης;","παράταση_μουσικής"
"Υπάρχουν περιορισμοί στο είδος της μουσικής που επιτρέπεται με παράταση;","παράταση_μουσικής"
"Πού μπορώ να βρω παλαιούς κανονισμούς που αφορούν το ωράριο μουσικής;","παράταση_μουσικής"
"Τι γίνεται αν η παράταση μουσικής δεν τηρείται από το κατάστημα;","παράταση_μουσικής"
"Πώς μπορώ να λάβω πληροφορίες για το κόστος έκδοσης άδειας παράτασης μουσικής;","παράταση_μουσικής"
"Θέλω να βγάλω ένα χαρτί για να παίζω μουσική μετά τις 11 το βράδυ στο μαγαζί μου.","παράταση_μουσικής"
"Πρέπει να κάνω αίτηση στον δήμο για να πάρω παράταση ωραρίου μουσικής;","παράταση_μουσικής"
"Ο δήμος έχει κάποια ηλεκτρονική πλατφόρμα για την αίτηση παράτασης μουσικής;","παράταση_μουσικής"
"Χρειάζεται να πληρώσω κάτι για να πάρω την άδεια για μουσική μετά τα μεσάνυχτα;","παράταση_μουσικής"
"Πώς μπορώ να βρω τους κανονισμούς για την ένταση του ήχου;","παράταση_μουσικής"
"Ο γείτονάς μου παραπονιέται για τον θόρυβο, χρειάζομαι άδεια παράτασης μουσικής;","παράταση_μουσικής"
"Ποιος είναι ο αρμόδιος για να εγκρίνει μια άδεια για ζωντανή μουσική;","παράταση_μουσικής"
"Θέλω να κάνω ένα πάρτι στο μαγαζί μου και θα ήθελα να παίξει μουσική μέχρι αργά.","παράταση_μουσικής"
"Πώς μπορώ να ζητήσω παράταση ωραρίου μουσικής για μια μόνο εκδήλωση;","παράταση_μουσικής"
"Πρέπει να πάρω βεβαίωση μηχανικού για την ηχομόνωση του καταστήματός μου;","παράταση_μουσικής"
"Χρειάζεται να υπογράψουν και οι γείτονες για να πάρω παράταση μουσικής;","παράταση_μουσικής"
"Πού μπορώ να βρω το κόστος για την άδεια παράτασης μουσικής;","παράταση_μουσικής"
"Πώς μπορώ να κάνω μια αναφορά για ηχορύπανση από ένα μαγαζί;","παράταση_μουσικής"
"Θέλω να μάθω αν η άδεια παράτασης ισχύει και για τον εξωτερικό χώρο του μαγαζιού.","παράταση_μουσικής"
"Ποια είναι η διαδικασία για να ανανεώσω την άδεια μου;","παράταση_μουσικής"
"Μπορώ να κάνω αίτηση για παράταση μουσικής μέσω του gov.gr;","παράταση_μουσικής"
"Πρέπει να πληρώσω ένα παράβολο για την αίτηση παράτασης;","παράταση_μουσικής"
"Ποιος είναι ο αρμόδιος για να μου δώσει νομικές συμβουλές για την ηχορύπανση;","παράταση_μουσικής"
"Θέλω να κάνω καταγγελία για ένα μαγαζί που παίζει δυνατή μουσική μετά το ωράριο.","παράταση_μουσικής"
"Πού μπορώ να βρω τα στοιχεία επικοινωνίας για την υπηρεσία που δίνει τις παρατάσεις;","παράταση_μουσικής"
"Ποια είναι η διαδικασία για να ζητήσω παράταση ωραρίου χρήσης μουσικής για το κατάστημά μου;", "παράταση_μουσικής"
"Χρειάζομαι άδεια παράτασης μουσικής για μια εκδήλωση που θα γίνει σε εξωτερικό χώρο.", "παράταση_μουσικής"
"Ποια δικαιολογητικά απαιτούνται για την ανανέωση της άδειας παράτασης μουσικής;", "παράταση_μουσικής"
"Μέχρι ποια ώρα μπορεί να δοθεί παράταση για τη λειτουργία μουσικής σε κλειστό χώρο;", "παράταση_μουσικής"
"Ποιο είναι το κόστος του παραβόλου για την αίτηση παράτασης μουσικής στον δήμο;", "παράταση_μουσικής"
"Είναι απαραίτητη η πρόσφατη ηχομέτρηση από μηχανικό για να εγκριθεί η παράταση;", "παράταση_μουσικής"
"Πόσες μέρες πριν την εκδήλωση πρέπει να καταθέσω την αίτηση για την παράταση;", "παράταση_μουσικής"
"Θέλω να αιτηθώ παράταση μουσικής για το μπαρ μου μόνο για τις ημέρες των εορτών.", "παράταση_μουσικής"
"Ποιο τμήμα του δήμου είναι αρμόδιο για την έκδοση της άδειας παράτασης ωραρίου μουσικής;", "παράταση_μουσικής"
"Μπορεί να ανακληθεί η παράταση μουσικής αν υπάρξουν καταγγελίες για ηχορύπανση;", "παράταση_μουσικής"
"Χρειάζομαι βεβαίωση ότι το κατάστημά μου διαθέτει έγκυρη άδεια παράτασης μουσικής.", "παράταση_μουσικής"
"Ποιες είναι οι προϋποθέσεις για την παράταση μουσικής σε καταστήματα που βρίσκονται σε κατοικημένη περιοχή;", "παράταση_μουσικής"
"Πώς μπορώ να ενημερωθώ αν η αίτησή μου για την παράταση έχει εγκριθεί από την επιτροπή;", "παράταση_μουσικής"
"Η άδεια παράτασης μουσικής ισχύει για όλο το χρόνο ή πρέπει να ανανεώνεται κάθε σεζόν;", "παράταση_μουσικής"
"Τι κυρώσεις προβλέπονται αν το κατάστημα λειτουργεί μουσική πέραν του ωραρίου χωρίς παράταση;", "παράταση_μουσικής"
"Μπορώ να ζητήσω παράταση μουσικής για μια προσωρινή υπαίθρια συναυλία;", "παράταση_μουσικής"
"Ποια είναι η μέγιστη επιτρεπόμενη στάθμη θορύβου (ντεσιμπέλ) κατά τη διάρκεια της παράτασης;", "παράταση_μουσικής"
"Χρειάζεται η σύμφωνη γνώμη της Αστυνομίας για την έκδοση της άδειας παράτασης από τον δήμο;", "παράταση_μουσικής"
"Πώς υποβάλλεται η ένσταση αν απορριφθεί το αίτημα για παράταση ωραρίου μουσικής;", "παράταση_μουσικής"
"Είναι δυνατή η παράταση μουσικής σε ταράτσα (roof garden) καταστήματος;", "παράταση_μουσικής"
"Θέλω να αιτηθώ παράταση μουσικής για την ημέρα των εγκαινίων της επιχείρησής μου.", "παράταση_μουσικής"
"Ποια έγγραφα αποδεικνύουν την ηχομόνωση του χώρου για την άδεια παράτασης;", "παράταση_μουσικής"
"Μπορώ να καταθέσω την αίτηση για παράταση μουσικής ηλεκτρονικά;", "παράταση_μουσικής"
"Ποιο είναι το ωράριο παράτασης που ισχύει για την καλοκαιρινή περίοδο;", "παράταση_μουσικής"
"Χρειάζεται να προσκομίσω την άδεια λειτουργίας του καταστήματος για την παράταση μουσικής;", "παράταση_μουσικής"
"Πόσο διαρκεί η ισχύς της άδειας παράτασης μουσικής για ένα εστιατόριο;", "παράταση_μουσικής"
"Πώς μπορώ να λάβω αντίγραφο της άδειας παράτασης μουσικής που έχω χάσει;", "παράταση_μουσικής"
"Επιτρέπεται η παράταση μουσικής αν το κατάστημα βρίσκεται κοντά σε νοσοκομείο ή εκκλησία;", "παράταση_μουσικής"
"Χρειάζεται νέα αίτηση παράτασης αν αλλάξει ο ιδιοκτήτης της επιχείρησης;", "παράταση_μουσικής"
"Ποια είναι η διαδικασία για παράταση μουσικής σε εκδήλωση τοπικού πολιτιστικού συλλόγου;", "παράταση_μουσικής"
"Πώς επηρεάζει η παράταση μουσικής το ωράριο λειτουργίας του καταστήματος;", "παράταση_μουσικής"
"Θέλω να ενημερωθώ για τις νέες διατάξεις που αφορούν την παράταση μουσικής στα ΚΥΕ.", "παράταση_μουσικής"

"Πού υποβάλλω αίτηση για προέγκριση άδειας παιδότοπου;","προέγκριση_άδειας_παιδότοπου"
"Χρειάζεται προέγκριση για τη λειτουργία παιδοτόπου;","προέγκριση_άδειας_παιδότοπου"
"Ποια υπηρεσία εξετάζει την προέγκριση λειτουργίας;","προέγκριση_άδειας_παιδότοπου"
"Υπάρχει ηλεκτρονική αίτηση για προέγκριση άδειας παιδότοπου;","προέγκριση_άδειας_παιδότοπου"
"Ποια δικαιολογητικά χρειάζονται για να ξεκινήσει η διαδικασία;","προέγκριση_άδειας_παιδότοπου"
"Ποιος είναι ο χρόνος έκδοσης προέγκρισης άδειας παιδότοπου;","προέγκριση_άδειας_παιδότοπου"
"Μπορώ να ξεκινήσω εργασίες διαμόρφωσης πριν την προέγκριση;","προέγκριση_άδειας_παιδότοπου"
"Σε ποια Διεύθυνση του δήμου απευθύνομαι για προέγκριση παιδότοπου;","προέγκριση_άδειας_παιδότοπου"
"Είναι απαραίτητη η αυτοψία υγειονομικού για την προέγκριση παιδότοπου;","προέγκριση_άδειας_παιδότοπου"
"Ποιοι άλλοι φορείς εμπλέκονται στην προέγκριση άδειας παιδότοπου;","προέγκριση_άδειας_παιδότοπου"
"Χρειάζεται σχέδιο κάτοψης και λειτουργίας για την προέγκριση;","προέγκριση_άδειας_παιδότοπου"
"Πώς μπορώ να διορθώσω λάθη σε αίτηση προέγκρισης παιδότοπου;","προέγκριση_άδειας_παιδότοπου"
"Τι γίνεται αν η αίτηση προέγκρισης παιδότοπου απορριφθεί;","προέγκριση_άδειας_παιδότοπου"
"Πού μπορώ να βρω τους κανονισμούς για την εγκατάσταση και λειτουργία παιδότοπων;","προέγκριση_άδειας_παιδότοπου"
"Είναι η προέγκριση κρίσιμη για την τελική άδεια λειτουργίας παιδότοπου;","προέγκριση_άδειας_παιδότοπου"
"Πού μπορώ να βρω τη νομοθεσία για τους παιδότοπους;","προέγκριση_άδειας_παιδότοπου"
"Μπορώ να ζητήσω προέγκριση άδειας παιδότοπου μέσω ΚΕΠ;","προέγκριση_άδειας_παιδότοπου"
"Ποιος είναι ο ρόλος της Πυροσβεστικής στην προέγκριση παιδότοπου;","προέγκριση_άδειας_παιδότοπου"
"Χρειάζεται βεβαίωση μηχανικού για την ασφάλεια των οργάνων;","προέγκριση_άδειας_παιδότοπου"
"Πώς μπορώ να επιταχύνω τη διαδικασία προέγκρισης παιδότοπου;","προέγκριση_άδειας_παιδότοπου"
"Τι προβλέπεται για πρόστιμα σε περίπτωση λειτουργίας παιδότοπου χωρίς προέγκριση;","προέγκριση_άδειας_παιδότοπου"
"Πού μπορώ να ζητήσω αντίγραφα αποφάσεων για προεγκρίσεις παιδότοπων;","προέγκριση_άδειας_παιδότοπου"
"Είναι η προέγκριση απαραίτητη για τη χρηματοδότηση παιδότοπου;","προέγκριση_άδειας_παιδότοπου"
"Πώς μπορώ να δηλώσω αλλαγή χρήσης χώρου σε παιδότοπο;","προέγκριση_άδειας_παιδότοπου"
"Υπάρχουν ειδικές ρυθμίσεις για προέγκριση παιδότοπων σε κλειστούς χώρους;","προέγκριση_άδειας_παιδότοπου"
"Πού μπορώ να βρω εγκυκλίους που αφορούν την προέγκριση παιδότοπων;","προέγκριση_άδειας_παιδότοπου"
"Μπορώ να ζητήσω προέγκριση άδειας για εποχιακό παιδότοπο;","προέγκριση_άδειας_παιδότοπου"
"Ποια είναι η διαδικασία για την ανανέωση προέγκρισης παιδότοπου;","προέγκριση_άδειας_παιδότοπου"
"Χρειάζεται απόφαση δημοτικού συμβουλίου για την προέγκριση παιδότοπου;","προέγκριση_άδειας_παιδότοπου"
"Πού μπορώ να βρω συχνές ερωτήσεις για την προέγκριση άδειας παιδότοπου;","προέγκριση_άδειας_παιδότοπου"
"Είναι η προέγκριση καθοριστική για την ασφάλεια των παιδιών;","προέγκριση_άδειας_παιδότοπου"
"Πώς μπορώ να αντλήσω στοιχεία για προηγούμενες προεγκρίσεις παιδότοπων;","προέγκριση_άδειας_παιδότοπου"
"Υπάρχει ειδικό καθεστώς για προέγκριση παιδότοπων σε εμπορικά κέντρα;","προέγκριση_άδειας_παιδότοπου"
"Πού μπορώ να υποβάλω ένσταση για απόρριψη αίτησης προέγκρισης παιδότοπου;","προέγκριση_άδειας_παιδότοπου"
"Τι γίνεται αν η τοποθεσία του παιδότοπου αμφισβητείται από γείτονες;","προέγκριση_άδειας_παιδότοπου"
"Πώς μπορώ να λάβω πληροφορίες για τις χρήσεις γης στην περιοχή μου για παιδότοπο;","προέγκριση_άδειας_παιδότοπου"
"Είναι η ύπαρξη εξωτερικού χώρου κρίσιμη για την προέγκριση παιδότοπου;","προέγκριση_άδειας_παιδότοπου"
"Πού μπορώ να βρω αποφάσεις δικαστηρίων για ζητήματα παιδότοπων;","προέγκριση_άδειας_παιδότοπου"
"Μπορώ να αιτηθώ για προέγκριση παιδότοπου σε αγροτική περιοχή;","προέγκριση_άδειας_παιδότοπου"
"Ποια είναι η διαδικασία για την αλλαγή κατηγορίας παιδότοπου;","προέγκριση_άδειας_παιδότοπου"
"Χρειάζεται έλεγχος προσβασιμότητας ΑμεΑ για την προέγκριση παιδότοπου;","προέγκριση_άδειας_παιδότοπου"
"Πού μπορώ να επικοινωνήσω για νομικές συμβουλές σχετικά με την προέγκριση παιδότοπων;","προέγκριση_άδειας_παιδότοπου"
"Είναι η προέγκριση άδειας παιδότοπου το ίδιο με την τελική άδεια λειτουργίας;","προέγκριση_άδειας_παιδότοπου"
"Πώς μπορώ να δηλώσω ανάγκη για προέγκριση σε περίπτωση επέκτασης παιδότοπου;","προέγκριση_άδειας_παιδότοπου"
"Υπάρχουν περιορισμοί στο μέγεθος ή τον τύπο των παιδότοπων;","προέγκριση_άδειας_παιδότοπου"
"Πού μπορώ να βρω παλαιούς χάρτες που δείχνουν τις χρήσεις γης για παιδότοπους;","προέγκριση_άδειας_παιδότοπου"
"Τι γίνεται αν η τοποθεσία του παιδότοπου δεν πληροί τις υγειονομικές απαιτήσεις;","προέγκριση_άδειας_παιδότοπου"
"Πώς μπορώ να λάβω πληροφορίες για το κόστος έκδοσης προέγκρισης παιδότοπου;","προέγκριση_άδειας_παιδότοπου"
"Θέλω να ανοίξω έναν παιδότοπο, ποιο είναι το πρώτο βήμα;","προέγκριση_άδειας_παιδότοπου"
"Πρέπει να πάρω ένα χαρτί που να λέει ότι μπορώ να ανοίξω παιδότοπο στην περιοχή μου;","προέγκριση_άδειας_παιδότοπου"
"Πού μπορώ να βρω τα έντυπα για αίτηση προέγκρισης παιδότοπου;","προέγκριση_άδειας_παιδότοπου"
"Χρειάζεται να πληρώσω κάτι για να γίνει η προέγκριση της άδειας;","προέγκριση_άδειας_παιδότοπου"
"Πώς μπορώ να βρω τους κανονισμούς για την ασφάλεια ενός παιδότοπου;","προέγκριση_άδειας_παιδότοπου"
"Μπορώ να κάνω αίτηση για προέγκριση αν το κτίριο δεν έχει ακόμα τελειώσει;","προέγκριση_άδειας_παιδότοπου"
"Πρέπει να πάρω άδεια από την πυροσβεστική για την προέγκριση;","προέγκριση_άδειας_παιδότοπου"
"Ποιος είναι ο αρμόδιος για να ελέγξει αν ο χώρος πληροί τις προϋποθέσεις για παιδότοπο;","προέγκριση_άδειας_παιδότοπου"
"Θέλω να δηλώσω την αλλαγή χρήσης ενός χώρου σε παιδότοπο.","προέγκριση_άδειας_παιδότοπου"
"Πού μπορώ να βρω πληροφορίες για το κόστος της προέγκρισης;","προέγκριση_άδειας_παιδότοπου"
"Χρειάζεται να υπογράψω μια υπεύθυνη δήλωση για την αίτηση;","προέγκριση_άδειας_παιδότοπου"
"Μπορώ να κάνω αίτηση για προέγκριση μέσω του gov.gr;","προέγκριση_άδειας_παιδότοπου"
"Ποια είναι η διαδικασία για την ανανέωση μιας προέγκρισης;","προέγκριση_άδειας_παιδότοπου"
"Πρέπει να πάρω έγκριση από το Δημοτικό Συμβούλιο για την προέγκριση;","προέγκριση_άδειας_παιδότοπου"
"Πού μπορώ να βρω τα τηλέφωνα επικοινωνίας για την υπηρεσία που δίνει τις προεγκρίσεις;","προέγκριση_άδειας_παιδότοπου"
"Θέλω να μάθω αν ο χώρος μου πληροί τους όρους για την εγκατάσταση παιδότοπου.","προέγκριση_άδειας_παιδότοπου"
"Πώς μπορώ να ελέγξω την πορεία της αίτησής μου για προέγκριση;","προέγκριση_άδειας_παιδότοπου"
"Μπορώ να ζητήσω αντίγραφο μιας προέγκρισης που έχω ήδη;","προέγκριση_άδειας_παιδότοπου"
"Χρειάζεται να υποβάλω ένα σχέδιο κάτοψης για την αίτηση;","προέγκριση_άδειας_παιδότοπου"
"Ποιος είναι ο αρμόδιος για να μου δώσει νομικές συμβουλές για την άδεια;","προέγκριση_άδειας_παιδότοπου"
"Θέλω να κάνω ένσταση αν η αίτησή μου απορριφθεί.","προέγκριση_άδειας_παιδότοπου"
"Πρέπει να πάρω προέγκριση και για την άδεια λειτουργίας;","προέγκριση_άδειας_παιδότοπου"
"Ποια είναι τα απαραίτητα δικαιολογητικά για την προέγκριση ίδρυσης παιδότοπου;", "προέγκριση_άδειας_παιδότοπου"
"Επιτρέπεται η λειτουργία παιδότοπου στο συγκεκριμένο ακίνητο βάσει των χρήσεων γης;", "προέγκριση_άδειας_παιδότοπου"
"Χρειάζομαι προέγκριση για να ξεκινήσω τις εργασίες διαμόρφωσης σε εσωτερικό παιδότοπο.", "προέγκριση_άδειας_παιδότοπου"
"Ποιο είναι το παράβολο που πρέπει να πληρώσω για την αίτηση προέγκρισης παιδότοπου;", "προέγκριση_άδειας_παιδότοπου"
"Πώς μπορώ να μάθω αν η τοποθεσία πληροί τις αποστάσεις ασφαλείας από γειτονικά κτίρια;", "προέγκριση_άδειας_παιδότοπου"
"Πόσο χρόνο διαρκεί η απόφαση του Δημοτικού Συμβουλίου για την προέγκριση παιδότοπου;", "προέγκριση_άδειας_παιδότοπου"
"Χρειάζεται να καταθέσω διάγραμμα κάλυψης και κατόψεις για την προέγκριση;", "προέγκριση_άδειας_παιδότοπου"
"Μπορώ να λάβω προέγκριση αν ο παιδότοπος πρόκειται να λειτουργήσει εντός εμπορικού κέντρου;", "προέγκριση_άδειας_παιδότοπου"
"Ποια υπηρεσία του δήμου είναι αρμόδια για τον έλεγχο του φακέλου προέγκρισης;", "προέγκριση_άδειας_παιδότοπου"
"Είναι απαραίτητη η προέγκριση για παιδότοπο που λειτουργεί ως τμήμα καφετέριας;", "προέγκριση_άδειας_παιδότοπου"
"Θέλω να αιτηθώ προέγκριση για υπαίθριο παιδότοπο σε ιδιωτικό χώρο.", "προέγκριση_άδειας_παιδότοπου"
"Πώς μπορώ να ελέγξω αν ο κανονισμός της πολυκατοικίας απαγορεύει τη λειτουργία παιδότοπου;", "προέγκριση_άδειας_παιδότοπου"
"Τι γίνεται αν η αίτηση για την προέγκριση απορριφθεί από την Επιτροπή Ποιότητας Ζωής;", "προέγκριση_άδειας_παιδότοπου"
"Χρειάζεται βεβαίωση στατικής επάρκειας του κτιρίου ήδη από το στάδιο της προέγκρισης;", "προέγκριση_άδειας_παιδότοπου"
"Ποια είναι η διάρκεια ισχύος της προέγκρισης μέχρι την υποβολή της τελικής γνωστοποίησης;", "προέγκριση_άδειας_παιδότοπου"
"Μπορώ να μεταβιβάσω την προέγκριση ίδρυσης παιδότοπου σε άλλον ενδιαφερόμενο;", "προέγκριση_άδειας_παιδότοπου"
"Χρειάζομαι βεβαίωση ότι το ακίνητο δεν βρίσκεται κοντά σε οχλούσες δραστηριότητες.", "προέγκριση_άδειας_παιδότοπου"
"Ποιες προδιαγραφές πρέπει να πληροί το οικόπεδο για τη δημιουργία παιδότοπου;", "προέγκριση_άδειας_παιδότοπου"
"Πώς υποβάλλεται η ένσταση σε περίπτωση αρνητικής γνωμοδότησης για την προέγκριση;", "προέγκριση_άδειας_παιδότοπου"
"Είναι υποχρεωτική η αυτοψία από την τεχνική υπηρεσία πριν την παροχή προέγκρισης;", "προέγκριση_άδειας_παιδότοπου"
"Πού μπορώ να βρω το έντυπο της αίτησης για την προέγκριση ίδρυσης παιδότοπου;", "προέγκριση_άδειας_παιδότοπου"
"Χρειάζεται έγκριση από την αρχαιολογία αν το κτίριο του παιδότοπου είναι παλιό;", "προέγκριση_άδειας_παιδότοπου"
"Μπορώ να ζητήσω προέγκριση για παιδότοπο που θα περιλαμβάνει και χώρο εστίασης;", "προέγκριση_άδειας_παιδότοπου"
"Πώς επηρεάζει η ύπαρξη άλλου παιδότοπου σε κοντινή απόσταση την έγκριση της αίτησής μου;", "προέγκριση_άδειας_παιδότοπου"
"Ποια έγγραφα αποδεικνύουν τη νόμιμη χρήση του χώρου για την προέγκριση;", "προέγκριση_άδειας_παιδότοπου"
"Χρειάζεται η σύμφωνη γνώμη της πυροσβεστικής στο στάδιο της προέγκρισης;", "προέγκριση_άδειας_παιδότοπου"
"Μπορώ να υποβάλω την αίτηση προέγκρισης ηλεκτρονικά μέσω του συστήματος του δήμου;", "προέγκριση_άδειας_παιδότοπου"
"Τι απόσταση πρέπει να έχει ο παιδότοπος από πρατήρια υγρών καυσίμων για να πάρει προέγκριση;", "προέγκριση_άδειας_παιδότοπου"
"Χρειάζεται υπεύθυνη δήλωση των ιδιοκτητών του ακινήτου για την παραχώρηση χρήσης;", "προέγκριση_άδειας_παιδότοπου"
"Πώς μπορώ να ενημερωθώ για την πορεία της αίτησής μου στο Δημοτικό Συμβούλιο;", "προέγκριση_άδειας_παιδότοπου"

"Πού κάνω αίτηση για άδεια λειτουργίας παιδότοπου;","άδεια_παιδότοπου"
"Ποια είναι η διαδικασία για να ανοίξει παιδότοπος;","άδεια_παιδότοπου"
"Υπάρχει φόρμα αίτησης για άδεια παιδότοπου;","άδεια_παιδότοπου"
"Ποιος εγκρίνει τη λειτουργία παιδότοπου;","άδεια_παιδότοπου"
"Μπορώ να κάνω την αίτηση ηλεκτρονικά;","άδεια_παιδότοπου"
"Ποια δικαιολογητικά χρειάζονται για άδεια λειτουργίας παιδότοπου;","άδεια_παιδότοπου"
"Πόσος χρόνος απαιτείται για την έκδοση άδειας παιδότοπου;","άδεια_παιδότοπου"
"Είναι η προέγκριση απαραίτητη πριν την τελική άδεια παιδότοπου;","άδεια_παιδότοπου"
"Σε ποια υπηρεσία του δήμου απευθύνομαι για άδεια παιδότοπου;","άδεια_παιδότοπου"
"Χρειάζεται υγειονομική άδεια για παιδότοπο;","άδεια_παιδότοπου"
"Ποιοι άλλοι φορείς εμπλέκονται στην αδειοδότηση παιδότοπων;","άδεια_παιδότοπου"
"Χρειάζεται πυροσβεστική μελέτη για άδεια παιδότοπου;","άδεια_παιδότοπου"
"Πώς μπορώ να παρακολουθήσω την πορεία της αίτησής μου για άδεια παιδότοπου;","άδεια_παιδότοπου"
"Τι γίνεται αν η άδεια παιδότοπου απορριφθεί;","άδεια_παιδότοπου"
"Πού μπορώ να βρω τους κανονισμούς λειτουργίας και ασφάλειας παιδότοπων;","άδεια_παιδότοπου"
"Είναι η άδεια παιδότοπου κρίσιμη για τη νόμιμη λειτουργία;","άδεια_παιδότοπου"
"Πού μπορώ να βρω τη νομοθεσία για τη λειτουργία παιδότοπων;","άδεια_παιδότοπου"
"Μπορώ να ζητήσω άδεια παιδότοπου μέσω ΚΕΠ;","άδεια_παιδότοπου"
"Ποιος είναι ο ρόλος της Διεύθυνσης Υγείας στην αδειοδότηση παιδότοπων;","άδεια_παιδότοπου"
"Χρειάζεται βεβαίωση μηχανικού για την ασφάλεια των παιχνιδιών;","άδεια_παιδότοπου"
"Πώς μπορώ να επιταχύνω την έκδοση άδειας παιδότοπου;","άδεια_παιδότοπου"
"Τι προβλέπεται για πρόστιμα σε περίπτωση λειτουργίας παιδότοπου χωρίς άδεια;","άδεια_παιδότοπου"
"Πού μπορώ να ζητήσω αντίγραφα αδειών λειτουργίας παιδότοπων;","άδεια_παιδότοπου"
"Είναι η άδεια παιδότοπου απαραίτητη για ασφάλιση;","άδεια_παιδότοπου"
"Πώς μπορώ να δηλώσω αλλαγή διεύθυνσης ή επωνυμίας παιδότοπου;","άδεια_παιδότοπου"
"Υπάρχουν ειδικές ρυθμίσεις για παιδότοπους σε εμπορικά κέντρα;","άδεια_παιδότοπου"
"Πού μπορώ να βρω εγκυκλίους που αφορούν την άδεια παιδότοπου;","άδεια_παιδότοπου"
"Μπορώ να ζητήσω άδεια λειτουργίας για υπαίθριο παιδότοπο;","άδεια_παιδότοπου"
"Ποια είναι η διαδικασία για την ανανέωση άδειας παιδότοπου;","άδεια_παιδότοπου"
"Χρειάζεται απόφαση δημοτικού συμβουλίου για την αδειοδότηση παιδότοπου;","άδεια_παιδότοπου"
"Πού μπορώ να βρω συχνές ερωτήσεις για την άδεια παιδότοπου;","άδεια_παιδότοπου"
"Είναι η άδεια παιδότοπου καθοριστική για την ασφάλεια των παιδιών;","άδεια_παιδότοπου"
"Πώς μπορώ να αντλήσω στοιχεία για προηγούμενες άδειες παιδότοπων;","άδεια_παιδότοπου"
"Υπάρχει ειδικό καθεστώς για παιδότοπους σε ξενοδοχειακές μονάδες;","άδεια_παιδότοπου"
"Πού μπορώ να υποβάλω ένσταση για απόρριψη αίτησης άδειας παιδότοπου;","άδεια_παιδότοπου"
"Τι γίνεται αν η λειτουργία παιδότοπου δεν είναι σύμφωνη με τους όρους της άδειας;","άδεια_παιδότοπου"
"Πώς μπορώ να λάβω πληροφορίες για το κόστος έκδοσης άδειας παιδότοπου;","άδεια_παιδότοπου"
"Είναι η άδεια παιδότοπου απαραίτητη για σχολικές εκδρομές;","άδεια_παιδότοπου"
"Πού μπορώ να βρω αποφάσεις δικαστηρίων για ζητήματα παιδότοπων;","άδεια_παιδότοπου"
"Μπορώ να αιτηθώ για άδεια παιδότοπου σε αγροτική περιοχή;","άδεια_παιδότοπου"
"Ποια είναι η διαδικασία για την ανάκληση άδειας λειτουργίας παιδότοπου;","άδεια_παιδότοπου"
"Χρειάζεται έλεγχος προσβασιμότητας ΑμεΑ για την άδεια παιδότοπου;","άδεια_παιδότοπου"
"Πού μπορώ να επικοινωνήσω για νομικές συμβουλές σχετικά με την άδεια παιδότοπου;","άδεια_παιδότοπου"
"Είναι η άδεια παιδότοπου το ίδιο με την άδεια παιδικής χαράς;","άδεια_παιδότοπου"
"Πώς μπορώ να δηλώσω ανάγκη για άδεια σε περίπτωση επέκτασης παιδότοπου;","άδεια_παιδότοπου"
"Υπάρχουν περιορισμοί στο μέγεθος ή τον τύπο των παιχνιδιών παιδότοπου;","άδεια_παιδότοπου"
"Πού μπορώ να βρω παλαιούς κανονισμούς που αφορούν την αδειοδότηση παιδότοπων;","άδεια_παιδότοπου"
"Τι γίνεται αν η άδεια παιδότοπου αμφισβητείται από τους γείτονες;","άδεια_παιδότοπου"
"Πώς μπορώ να λάβω πληροφορίες για εκπαιδευτικά προγράμματα ασφάλειας παιδότοπων;","άδεια_παιδότοπου"
"Θέλω να ανοίξω έναν παιδότοπο, ποιο είναι το πρώτο βήμα μετά την προέγκριση;","άδεια_παιδότοπου"
"Πρέπει να πάρω άδεια από τον δήμο για να λειτουργήσει ο παιδότοπος;","άδεια_παιδότοπου"
"Ποια είναι τα δικαιολογητικά για την άδεια λειτουργίας παιδότοπου;","άδεια_παιδότοπου"
"Πού μπορώ να βρω τα έντυπα για αίτηση άδειας παιδότοπου;","άδεια_παιδότοπου"
"Χρειάζεται να πληρώσω κάτι για να πάρω την άδεια λειτουργίας;","άδεια_παιδότοπου"
"Πώς μπορώ να βρω τους κανονισμούς για την ασφάλεια ενός παιδότοπου;","άδεια_παιδότοπου"
"Ποιος είναι ο αρμόδιος για να ελέγξει αν ο χώρος είναι κατάλληλος για παιδότοπο;","άδεια_παιδότοπου"
"Θέλω να δηλώσω την έναρξη λειτουργίας του παιδότοπου στο δήμο.","άδεια_παιδότοπου"
"Πού μπορώ να βρω πληροφορίες για το κόστος της άδειας;","άδεια_παιδότοπου"
"Χρειάζεται να υπογράψω μια υπεύθυνη δήλωση για την αίτηση;","άδεια_παιδότοπου"
"Μπορώ να κάνω αίτηση για άδεια λειτουργίας παιδότοπου μέσω του gov.gr;","άδεια_παιδότοπου"
"Ποια είναι η διαδικασία για την ανανέωση της άδειας;","άδεια_παιδότοπου"
"Πρέπει να πάρω άδεια από το Δημοτικό Συμβούλιο για να ανοίξει παιδότοπος;","άδεια_παιδότοπου"
"Πού μπορώ να βρω τα τηλέφωνα επικοινωνίας για την υπηρεσία που δίνει τις άδειες;","άδεια_παιδότοπου"
"Θέλω να μάθω αν η άδεια λειτουργίας ισχύει για υπαίθριους χώρους.","άδεια_παιδότοπου"
"Πώς μπορώ να ελέγξω την πορεία της αίτησής μου για άδεια παιδότοπου;","άδεια_παιδότοπου"
"Μπορώ να ζητήσω αντίγραφο μιας άδειας που έχω ήδη;","άδεια_παιδότοπου"
"Χρειάζεται να υποβάλω ένα σχέδιο κάτοψης για την αίτηση;","άδεια_παιδότοπου"
"Ποιος είναι ο αρμόδιος για να μου δώσει νομικές συμβουλές για την άδεια;","άδεια_παιδότοπου"
"Θέλω να κάνω ένσταση αν η αίτησή μου απορριφθεί.","άδεια_παιδότοπου"
"Ποια είναι η τελική διαδικασία για τη γνωστοποίηση λειτουργίας παιδότοπου;", "άδεια_παιδότοπου"
"Χρειάζομαι το πιστοποιητικό συμμόρφωσης από αναγνωρισμένο φορέα ελέγχου για τα παιχνίδια.", "άδεια_παιδότοπου"
"Πώς μπορώ να ανανεώσω την άδεια λειτουργίας του παιδότοπου που λήγει;", "άδεια_παιδότοπου"
"Ποια είναι τα απαραίτητα μέτρα πυροπροστασίας για την έκδοση οριστικής άδειας παιδότοπου;", "άδεια_παιδότοπου"
"Χρειάζεται βεβαίωση στατικής επάρκειας υπογεγραμμένη από μηχανικό για τον φάκελο της άδειας.", "άδεια_παιδότοπου"
"Πώς μπορώ να μεταβιβάσω την άδεια λειτουργίας του παιδότοπου σε νέο ιδιοκτήτη;", "άδεια_παιδότοπου"
"Θέλω να προσθέσω νέα παιχνίδια στον παιδότοπο, χρειάζεται τροποποίηση της άδειας;", "άδεια_παιδότοπου"
"Ποιο είναι το παράβολο για την οριστική αδειοδότηση παιδότοπου στον δήμο;", "άδεια_παιδότοπου"
"Χρειάζομαι βεβαίωση από την υγειονομική υπηρεσία για τους χώρους του παιδότοπου.", "άδεια_παιδότοπου"
"Ποιος είναι ο μέγιστος αριθμός παιδιών που επιτρέπεται βάσει της άδειας λειτουργίας;", "άδεια_παιδότοπου"
"Πώς μπορώ να λάβω αντίγραφο της άδειας ίδρυσης και λειτουργίας που έχω χάσει;", "άδεια_παιδότοπου"
"Είναι απαραίτητη η ασφάλιση αστικής ευθύνης για την έκδοση της άδειας παιδότοπου;", "άδεια_παιδότοπου"
"Ποιες είναι οι προδιαγραφές για το δάπεδο ασφαλείας στον εξωτερικό χώρο του παιδότοπου;", "άδεια_παιδότοπου"
"Πόσο συχνά πρέπει να γίνεται ο περιοδικός έλεγχος των οργάνων από τον φορέα πιστοποίησης;", "άδεια_παιδότοπου"
"Χρειάζεται να δηλώσω το ωράριο λειτουργίας στην αίτηση για την άδεια παιδότοπου;", "άδεια_παιδότοπου"
"Ποια έγγραφα αποδεικνύουν την καταλληλότητα των ηλεκτρολογικών εγκαταστάσεων;", "άδεια_παιδότοπου"
"Μπορώ να λειτουργήσω τον παιδότοπο αν εκκρεμεί η πιστοποίηση ενός μόνο παιχνιδιού;", "άδεια_παιδότοπου"
"Ποιο τμήμα του δήμου διενεργεί τους ελέγχους μετά τη γνωστοποίηση λειτουργίας;", "άδεια_παιδότοπου"
"Χρειάζομαι άδεια για τη λειτουργία κυλικείου εντός του χώρου του παιδότοπου.", "άδεια_παιδότοπου"
"Πώς επηρεάζει η αλλαγή της διαρρύθμισης του χώρου την ισχύουσα άδεια;", "άδεια_παιδότοπου"
"Ποιες είναι οι κυρώσεις αν ο παιδότοπος λειτουργεί χωρίς το σήμα καταλληλότητας;", "άδεια_παιδότοπου"
"Θέλω να καταθέσω το βιβλίο συντήρησης και ελέγχων του παιδότοπου προς θεώρηση.", "άδεια_παιδότοπου"
"Πώς μπορώ να ενημερωθώ για τις νέες τεχνικές προδιαγραφές ασφαλείας (ΕΛΟΤ);", "άδεια_παιδότοπου"
"Είναι απαραίτητη η πρόσληψη υπεύθυνου ατόμου με συγκεκριμένα προσόντα βάσει της άδειας;", "άδεια_παιδότοπου"
"Ποια είναι η διαδικασία για την ανάκληση της άδειας παιδότοπου σε περίπτωση παύσης εργασιών;", "άδεια_παιδότοπου"
"Χρειάζεται να αναρτήσω την άδεια λειτουργίας σε εμφανές σημείο του καταστήματος;", "άδεια_παιδότοπου"
"Μπορώ να αιτηθώ άδεια για παιδότοπο που θα φιλοξενεί και παιδιά κάτω των 2 ετών;", "άδεια_παιδότοπου"
"Πώς μπορώ να συνδυάσω την άδεια παιδότοπου με άδεια διοργάνωσης εκδηλώσεων (πάρτι);", "άδεια_παιδότοπου"
"Ποια δικαιολογητικά απαιτούνται για την πιστοποίηση της περίφραξης του παιδότοπου;", "άδεια_παιδότοπου"
"Πόσες τουαλέτες ανά αριθμό παιδιών προβλέπονται από τη νομοθεσία για την άδεια;", "άδεια_παιδότοπου"
"Πώς υποβάλλεται η δήλωση συμμόρφωσης του κατασκευαστή των παιχνιδιών στην Πολεοδομία;", "άδεια_παιδότοπου"

"Πού κάνω αίτηση για άδεια λειτουργίας κολυμβητικής δεξαμενής;","άδεια_κολυμβητικής_δεξαμενής"
"Χρειάζομαι άδεια για πισίνα – ποια είναι η διαδικασία;","άδεια_κολυμβητικής_δεξαμενής"
"Υπάρχει ηλεκτρονική αίτηση για λειτουργία κολυμβητηρίου;","άδεια_κολυμβητικής_δεξαμενής"
"Ποιος είναι υπεύθυνος για την άδεια πισίνας στον δήμο;","άδεια_κολυμβητικής_δεξαμενής"
"Ποια δικαιολογητικά απαιτούνται για άδεια δεξαμενής;","άδεια_κολυμβητικής_δεξαμενής"
"Ποιος είναι ο χρόνος έκδοσης άδειας κολυμβητικής δεξαμενής;","άδεια_κολυμβητικής_δεξαμενής"
"Μπορώ να ξεκινήσω τη λειτουργία πριν την τελική άδεια πισίνας;","άδεια_κολυμβητικής_δεξαμενής"
"Σε ποια υπηρεσία του δήμου απευθύνομαι για άδεια κολυμβητικής δεξαμενής;","άδεια_κολυμβητικής_δεξαμενής"
"Είναι απαραίτητη η αυτοψία υγειονομικού για την άδεια πισίνας;","άδεια_κολυμβητικής_δεξαμενής"
"Ποιοι άλλοι φορείς εμπλέκονται στην αδειοδότηση κολυμβητικών δεξαμενών;","άδεια_κολυμβητικής_δεξαμενής"
"Χρειάζεται μελέτη χημικής ανάλυσης νερού για την άδεια πισίνας;","άδεια_κολυμβητικής_δεξαμενής"
"Πώς μπορώ να διορθώσω λάθη σε άδεια λειτουργίας κολυμβητικής δεξαμενής;","άδεια_κολυμβητικής_δεξαμενής"
"Τι γίνεται αν η άδεια κολυμβητικής δεξαμενής απορριφθεί;","άδεια_κολυμβητικής_δεξαμενής"
"Πού μπορώ να βρω τους κανονισμούς λειτουργίας και υγιεινής κολυμβητικών δεξαμενών;","άδεια_κολυμβητικής_δεξαμενής"
"Είναι η άδεια κολυμβητικής δεξαμενής κρίσιμη για τη νόμιμη λειτουργία ξενοδοχείου;","άδεια_κολυμβητικής_δεξαμενής"
"Πού μπορώ να βρω τη νομοθεσία για τις πισίνες;","άδεια_κολυμβητικής_δεξαμενής"
"Μπορώ να ζητήσω άδεια κολυμβητικής δεξαμενής μέσω ΚΕΠ;","άδεια_κολυμβητικής_δεξαμενής"
"Ποιος είναι ο ρόλος της Διεύθυνσης Υγείας στην αδειοδότηση κολυμβητικών δεξαμενών;","άδεια_κολυμβητικής_δεξαμενής"
"Χρειάζεται βεβαίωση μηχανικού για την ασφάλεια της κατασκευής της πισίνας;","άδεια_κολυμβητικής_δεξαμενής"
"Πώς μπορώ να επιταχύνω την έκδοση άδειας κολυμβητικής δεξαμενής;","άδεια_κολυμβητικής_δεξαμενής"
"Τι προβλέπεται για πρόστιμα σε περίπτωση λειτουργίας κολυμβητικής δεξαμενής χωρίς άδεια;","άδεια_κολυμβητικής_δεξαμενής"
"Πού μπορώ να ζητήσω αντίγραφα αδειών λειτουργίας κολυμβητικών δεξαμενών;","άδεια_κολυμβητικής_δεξαμενής"
"Είναι η άδεια κολυμβητικής δεξαμενής απαραίτητη για ασφάλιση;","άδεια_κολυμβητικής_δεξαμενής"
"Πώς μπορώ να δηλώσω αλλαγή διεύθυνσης ή επωνυμίας κολυμβητικής δεξαμενής;","άδεια_κολυμβητικής_δεξαμενής"
"Υπάρχουν ειδικές ρυθμίσεις για κολυμβητικές δεξαμενές σε συγκροτήματα κατοικιών;","άδεια_κολυμβητικής_δεξαμενής"
"Πού μπορώ να βρω εγκυκλίους που αφορούν την άδεια κολυμβητικής δεξαμενής;","άδεια_κολυμβητικής_δεξαμενής"
"Μπορώ να ζητήσω άδεια λειτουργίας για εποχιακή κολυμβητική δεξαμενή;","άδεια_κολυμβητικής_δεξαμενής"
"Ποια είναι η διαδικασία για την ανανέωση άδειας κολυμβητικής δεξαμενής;","άδεια_κολυμβητικής_δεξαμενής"
"Χρειάζεται απόφαση δημοτικού συμβουλίου για την αδειοδότηση κολυμβητικής δεξαμενής;","άδεια_κολυμβητικής_δεξαμενής"
"Πού μπορώ να βρω συχνές ερωτήσεις για την άδεια κολυμβητικής δεξαμενής;","άδεια_κολυμβητικής_δεξαμενής"
"Είναι η άδεια κολυμβητικής δεξαμενής καθοριστική για την ασφάλεια των λουομένων;","άδεια_κολυμβητικής_δεξαμενής"
"Πώς μπορώ να αντλήσω στοιχεία για προηγούμενες άδειες κολυμβητικών δεξαμενών;","άδεια_κολυμβητικής_δεξαμενής"
"Υπάρχει ειδικό καθεστώς για κολυμβητικές δεξαμενές σε αθλητικές εγκαταστάσεις;","άδεια_κολυμβητικής_δεξαμενής"
"Πού μπορώ να υποβάλω ένσταση για απόρριψη αίτησης άδειας κολυμβητικής δεξαμενής;","άδεια_κολυμβητικής_δεξαμενής"
"Τι γίνεται αν η λει λειτουργία κολυμβητικής δεξαμενής δεν είναι σύμφωνη με τους όρους της άδειας;","άδεια_κολυμβητικής_δεξαμενής"
"Πώς μπορώ να λάβω πληροφορίες για το κόστος έκδοσης άδειας κολυμβητικής δεξαμενής;","άδεια_κολυμβητικής_δεξαμενής"
"Είναι η άδεια κολυμβητικής δεξαμενής απαραίτητη για τη διαφήμιση πισίνας;","άδεια_κολυμβητικής_δεξαμενής"
"Πού μπορώ να βρω αποφάσεις δικαστηρίων για ζητήματα κολυμβητικών δεξαμενών;","άδεια_κολυμβητικής_δεξαμενής"
"Μπορώ να αιτηθώ για άδεια κολυμβητικής δεξαμενής σε αγροτική περιοχή;","άδεια_κολυμβητικής_δεξαμενής"
"Ποια είναι η διαδικασία για την ανάκληση άδειας λειτουργίας κολυμβητικής δεξαμενής;","άδεια_κολυμβητικής_δεξαμενής"
"Χρειάζεται έλεγχος προσβασιμότητας ΑμεΑ για την άδεια κολυμβητικής δεξαμενής;","άδεια_κολυμβητικής_δεξαμενής"
"Πού μπορώ να επικοινωνήσω για νομικές συμβουλές σχετικά με την άδεια κολυμβητικής δεξαμενής;","άδεια_κολυμβητικής_δεξαμενής"
"Είναι η άδεια κολυμβητικής δεξαμενής το ίδιο με την οικοδομική άδεια πισίνας;","άδεια_κολυμβητικής_δεξαμενής"
"Πώς μπορώ να δηλώσω ανάγκη για άδεια σε περίπτωση επέκτασης κολυμβητικής δεξαμενής;","άδεια_κολυμβητικής_δεξαμενής"
"Υπάρχουν περιορισμοί στο μέγεθος ή τον τύπο των κολυμβητικών δεξαμενών;","άδεια_κολυμβητικής_δεξαμενής"
"Πού μπορώ να βρω παλαιούς κανονισμούς που αφορούν την αδειοδότηση κολυμβητικών δεξαμενών;","άδεια_κολυμβητικής_δεξαμενής"
"Τι γίνεται αν η άδεια κολυμβητικής δεξαμενής αμφισβητείται από τους γείτονες;","άδεια_κολυμβητικής_δεξαμενής"
"Πώς μπορώ να λάβω πληροφορίες για εκπαιδευτικά προγράμματα ασφάλειας κολύμβησης;","άδεια_κολυμβητικής_δεξαμενής"
"Θέλω να ανοίξω ένα κολυμβητήριο, ποια είναι η διαδικασία για να πάρω την άδεια λειτουργίας;","άδεια_κολυμβητικής_δεξαμενής"
"Πρέπει να πάρω άδεια από τον δήμο για να λειτουργήσει η πισίνα του ξενοδοχείου μου;","άδεια_κολυμβητικής_δεξαμενής"
"Ποια είναι τα δικαιολογητικά για την άδεια λειτουργίας πισίνας;","άδεια_κολυμβητικής_δεξαμενής"
"Πού μπορώ να βρω τα έντυπα για αίτηση άδειας κολυμβητικής δεξαμενής;","άδεια_κολυμβητικής_δεξαμενής"
"Χρειάζεται να πληρώσω κάτι για να πάρω την άδεια λειτουργίας;","άδεια_κολυμβητικής_δεξαμενής"
"Πώς μπορώ να βρω τους κανονισμούς για την υγιεινή μιας πισίνας;","άδεια_κολυμβητικής_δεξαμενής"
"Ποιος είναι ο αρμόδιος για να ελέγξει αν το νερό της πισίνας είναι καθαρό;","άδεια_κολυμβητικής_δεξαμενής"
"Θέλω να δηλώσω την έναρξη λειτουργίας της πισίνας στο δήμο.","άδεια_κολυμβητικής_δεξαμενής"
"Πού μπορώ να βρω πληροφορίες για το κόστος της άδειας;","άδεια_κολυμβητικής_δεξαμενής"
"Χρειάζεται να υπογράψω μια υπεύθυνη δήλωση για την αίτηση;","άδεια_κολυμβητικής_δεξαμενής"
"Μπορώ να κάνω αίτηση για άδεια λειτουργίας κολυμβητικής δεξαμενής μέσω του gov.gr;","άδεια_κολυμβητικής_δεξαμενής"
"Ποια είναι η διαδικασία για την ανανέωση της άδειας;","άδεια_κολυμβητικής_δεξαμενής"
"Πρέπει να πάρω άδεια από το Δημοτικό Συμβούλιο για να ανοίξει το κολυμβητήριο;","άδεια_κολυμβητικής_δεξαμενής"
"Πού μπορώ να βρω τα τηλέφωνα επικοινωνίας για την υπηρεσία που δίνει τις άδειες;","άδεια_κολυμβητικής_δεξαμενής"
"Θέλω να μάθω αν η άδεια λειτουργίας ισχύει για υπαίθριες πισίνες.","άδεια_κολυμβητικής_δεξαμενής"
"Πώς μπορώ να ελέγξω την πορεία της αίτησής μου για άδεια κολυμβητικής δεξαμενής;","άδεια_κολυμβητικής_δεξαμενής"
"Μπορώ να ζητήσω αντίγραφο μιας άδειας που έχω ήδη;","άδεια_κολυμβητικής_δεξαμενής"
"Χρειάζεται να υποβάλω ένα σχέδιο κάτοψης για την αίτηση;","άδεια_κολυμβητικής_δεξαμενής"
"Ποιος είναι ο αρμόδιος για να μου δώσει νομικές συμβουλές για την άδεια;","άδεια_κολυμβητικής_δεξαμενής"
"Θέλω να κάνω ένσταση αν η αίτησή μου απορριφθεί.","άδεια_κολυμβητικής_δεξαμενής"
"Ποια είναι η διαδικασία για την έκδοση άδειας λειτουργίας κολυμβητικής δεξαμενής σε ξενοδοχείο;", "άδεια_κολυμβητικής_δεξαμενής"
"Χρειάζομαι βεβαίωση καταλληλότητας από την υγειονομική υπηρεσία για την πισίνα μου.", "άδεια_κολυμβητικής_δεξαμενής"
"Ποια δικαιολογητικά απαιτούνται για τη γνωστοποίηση λειτουργίας κολυμβητικής δεξαμενής;", "άδεια_κολυμβητικής_δεξαμενής"
"Ποιες είναι οι προδιαγραφές για την πρόσληψη ναυαγοσώστη βάσει της άδειας της πισίνας;", "άδεια_κολυμβητικής_δεξαμενής"
"Χρειάζεται νέα άδεια αν αλλάξει το σύστημα απολύμανσης του νερού (π.χ. από χλώριο σε όζον);", "άδεια_κολυμβητικής_δεξαμενής"
"Πώς μπορώ να ανανεώσω την άδεια λειτουργίας της πισίνας για τη νέα τουριστική περίοδο;", "άδεια_κολυμβητικής_δεξαμενής"
"Ποιο είναι το παράβολο που αντιστοιχεί στην αίτηση για άδεια κολυμβητικής δεξαμενής;", "άδεια_κολυμβητικής_δεξαμενής"
"Είναι απαραίτητη η παρουσία υπεύθυνου ασφαλείας για τη λειτουργία πισίνας σε πολυκατοικία;", "άδεια_κολυμβητικής_δεξαμενής"
"Χρειάζομαι αντίγραφο της μελέτης ηλεκτρομηχανολογικών εγκαταστάσεων για τον φάκελο της άδειας.", "άδεια_κολυμβητικής_δεξαμενής"
"Ποιες είναι οι απαιτήσεις για τον δειγματοληπτικό έλεγχο του νερού βάσει της νομοθεσίας;", "άδεια_κολυμβητικής_δεξαμενής"
"Μπορώ να λάβω άδεια λειτουργίας για κολυμβητική δεξαμενή που βρίσκεται σε εσωτερικό χώρο;", "άδεια_κολυμβητικής_δεξαμενής"
"Ποια είναι η διαδικασία αδειοδότησης για μια παιδική πισίνα (βάθους κάτω των 0,60μ);", "άδεια_κολυμβητικής_δεξαμενής"
"Πώς μπορώ να μεταβιβάσω την άδεια λειτουργίας της πισίνας στον νέο διαχειριστή του ακινήτου;", "άδεια_κολυμβητικής_δεξαμενής"
"Χρειάζεται βεβαίωση στατικής επάρκειας για την κατασκευή πισίνας σε δώμα κτιρίου;", "άδεια_κολυμβητικής_δεξαμενής"
"Ποιο τμήμα του δήμου διενεργεί τους ελέγχους για τη νόμιμη λειτουργία των δεξαμενών;", "άδεια_κολυμβητικής_δεξαμενής"
"Θέλω να αιτηθώ άδεια για τη λειτουργία κολυμβητικής δεξαμενής με θαλασσινό νερό.", "άδεια_κολυμβητικής_δεξαμενής"
"Ποιες είναι οι κυρώσεις αν μια πισίνα λειτουργεί χωρίς την προβλεπόμενη γνωστοποίηση;", "άδεια_κολυμβητικής_δεξαμενής"
"Χρειάζεται ειδική σήμανση για το βάθος και τους κανόνες ασφαλείας περιμετρικά της πισίνας;", "άδεια_κολυμβητικής_δεξαμενής"
"Πώς μπορώ να λάβω αντίγραφο της αρχικής άδειας οικοδομής για την κολυμβητική δεξαμενή;", "άδεια_κολυμβητικής_δεξαμενής"
"Είναι υποχρεωτική η ύπαρξη αυτόματου συστήματος χλωρίωσης για την έκδοση της άδειας;", "άδεια_κολυμβητικής_δεξαμενής"
"Ποιες είναι οι αποστάσεις ασφαλείας που πρέπει να τηρούνται από τα όρια του οικοπέδου;", "άδεια_κολυμβητικής_δεξαμενής"
"Χρειάζομαι βεβαίωση ότι η κολυμβητική δεξαμενή πληροί τους όρους προσβασιμότητας ΑμεΑ.", "άδεια_κολυμβητικής_δεξαμενής"
"Πόσο συχνά πρέπει να κατατίθενται οι χημικές αναλύσεις νερού στην αρμόδια υπηρεσία;", "άδεια_κολυμβητικής_δεξαμενής"
"Μπορώ να χρησιμοποιήσω την άδεια της πισίνας για τη διοργάνωση κοινωνικών εκδηλώσεων;", "άδεια_κολυμβητικής_δεξαμενής"
"Τι δικαιολογητικά απαιτούνται για την άδεια λειτουργίας υδρομασάζ (jacuzzi) σε δημόσιο χώρο;", "άδεια_κολυμβητικής_δεξαμενής"
"Πώς μπορώ να ενημερωθώ για τις νέες υγειονομικές διατάξεις που αφορούν τις πισίνες;", "άδεια_κολυμβητικής_δεξαμενής"
"Χρειάζεται η σύμφωνη γνώμη της πυροσβεστικής για τον χώρο του μηχανοστασίου της πισίνας;", "άδεια_κολυμβητικής_δεξαμενής"
"Ποια είναι η διαδικασία για την προσωρινή παύση λειτουργίας της κολυμβητικής δεξαμενής;", "άδεια_κολυμβητικής_δεξαμενής"
"Μπορώ να υποβάλω την αίτηση για την άδεια λειτουργίας της πισίνας μέσω του συστήματος Notify Business;", "άδεια_κολυμβητικής_δεξαμενής"
"Χρειάζεται βεβαίωση από διπλωματούχο μηχανικό για την καλή λειτουργία των φίλτρων;", "άδεια_κολυμβητικής_δεξαμενής"
"Πώς μπορώ να λάβω άδεια για την κατασκευή κολυμβητικής δεξαμενής σε εκτός σχεδίου περιοχή;", "άδεια_κολυμβητικής_δεξαμενής"
"Ποια είναι τα απαραίτητα σωστικά μέσα που πρέπει να διαθέτει η πισίνα βάσει της άδειας;", "άδεια_κολυμβητικής_δεξαμενής"

"Πού αιτούμαι άδεια επαγγελματία πωλητή υπαιθρίου εμπορίου;","άδεια_πωλητή_υπαίθριου_εμπορίου"
"Χρειάζομαι άδεια για να στήσω πάγκο στην αγορά;","άδεια_πωλητή_υπαίθριου_εμπορίου"
"Γίνεται η διαδικασία αίτησης για πωλητή ηλεκτρονικά;","άδεια_πωλητή_υπαίθριου_εμπορίου"
"Ποια υπηρεσία δίνει άδειες υπαίθριου εμπορίου;","άδεια_πωλητή_υπαίθριου_εμπορίου"
"Πόσο διαρκεί η άδεια υπαιθρίου επαγγελματία;","άδεια_πωλητή_υπαίθριου_εμπορίου"
"Ποια δικαιολογητικά χρειάζονται για άδεια πωλητή υπαίθριου εμπορίου;","άδεια_πωλητή_υπαίθριου_εμπορίου"
"Πόσος χρόνος απαιτείται για την έκδοση άδειας υπαίθριου εμπορίου;","άδεια_πωλητή_υπαίθριου_εμπορίου"
"Μπορώ να ξεκινήσω την πώληση πριν την τελική άδεια υπαίθριου εμπορίου;","άδεια_πωλητή_υπαίθριου_εμπορίου"
"Σε ποια Διεύθυνση του δήμου απευθύνομαι για άδεια υπαίθριου εμπορίου;","άδεια_πωλητή_υπαίθριου_εμπορίου"
"Είναι απαραίτητη η υγειονομική άδεια για πωλητή υπαίθριου εμπορίου;","άδεια_πωλητή_υπαίθριου_εμπορίου"
"Ποιοι άλλοι φορείς εμπλέκονται στην αδειοδότηση υπαίθριου εμπορίου;","άδεια_πωλητή_υπαίθριου_εμπορίου"
"Χρειάζεται βεβαίωση μηχανικού για τον πάγκο;","άδεια_πωλητή_υπαίθριου_εμπορίου"
"Πώς μπορώ να διορθώσω λάθη σε άδεια πωλητή υπαίθριου εμπορίου;","άδεια_πωλητή_υπαίθριου_εμπορίου"
"Τι γίνεται αν η άδεια πωλητή υπαίθριου εμπορίου απορριφθεί;","άδεια_πωλητή_υπαίθριου_εμπορίου"
"Πού μπορώ να βρω τους κανονισμούς λειτουργίας και υγιεινής για υπαίθριο εμπόριο;","άδεια_πωλητή_υπαίθριου_εμπορίου"
"Είναι η άδεια πωλητή υπαίθριου εμπορίου κρίσιμη για τη νόμιμη λειτουργία;","άδεια_πωλητή_υπαίθριου_εμπορίου"
"Πού μπορώ να βρω τη νομοθεσία για το υπαίθριο εμπόριο;","άδεια_πωλητή_υπαίθριου_εμπορίου"
"Μπορώ να ζητήσω άδεια πωλητή υπαίθριου εμπορίου μέσω ΚΕΠ;","άδεια_πωλητή_υπαίθριου_εμπορίου"
"Ποιος είναι ο ρόλος της Δημοτικής Αστυνομίας στην εποπτεία του υπαίθριου εμπορίου;","άδεια_πωλητή_υπαίθριου_εμπορίου"
"Χρειάζεται βεβαίωση φορολογικής ενημερότητας για την άδεια;","άδεια_πωλητή_υπαίθριου_εμπορίου"
"Πώς μπορώ να επιταχύνω την έκδοση άδειας πωλητή υπαίθριου εμπορίου;","άδεια_πωλητή_υπαίθριου_εμπορίου"
"Τι προβλέπεται για πρόστιμα σε περίπτωση άσκησης υπαίθριου εμπορίου χωρίς άδεια;","άδεια_πωλητή_υπαίθριου_εμπορίου"
"Πού μπορώ να ζητήσω αντίγραφα αδειών υπαίθριου εμπορίου;","άδεια_πωλητή_υπαίθριου_εμπορίου"
"Είναι η άδεια πωλητή υπαίθριου εμπορίου απαραίτητη για τη συμμετοχή σε λαϊκές αγορές;","άδεια_πωλητή_υπαίθριου_εμπορίου"
"Πώς μπορώ να δηλώσω αλλαγή προϊόντων στην άδεια υπαίθριου εμπορίου;","άδεια_πωλητή_υπαίθριου_εμπορίου"
"Υπάρχουν ειδικές ρυθμίσεις για άδεια πωλητή υπαίθριου εμπορίου σε τουριστικές περιοχές;","άδεια_πωλητή_υπαίθριου_εμπορίου"
"Πού μπορώ να βρω εγκυκλίους που αφορούν την άδεια πωλητή υπαίθριου εμπορίου;","άδεια_πωλητή_υπαίθριου_εμπορίου"
"Μπορώ να ζητήσω άδεια πωλητή υπαίθριου εμπορίου για εποχιακά προϊόντα;","άδεια_πωλητή_υπαίθριου_εμπορίου"
"Ποια είναι η διαδικασία για την ανανέωση άδειας υπαίθριου εμπορίου;","άδεια_πωλητή_υπαίθριου_εμπορίου"
"Χρειάζεται απόφαση δημοτικού συμβουλίου για την αδειοδότηση νέων θέσεων;","άδεια_πωλητή_υπαίθριου_εμπορίου"
"Πού μπορώ να βρω συχνές ερωτήσεις για την άδεια πωλητή υπαίθριου εμπορίου;","άδεια_πωλητή_υπαίθριου_εμπορίου"
"Είναι η άδεια πωλητή υπαίθριου εμπορίου καθοριστική για τη δημόσια υγεία;","άδεια_πωλητή_υπαίθριου_εμπορίου"
"Πώς μπορώ να αντλήσω στοιχεία για προηγούμενες άδειες υπαίθριου εμπορίου;","άδεια_πωλητή_υπαίθριου_εμπορίου"
"Υπάρχει ειδικό καθεστώς για πωλητές υπαίθριου εμπορίου με αναπηρία;","άδεια_πωλητή_υπαίθριου_εμπορίου"
"Πού μπορώ να υποβάλω ένσταση για απόρριψη αίτησης άδειας πωλητή υπαίθριου εμπορίου;","άδεια_πωλητή_υπαίθριου_εμπορίου"
"Τι γίνεται αν η άδεια υπαίθριου εμπορίου αμφισβητείται από τους καταστηματάρχες;","άδεια_πωλητή_υπαίθριου_εμπορίου"
"Πώς μπορώ να λάβω πληροφορίες για το κόστος έκδοσης άδειας πωλητή υπαίθριου εμπορίου;","άδεια_πωλητή_υπαίθριου_εμπορίου"
"Είναι η άδεια πωλητή υπαίθριου εμπορίου απαραίτητη για τη συμμετοχή σε πανηγύρια;","άδεια_πωλητή_υπαίθριου_εμπορίου"
"Πού μπορώ να βρω αποφάσεις δικαστηρίων για ζητήματα υπαίθριου εμπορίου;","άδεια_πωλητή_υπαίθριου_εμπορίου"
"Μπορώ να αιτηθώ για άδεια πωλητή υπαίθριου εμπορίου για καλλιτεχνικά προϊόντα;","άδεια_πωλητή_υπαίθριου_εμπορίου"
"Ποια είναι η διαδικασία για την ανάκληση άδειας υπαίθριου εμπορίου;","άδεια_πωλητή_υπαίθριου_εμπορίου"
"Χρειάζεται πιστοποιητικό φορολογικής ενημερότητας για την ανανέωση άδειας;","άδεια_πωλητή_υπαίθριου_εμπορίου"
"Πού μπορώ να επικοινωνήσω για νομικές συμβουλές σχετικά με το υπαίθριο εμπόριο;","άδεια_πωλητή_υπαίθριου_εμπορίου"
"Είναι η άδεια πωλητή υπαίθριου εμπορίου το ίδιο με την άδεια λειτουργίας καταστήματος;","άδεια_πωλητή_υπαίθριου_εμπορίου"
"Πώς μπορώ να δηλώσω ανάγκη για άδεια σε περίπτωση αλλαγής περιοχής πώλησης;","άδεια_πωλητή_υπαίθριου_εμπορίου"
"Υπάρχουν περιορισμοί στο μέγεθος ή τον τύπο του πάγκου υπαίθριου εμπορίου;","άδεια_πωλητή_υπαίθριου_εμπορίου"
"Πού μπορώ να βρω παλαιούς κανονισμούς που αφορούν το υπαίθριο εμπόριο;","άδεια_πωλητή_υπαίθριου_εμπορίου"
"Τι γίνεται αν η άδεια υπαίθριου εμπορίου δεν τηρείται από τον πωλητή;","άδεια_πωλητή_υπαίθριου_εμπορίου"
"Πώς μπορώ να λάβω πληροφορίες για εκπαιδευτικά προγράμματα για πωλητές υπαίθριου εμπορίου;","άδεια_πωλητή_υπαίθριου_εμπορίου"
"Θέλω να στήσω ένα πάγκο με φρούτα στη λαϊκή αγορά, τι πρέπει να κάνω;","άδεια_πωλητή_υπαίθριου_εμπορίου"
"Πώς μπορώ να πάρω άδεια για να πουλάω προϊόντα στον δρόμο;","άδεια_πωλητή_υπαίθριου_εμπορίου"
"Πού μπορώ να βρω το έντυπο αίτησης για άδεια πλανόδιου πωλητή;","άδεια_πωλητή_υπαίθριου_εμπορίου"
"Χρειάζεται να πληρώσω ένα παράβολο για την άδεια;","άδεια_πωλητή_υπαίθριου_εμπορίου"
"Πώς μπορώ να κάνω αίτηση για μια θέση σε λαϊκή αγορά;","άδεια_πωλητή_υπαίθριου_εμπορίου"
"Μπορώ να ζητήσω άδεια για πώληση σε πανηγύρια;","άδεια_πωλητή_υπαίθριου_εμπορίου"
"Ποιος είναι ο αρμόδιος για να εγκρίνει τη θέση του πάγκου μου;","άδεια_πωλητή_υπαίθριου_εμπορίου"
"Θέλω να δηλώσω ότι πουλάω προϊόντα χωρίς άδεια;","άδεια_πωλητή_υπαίθριου_εμπορίου"
"Πρέπει να πάρω υγειονομικό πιστοποιητικό για την πώληση τροφίμων;","άδεια_πωλητή_υπαίθριου_εμπορίου"
"Πώς μπορώ να βρω τους κανονισμούς για το υπαίθριο εμπόριο;","άδεια_πωλητή_υπαίθριου_εμπορίου"
"Ποια είναι η διαδικασία για την ανανέωση της άδειας μου;","άδεια_πωλητή_υπαίθριου_εμπορίου"
"Μπορώ να κάνω αίτηση για άδεια πωλητή μέσω του gov.gr;","άδεια_πωλητή_υπαίθριου_εμπορίου"
"Χρειάζεται να έχω φορολογική ενημερότητα για να πάρω την άδεια;","άδεια_πωλητή_υπαίθριου_εμπορίου"
"Πώς μπορώ να βρω τα στοιχεία επικοινωνίας για την υπηρεσία που δίνει τις άδειες;","άδεια_πωλητή_υπαίθριου_εμπορίου"
"Θέλω να κάνω καταγγελία για έναν πωλητή που δεν έχει άδεια.","άδεια_πωλητή_υπαίθριου_εμπορίου"
"Ποιος είναι ο αρμόδιος για να ελέγξει αν η άδεια μου είναι σωστή;","άδεια_πωλητή_υπαίθριου_εμπορίου"
"Μπορώ να ζητήσω αντίγραφο της άδειας που έχω ήδη;","άδεια_πωλητή_υπαίθριου_εμπορίου"
"Πρέπει να πάρω άδεια από τη Δημοτική Αστυνομία για το υπαίθριο εμπόριο;","άδεια_πωλητή_υπαίθριου_εμπορίου"
"Πώς μπορώ να δηλώσω αλλαγή προϊόντων στην άδεια μου;","άδεια_πωλητή_υπαίθριου_εμπορίου"
"Χρειάζεται να υπογράψω μια υπεύθυνη δήλωση για την αίτηση;","άδεια_πωλητή_υπαίθριου_εμπορίου"
"Ποια είναι η διαδικασία για την έκδοση νέας άδειας πωλητή λαϊκών αγορών;", "άδεια_πωλητή_υπαίθριου_εμπορίου"
"Χρειάζομαι βεβαίωση δραστηριοποίησης στο υπαίθριο πλανόδιο εμπόριο.", "άδεια_πωλητή_υπαίθριου_εμπορίου"
"Ποια δικαιολογητικά απαιτούνται για την ανανέωση της άδειας παραγωγού πωλητή;", "άδεια_πωλητή_υπαίθριου_εμπορίου"
"Πώς μπορώ να μετατρέψω την άδεια παραγωγού σε άδεια επαγγελματία πωλητή;", "άδεια_πωλητή_υπαίθριου_εμπορίου"
"Θέλω να αιτηθώ άδεια για στάσιμο εμπόριο (π.χ. καντίνα ή πάγκο) σε συγκεκριμένο σημείο.", "άδεια_πωλητή_υπαίθριου_εμπορίου"
"Ποιο είναι το ετήσιο τέλος που πρέπει να καταβάλω για τη θέση μου στη λαϊκή αγορά;", "άδεια_πωλητή_υπαίθριου_εμπορίου"
"Μπορώ να μεταβιβάσω την άδεια υπαίθριου εμπορίου στο παιδί μου λόγω συνταξιοδότησης;", "άδεια_πωλητή_υπαίθριου_εμπορίου"
"Ποια είναι τα κριτήρια μοριοδότησης για τη χορήγηση θέσεων σε νέες λαϊκές αγορές;", "άδεια_πωλητή_υπαίθριου_εμπορίου"
"Χρειάζομαι άδεια για τη διάθεση αγροτικών προϊόντων ως πλανόδιος έμπορος.", "άδεια_πωλητή_υπαίθριου_εμπορίου"
"Πώς μπορώ να δηλώσω την απώλεια της επαγγελματικής μου ταυτότητας πωλητή;", "άδεια_πωλητή_υπαίθριου_εμπορίου"
"Ποιο τμήμα του δήμου είναι αρμόδιο για τον έλεγχο των αδειών υπαίθριου εμπορίου;", "άδεια_πωλητή_υπαίθριου_εμπορίου"
"Είναι απαραίτητη η εγγραφή στο Ολοκληρωμένο Πληροφοριακό Σύστημα (ΟΠΣΑΑ) για την άδεια;", "άδεια_πωλητή_υπαίθριου_εμπορίου"
"Θέλω να ζητήσω αλλαγή θέσης ή μετακίνηση σε άλλη λαϊκή αγορά του δήμου.", "άδεια_πωλητή_υπαίθριου_εμπορίου"
"Χρειάζεται πιστοποιητικό υγείας για την έκδοση άδειας πωλητή τροφίμων στο ύπαιθρο;", "άδεια_πωλητή_υπαίθριου_εμπορίου"
"Ποιες είναι οι προϋποθέσεις για την άδεια πωλητή σε κυριακάτικες αγορές και πανηγύρια;", "άδεια_πωλητή_υπαίθριου_εμπορίου"
"Μπορώ να αιτηθώ προσωρινή άδεια πωλητή για την περίοδο των Χριστουγέννων;", "άδεια_πωλητή_υπαίθριου_εμπορίου"
"Πώς μπορώ να ενημερωθώ για τις κενές θέσεις στάσιμου εμπορίου στον δήμο;", "άδεια_πωλητή_υπαίθριου_εμπορίου"
"Ποιο παράβολο απαιτείται για την τροποποίηση της άδειας υπαίθριου εμπορίου;", "άδεια_πωλητή_υπαίθριου_εμπορίου"
"Τι έγγραφα χρειάζονται για τη συμμετοχή σε κλήρωση θέσεων υπαίθριου εμπορίου;", "άδεια_πωλητή_υπαίθριου_εμπορίου"
"Χρειάζομαι βεβαίωση ότι η άδεια μου είναι σε ισχύ για χρήση στην τράπεζα ή την εφορία.", "άδεια_πωλητή_υπαίθριου_εμπορίου"
"Πώς μπορώ να δηλώσω την αντικατάσταση του οχήματος που χρησιμοποιώ για το πλανόδιο εμπόριο;", "άδεια_πωλητή_υπαίθριου_εμπορίου"
"Μπορεί ένας παραγωγός να κατέχει πάνω από μία άδειες σε διαφορετικούς δήμους;", "άδεια_πωλητή_υπαίθριου_εμπορίου"
"Ποιες είναι οι κυρώσεις για άσκηση υπαίθριου εμπορίου χωρίς την προβλεπόμενη άδεια;", "άδεια_πωλητή_υπαίθριου_εμπορίου"
"Πώς γίνεται η αναπλήρωση πωλητή από βοηθό ή συγγενή πρώτου βαθμού;", "άδεια_πωλητή_υπαίθριου_εμπορίου"
"Χρειάζεται βεβαίωση από τον ΟΓΑ ή τον ΕΦΚΑ για την ανανέωση της παραγωγικής άδειας;", "άδεια_πωλητή_υπαίθριου_εμπορίου"
"Ποια είναι η διάρκεια ισχύος της άδειας πωλητή χειροτέχνη-καλλιτέχνη;", "άδεια_πωλητή_υπαίθριου_εμπορίου"
"Πού υποβάλλεται η αίτηση για τη συμμετοχή σε βραχυχρόνιες αγορές (food festivals);", "άδεια_πωλητή_υπαίθριου_εμπορίου"
"Είναι δυνατή η προσωρινή διακοπή της άδειας πωλητή λόγω σοβαρού προβλήματος υγείας;", "άδεια_πωλητή_υπαίθριου_εμπορίου"
"Πώς μπορώ να ελέγξω αν το προϊόν που θέλω να πουλήσω επιτρέπεται στο πλανόδιο εμπόριο;", "άδεια_πωλητή_υπαίθριου_εμπορίου"
"Ποια είναι η διαδικασία για την επιστροφή των εγγυητικών επιστολών των πωλητών;", "άδεια_πωλητή_υπαίθριου_εμπορίου"
"Χρειάζεται έγκριση από την επιτροπή για την πώληση παραδοσιακών προϊόντων στο ύπαιθρο;", "άδεια_πωλητή_υπαίθριου_εμπορίου"

"Πού κάνω αίτηση για άδεια παραγωγού – αγρότη σε υπαίθριο εμπόριο;","άδεια_παραγωγού_αγρότη"
"Χρειάζεται διαφορετική άδεια για αγρότη παραγωγό;","άδεια_παραγωγού_αγρότη"
"Μπορώ να υποβάλω αίτηση online για παραγωγική άδεια;","άδεια_παραγωγού_αγρότη"
"Ποια έγγραφα χρειάζομαι για άδεια παραγωγού;","άδεια_παραγωγού_αγρότη"
"Σε ποιο τμήμα υποβάλλεται η αίτηση;","άδεια_παραγωγού_αγρότη"
"Ποια δικαιολογητικά απαιτούνται για την άδεια παραγωγού – αγρότη;","άδεια_παραγωγού_αγρότη"
"Πόσος χρόνος απαιτείται για την έκδοση άδειας παραγωγού αγρότη;","άδεια_παραγωγού_αγρότη"
"Μπορώ να πουλήσω προϊόντα πριν την τελική άδεια παραγωγού αγρότη;","άδεια_παραγωγού_αγρότη"
"Σε ποια Διεύθυνση Αγροτικής Ανάπτυξης απευθύνομαι για άδεια παραγωγού;","άδεια_παραγωγού_αγρότη"
"Είναι απαραίτητη η εγγραφή στον ΟΓΑ για την άδεια παραγωγού αγρότη;","άδεια_παραγωγού_αγρότη"
"Ποιοι άλλοι φορείς εμπλέκονται στην αδειοδότηση παραγωγών αγροτών;","άδεια_παραγωγού_αγρότη"
"Χρειάζεται βεβαίωση εκμετάλλευσης γης για την άδεια παραγωγού;","άδεια_παραγωγού_αγρότη"
"Πώς μπορώ να διορθώσω λάθη σε άδεια παραγωγού αγρότη;","άδεια_παραγωγού_αγρότη"
"Τι γίνεται αν η άδεια παραγωγού αγρότη απορριφθεί;","άδεια_παραγωγού_αγρότη"
"Πού μπορώ να βρω τους κανονισμούς λειτουργίας για τους παραγωγούς αγρότες σε λαϊκές αγορές;","άδεια_παραγωγού_αγρότη"
"Είναι η άδεια παραγωγού αγρότη κρίσιμη για τη συμμετοχή σε αγορές παραγωγών;","άδεια_παραγωγού_αγρότη"
"Πού μπορώ να βρω τη νομοθεσία για το υπαίθριο εμπόριο αγροτικών προϊόντων;","άδεια_παραγωγού_αγρότη"
"Μπορώ να ζητήσω άδεια παραγωγού αγρότη μέσω ΚΕΠ;","άδεια_παραγωγού_αγρότη"
"Ποιος είναι ο ρόλος των Επιμελητηρίων στην αδειοδότηση παραγωγών αγροτών;","άδεια_παραγωγού_αγρότη"
"Χρειάζεται πιστοποιητικό φυτοϋγείας για την άδεια παραγωγού;","άδεια_παραγωγού_αγρότη"
"Πώς μπορώ να επιταχύνω την έκδοση άδειας παραγωγού αγρότη;","άδεια_παραγωγού_αγρότη"
"Τι προβλέπεται για πρόστιμα σε περίπτωση πώλησης προϊόντων χωρίς άδεια παραγωγού;","άδεια_παραγωγού_αγρότη"
"Πού μπορώ να ζητήσω αντίγραφα αδειών παραγωγών αγροτών;","άδεια_παραγωγού_αγρότη"
"Είναι η άδεια παραγωγού αγρότη απαραίτητη για τη συμμετοχή σε εκθέσεις;","άδεια_παραγωγού_αγρότη"
"Πώς μπορώ να δηλώσω αλλαγή προϊόντων στην άδεια παραγωγού αγρότη;","άδεια_παραγωγού_αγρότη"
"Υπάρχουν ειδικές ρυθμίσεις για άδεια παραγωγού αγρότη με βιολογικά προϊόντα;","άδεια_παραγωγού_αγρότη"
"Πού μπορώ να βρω εγκυκλίους που αφορούν την άδεια παραγωγού αγρότη;","άδεια_παραγωγού_αγρότη"
"Μπορώ να ζητήσω άδεια παραγωγού αγρότη για εποχιακή πώληση;","άδεια_παραγωγού_αγρότη"
"Ποια είναι η διαδικασία για την ανανέωση άδειας παραγωγού αγρότη;","άδεια_παραγωγού_αγρότη"
"Χρειάζεται ασφάλιση για την άσκηση του επαγγέλματος παραγωγού αγρότη;","άδεια_παραγωγού_αγρότη"
"Πού μπορώ να βρω συχνές ερωτήσεις για την άδεια παραγωγού αγρότη;","άδεια_παραγωγού_αγρότη"
"Είναι η άδεια παραγωγού αγρότη καθοριστική για την ποιότητα των προϊόντων;","άδεια_παραγωγού_αγρότη"
"Πώς μπορώ να αντλήσω στοιχεία για προηγούμενες άδειες παραγωγών αγροτών;","άδεια_παραγωγού_αγρότη"
"Υπάρχει ειδικό καθεστώς για παραγωγούς αγρότες με μικρές εκμεταλλεύσεις;","άδεια_παραγωγού_αγρότη"
"Πού μπορώ να υποβάλω ένσταση για απόρριψη αίτησης άδειας παραγωγού αγρότη;","άδεια_παραγωγού_αγρότη"
"Τι γίνεται αν η άδεια παραγωγού αγρότη αμφισβητείται από άλλους πωλητές;","άδεια_παραγωγού_αγρότη"
"Πώς μπορώ να λάβω πληροφορίες για το κόστος έκδοσης άδειας παραγωγού αγρότη;","άδεια_παραγωγού_αγρότη"
"Είναι η άδεια παραγωγού αγρότη απαραίτητη για την εγγραφή σε συνεταιρισμούς;","άδεια_παραγωγού_αγρότη"
"Πού μπορώ να βρω αποφάσεις δικαστηρίων για ζητήματα υπαίθριου εμπορίου αγροτών;","άδεια_παραγωγού_αγρότη"
"Μπορώ να αιτηθώ για άδεια παραγωγού αγρότη για προϊόντα μεταποίησης;","άδεια_παραγωγού_αγρότη"
"Ποια είναι η διαδικασία για την ανάκληση άδειας παραγωγού αγρότη;","άδεια_παραγωγού_αγρότη"
"Χρειάζεται πιστοποιητικό μητρώου αγροτών για την άδεια;","άδεια_παραγωγού_αγρότη"
"Πού μπορώ να επικοινωνήσω για νομικές συμβουλές σχετικά με την άδεια παραγωγού αγρότη;","άδεια_παραγωγού_αγρότη"
"Είναι η άδεια παραγωγού αγρότη το ίδιο με την άδεια μικροπωλητή;","άδεια_παραγωγού_αγρότη"
"Πώς μπορώ να δηλώσω ανάγκη για άδεια σε περίπτωση αλλαγής τόπου πώλησης;","άδεια_παραγωγού_αγρότη"
"Υπάρχουν περιορισμοί στο μέγεθος ή τον τύπο του πάγκου για παραγωγούς αγρότες;","άδεια_παραγωγού_αγρότη"
"Πού μπορώ να βρω παλαιούς κανονισμούς που αφορούν τους παραγωγούς αγρότες;","άδεια_παραγωγού_αγρότη"
"Τι γίνεται αν η άδεια παραγωγού αγρότη δεν τηρείται από τον πωλητή;","άδεια_παραγωγού_αγρότη"
"Πώς μπορώ να λάβω πληροφορίες για εκπαιδευτικά προγράμματα για παραγωγούς αγρότες;","άδεια_παραγωγού_αγρότη"
"Έχω ένα χωράφι και θέλω να πουλάω τα προϊόντα μου στη λαϊκή, τι πρέπει να κάνω;","άδεια_παραγωγού_αγρότη"
"Πώς μπορώ να αποδείξω ότι είμαι αγρότης-παραγωγός;","άδεια_παραγωγού_αγρότη"
"Πρέπει να πάρω άδεια από τον δήμο για να πουλάω τα προϊόντα μου στον δρόμο;","άδεια_παραγωγού_αγρότη"
"Χρειάζεται να πληρώσω κάτι για να πάρω την άδεια παραγωγού;","άδεια_παραγωγού_αγρότη"
"Πού μπορώ να βρω τα έντυπα για αίτηση άδειας παραγωγού;","άδεια_παραγωγού_αγρότη"
"Ποια είναι η διαδικασία για την ανανέωση της άδειάς μου;","άδεια_παραγωγού_αγρότη"
"Μπορώ να ζητήσω αναγνώριση του πτυχίου μου από το εξωτερικό;","άδεια_παραγωγού_αγρότη"
"Πρέπει να πάρω μια βεβαίωση καλής λειτουργίας για να κάνω την αναγγελία;","άδεια_παραγωγού_αγρότη"
"Χρειάζεται ασφάλιση για να πουλάω τα προϊόντα μου;","άδεια_παραγωγού_αγρότη"
"Πού μπορώ να βρω πληροφορίες για τα δικαιολογητικά που χρειάζομαι για την άδεια;","άδεια_παραγωγού_αγρότη"
"Μπορώ να κάνω αίτηση για άδεια παραγωγού αν πουλάω μεταποιημένα προϊόντα;","άδεια_παραγωγού_αγρότη"
"Πώς μπορώ να βρω τους κανονισμούς για τις λαϊκές αγορές;","άδεια_παραγωγού_αγρότη"
"Ποιος είναι ο αρμόδιος για να ελέγξει αν η άδεια μου είναι σωστή;","άδεια_παραγωγού_αγρότη"
"Θέλω να δηλώσω παύση δραστηριότητας, τι πρέπει να κάνω;","άδεια_παραγωγού_αγρότη"
"Πρέπει να πάρω άδεια από τον δήμο για να πουλάω τα προϊόντα μου σε μια έκθεση;","άδεια_παραγωγού_αγρότη"
"Ποιος είναι ο ρόλος του Επαγγελματικού Επιμελητηρίου στην αδειοδότηση;","άδεια_παραγωγού_αγρότη"
"Μπορώ να κάνω αίτηση για άδεια παραγωγού μέσω ΚΕΠ;","άδεια_παραγωγού_αγρότη"
"Χρειάζεται να υπογράψω μια υπεύθυνη δήλωση για την αίτηση;","άδεια_παραγωγού_αγρότη"
"Πώς μπορώ να ενημερωθώ για εκπαιδευτικά προγράμματα για παραγωγούς αγρότες;","άδεια_παραγωγού_αγρότη"
"Ποια είναι η διαδικασία για την έκδοση νέας άδειας παραγωγού πωλητή λαϊκών αγορών;", "άδεια_παραγωγού_αγρότη"
"Χρειάζομαι ανανέωση της παραγωγικής μου άδειας για τη φετινή καλλιεργητική περίοδο.", "άδεια_παραγωγού_αγρότη"
"Ποια δικαιολογητικά απαιτούνται από το Μητρώο Αγροτών για την άδεια πωλητή;", "άδεια_παραγωγού_αγρότη"
"Πώς μπορώ να προσθέσω νέα προϊόντα (π.χ. κηπευτικά ή φρούτα) στην άδεια παραγωγού μου;", "άδεια_παραγωγού_αγρότη"
"Χρειάζεται βεβαίωση από το σύστημα δήλωσης καλλιέργειας (ΟΣΔΕ) για την αίτησή μου;", "άδεια_παραγωγού_αγρότη"
"Πώς μπορώ να μεταβιβάσω την άδεια παραγωγού λόγω συνταξιοδότησης σε μέλος της οικογένειάς μου;", "άδεια_παραγωγού_αγρότη"
"Ποιο είναι το κόστος του παραβόλου για τη θεώρηση της άδειας αγρότη πωλητή;", "άδεια_παραγωγού_αγρότη"
"Μπορώ να ζητήσω προσωρινή άδεια παραγωγού για την πώληση εποχιακών προϊόντων όπως τα κάστανα;", "άδεια_παραγωγού_αγρότη"
"Ποια υπηρεσία είναι αρμόδια για την αυτοψία στις καλλιέργειες προκειμένου να εκδοθεί η άδεια;", "άδεια_παραγωγού_αγρότη"
"Χρειάζομαι βεβαίωση ότι είμαι κατά κύριο επάγγελμα αγρότης για τη συμμετοχή μου στη λαϊκή.", "άδεια_παραγωγού_αγρότη"
"Πώς μπορώ να δηλώσω την αλλαγή του οχήματος μεταφοράς των αγροτικών μου προϊόντων;", "άδεια_παραγωγού_αγρότη"
"Είναι απαραίτητη η εγγραφή στο Ολοκληρωμένο Πληροφοριακό Σύστημα (ΟΠΣΑΑ) για τους παραγωγούς;", "άδεια_παραγωγού_αγρότη"
"Θέλω να αιτηθώ άδεια παραγωγού για το πλανόδιο εμπόριο αγροτικών ειδών.", "άδεια_παραγωγού_αγρότη"
"Πώς μπορώ να διορθώσω τις ποσότητες των προϊόντων που αναγράφονται στην άδειά μου;", "άδεια_παραγωγού_αγρότη"
"Ποια δικαιολογητικά χρειάζονται για την έκδοση άδειας παραγωγού σε μελισσοκόμο;", "άδεια_παραγωγού_αγρότη"
"Μπορώ να χρησιμοποιήσω την άδεια παραγωγού μου σε περισσότερους από έναν δήμους;", "άδεια_παραγωγού_αγρότη"
"Πόσο καιρό πριν τη λήξη της πρέπει να καταθέσω την αίτηση ανανέωσης της άδειας;", "άδεια_παραγωγού_αγρότη"
"Χρειάζεται βεβαίωση από τον ΕΛΓΑ για την έκδοση ή ανανέωση της άδειας παραγωγού;", "άδεια_παραγωγού_αγρότη"
"Πώς μπορώ να λάβω αντίγραφο της άδειας παραγωγού μου σε περίπτωση απώλειας;", "άδεια_παραγωγού_αγρότη"
"Ποια είναι η διαδικασία για τη δήλωση βοηθού (συζύγου ή τέκνου) στην άδεια του αγρότη;", "άδεια_παραγωγού_αγρότη"
"Χρειάζεται πιστοποιητικό υγείας για τον παραγωγό που διαθέτει τα προϊόντα του στη λαϊκή;", "άδεια_παραγωγού_αγρότη"
"Μπορώ να αιτηθώ άδεια παραγωγού αν είμαι μέλος αγροτικού συνεταιρισμού;", "άδεια_παραγωγού_αγρότη"
"Πώς μπορώ να δηλώσω τη λήξη της παραγωγικής μου δραστηριότητας στον δήμο;", "άδεια_παραγωγού_αγρότη"
"Τι έγγραφα απαιτούνται για την άδεια παραγωγού πωλητή σε βιολογικά προϊόντα;", "άδεια_παραγωγού_αγρότη"
"Ποιο είναι το ωράριο και οι ημέρες που επιτρέπεται η χρήση της άδειας παραγωγού;", "άδεια_παραγωγού_αγρότη"
"Πώς γίνεται ο έλεγχος της εγκυρότητας της άδειας παραγωγού από τις αρμόδιες αρχές;", "άδεια_παραγωγού_αγρότη"
"Χρειάζομαι βεβαίωση από την εφορία για την έναρξη αγροτικής δραστηριότητας πριν την άδεια;", "άδεια_παραγωγού_αγρότη"
"Ποια είναι η ελάχιστη έκταση καλλιέργειας που απαιτείται για την έκδοση άδειας παραγωγού;", "άδεια_παραγωγού_αγρότη"
"Μπορώ να έχω άδεια παραγωγού αν είμαι συνταξιούχος του ΟΓΑ;", "άδεια_παραγωγού_αγρότη"
"Πώς μπορώ να συμμετάσχω σε κλήρωση θέσεων για παραγωγούς σε νέες αγορές;", "άδεια_παραγωγού_αγρότη"
"Ποιες είναι οι κυρώσεις αν ο παραγωγός πουλάει προϊόντα που δεν αναγράφονται στην άδειά του;", "άδεια_παραγωγού_αγρότη"
"Πώς ενημερώνομαι για τις αλλαγές στη νομοθεσία περί υπαίθριου εμπορίου για αγρότες;", "άδεια_παραγωγού_αγρότη"

"Πού ζητάω βεβαίωση δραστηριοποίησης στο υπαίθριο εμπόριο;","βεβαίωση_δραστηριοποίησης_υπαίθριου"
"Χρειάζομαι βεβαίωση για συμμετοχή σε λαϊκή αγορά;","βεβαίωση_δραστηριοποίησης_υπαίθριου"
"Μπορώ να εκδώσω online βεβαίωση δραστηριοποίησης υπαίθριου εμπορίου;","βεβαίωση_δραστηριοποίησης_υπαίθριου"
"Ποια είναι η διαδικασία για να πιστοποιηθεί η δραστηριοποίησή μου;","βεβαίωση_δραστηριοποίησης_υπαίθριου"
"Ποιος εκδίδει τέτοιες βεβαιώσεις;","βεβαίωση_δραστηριοποίησης_υπαίθριου"
"Ποια δικαιολογητικά χρειάζονται για βεβαίωση δραστηριοποίησης υπαίθριου εμπορίου;","βεβαίωση_δραστηριοποίησης_υπαίθριου"
"Πόσος χρόνος απαιτείται για την έκδοση βεβαίωσης δραστηριοποίησης;","βεβαίωση_δραστηριοποίησης_υπαίθριου"
"Μπορώ να χρησιμοποιήσω τη βεβαίωση για φορολογικούς λόγους;","βεβαίωση_δραστηριοποίησης_υπαίθριου"
"Σε ποια υπηρεσία του δήμου απευθύνομαι για βεβαίωση δραστηριοποίησης;","βεβαίωση_δραστηριοποίησης_υπαίθριου"
"Είναι απαραίτητη η επίδειξη άδειας υπαίθριου εμπορίου για τη βεβαίωση;","βεβαίωση_δραστηριοποίησης_υπαίθριου"
"Ποιοι άλλοι φορείς ζητούν βεβαίωση δραστηριοποίησης στο υπαίθριο εμπόριο;","βεβαίωση_δραστηριοποίησης_υπαίθριου"
"Χρειάζεται ενημερωμένη άδεια για την αίτηση βεβαίωσης δραστηριοποίησης;","βεβαίωση_δραστηριοποίησης_υπαίθριου"
"Πώς μπορώ να διορθώσω λάθη σε βεβαίωση δραστηριοποίησης;","βεβαίωση_δραστηριοποίησης_υπαίθριου"
"Τι γίνεται αν η βεβαίωση δραστηριοποίησης απορριφθεί;","βεβαίωση_δραστηριοποίησης_υπαίθριου"
"Πού μπορώ να βρω τους κανονισμούς για τη δραστηριοποίηση στο υπαίθριο εμπόριο;","βεβαίωση_δραστηριοποίησης_υπαίθριου"
"Είναι η βεβαίωση δραστηριοποίησης κρίσιμη για την ανανέωση άδειας;","βεβαίωση_δραστηριοποίησης_υπαίθριου"
"Πού μπορώ να βρω τη νομοθεσία για τις βεβαιώσεις υπαίθριου εμπορίου;","βεβαίωση_δραστηριοποίησης_υπαίθριου"
"Μπορώ να ζητήσω βεβαίωση δραστηριοποίησης μέσω ΚΕΠ;","βεβαίωση_δραστηριοποίησης_υπαίθριου"
"Ποιος είναι ο ρόλος του Επαγγελματικού Επιμελητηρίου στην έκδοση βεβαιώσεων;","βεβαίωση_δραστηριοποίησης_υπαίθριου"
"Χρειάζεται πιστοποιητικό φορολογικής ενημερότητας για τη βεβαίωση δραστηριοποίησης;","βεβαίωση_δραστηριοποίησης_υπαίθριου"
"Πώς μπορώ να επιταχύνω την έκδοση βεβαίωσης δραστηριοποίησης;","βεβαίωση_δραστηριοποίησης_υπαίθριου"
"Τι προβλέπεται για πρόστιμα σε περίπτωση ψευδούς βεβαίωσης δραστηριοποίησης;","βεβαίωση_δραστηριοποίησης_υπαίθριου"
"Πού μπορώ να ζητήσω αντίγραφα βεβαιώσεων δραστηριοποίησης υπαίθριου εμπορίου;","βεβαίωση_δραστηριοποίησης_υπαίθριου"
"Είναι η βεβαίωση δραστηριοποίησης απαραίτητη για τη συμμετοχή σε πανηγύρια;","βεβαίωση_δραστηριοποίησης_υπαίθριου"
"Πώς μπορώ να δηλώσω αλλαγή δραστηριότητας για τη βεβαίωση;","βεβαίωση_δραστηριοποίησης_υπαίθριου"
"Υπάρχουν ειδικές ρυθμίσεις για βεβαίωση δραστηριοποίησης σε τουριστικές αγορές;","βεβαίωση_δραστηριοποίησης_υπαίθριου"
"Πού μπορώ να βρω εγκυκλίους που αφορούν τη βεβαίωση δραστηριοποίησης;","βεβαίωση_δραστηριοποίησης_υπαίθριου"
"Μπορώ να ζητήσω βεβαίωση δραστηριοποίησης για εποχιακή πώληση;","βεβαίωση_δραστηριοποίησης_υπαίθριου"
"Ποια είναι η διαδικασία για την ανανέωση βεβαίωσης δραστηριοποίησης;","βεβαίωση_δραστηριοποίησης_υπαίθριου"
"Χρειάζεται πιστοποιητικό υγείας για την έκδοση βεβαίωσης δραστηριοποίησης;","βεβαίωση_δραστηριοποίησης_υπαίθριου"
"Πού μπορώ να βρω συχνές ερωτήσεις για τη βεβαίωση δραστηριοποίησης υπαίθριου εμπορίου;","βεβαίωση_δραστηριοποίησης_υπαίθριου"
"Είναι η βεβαίωση δραστηριοποίησης καθοριστική για τη νόμιμη λειτουργία;","βεβαίωση_δραστηριοποίησης_υπαίθριου"
"Πώς μπορώ να αντλήσω στοιχεία για προηγούμενες βεβαιώσεις δραστηριοποίησης;","βεβαίωση_δραστηριοποίησης_υπαίθριου"
"Υπάρχει ειδικό καθεστώς για βεβαίωση δραστηριοποίησης για παραγωγούς αγρότες;","βεβαίωση_δραστηριοποίησης_υπαίθριου"
"Πού μπορώ να υποβάλω ένσταση για απόρριψη αίτησης βεβαίωσης δραστηριοποίησης;","βεβαίωση_δραστηριοποίησης_υπαίθριου"
"Τι γίνεται αν η βεβαίωση δραστηριοποίησης αμφισβητείται από αρχές;","βεβαίωση_δραστηριοποίησης_υπαίθριου"
"Πώς μπορώ να λάβω πληροφορίες για το κόστος έκδοσης βεβαίωσης δραστηριοποίησης;","βεβαίωση_δραστηριοποίησης_υπαίθριου"
"Είναι η βεβαίωση δραστηριοποίησης απαραίτητη για την εγγραφή σε συνεταιρισμούς;","βεβαίωση_δραστηριοποίησης_υπαίθριου"
"Πού μπορώ να βρω αποφάσεις δικαστηρίων για ζητήματα βεβαιώσεων υπαίθριου εμπορίου;","βεβαίωση_δραστηριοποίησης_υπαίθριου"
"Μπορώ να αιτηθώ για βεβαίωση δραστηριοποίησης για πώληση χειροτεχνημάτων;","βεβαίωση_δραστηριοποίησης_υπαίθριου"
"Ποια είναι η διαδικασία για την ανάκληση βεβαίωσης δραστηριοποίησης;","βεβαίωση_δραστηριοποίησης_υπαίθριου"
"Χρειάζεται ΑΦΜ για την αίτηση βεβαίωσης δραστηριοποίησης;","βεβαίωση_δραστηριοποίησης_υπαίθριου"
"Πού μπορώ να επικοινωνήσω για νομικές συμβουλές σχετικά με τη βεβαίωση δραστηριοποίησης;","βεβαίωση_δραστηριοποίησης_υπαίθριου"
"Είναι η βεβαίωση δραστηριοποίησης υπαίθριου εμπορίου το ίδιο με την άδεια λειτουργίας;","βεβαίωση_δραστηριοποίησης_υπαίθριου"
"Πώς μπορώ να δηλώσω ανάγκη για βεβαίωση σε περίπτωση αλλαγής τόπου δραστηριοποίησης;","βεβαίωση_δραστηριοποίησης_υπαίθριου"
"Υπάρχουν περιορισμοί στο είδος των προϊόντων που καλύπτει η βεβαίωση;","βεβαίωση_δραστηριοποίησης_υπαίθριου"
"Πού μπορώ να βρω παλαιούς κανονισμούς που αφορούν τη βεβαίωση δραστηριοποίησης;","βεβαίωση_δραστηριοποίησης_υπαίθριου"
"Τι γίνεται αν η βεβαίωση δραστηριοποίησης λήξει και δεν ανανεωθεί;","βεβαίωση_δραστηριοποίησης_υπαίθριου"
"Πώς μπορώ να λάβω πληροφορίες για εκπαιδευτικά προγράμματα για πωλητές;","βεβαίωση_δραστηριοποίησης_υπαίθριου"
"Θέλω να πάρω ένα χαρτί που να λέει ότι μπορώ να πουλάω σε μια λαϊκή αγορά.","βεβαίωση_δραστηριοποίησης_υπαίθριου"
"Πώς μπορώ να βγάλω μια βεβαίωση για να αποδείξω ότι είμαι πλανόδιος πωλητής;","βεβαίωση_δραστηριοποίησης_υπαίθριου"
"Πρέπει να πάω στον δήμο για να πάρω βεβαίωση για τη συμμετοχή μου σε ένα πανηγύρι;","βεβαίωση_δραστηριοποίησης_υπαίθριου"
"Χρειάζεται να πληρώσω κάτι για την έκδοση βεβαίωσης δραστηριοποίησης;","βεβαίωση_δραστηριοποίησης_υπαίθριου"
"Πού μπορώ να βρω τα έντυπα για αίτηση βεβαίωσης δραστηριοποίησης;","βεβαίωση_δραστηριοποίησης_υπαίθριου"
"Πώς μπορώ να επιταχύνω την έκδοση της βεβαίωσης;","βεβαίωση_δραστηριοποίησης_υπαίθριου"
"Μπορώ να ζητήσω αναγνώριση της δραστηριότητάς μου μέσω ΚΕΠ;","βεβαίωση_δραστηριοποίησης_υπαίθριου"
"Ο δήμος έχει κάποια βάση δεδομένων με τους πλανόδιους πωλητές;","βεβαίωση_δραστηριοποίησης_υπαίθριου"
"Θέλω να βγάλω ένα χαρτί για τη δραστηριότητά μου ως πωλητής σε μια αγορά.","βεβαίωση_δραστηριοποίησης_υπαίθριου"
"Πρέπει να πάρω άδεια από τον δήμο για να πάρω τη βεβαίωση;","βεβαίωση_δραστηριοποίησης_υπαίθριου"
"Ποια είναι η διαδικασία για την ανανέωση της βεβαίωσης;","βεβαίωση_δραστηριοποίησης_υπαίθριου"
"Χρειάζεται να έχω φορολογική ενημερότητα για να πάρω τη βεβαίωση;","βεβαίωση_δραστηριοποίησης_υπαίθριου"
"Πού μπορώ να βρω τους κανονισμούς για τη συμμετοχή σε λαϊκές αγορές;","βεβαίωση_δραστηριοποίησης_υπαίθριου"
"Μπορώ να ζητήσω βιβλιάριο υγείας για να πάρω τη βεβαίωση;","βεβαίωση_δραστηριοποίησης_υπαίθριου"
"Πώς μπορώ να κάνω μια αναφορά για έναν πωλητή που δεν έχει βεβαίωση;","βεβαίωση_δραστηριοποίησης_υπαίθριου"
"Θέλω να δηλώσω ότι η δραστηριότητά μου έχει αλλάξει και χρειάζομαι νέα βεβαίωση.","βεβαίωση_δραστηριοποίησης_υπαίθριου"
"Ποιος είναι ο αρμόδιος για να ελέγξει αν η βεβαίωσή μου είναι σωστή;","βεβαίωση_δραστηριοποίησης_υπαίθριου"
"Πρέπει να πάρω άδεια από τη Δημοτική Αστυνομία για το υπαίθριο εμπόριο;","βεβαίωση_δραστηριοποίησης_υπαίθριου"
"Ποια είναι η διαδικασία για την ανάκληση μιας βεβαίωσης;","βεβαίωση_δραστηριοποίησης_υπαίθριου"
"Χρειάζεται να υπογράψω μια υπεύθυνη δήλωση για την αίτηση;","βεβαίωση_δραστηριοποίησης_υπαίθριου"
"Ποια είναι η διαδικασία για την έκδοση βεβαίωσης δραστηριοποίησης υπαίθριου εμπορίου ετήσιας διάρκειας;", "βεβαίωση_δραστηριοποίησης_υπαίθριου"
"Χρειάζομαι τη βεβαίωση δραστηριοποίησης για να συμμετάσχω σε μια εμποροπανήγυρη εκτός του δήμου μου.", "βεβαίωση_δραστηριοποίησης_υπαίθριου"
"Ποια δικαιολογητικά απαιτούνται για τη βεβαίωση δραστηριοποίησης πωλητή χειροτέχνη-καλλιτέχνη;", "βεβαίωση_δραστηριοποίησης_υπαίθριου"
"Πώς μπορώ να ανανεώσω τη βεβαίωση δραστηριοποίησης υπαίθριου εμπορίου που έληξε;", "βεβαίωση_δραστηριοποίησης_υπαίθριου"
"Είναι απαραίτητη η βεβαίωση δραστηριοποίησης για τους παραγωγούς που πωλούν σε αγορές καταναλωτών;", "βεβαίωση_δραστηριοποίησης_υπαίθριου"
"Ποιο είναι το κόστος του παραβόλου για την έκδοση της βεβαίωσης δραστηριοποίησης;", "βεβαίωση_δραστηριοποίησης_υπαίθριου"
"Μπορώ να λάβω τη βεβαίωση δραστηριοποίησης ηλεκτρονικά μέσω του πληροφοριακού συστήματος ΟΠΣΑΑ;", "βεβαίωση_δραστηριοποίησης_υπαίθριου"
"Χρειάζομαι τη βεβαίωση δραστηριοποίησης υπαίθριου εμπορίου για τη συμμετοχή μου σε χριστουγεννιάτικη αγορά.", "βεβαίωση_δραστηριοποίησης_υπαίθριου"
"Ποια υπηρεσία του δήμου εκδίδει τη βεβαίωση δραστηριοποίησης για το πλανόδιο εμπόριο;", "βεβαίωση_δραστηριοποίησης_υπαίθριου"
"Πόσο καιρό ισχύει η βεβαίωση δραστηριοποίησης υπαίθριου εμπορίου από τη στιγμή της έκδοσής της;", "βεβαίωση_δραστηριοποίησης_υπαίθριου"
"Χρειάζεται να έχω κάνει έναρξη στην εφορία για να αιτηθώ βεβαίωση δραστηριοποίησης;", "βεβαίωση_δραστηριοποίησης_υπαίθριου"
"Θέλω να αιτηθώ βεβαίωση δραστηριοποίησης για την πώληση ειδών ανθοκομίας στο ύπαιθρο.", "βεβαίωση_δραστηριοποίησης_υπαίθριου"
"Πώς μπορώ να ελέγξω αν η βεβαίωση δραστηριοποίησης που κατέχω είναι έγκυρη για το τρέχον έτος;", "βεβαίωση_δραστηριοποίησης_υπαίθριου"
"Ποια έγγραφα αποδεικνύουν την ιδιότητα του πωλητή για την έκδοση της βεβαίωσης;", "βεβαίωση_δραστηριοποίησης_υπαίθριου"
"Είναι δυνατή η έκδοση βεβαίωσης δραστηριοποίησης για προσωρινή μετακίνηση σε άλλη περιφέρεια;", "βεβαίωση_δραστηριοποίησης_υπαίθριου"
"Χρειάζομαι βεβαίωση δραστηριοποίησης υπαίθριου εμπορίου για συμμετοχή σε κυριακάτικη αγορά.", "βεβαίωση_δραστηριοποίησης_υπαίθριου"
"Πού υποβάλλεται η αίτηση για τη βεβαίωση αν είμαι κάτοικος εξωτερικού αλλά δραστηριοποιούμαι εδώ;", "βεβαίωση_δραστηριοποίησης_υπαίθριου"
"Πώς μπορώ να δηλώσω μεταβολή των προϊόντων που αναγράφονται στη βεβαίωση δραστηριοποίησης;", "βεβαίωση_δραστηριοποίησης_υπαίθριου"
"Χρειάζεται ασφαλιστική ενημερότητα για την έκδοση ή ανανέωση της βεβαίωσης δραστηριοποίησης;", "βεβαίωση_δραστηριοποίησης_υπαίθριου"
"Μπορεί ένας βοηθός πωλητή να χρησιμοποιήσει τη βεβαίωση δραστηριοποίησης του κατόχου;", "βεβαίωση_δραστηριοποίησης_υπαίθριου"
"Ποια είναι η διαδικασία για τη λήψη αντιγράφου της βεβαίωσης δραστηριοποίησης λόγω απώλειας;", "βεβαίωση_δραστηριοποίησης_υπαίθριου"
"Είναι υποχρεωτική η κατοχή της βεβαίωσης δραστηριοποίησης κατά τη διάρκεια του ελέγχου στον πάγκο;", "βεβαίωση_δραστηριοποίησης_υπαίθριου"
"Πώς μπορώ να λάβω βεβαίωση δραστηριοποίησης για συμμετοχή σε βραχυχρόνιες αγορές (pop-up markets);", "βεβαίωση_δραστηριοποίησης_υπαίθριου"
"Χρειάζεται πιστοποιητικό υγείας για την έκδοση της βεβαίωσης αν πουλάω συσκευασμένα τρόφιμα;", "βεβαίωση_δραστηριοποίησης_υπαίθριου"
"Ποια είναι η διαφορά μεταξύ άδειας πωλητή και βεβαίωσης δραστηριοποίησης υπαίθριου εμπορίου;", "βεβαίωση_δραστηριοποίησης_υπαίθριου"
"Μπορώ να αιτηθώ βεβαίωση δραστηριοποίησης αν είμαι μέλος κοινωνικής συνεταιριστικής επιχείρησης;", "βεβαίωση_δραστηριοποίησης_υπαίθριου"
"Πώς ενημερώνομαι για την ολοκλήρωση της έκδοσης της βεβαίωσής μου από τον δήμο;", "βεβαίωση_δραστηριοποίησης_υπαίθριου"
"Χρειάζεται βεβαίωση δραστηριοποίησης για την πώληση βιβλίων σε υπαίθριες εκθέσεις;", "βεβαίωση_δραστηριοποίησης_υπαίθριου"
"Ποιες κυρώσεις προβλέπονται αν κάποιος δραστηριοποιείται χωρίς τη σχετική βεβαίωση;", "βεβαίωση_δραστηριοποίησης_υπαίθριου"
"Μπορώ να καταθέσω την αίτηση για τη βεβαίωση δραστηριοποίησης μέσω ΚΕΠ;", "βεβαίωση_δραστηριοποίησης_υπαίθριου"
"Ποιες είναι οι προϋποθέσεις για τη χορήγηση βεβαίωσης δραστηριοποίησης σε ανέργους ή πολύτεκνους;", "βεβαίωση_δραστηριοποίησης_υπαίθριου"

"Πού υποβάλλω αίτηση για συμμετοχή σε εμποροπανήγυρη;","συμμετοχή_εμποροπανήγυρη"
"Χρειάζεται άδεια για να λάβω μέρος σε εμποροπανήγυρη;","συμμετοχή_εμποροπανήγυρη"
"Ποια διαδικασία ακολουθείται για συμμετοχή;","συμμετοχή_εμποροπανήγυρη"
"Γίνεται η αίτηση για πανηγύρι ηλεκτρονικά;","συμμετοχή_εμποροπανήγυρη"
"Ποια είναι τα κριτήρια συμμετοχής;","συμμετοχή_εμποροπανήγυρη"
"Ποια δικαιολογητικά απαιτούνται για αίτηση συμμετοχής σε εμποροπανήγυρη;","συμμετοχή_εμποροπανήγυρη"
"Πόσος χρόνος απαιτείται για την έγκριση συμμετοχής σε εμποροπανήγυρη;","συμμετοχή_εμποροπανήγυρη"
"Μπορώ να εκπροσωπήσω εταιρεία σε εμποροπανήγυρη;","συμμετοχή_εμποροπανήγυρη"
"Σε ποια υπηρεσία του δήμου απευθύνομαι για συμμετοχή σε πανηγύρια;","συμμετοχή_εμποροπανήγυρη"
"Είναι απαραίτητη η πληρωμή τέλους για συμμετοχή σε εμποροπανήγυρη;","συμμετοχή_εμποροπανήγυρη"
"Ποιοι άλλοι φορείς εμπλέκονται στη διοργάνωση εμποροπανηγύρεων;","συμμετοχή_εμποροπανήγυρη"
"Χρειάζεται υγειονομικό πιστοποιητικό για την πώληση τροφίμων σε εμποροπανήγυρη;","συμμετοχή_εμποροπανήγυρη"
"Πώς μπορώ να παρακολουθήσω την πορεία της αίτησής μου για συμμετοχή;","συμμετοχή_εμποροπανήγυρη"
"Τι γίνεται αν η αίτηση συμμετοχής σε εμποροπανήγυρη απορριφθεί;","συμμετοχή_εμποροπανήγυρη"
"Πού μπορώ να βρω τους κανονισμούς λειτουργίας των εμποροπανηγύρεων;","συμμετοχή_εμποροπανήγυρη"
"Είναι η συμμετοχή σε εμποροπανήγυρη κρίσιμη για την προβολή προϊόντων;","συμμετοχή_εμποροπανήγυρη"
"Πού μπορώ να βρω τη νομοθεσία για τις εμποροπανηγύρεις;","συμμετοχή_εμποροπανήγυρη"
"Μπορώ να ζητήσω θέση σε εμποροπανήγυρη μέσω ΚΕΠ;","συμμετοχή_εμποροπανήγυρη"
"Ποιος είναι ο ρόλος της Δημοτικής Αστυνομίας στην εποπτεία των εμποροπανηγύρεων;","συμμετοχή_εμποροπανήγυρη"
"Χρειάζεται ασφάλιση επαγγελματικής ευθύνης για συμμετοχή;","συμμετοχή_εμποροπανήγυρη"
"Πώς μπορώ να επιταχύνω τη διαδικασία έγκρισης συμμετοχής σε εμποροπανήγυρη;","συμμετοχή_εμποροπανήγυρη"
"Τι προβλέπεται για πρόστιμα σε περίπτωση παράνομης συμμετοχής;","συμμετοχή_εμποροπανήγυρη"
"Πού μπορώ να ζητήσω αντίγραφα αδειών συμμετοχής σε εμποροπανηγύρεις;","συμμετοχή_εμποροπανήγυρη"
"Είναι η συμμετοχή απαραίτητη για την πώληση συγκεκριμένων προϊόντων;","συμμετοχή_εμποροπανήγυρη"
"Πώς μπορώ να δηλώσω αλλαγή προϊόντων στην αίτηση συμμετοχής;","συμμετοχή_εμποροπανήγυρη"
"Υπάρχουν ειδικές ρυθμίσεις για συμμετοχή σε παραδοσιακές εμποροπανηγύρεις;","συμμετοχή_εμποροπανήγυρη"
"Πού μπορώ να βρω εγκυκλίους που αφορούν τη συμμετοχή σε εμποροπανηγύρεις;","συμμετοχή_εμποροπανήγυρη"
"Μπορώ να ζητήσω θέση για πώληση χειροτεχνημάτων σε πανηγύρι;","συμμετοχή_εμποροπανήγυρη"
"Ποια είναι η διαδικασία για την ακύρωση συμμετοχής σε εμποροπανήγυρη;","συμμετοχή_εμποροπανήγυρη"
"Χρειάζεται απόφαση δημοτικού συμβουλίου για τη διοργάνωση εμποροπανηγύρεων;","συμμετοχή_εμποροπανήγυρη"
"Πού μπορώ να βρω συχνές ερωτήσεις για τη συμμετοχή σε εμποροπανηγύρεις;","συμμετοχή_εμποροπανήγυρη"
"Είναι η συμμετοχή σε εμποροπανήγυρη καθοριστική για την τοπική οικονομία;","συμμετοχή_εμποροπανήγυρη"
"Πώς μπορώ να αντλήσω στοιχεία για προηγούμενες συμμετοχές σε εμποροπανηγύρεις;","συμμετοχή_εμποροπανήγυρη"
"Υπάρχει ειδικό καθεστώς για παραγωγούς αγρότες σε εμποροπανηγύρεις;","συμμετοχή_εμποροπανήγυρη"
"Πού μπορώ να υποβάλω ένσταση για απόρριψη αίτησης συμμετοχής σε εμποροπανήγυρη;","συμμετοχή_εμποροπανήγυρη"
"Τι γίνεται αν η θέση στην εμποροπανήγυρη δεν είναι η επιθυμητή;","συμμετοχή_εμποροπανήγυρη"
"Πώς μπορώ να λάβω πληροφορίες για το κόστος ενοικίασης πάγκου σε εμποροπανήγυρη;","συμμετοχή_εμποροπανήγυρη"
"Είναι η συμμετοχή σε εμποροπανήγυρη απαραίτητη για την έκδοση άδειας πλανόδιου πωλητή;","συμμετοχή_εμποροπανήγυρη"
"Πού μπορώ να βρω αποφάσεις δικαστηρίων για ζητήματα εμποροπανηγύρεων;","συμμετοχή_εμποροπανήγυρη"
"Μπορώ να αιτηθώ για συμμετοχή σε εμποροπανήγυρη αν είμαι νέος επαγγελματίας;","συμμετοχή_εμποροπανήγυρη"
"Ποια είναι η διαδικασία για την αλλαγή θέσης σε εμποροπανήγυρη;","συμμετοχή_εμποροπανήγυρη"
"Χρειάζεται πιστοποιητικό φορολογικής ενημερότητας για την αίτηση συμμετοχής;","συμμετοχή_εμποροπανήγυρη"
"Πού μπορώ να επικοινωνήσω για νομικές συμβουλές σχετικά με τη συμμετοχή σε εμποροπανήγυρες;","συμμετοχή_εμποροπανήγυρη"
"Είναι η συμμετοχή σε εμποροπανήγυρη το ίδιο με τη συμμετοχή σε λαϊκή αγορά;","συμμετοχή_εμποροπανήγυρη"
"Πώς μπορώ να δηλώσω ανάγκη για μεγαλύτερο χώρο σε εμποροπανήγυρη;","συμμετοχή_εμποροπανήγυρη"
"Υπάρχουν περιορισμοί στο είδος των προϊόντων που μπορούν να πωληθούν σε εμποροπανήγυρη;","συμμετοχή_εμποροπανήγυρη"
"Πού μπορώ να βρω παλαιούς κανονισμούς που αφορούν τις εμποροπανηγύρεις;","συμμετοχή_εμποροπανήγυρη"
"Τι γίνεται αν η συμμετοχή σε εμποροπανήγυρη ακυρωθεί από τον δήμο;","συμμετοχή_εμποροπανήγυρη"
"Πώς μπορώ να λάβω πληροφορίες για τον αριθμό των επισκεπτών σε μια εμποροπανήγυρη;","συμμετοχή_εμποροπανήγυρη"
"Πώς μπορώ να δηλώσω την πρόθεσή μου να λάβω μέρος σε ένα πανηγύρι του δήμου;","συμμετοχή_εμποροπανήγυρη"
"Είναι απαραίτητο να έχω άδεια υπαίθριου εμπορίου για να συμμετέχω;","συμμετοχή_εμποροπανήγυρη"
"Χρειάζεται να υπογράψω μια αίτηση για να πουλάω σε μια εμποροπανήγυρη;","συμμετοχή_εμποροπανήγυρη"
"Πρέπει να πληρώσω ένα τέλος συμμετοχής για να βάλω πάγκο στο πανηγύρι;","συμμετοχή_εμποροπανήγυρη"
"Ποια είναι η διαδικασία για την κλήρωση των θέσεων στην εμποροπανήγυρη;","συμμετοχή_εμποροπανήγυρη"
"Θέλω να δηλώσω ότι είμαι παραγωγός αγροτικών προϊόντων και θέλω να συμμετέχω.","συμμετοχή_εμποροπανήγυρη"
"Πού μπορώ να βρω τα έντυπα για αίτηση συμμετοχής σε εμποροπανήγυρη;","συμμετοχή_εμποροπανήγυρη"
"Ο δήμος έχει συγκεκριμένα κριτήρια για τους συμμετέχοντες;","συμμετοχή_εμποροπανήγυρη"
"Μπορώ να ζητήσω αντίγραφο της άδειας συμμετοχής που μου δώσατε;","συμμετοχή_εμποροπανήγυρη"
"Πώς μπορώ να βρω πληροφορίες για την ημερομηνία και τον τόπο διεξαγωγής μιας εμποροπανήγυρης;","συμμετοχή_εμποροπανήγυρη"
"Είναι η συμμετοχή σε πανηγύρι το ίδιο με την πώληση σε λαϊκή αγορά;","συμμετοχή_εμποροπανήγυρη"
"Ποιος είναι ο αρμόδιος για να μου δώσει νομικές συμβουλές για την εμποροπανήγυρη;","συμμετοχή_εμποροπανήγυρη"
"Θέλω να κάνω καταγγελία για έναν πωλητή που δεν έχει άδεια στο πανηγύρι.","συμμετοχή_εμποροπανήγυρη"
"Πρέπει να έχω φορολογική ενημερότητα για να κάνω αίτηση συμμετοχής;","συμμετοχή_εμποροπανήγυρη"
"Πώς μπορώ να βρω τους κανονισμούς για το είδος των προϊόντων που μπορώ να πουλήσω;","συμμετοχή_εμποροπανήγυρη"
"Μπορώ να ζητήσω να αλλάξει η θέση του πάγκου μου στην εμποροπανήγυρη;","συμμετοχή_εμποροπανήγυρη"
"Ποιος είναι ο αρμόδιος για να ελέγξει αν η άδειά μου είναι σωστή;","συμμετοχή_εμποροπανήγυρη"
"Θέλω να δηλώσω ακύρωση της συμμετοχής μου σε μια εμποροπανήγυρη.","συμμετοχή_εμποροπανήγυρη"
"Πού μπορώ να βρω τα στοιχεία επικοινωνίας για τους διοργανωτές;","συμμετοχή_εμποροπανήγυρη"

"Πού κάνω αίτηση για εγγραφή σημείου υδροληψίας;","εγγραφή_σημείου_υδροληψίας"
"Χρειάζομαι άδεια για να δηλώσω σημείο υδροληψίας;","εγγραφή_σημείου_υδροληψίας"
"Ποια υπηρεσία καταχωρεί σημεία υδροληψίας;","εγγραφή_σημείου_υδροληψίας"
"Γίνεται online αίτηση για υδροληψία;","εγγραφή_σημείου_υδροληψίας"
"Τι δικαιολογητικά απαιτούνται για υδροληψία;","εγγραφή_σημείου_υδροληψίας"
"Ποιος είναι ο χρόνος έκδοσης άδειας εγγραφής σημείου υδροληψίας;","εγγραφή_σημείου_υδροληψίας"
"Μπορώ να χρησιμοποιήσω το σημείο υδροληψίας πριν την εγγραφή;","εγγραφή_σημείου_υδροληψίας"
"Σε ποια υπηρεσία του δήμου απευθύνομαι για την εγγραφή υδροληψίας;","εγγραφή_σημείου_υδροληψίας"
"Είναι απαραίτητη η αυτοψία μηχανικού για την εγγραφή σημείου υδροληψίας;","εγγραφή_σημείου_υδροληψίας"
"Ποιοι άλλοι φορείς εμπλέκονται στην εγγραφή σημείων υδροληψίας;","εγγραφή_σημείου_υδροληψίας"
"Χρειάζεται υδρογεωλογική μελέτη για την εγγραφή σημείου υδροληψίας;","εγγραφή_σημείου_υδροληψίας"
"Πώς μπορώ να διορθώσω λάθη στην εγγραφή σημείου υδροληψίας;","εγγραφή_σημείου_υδροληψίας"
"Τι γίνεται αν η αίτηση εγγραφής σημείου υδροληψίας απορριφθεί;","εγγραφή_σημείου_υδροληψίας"
"Πού μπορώ να βρω τους κανονισμούς για την εγγραφή και χρήση σημείων υδροληψίας;","εγγραφή_σημείου_υδροληψίας"
"Είναι η εγγραφή σημείου υδροληψίας κρίσιμη για τη νόμιμη χρήση νερού;","εγγραφή_σημείου_υδροληψίας"
"Πού μπορώ να βρω τη νομοθεσία για τα σημεία υδροληψίας;","εγγραφή_σημείου_υδροληψίας"
"Μπορώ να ζητήσω εγγραφή σημείου υδροληψίας μέσω ΚΕΠ;","εγγραφή_σημείου_υδροληψίας"
"Ποιος είναι ο ρόλος της ΔΕΥΑ στην εγγραφή σημείων υδροληψίας;","εγγραφή_σημείου_υδροληψίας"
"Χρειάζεται αναφορά γεωλόγου για την εγγραφή σημείου υδροληψίας;","εγγραφή_σημείου_υδροληψίας"
"Πώς μπορώ να επιταχύνω την έκδοση άδειας εγγραφής σημείου υδροληψίας;","εγγραφή_σημείου_υδροληψίας"
"Τι προβλέπεται για πρόστιμα σε περίπτωση παράνομης υδροληψίας;","εγγραφή_σημείου_υδροληψίας"
"Πού μπορώ να ζητήσω αντίγραφα αδειών εγγραφής σημείων υδροληψίας;","εγγραφή_σημείου_υδροληψίας"
"Είναι η εγγραφή σημείου υδροληψίας απαραίτητη για τη γεωργική χρήση;","εγγραφή_σημείου_υδροληψίας"
"Πώς μπορώ να δηλώσω αλλαγή χρήσης σε σημείο υδροληψίας;","εγγραφή_σημείου_υδροληψίας"
"Υπάρχουν ειδικές ρυθμίσεις για εγγραφή σημείων υδροληψίας σε περιοχές με υδατικά προβλήματα;","εγγραφή_σημείου_υδροληψίας"
"Πού μπορώ να βρω εγκυκλίους που αφορούν την εγγραφή σημείων υδροληψίας;","εγγραφή_σημείου_υδροληψίας"
"Μπορώ να ζητήσω εγγραφή σημείου υδροληψίας για ιδιωτική χρήση;","εγγραφή_σημείου_υδροληψίας"
"Ποια είναι η διαδικασία για την ανανέωση άδειας εγγραφής σημείου υδροληψίας;","εγγραφή_σημείου_υδροληψίας"
"Χρειάζεται απόφαση περιφερειακού συμβουλίου για την εγγραφή μεγάλων σημείων υδροληψίας;","εγγραφή_σημείου_υδροληψίας"
"Πού μπορώ να βρω συχνές ερωτήσεις για την εγγραφή σημείων υδροληψίας;","εγγραφή_σημείου_υδροληψίας"
"Είναι η εγγραφή σημείου υδροληψίας καθοριστική για τη διαχείριση των υδατικών πόρων;","εγγραφή_σημείου_υδροληψίας"
"Πώς μπορώ να αντλήσω στοιχεία για προηγούμενες εγγραφές σημείων υδροληψίας;","εγγραφή_σημείου_υδροληψίας"
"Υπάρχει ειδικό καθεστώς για εγγραφή σημείων υδροληψίας σε προστατευόμενες περιοχές;","εγγραφή_σημείου_υδροληψίας"
"Πού μπορώ να υποβάλω ένσταση για απόρριψη αίτησης εγγραφής σημείου υδροληψίας;","εγγραφή_σημείου_υδροληψίας"
"Τι γίνεται αν η εγγραφή σημείου υδροληψίας αμφισβητείται από τους γείτονες;","εγγραφή_σημείου_υδροληψίας"
"Πώς μπορώ να λάβω πληροφορίες για το κόστος έκδοσης άδειας εγγραφής σημείου υδροληψίας;","εγγραφή_σημείου_υδροληψίας"
"Είναι η εγγραφή σημείου υδροληψίας απαραίτητη για την επιδότηση γεωργικών δραστηριοτήτων;","εγγραφή_σημείου_υδροληψίας"
"Πού μπορώ να βρω αποφάσεις δικαστηρίων για ζητήματα υδροληψίας;","εγγραφή_σημείου_υδροληψίας"
"Μπορώ να αιτηθώ για εγγραφή σημείου υδροληψίας για βιομηχανική χρήση;","εγγραφή_σημείου_υδροληψίας"
"Ποια είναι η διαδικασία για την ανάκληση άδειας εγγραφής σημείου υδροληψίας;","εγγραφή_σημείου_υδροληψίας"
"Χρειάζεται ανάλυση ποιότητας νερού για την εγγραφή σημείου υδροληψίας;","εγγραφή_σημείου_υδροληψίας"
"Πού μπορώ να επικοινωνήσω για νομικές συμβουλές σχετικά με την εγγραφή σημείων υδροληψίας;","εγγραφή_σημείου_υδροληψίας"
"Είναι η εγγραφή σημείου υδροληψίας το ίδιο με τη σύνδεση με το δίκτυο ύδρευσης;","εγγραφή_σημείου_υδροληψίας"
"Πώς μπορώ να δηλώσω ανάγκη για εγγραφή σε περίπτωση νέας γεώτρησης;","εγγραφή_σημείου_υδροληψίας"
"Υπάρχουν περιορισμοί στην ποσότητα του νερού που μπορεί να αντληθεί;","εγγραφή_σημείου_υδροληψίας"
"Πού μπορώ να βρω παλαιούς κανονισμούς που αφορούν τα σημεία υδροληψίας;","εγγραφή_σημείου_υδροληψίας"
"Τι γίνεται αν η εγγραφή σημείου υδροληψίας δεν τηρείται από τον χρήστη;","εγγραφή_σημείου_υδροληψίας"
"Πώς μπορώ να λάβω πληροφορίες για εκπαιδευτικά προγράμματα διαχείρισης υδάτων;","εγγραφή_σημείου_υδροληψίας"
"Έχω ένα πηγάδι στο χωράφι μου, πρέπει να το δηλώσω στον δήμο;","εγγραφή_σημείου_υδροληψίας"
"Πώς μπορώ να βγάλω ένα χαρτί για να χρησιμοποιώ νόμιμα το νερό από τη γεώτρησή μου;","εγγραφή_σημείου_υδροληψίας"
"Ποια υπηρεσία είναι αρμόδια για την καταχώρηση μιας γεώτρησης;","εγγραφή_σημείου_υδροληψίας"
"Χρειάζεται να πληρώσω κάτι για να δηλώσω το σημείο υδροληψίας;","εγγραφή_σημείου_υδροληψίας"
"Πού μπορώ να βρω τα έντυπα για αίτηση εγγραφής σημείου υδροληψίας;","εγγραφή_σημείου_υδροληψίας"
"Πώς μπορώ να επιταχύνω την έκδοση της άδειας;","εγγραφή_σημείου_υδροληψίας"
"Μπορώ να ζητήσω αναγνώριση ενός παλιού σημείου υδροληψίας;","εγγραφή_σημείου_υδροληψίας"
"Πρέπει να πάρω μια βεβαίωση καλής λειτουργίας για να δηλώσω την γεώτρηση;","εγγραφή_σημείου_υδροληψίας"
"Χρειάζεται ανάλυση του νερού για να δηλώσω το σημείο υδροληψίας;","εγγραφή_σημείου_υδροληψίας"
"Πού μπορώ να βρω πληροφορίες για τα δικαιολογητικά που χρειάζομαι για την εγγραφή;","εγγραφή_σημείου_υδροληψίας"
"Μπορώ να κάνω εγγραφή σημείου υδροληψίας για βιομηχανική χρήση;","εγγραφή_σημείου_υδροληψίας"
"Πώς μπορώ να βρω τους κανονισμούς για την χρήση του νερού;","εγγραφή_σημείου_υδροληψίας"
"Ποιος είναι ο αρμόδιος για να ελέγξει αν η εγγραφή μου είναι σωστή;","εγγραφή_σημείου_υδροληψίας"
"Θέλω να δηλώσω παύση χρήσης του σημείου υδροληψίας, τι πρέπει να κάνω;","εγγραφή_σημείου_υδροληψίας"
"Πρέπει να πάρω άδεια από τον δήμο για να κάνω μια γεώτρηση;","εγγραφή_σημείου_υδροληψίας"
"Ποιος είναι ο ρόλος της ΔΕΥΑ στην εγγραφή σημείων υδροληψίας;","εγγραφή_σημείου_υδροληψίας"
"Μπορώ να κάνω εγγραφή σημείου υδροληψίας μέσω ΚΕΠ;","εγγραφή_σημείου_υδροληψίας"
"Χρειάζεται να υπογράψω μια υπεύθυνη δήλωση για την αίτηση;","εγγραφή_σημείου_υδροληψίας"
"Πώς μπορώ να ενημερωθώ για εκπαιδευτικά προγράμματα για την διαχείριση υδάτων;","εγγραφή_σημείου_υδροληψίας"

"Πού κάνω αίτηση για βεβαίωση δημοτικής ενημερότητας;","δημοτική_ενημερότητα"
"Χρειάζομαι βεβαίωση μη οφειλής στον δήμο.","δημοτική_ενημερότητα"
"Μπορώ να εκδώσω δημοτική ενημερότητα online;","δημοτική_ενημερότητα"
"Ποια υπηρεσία δίνει τη βεβαίωση δημοτικής ενημερότητας;","δημοτική_ενημερότητα"
"Ποια δικαιολογητικά χρειάζονται για δημοτική ενημερότητα;","δημοτική_ενημερότητα"
"Ποιος είναι ο χρόνος έκδοσης βεβαίωσης δημοτικής ενημερότητας;","δημοτική_ενημερότητα"
"Μπορώ να χρησιμοποιήσω τη δημοτική ενημερότητα για μεταβίβαση ακινήτου;","δημοτική_ενημερότητα"
"Σε ποια Διεύθυνση Οικονομικών του δήμου απευθύνομαι για δημοτική ενημερότητα;","δημοτική_ενημερότητα"
"Είναι απαραίτητη η αυτοπρόσωπη παρουσία για τη βεβαίωση δημοτικής ενημερότητας;","δημοτική_ενημερότητα"
"Ποιοι άλλοι φορείς ζητούν βεβαίωση δημοτικής ενημερότητας;","δημοτική_ενημερότητα"
"Χρειάζεται ΑΦΜ για την αίτηση δημοτικής ενημερότητας;","δημοτική_ενημερότητα"
"Πώς μπορώ να διορθώσω λάθη σε βεβαίωση δημοτικής ενημερότητας;","δημοτική_ενημερότητα"
"Τι γίνεται αν η δημοτική ενημερότητα απορριφθεί λόγω οφειλών;","δημοτική_ενημερότητα"
"Πού μπορώ να βρω τους κανονισμούς για την έκδοση δημοτικής ενημερότητας;","δημοτική_ενημερότητα"
"Είναι η δημοτική ενημερότητα κρίσιμη για τη συμμετοχή σε διαγωνισμούς;","δημοτική_ενημερότητα"
"Πού μπορώ να βρω τη νομοθεσία για τη δημοτική ενημερότητα;","δημοτική_ενημερότητα"
"Μπορώ να ζητήσω δημοτική ενημερότητα μέσω ΚΕΠ;","δημοτική_ενημερότητα"
"Ποιος είναι ο ρόλος των δημοτικών τελών στη δημοτική ενημερότητα;","δημοτική_ενημερότητα"
"Χρειάζεται βεβαίωση μη οφειλής ΤΑΠ για τη δημοτική ενημερότητα;","δημοτική_ενημερότητα"
"Πώς μπορώ να επιταχύνω την έκδοση βεβαίωσης δημοτικής ενημερότητας;","δημοτική_ενημερότητα"
"Τι προβλέπεται για πρόστιμα σε περίπτωση ψευδούς δημοτικής ενημερότητας;","δημοτική_ενημερότητα"
"Πού μπορώ να ζητήσω αντίγραφα βεβαιώσεων δημοτικής ενημερότητας;","δημοτική_ενημερότητα"
"Είναι η δημοτική ενημερότητα απαραίτητη για την έκδοση οικοδομικής άδειας;","δημοτική_ενημερότητα"
"Πώς μπορώ να δηλώσω αλλαγή στοιχείων για τη δημοτική ενημερότητα;","δημοτική_ενημερότητα"
"Υπάρχουν ειδικές ρυθμίσεις για δημοτική ενημερότητα σε περίπτωση αποβιώσαντος;","δημοτική_ενημερότητα"
"Πού μπορώ να βρω εγκυκλίους που αφορούν τη δημοτική ενημερότητα;","δημοτική_ενημερότητα"
"Μπορώ να ζητήσω δημοτική ενημερότητα για νομικό πρόσωπο;","δημοτική_ενημερότητα"
"Ποια είναι η διαδικασία για την ανανέωση βεβαίωσης δημοτικής ενημερότητας;","δημοτική_ενημερότητα"
"Χρειάζεται εξουσιοδότηση για την παραλαβή δημοτικής ενημερότητας;","δημοτική_ενημερότητα"
"Πού μπορώ να βρω συχνές ερωτήσεις για τη δημοτική ενημερότητα;","δημοτική_ενημερότητα"
"Είναι η δημοτική ενημερότητα καθοριστική για την είσπραξη επιδοτήσεων;","δημοτική_ενημερότητα"
"Πώς μπορώ να αντλήσω στοιχεία για προηγούμενες δημοτικές ενημερότητες;","δημοτική_ενημερότητα"
"Υπάρχει ειδικό καθεστώς για δημοτική ενημερότητα σε περίπτωση ρύθμισης οφειλών;","δημοτική_ενημερότητα"
"Πού μπορώ να υποβάλω ένσταση για απόρριψη αίτησης δημοτικής ενημερότητας;","δημοτική_ενημερότητα"
"Τι γίνεται αν η δημοτική ενημερότητα αμφισβητείται από υπηρεσίες;","δημοτική_ενημερότητα"
"Πώς μπορώ να λάβω πληροφορίες για το κόστος έκδοσης δημοτικής ενημερότητας;","δημοτική_ενημερότητα"
"Είναι η δημοτική ενημερότητα απαραίτητη για την έκδοση διαβατηρίου;","δημοτική_ενημερότητα"
"Πού μπορώ να βρω αποφάσεις δικαστηρίων για ζητήματα δημοτικής ενημερότητας;","δημοτική_ενημερότητα"
"Μπορώ να αιτηθώ για δημοτική ενημερότητα για κληρονομική υπόθεση;","δημοτική_ενημερότητα"
"Ποια είναι η διαδικασία για την ανάκληση βεβαίωσης δημοτικής ενημερότητας;","δημοτική_ενημερότητα"
"Χρειάζεται ταυτότητα για την αίτηση δημοτικής ενημερότητας;","δημοτική_ενημερότητα"
"Πού μπορώ να επικοινωνήσω για νομικές συμβουλές σχετικά με τη δημοτική ενημερότητα;","δημοτική_ενημερότητα"
"Είναι η δημοτική ενημερότητα το ίδιο με την φορολογική ενημερότητα;","δημοτική_ενημερότητα"
"Πώς μπορώ να δηλώσω ανάγκη για δημοτική ενημερότητα σε περίπτωση πώλησης ακινήτου;","δημοτική_ενημερότητα"
"Υπάρχουν περιορισμοί στον χρόνο ισχύος της δημοτικής ενημερότητας;","δημοτική_ενημερότητα"
"Πού μπορώ να βρω παλαιούς κανονισμούς που αφορούν τη δημοτική ενημερότητα;","δημοτική_ενημερότητα"
"Τι γίνεται αν η δημοτική ενημερότητα δεν εκδοθεί στην ώρα της;","δημοτική_ενημερότητα"
"Πώς μπορώ να λάβω πληροφορίες για εκπαιδευτικά προγράμματα σχετικά με τις οφειλές;","δημοτική_ενημερότητα"
"Θέλω να πουλήσω το σπίτι μου και ο συμβολαιογράφος μου ζήτησε ένα χαρτί ότι δεν έχω χρέη στον δήμο.","δημοτική_ενημερότητα"
"Πώς μπορώ να πάρω ένα αντίγραφο της δημοτικής ενημερότητας που έχω ήδη;","δημοτική_ενημερότητα"
"Χρειάζεται να πληρώσω κάτι για να βγάλω τη βεβαίωση μη οφειλής;","δημοτική_ενημερότητα"
"Πού μπορώ να βρω το κόστος έκδοσης της δημοτικής ενημερότητας;","δημοτική_ενημερότητα"
"Μπορώ να κάνω αίτηση για δημοτική ενημερότητα αν έχω ρύθμιση οφειλών;","δημοτική_ενημερότητα"
"Πώς μπορώ να βρω πληροφορίες για τις οφειλές μου στον δήμο;","δημοτική_ενημερότητα"
"Πρέπει να πάω ο ίδιος στο δημαρχείο για να πάρω τη δημοτική ενημερότητα;","δημοτική_ενημερότητα"
"Θέλω να κάνω μια αίτηση για δημοτική ενημερότητα μέσω του gov.gr.","δημοτική_ενημερότητα"
"Ποια υπηρεσία είναι αρμόδια για την έκδοση βεβαίωσης μη οφειλής;","δημοτική_ενημερότητα"
"Χρειάζεται βεβαίωση ΤΑΠ για να πάρω τη δημοτική ενημερότητα;","δημοτική_ενημερότητα"
"Πώς μπορώ να βρω τα έντυπα για αίτηση δημοτικής ενημερότητας;","δημοτική_ενημερότητα"
"Μπορώ να ζητήσω δημοτική ενημερότητα για ένα νομικό πρόσωπο;","δημοτική_ενημερότητα"
"Ποια είναι η διαδικασία για την ανανέωση της δημοτικής ενημερότητας;","δημοτική_ενημερότητα"
"Θέλω να μάθω αν έχω εκκρεμότητες στον δήμο για να πάρω τη δημοτική ενημερότητα.","δημοτική_ενημερότητα"
"Πρέπει να πληρώσω ένα παράβολο για την αίτηση;","δημοτική_ενημερότητα"
"Μπορώ να κάνω ένσταση αν απορριφθεί η αίτησή μου;","δημοτική_ενημερότητα"
"Χρειάζεται να εξουσιοδοτήσω κάποιον για να παραλάβει τη δημοτική ενημερότητα;","δημοτική_ενημερότητα"
"Ποιος είναι ο αρμόδιος για να μου δώσει νομικές συμβουλές για τις οφειλές;","δημοτική_ενημερότητα"
"Θέλω να βγάλω μια δημοτική ενημερότητα για μια κληρονομική υπόθεση.","δημοτική_ενημερότητα"
"Πού μπορώ να βρω τα στοιχεία επικοινωνίας για την υπηρεσία που δίνει τις βεβαιώσεις;","δημοτική_ενημερότητα"

"Πού κάνω επικαιροποίηση στοιχείων λογαριασμού υδροληψίας;","επικαιροποίηση_στοιχείων_υδροληψίας"
"Πώς διορθώνω λάθος στοιχεία στη σύνδεση ύδρευσης;","επικαιροποίηση_στοιχείων_υδροληψίας"
"Μπορώ να επικαιροποιήσω online τα στοιχεία παροχής;","επικαιροποίηση_στοιχείων_υδροληψίας"
"Ποια έγγραφα απαιτούνται για αλλαγή στοιχείων υδροληψίας;","επικαιροποίηση_στοιχείων_υδροληψίας"
"Ποια υπηρεσία χειρίζεται την ενημέρωση στοιχείων παροχής;","επικαιροποίηση_στοιχείων_υδροληψίας"
"Ποιος είναι ο χρόνος διεκπεραίωσης για επικαιροποίηση στοιχείων υδροληψίας;","επικαιροποίηση_στοιχείων_υδροληψίας"
"Μπορώ να αλλάξω τον ΑΦΜ ή το ονοματεπώνυμο στην παροχή ύδρευσης;","επικαιροποίηση_στοιχείων_υδροληψίας"
"Σε ποια ΔΕΥΑ ή ΕΥΔΑΠ απευθύνομαι για επικαιροποίηση στοιχείων υδροληψίας;","επικαιροποίηση_στοιχείων_υδροληψίας"
"Είναι απαραίτητη η ταυτότητα για επικαιροποίηση στοιχείων υδροληψίας;","επικαιροποίηση_στοιχείων_υδροληψίας"
"Ποιοι άλλοι λόγοι οδηγούν σε επικαιροποίηση στοιχείων υδροληψίας;","επικαιροποίηση_στοιχείων_υδροληψίας"
"Χρειάζεται αριθμός παροχής για την αίτηση επικαιροποίησης στοιχείων υδροληψίας;","επικαιροποίηση_στοιχείων_υδροληψίας"
"Πώς μπορώ να διορθώσω λάθη στην αίτηση επικαιροποίησης στοιχείων υδροληψίας;","επικαιροποίηση_στοιχείων_υδροληψίας"
"Τι γίνεται αν η αίτηση επικαιροποίησης στοιχείων υδροληψίας απορριφθεί;","επικαιροποίηση_στοιχείων_υδροληψίας"
"Πού μπορώ να βρω τους κανονισμούς για την επικαιροποίηση στοιχείων παροχών ύδρευσης;","επικαιροποίηση_στοιχείων_υδροληψίας"
"Είναι η επικαιροποίηση στοιχείων υδροληψίας κρίσιμη για τη σωστή τιμολόγηση;","επικαιροποίηση_στοιχείων_υδροληψίας"
"Πού μπορώ να βρω τη νομοθεσία για την επικαιροποίηση στοιχείων ύδρευσης;","επικαιροποίηση_στοιχείων_υδροληψίας"
"Μπορώ να ζητήσω επικαιροποίηση στοιχείων υδροληψίας μέσω ΚΕΠ;","επικαιροποίηση_στοιχείων_υδροληψίας"
"Ποιος είναι ο ρόλος του ιδιοκτήτη στην επικαιροποίηση στοιχείων υδροληψίας;","επικαιροποίηση_στοιχείων_υδροληψίας"
"Χρειάζεται φωτοτυπία συμβολαίου για επικαιροποίηση στοιχείων υδροληψίας;","επικαιροποίηση_στοιχείων_υδροληψίας"
"Πώς μπορώ να επιταχύνω τη διαδικασία επικαιροποίησης στοιχείων υδροληψίας;","επικαιροποίηση_στοιχείων_υδροληψίας"
"Τι προβλέπεται για πρόστιμα σε περίπτωση ψευδούς δήλωσης στοιχείων υδροληψίας;","επικαιροποίηση_στοιχείων_υδροληψίας"
"Πού μπορώ να ζητήσω αντίγραφα αιτήσεων επικαιροποίησης στοιχείων υδροληψίας;","επικαιροποίηση_στοιχείων_υδροληψίας"
"Είναι η επικαιροποίηση στοιχείων υδροληψίας απαραίτητη σε περίπτωση αλλαγής ιδιοκτήτη;","επικαιροποίηση_στοιχείων_υδροληψίας"
"Πώς μπορώ να δηλώσω αλλαγή διεύθυνσης αλληλογραφίας για την υδροληψία;","επικαιροποίηση_στοιχείων_υδροληψίας"
"Υπάρχουν ειδικές ρυθμίσεις για επικαιροποίηση στοιχείων υδροληψίας σε ενοικιαζόμενα ακίνητα;","επικαιροποίηση_στοιχείων_υδροληψίας"
"Πού μπορώ να βρω εγκυκλίους που αφορούν την επικαιροποίηση στοιχείων υδροληψίας;","επικαιροποίηση_στοιχείων_υδροληψίας"
"Μπορώ να ζητήσω επικαιροποίηση στοιχείων υδροληψίας για επαγγελματική παροχή;","επικαιροποίηση_στοιχείων_υδροληψίας"
"Ποια είναι η διαδικασία για την επικαιροποίηση στοιχείων λόγω διαζυγίου;","επικαιροποίηση_στοιχείων_υδροληψίας"
"Χρειάζεται πιστοποιητικό θανάτου για επικαιροποίηση στοιχείων υδροληψίας;","επικαιροποίηση_στοιχείων_υδροληψίας"
"Πού μπορώ να βρω συχνές ερωτήσεις για την επικαιροποίηση στοιχείων υδροληψίας;","επικαιροποίηση_στοιχείων_υδροληψίας"
"Είναι η επικαιροποίηση στοιχείων υδροληψίας καθοριστική για τη νόμιμη χρήση του νερού;","επικαιροποίηση_στοιχείων_υδροληψίας"
"Πώς μπορώ να αντλήσω στοιχεία για προηγούμενες επικαιροποιήσεις υδροληψίας;","επικαιροποίηση_στοιχείων_υδροληψίας"
"Υπάρχει ειδικό καθεστώς για επικαιροποίηση στοιχείων υδροληψίας σε νέες οικοδομές;","επικαιροποίηση_στοιχείων_υδροληψίας"
"Πού μπορώ να υποβάλω ένσταση για απόρριψη αίτησης επικαιροποίησης στοιχείων υδροληψίας;","επικαιροποίηση_στοιχείων_υδροληψίας"
"Τι γίνεται αν η επικαιροποίηση στοιχείων υδροληψίας αμφισβητείται από τους συνιδιοκτήτες;","επικαιροποίηση_στοιχείων_υδροληψίας"
"Πώς μπορώ να λάβω πληροφορίες για το κόστος επικαιροποίησης στοιχείων υδροληψίας;","επικαιροποίηση_στοιχείων_υδροληψίας"
"Είναι η επικαιροποίηση στοιχείων υδροληψίας απαραίτητη για την εγγραφή στο Κτηματολόγιο;","επικαιροποίηση_στοιχείων_υδροληψίας"
"Πού μπορώ να βρω αποφάσεις δικαστηρίων για ζητήματα επικαιροποίησης στοιχείων;","επικαιροποίηση_στοιχείων_υδροληψίας"
"Μπορώ να αιτηθώ για επικαιροποίηση στοιχείων υδροληψίας για αγροτική παροχή;","επικαιροποίηση_στοιχείων_υδροληψίας"
"Ποια είναι η διαδικασία για την επικαιροποίηση στοιχείων λόγω πώλησης ακινήτου;","επικαιροποίηση_στοιχείων_υδροληψίας"
"Χρειάζεται εξουσιοδότηση για επικαιροποίηση στοιχείων υδροληψίας;","επικαιροποίηση_στοιχείων_υδροληψίας"
"Πού μπορώ να επικοινωνήσω για νομικές συμβουλές σχετικά με την επικαιροποίηση στοιχείων υδροληψίας;","επικαιροποίηση_στοιχείων_υδροληψίας"
"Είναι η επικαιροποίηση στοιχείων υδροληψίας το ίδιο με την αλλαγή υδρομέτρου;","επικαιροποίηση_στοιχείων_υδροληψίας"
"Πώς μπορώ να δηλώσω ανάγκη για επικαιροποίηση στοιχείων υδροληψίας σε περίπτωση διόρθωσης ονόματος;","επικαιροποίηση_στοιχείων_υδροληψίας"
"Υπάρχουν περιορισμοί στο χρονικό διάστημα για επικαιροποίηση στοιχείων υδροληψίας;","επικαιροποίηση_στοιχείων_υδροληψίας"
"Πού μπορώ να βρω παλαιούς κανονισμούς που αφορούν την επικαιροποίηση στοιχείων υδροληψίας;","επικαιροποίηση_στοιχείων_υδροληψίας"
"Τι γίνεται αν η επικαιροποίηση στοιχείων υδροληψίας δεν πραγματοποιηθεί στην ώρα της;","επικαιροποίηση_στοιχείων_υδροληψίας"
"Πώς μπορώ να λάβω πληροφορίες για προγράμματα εξόφλησης οφειλών μετά την επικαιροποίηση στοιχείων;","επικαιροποίηση_στοιχείων_υδροληψίας"\
"Πώς μπορώ να δηλώσω αλλαγή στοιχείων για την παροχή αποχέτευσης;", "επικαιροποίηση_στοιχείων_υδροληψίας"
"Είναι απαραίτητη η αυτοπρόσωπη παρουσία για την επικαιροποίηση;", "επικαιροποίηση_στοιχείων_υδροληψίας"
"Ποια είναι η διαδικασία σε περίπτωση που ο ιδιοκτήτης είναι στο εξωτερικό;", "επικαιροποίηση_στοιχείων_υδροληψίας"
"Τι συμβαίνει αν δεν επικαιροποιήσω τα στοιχεία μου;", "επικαιροποίηση_στοιχείων_υδροληψίας"
"Πώς μπορώ να ενημερώσω την εταιρεία για την αλλαγή του ονόματος της επιχείρησης;", "επικαιροποίηση_στοιχείων_υδροληψίας"
"Υπάρχει κάποια προθεσμία για την επικαιροποίηση των στοιχείων μετά από αγοραπωλησία;", "επικαιροποίηση_στοιχείων_υδροληψίας"
"Πώς μπορώ να δηλώσω αλλαγή στοιχείων για κοινόχρηστη παροχή πολυκατοικίας;", "επικαιροποίηση_στοιχείων_υδροληψίας"
"Ποιο είναι το κόστος για την έκδοση βεβαίωσης επικαιροποίησης;", "επικαιροποίηση_στοιχείων_υδροληψίας"
"Είναι δυνατή η αλλαγή των στοιχείων μέσω τηλεφώνου;", "επικαιροποίηση_στοιχείων_υδροληψίας"
"Πώς μπορώ να διορθώσω λάθη σε παλαιές αιτήσεις;", "επικαιροποίηση_στοιχείων_υδροληψίας"
"Τι έγγραφα χρειάζονται για επικαιροποίηση λόγω γάμου;", "επικαιροποίηση_στοιχείων_υδροληψίας"
"Είναι απαραίτητη η άδεια οικοδομής για επικαιροποίηση;", "επικαιροποίηση_στοιχείων_υδροληψίας"
"Πώς μπορώ να αποδείξω την ιδιοκτησία μου για την επικαιροποίηση;", "επικαιροποίηση_στοιχείων_υδροληψίας"
"Υπάρχει η δυνατότητα να κάνω την αίτηση μέσω αντιπροσώπου;", "επικαιροποίηση_στοιχείων_υδροληψίας"
"Πώς μπορώ να ελέγξω αν τα στοιχεία μου είναι σωστά καταχωρημένα;", "επικαιροποίηση_στοιχείων_υδροληψίας"
"Τι γίνεται με τις εκκρεμείς οφειλές κατά την επικαιροποίηση;", "επικαιροποίηση_στοιχείων_υδροληψίας"
"Υπάρχει κάποια εφαρμογή για κινητά για την επικαιροποίηση των στοιχείων;", "επικαιροποίηση_στοιχείων_υδροληψίας"
"Πώς μπορώ να ενημερωθώ για την πορεία της αίτησής μου;", "επικαιροποίηση_στοιχείων_υδροληψίας"
"Μπορώ να αλλάξω τον τρόπο αποστολής των λογαριασμών μου κατά την επικαιροποίηση;", "επικαιροποίηση_στοιχείων_υδροληψίας"
"Πώς μπορώ να ζητήσω επικαιροποίηση για το ακίνητο μου που είναι σε καθεστώς άδειας;", "επικαιροποίηση_στοιχείων_υδροληψίας"
"Τι πρέπει να κάνω αν η διεύθυνση του ακινήτου είναι λανθασμένη;", "επικαιροποίηση_στοιχείων_υδροληψίας"
"Πώς μπορώ να δηλώσω την αλλαγή χρήσης της παροχής;", "επικαιροποίηση_στοιχείων_υδροληψίας"

"Πού υποβάλλω αίτηση για μείωση τιμολογίου ύδρευσης;","μείωση_τιμολογίου"
"Πώς μπορώ να πετύχω έκπτωση στον λογαριασμό νερού;","μείωση_τιμολογίου"
"Υπάρχει αίτηση για μειωμένο τιμολόγιο νερού;","μείωση_τιμολογίου"
"Ποιες κατηγορίες δικαιούνται μείωση τιμολογίου;","μείωση_τιμολογίου"
"Μπορώ να κάνω online αίτηση για μείωση;","μείωση_τιμολογίου"
"Ποια δικαιολογητικά χρειάζονται για μείωση τιμολογίου ύδρευσης;","μείωση_τιμολογίου"
"Πόσος χρόνος απαιτείται για την έγκριση μείωσης τιμολογίου;","μείωση_τιμολογίου"
"Μπορώ να ζητήσω αναδρομική μείωση τιμολογίου ύδρευσης;","μείωση_τιμολογίου"
"Σε ποια ΔΕΥΑ ή ΕΥΔΑΠ απευθύνομαι για μείωση τιμολογίου ύδρευσης;","μείωση_τιμολογίου"
"Είναι απαραίτητη η βεβαίωση κοινωνικής υπηρεσίας για μείωση τιμολογίου;","μείωση_τιμολογίου"
"Ποιοι άλλοι παράγοντες επηρεάζουν τη μείωση τιμολογίου ύδρευσης;","μείωση_τιμολογίου"
"Χρειάζεται εισοδηματική δήλωση για την αίτηση μείωσης τιμολογίου;","μείωση_τιμολογίου"
"Πώς μπορώ να διορθώσω λάθη στην αίτηση μείωσης τιμολογίου ύδρευσης;","μείωση_τιμολογίου"
"Τι γίνεται αν η αίτηση μείωσης τιμολογίου ύδρευσης απορριφθεί;","μείωση_τιμολογίου"
"Πού μπορώ να βρω τους κανονισμούς για τις μειώσεις τιμολογίων ύδρευσης;","μείωση_τιμολογίου"
"Είναι η μείωση τιμολογίου ύδρευσης κρίσιμη για ευπαθείς ομάδες;","μείωση_τιμολογίου"
"Πού μπορώ να βρω τη νομοθεσία για τις εκπτώσεις στους λογαριασμούς νερού;","μείωση_τιμολογίου"
"Μπορώ να ζητήσω μείωση τιμολογίου ύδρευσης μέσω ΚΕΠ;","μείωση_τιμολογίου"
"Ποιος είναι ο ρόλος του Δήμου στην επιδότηση του τιμολογίου ύδρευσης;","μείωση_τιμολογίου"
"Χρειάζεται πιστοποιητικό αναπηρίας για μείωση τιμολογίου ύδρευσης;","μείωση_τιμολογίου"
"Πώς μπορώ να επιταχύνω τη διαδικασία έγκρισης μείωσης τιμολογίου ύδρευσης;","μείωση_τιμολογίου"
"Τι προβλέπεται για πρόστιμα σε περίπτωση ψευδούς δήλωσης για μείωση τιμολογίου;","μείωση_τιμολογίου"
"Πού μπορώ να ζητήσω αντίγραφα αποφάσεων για μειώσεις τιμολογίων ύδρευσης;","μείωση_τιμολογίου"
"Είναι η μείωση τιμολογίου ύδρευσης απαραίτητη για άτομα με χαμηλό εισόδημα;","μείωση_τιμολογίου"
"Πώς μπορώ να δηλώσω αλλαγή οικονομικής κατάστασης για επανεξέταση μείωσης;","μείωση_τιμολογίου"
"Υπάρχουν ειδικές ρυθμίσεις για μείωση τιμολογίου ύδρευσης σε πολύτεκνους;","μείωση_τιμολογίου"
"Πού μπορώ να βρω εγκυκλίους που αφορούν τη μείωση τιμολογίου ύδρευσης;","μείωση_τιμολογίου"
"Μπορώ να ζητήσω μείωση τιμολογίου ύδρευσης για επαγγελματική χρήση;","μείωση_τιμολογίου"
"Ποια είναι η διαδικασία για την ανανέωση μείωσης τιμολογίου ύδρευσης;","μείωση_τιμολογίου"
"Χρειάζεται πιστοποιητικό ανεργίας για την αίτηση μείωσης τιμολογίου;","μείωση_τιμολογίου"
"Πού μπορώ να βρω συχνές ερωτήσεις για τη μείωση τιμολογίου ύδρευσης;","μείωση_τιμολογίου"
"Είναι η μείωση τιμολογίου ύδρευσης καθοριστική για την βιωσιμότητα νοικοκυριών;","μείωση_τιμολογίου"
"Πώς μπορώ να αντλήσω στοιχεία για προηγούμενες μειώσεις τιμολογίων ύδρευσης;","μείωση_τιμολογίου"
"Υπάρχει ειδικό καθεστώς για μείωση τιμολογίου ύδρευσης σε τρίτεκνους;","μείωση_τιμολογίου"
"Πού μπορώ να υποβάλω ένσταση για απόρριψη αίτησης μείωσης τιμολογίου ύδρευσης;","μείωση_τιμολογίου"
"Τι γίνεται αν η μείωση τιμολογίου ύδρευσης αμφισβητείται από την υπηρεσία;","μείωση_τιμολογίου"
"Πώς μπορώ να λάβω πληροφορίες για το ποσό της μείωσης τιμολογίου ύδρευσης;","μείωση_τιμολογίου"
"Είναι η μείωση τιμολογίου ύδρευσης απαραίτητη για τη διατήρηση κοινωνικού τιμολογίου;","μείωση_τιμολογίου"
"Πού μπορώ να βρω αποφάσεις δικαστηρίων για ζητήματα μειώσεων τιμολογίων;","μείωση_τιμολογίου"
"Μπορώ να αιτηθώ για μείωση τιμολογίου ύδρευσης για μεγάλο νοικοκυριό;","μείωση_τιμολογίου"
"Ποια είναι η διαδικασία για την ανάκληση μείωσης τιμολογίου ύδρευσης;","μείωση_τιμολογίου"
"Χρειάζεται πιστοποιητικό μόνιμης κατοικίας για την αίτηση μείωσης τιμολογίου;","μείωση_τιμολογίου"
"Πού μπορώ να επικοινωνήσω για νομικές συμβουλές σχετικά με τη μείωση τιμολογίου ύδρευσης;","μείωση_τιμολογίου"
"Είναι η μείωση τιμολογίου ύδρευσης το ίδιο με την εξόφληση οφειλών;","μείωση_τιμολογίου"
"Πώς μπορώ να δηλώσω ανάγκη για μείωση τιμολογίου ύδρευσης σε περίπτωση αλλαγής εισοδήματος;","μείωση_τιμολογίου"
"Υπάρχουν περιορισμοί στον αριθμό των φορών που μπορώ να αιτηθώ μείωση;","μείωση_τιμολογίου"
"Πού μπορώ να βρω παλαιούς κανονισμούς που αφορούν τις μειώσεις τιμολογίων ύδρευσης;","μείωση_τιμολογίου"
"Τι γίνεται αν η μείωση τιμολογίου ύδρευσης δεν εφαρμοστεί στον λογαριασμό μου;","μείωση_τιμολογίου"
"Πώς μπορώ να λάβω πληροφορίες για προγράμματα κοινωνικής στήριξης για το νερό;","μείωση_τιμολογίου"
"Ποια είναι η διαδικασία για αίτηση σε περίπτωση ανεργίας;", "μείωση_τιμολογίου"
"Μπορεί να γίνει μείωση τιμολογίου αν έχω οφειλές;", "μείωση_τιμολογίου"
"Τι γίνεται σε περίπτωση που έχω διαρροή;", "μείωση_τιμολογίου"
"Ποια έγγραφα χρειάζονται για άτομα με αναπηρία;", "μείωση_τιμολογίου"
"Πού μπορώ να βρω πληροφορίες για κοινωνικό τιμολόγιο ύδρευσης;", "μείωση_τιμολογίου"
"Μπορεί να γίνει μείωση αν έχω μεγάλο αριθμό μελών στην οικογένεια;", "μείωση_τιμολογίου"
"Ποια είναι η διαδικασία για ανανέωση της μείωσης;", "μείωση_τιμολογίου"
"Πώς μπορώ να δηλώσω μείωση εισοδήματος;", "μείωση_τιμολογίου"
"Είναι η μείωση σταθερή ή αλλάζει κάθε χρόνο;", "μείωση_τιμολογίου"
"Ποιος είναι ο χρόνος ισχύος της μείωσης;", "μείωση_τιμολογίου"
"Μπορεί να εφαρμοστεί η μείωση σε εξοχική κατοικία;", "μείωση_τιμολογίου"
"Χρειάζεται πιστοποιητικό οικογενειακής κατάστασης;", "μείωση_τιμολογίου"
"Ποιος είναι ο αρμόδιος φορέας για την έγκριση;", "μείωση_τιμολογίου"
"Μπορώ να κάνω αίτηση αν είμαι συνταξιούχος;", "μείωση_τιμολογίου"
"Τι πρέπει να κάνω αν έχω χάσει την απόφαση έγκρισης;", "μείωση_τιμολογίου"
"Πώς μπορώ να δηλώσω απώλεια εισοδήματος;", "μείωση_τιμολογίου"
"Υπάρχει κάποια τηλεφωνική γραμμή για πληροφορίες;", "μείωση_τιμολογίου"
"Ποια είναι τα κριτήρια για την επιδότηση του Δήμου;", "μείωση_τιμολογίου"
"Μπορώ να ζητήσω μείωση αν είμαι φοιτητής;", "μείωση_τιμολογίου"
"Πώς μπορώ να κάνω online την αίτηση για μείωση;", "μείωση_τιμολογίου"
"Τι γίνεται αν έχω δύο παροχές;", "μείωση_τιμολογίου"

"Πού κάνω αίτηση για επανασύνδεση παροχής ύδατος;","επανασύνδεση_παροχής"
"Διακόπηκε η παροχή μου – πώς επανασυνδέεται;","επανασύνδεση_παροχής"
"Μπορώ να αιτηθώ ηλεκτρονικά για επανασύνδεση νερού;","επανασύνδεση_παροχής"
"Ποια δικαιολογητικά χρειάζονται για επανασύνδεση;","επανασύνδεση_παροχής"
"Ποια υπηρεσία χειρίζεται τις αιτήσεις επανασύνδεσης;","επανασύνδεση_παροχής"
"Ποιος είναι ο χρόνος αναμονής για επανασύνδεση παροχής ύδατος;","επανασύνδεση_παροχής"
"Μπορώ να ζητήσω επείγουσα επανασύνδεση παροχής νερού;","επανασύνδεση_παροχής"
"Σε ποια ΔΕΥΑ ή ΕΥΔΑΠ απευθύνομαι για επανασύνδεση παροχής νερού;","επανασύνδεση_παροχής"
"Είναι απαραίτητη η εξόφληση οφειλών για επανασύνδεση παροχής ύδατος;","επανασύνδεση_παροχής"
"Ποιοι άλλοι λόγοι οδηγούν σε άρνηση επανασύνδεσης παροχής νερού;","επανασύνδεση_παροχής"
"Χρειάζεται αριθμός παροχής για την αίτηση επανασύνδεσης;","επανασύνδεση_παροχής"
"Πώς μπορώ να διορθώσω λάθη στην αίτηση επανασύνδεσης παροχής ύδατος;","επανασύνδεση_παροχής"
"Τι γίνεται αν η αίτηση επανασύνδεσης παροχής ύδατος απορριφθεί;","επανασύνδεση_παροχής"
"Πού μπορώ να βρω τους κανονισμούς για την επανασύνδεση παροχής νερού;","επανασύνδεση_παροχής"
"Είναι η επανασύνδεση παροχής ύδατος κρίσιμη για την κατοικησιμότητα του ακινήτου;","επανασύνδεση_παροχής"
"Πού μπορώ να βρω τη νομοθεσία για την επανασύνδεση παροχής νερού;","επανασύνδεση_παροχής"
"Μπορώ να ζητήσω επανασύνδεση παροχής ύδατος μέσω ΚΕΠ;","επανασύνδεση_παροχής"
"Ποιος είναι ο ρόλος του ιδιοκτήτη στην αίτηση επανασύνδεσης παροχής ύδατος;","επανασύνδεση_παροχής"
"Χρειάζεται τελική ανάγνωση μετρητή για επανασύνδεση παροχής ύδατος;","επανασύνδεση_παροχής"
"Πώς μπορώ να επιταχύνω τη διαδικασία επανασύνδεσης παροχής ύδατος;","επανασύνδεση_παροχής"
"Τι προβλέπεται για πρόστιμα σε περίπτωση παράνομης επανασύνδεσης;","επανασύνδεση_παροχής"
"Πού μπορώ να ζητήσω αντίγραφα αιτήσεων επανασύνδεσης παροχής ύδατος;","επανασύνδεση_παροχής"
"Είναι η επανασύνδεση παροχής ύδατος απαραίτητη σε περίπτωση αλλαγής ενοικιαστή;","επανασύνδεση_παροχής"
"Πώς μπορώ να δηλώσω ανάγκη για επανασύνδεση μετά από επισκευή διαρροής;","επανασύνδεση_παροχής"
"Υπάρχουν ειδικές ρυθμίσεις για επανασύνδεση παροχής ύδατος σε ευπαθείς ομάδες;","επανασύνδεση_παροχής"
"Πού μπορώ να βρω εγκυκλίους που αφορούν την επανασύνδεση παροχής ύδατος;","επανασύνδεση_παροχής"
"Μπορώ να ζητήσω επανασύνδεση παροχής ύδατος για εποχιακή χρήση ακινήτου;","επανασύνδεση_παροχής"
"Ποια είναι η διαδικασία για την εξόφληση χρεών για άμεση επανασύνδεση;","επανασύνδεση_παροχής"
"Χρειάζεται βεβαίωση μη οφειλής για επανασύνδεση παροχής ύδατος;","επανασύνδεση_παροχής"
"Πού μπορώ να βρω συχνές ερωτήσεις για την επανασύνδεση παροχής ύδατος;","επανασύνδεση_παροχής"
"Είναι η επανασύνδεση παροχής ύδατος καθοριστική για την υγεία και υγιεινή;","επανασύνδεση_παροχής"
"Πώς μπορώ να αντλήσω στοιχεία για προηγούμενες επανασυνδέσεις παροχής ύδατος;","επανασύνδεση_παροχής"
"Υπάρχει ειδικό καθεστώς για επανασύνδεση παροχής ύδατος σε επαγγελματικούς χώρους;","επανασύνδεση_παροχής"
"Πού μπορώ να υποβάλω ένσταση για απόρριψη αίτησης επανασύνδεσης παροχής ύδατος;","επανασύνδεση_παροχής"
"Τι γίνεται αν η επανασύνδεση παροχής ύδατος αμφισβητείται από τον ενοικιαστή;","επανασύνδεση_παροχής"
"Πώς μπορώ να λάβω πληροφορίες για το κόστος επανασύνδεσης παροχής ύδατος;","επανασύνδεση_παροχής"
"Είναι η επανασύνδεση παροχής ύδατος απαραίτητη για τη μεταβίβαση ακινήτου;","επανασύνδεση_παροχής"
"Πού μπορώ να βρω αποφάσεις δικαστηρίων για ζητήματα επανασύνδεσης παροχής ύδατος;","επανασύνδεση_παροχής"
"Μπορώ να αιτηθώ για επανασύνδεση παροχής ύδατος σε αγροτεμάχιο;","επανασύνδεση_παροχής"
"Ποια είναι η διαδικασία για την επανασύνδεση μετά από μεγάλο διάστημα διακοπής;","επανασύνδεση_παροχής"
"Χρειάζεται πιστοποιητικό ηλεκτρολόγου για επανασύνδεση παροχής ύδατος;","επανασύνδεση_παροχής"
"Πού μπορώ να επικοινωνήσω για νομικές συμβουλές σχετικά με την επανασύνδεση παροχής ύδατος;","επανασύνδεση_παροχής"
"Είναι η επανασύνδεση παροχής ύδατος το ίδιο με την ενεργοποίηση νέας παροχής;","επανασύνδεση_παροχής"
"Πώς μπορώ να δηλώσω ανάγκη για επανασύνδεση παροχής ύδατος σε περίπτωση έκτακτης ανάγκης;","επανασύνδεση_παροχής"
"Υπάρχουν περιορισμοί στο χρονικό διάστημα για επανασύνδεση μετά τη διακοπή;","επανασύνδεση_παροχής"
"Πού μπορώ να βρω παλαιούς κανονισμούς που αφορούν την επανασύνδεση παροχής ύδατος;","επανασύνδεση_παροχής"
"Τι γίνεται αν η επανασύνδεση παροχής ύδατος δεν πραγματοποιηθεί στην ώρα της;","επανασύνδεση_παροχής"
"Πώς μπορώ να λάβω πληροφορίες για προγράμματα εξόφλησης οφειλών για επανασύνδεση;","επανασύνδεση_παροχής"
"Ποια είναι η διαδικασία για επανασύνδεση σε περίπτωση διακοπής λόγω μεταβίβασης ακινήτου;", "επανασύνδεση_παροχής"
"Μπορώ να κάνω αίτηση επανασύνδεσης αν η παροχή έχει διακοπεί για χρόνια;", "επανασύνδεση_παροχής"
"Υπάρχει κάποια τηλεφωνική γραμμή για επείγουσες περιπτώσεις επανασύνδεσης;", "επανασύνδεση_παροχής"
"Χρειάζεται παρουσία του ιδιοκτήτη κατά την επανασύνδεση;", "επανασύνδεση_παροχής"
"Ποια είναι η διαδικασία αν η παροχή είναι κοινόχρηστη;", "επανασύνδεση_παροχής"
"Τι γίνεται αν η διακοπή έγινε λόγω μη πληρωμής από τον προηγούμενο ιδιοκτήτη;", "επανασύνδεση_παροχής"
"Μπορώ να ζητήσω επανασύνδεση αν είμαι ενοικιαστής;", "επανασύνδεση_παροχής"
"Υπάρχει online φόρμα για αίτηση επανασύνδεσης;", "επανασύνδεση_παροχής"
"Ποια είναι η χρέωση για την επανασύνδεση;", "επανασύνδεση_παροχής"
"Τι γίνεται αν υπάρχουν τεχνικά προβλήματα στην παροχή μετά την επανασύνδεση;", "επανασύνδεση_παροχής"
"Πώς μπορώ να ενημερωθώ για την πορεία της αίτησής μου;", "επανασύνδεση_παροχής"
"Υπάρχουν ειδικά τιμολόγια για επανασύνδεση;", "επανασύνδεση_παροχής"
"Μπορώ να κάνω αίτηση αν έχω οφειλές σε ρύθμιση;", "επανασύνδεση_παροχής"
"Ποια είναι η διαδικασία για επανασύνδεση σε αγροτική παροχή;", "επανασύνδεση_παροχής"
"Χρειάζεται πιστοποιητικό εγκαταστάσεων για την επανασύνδεση;", "επανασύνδεση_παροχής"
"Μπορώ να ζητήσω επανασύνδεση για ένα ακίνητο που είναι σε καθεστώς άδειας;", "επανασύνδεση_παροχής"
"Πώς μπορώ να ζητήσω βεβαίωση επανασύνδεσης;", "επανασύνδεση_παροχής"
"Είναι δυνατή η επανασύνδεση το Σαββατοκύριακο;", "επανασύνδεση_παροχής"
"Τι γίνεται αν η επανασύνδεση δεν μπορεί να πραγματοποιηθεί;", "επανασύνδεση_παροχής"
"Πώς μπορώ να δηλώσω την ανάγκη για επανασύνδεση σε περίπτωση διακοπής λόγω βλάβης;", "επανασύνδεση_παροχής"
"Πώς μπορώ να ζητήσω προσωρινή επανασύνδεση;", "επανασύνδεση_παροχής"
"Ποιος είναι ο ρόλος της τεχνικής υπηρεσίας στην επανασύνδεση;", "επανασύνδεση_παροχής"

"Πού κάνω αίτηση για αλλαγή στοιχείων σε λογαριασμό ύδρευσης;","αλλαγή_στοιχείων_λογαριασμού_ύδρευσης"
"Θέλω να αλλάξω το όνομα στον λογαριασμό νερού – τι κάνω;","αλλαγή_στοιχείων_λογαριασμού_ύδρευσης"
"Μπορώ να διορθώσω τα στοιχεία στον λογαριασμό ύδρευσης;","αλλαγή_στοιχείων_λογαριασμού_ύδρευσης"
"Ποια δικαιολογητικά απαιτούνται για αλλαγή στοιχείων;","αλλαγή_στοιχείων_λογαριασμού_ύδρευσης"
"Υπάρχει φόρμα για αλλαγή λογαριασμού νερού;","αλλαγή_στοιχείων_λογαριασμού_ύδρευσης"
"Ποιος είναι ο χρόνος διεκπεραίωσης για αλλαγή στοιχείων λογαριασμού ύδρευσης;","αλλαγή_στοιχείων_λογαριασμού_ύδρευσης"
"Μπορώ να αλλάξω τον ΑΦΜ στον λογαριασμό νερού;","αλλαγή_στοιχείων_λογαριασμού_ύδρευσης"
"Σε ποια ΔΕΥΑ ή ΕΥΔΑΠ απευθύνομαι για αλλαγή στοιχείων λογαριασμού ύδρευσης;","αλλαγή_στοιχείων_λογαριασμού_ύδρευσης"
"Είναι απαραίτητη η ταυτότητα για αλλαγή στοιχείων λογαριασμού ύδρευσης;","αλλαγή_στοιχείων_λογαριασμού_ύδρευσης"
"Ποιοι άλλοι λόγοι οδηγούν σε αλλαγή στοιχείων λογαριασμού νερού;","αλλαγή_στοιχείων_λογαριασμού_ύδρευσης"
"Χρειάζεται αριθμός παροχής για την αίτηση αλλαγής στοιχείων λογαριασμού;","αλλαγή_στοιχείων_λογαριασμού_ύδρευσης"
"Πώς μπορώ να διορθώσω λάθη στην αίτηση αλλαγής στοιχείων λογαριασμού ύδρευσης;","αλλαγή_στοιχείων_λογαριασμού_ύδρευσης"
"Τι γίνεται αν η αίτηση αλλαγής στοιχείων λογαριασμού ύδρευσης απορριφθεί;","αλλαγή_στοιχείων_λογαριασμού_ύδρευσης"
"Πού μπορώ να βρω τους κανονισμούς για την αλλαγή στοιχείων λογαριασμών νερού;","αλλαγή_στοιχείων_λογαριασμού_ύδρευσης"
"Είναι η αλλαγή στοιχείων λογαριασμού ύδρευσης κρίσιμη για τη σωστή χρέωση;","αλλαγή_στοιχείων_λογαριασμού_ύδρευσης"
"Πού μπορώ να βρω τη νομοθεσία για την αλλαγή στοιχείων στους λογαριασμούς;","αλλαγή_στοιχείων_λογαριασμού_ύδρευσης"
"Μπορώ να ζητήσω αλλαγή στοιχείων λογαριασμού ύδρευσης μέσω ΚΕΠ;","αλλαγή_στοιχείων_λογαριασμού_ύδρευσης"
"Ποιος είναι ο ρόλος του ιδιοκτήτη στην αλλαγή στοιχείων λογαριασμού ύδρευσης;","αλλαγή_στοιχείων_λογαριασμού_ύδρευσης"
"Χρειάζεται φωτοτυπία συμβολαίου για αλλαγή ονόματος λογαριασμού;","αλλαγή_στοιχείων_λογαριασμού_ύδρευσης"
"Πώς μπορώ να επιταχύνω τη διαδικασία αλλαγής στοιχείων λογαριασμού ύδρευσης;","αλλαγή_στοιχείων_λογαριασμού_ύδρευσης"
"Τι προβλέπεται για πρόστιμα σε περίπτωση ψευδούς δήλωσης στοιχείων;","αλλαγή_στοιχείων_λογαριασμού_ύδρευσης"
"Πού μπορώ να ζητήσω αντίγραφα αιτήσεων αλλαγής στοιχείων λογαριασμού ύδρευσης;","αλλαγή_στοιχείων_λογαριασμού_ύδρευσης"
"Είναι η αλλαγή στοιχείων λογαριασμού ύδρευσης απαραίτητη σε περίπτωση κληρονομιάς;","αλλαγή_στοιχείων_λογαριασμού_ύδρευσης"
"Πώς μπορώ να δηλώσω αλλαγή διεύθυνσης αλληλογραφίας για τον λογαριασμό νερού;","αλλαγή_στοιχείων_λογαριασμού_ύδρευσης"
"Υπάρχουν ειδικές ρυθμίσεις για αλλαγή στοιχείων λογαριασμού ύδρευσης σε ενοικιαστές;","αλλαγή_στοιχείων_λογαριασμού_ύδρευσης"
"Πού μπορώ να βρω εγκυκλίους που αφορούν την αλλαγή στοιχείων λογαριασμού ύδρευσης;","αλλαγή_στοιχείων_λογαριασμού_ύδρευσης"
"Μπορώ να ζητήσω αλλαγή στοιχείων λογαριασμού ύδρευσης για επαγγελματικό χώρο;","αλλαγή_στοιχείων_λογαριασμού_ύδρευσης"
"Ποια είναι η διαδικασία για την αλλαγή στοιχείων λόγω διαζυγίου;","αλλαγή_στοιχείων_λογαριασμού_ύδρευσης"
"Χρειάζεται πιστοποιητικό θανάτου για αλλαγή ονόματος λογαριασμού;","αλλαγή_στοιχείων_λογαριασμού_ύδρευσης"
"Πού μπορώ να βρω συχνές ερωτήσεις για την αλλαγή στοιχείων λογαριασμού ύδρευσης;","αλλαγή_στοιχείων_λογαριασμού_ύδρευσης"
"Είναι η αλλαγή στοιχείων λογαριασμού ύδρευσης καθοριστική για την ιδιοκτησία ακινήτου;","αλλαγή_στοιχείων_λογαριασμού_ύδρευσης"
"Πώς μπορώ να αντλήσω στοιχεία για προηγούμενες αλλαγές λογαριασμών ύδρευσης;","αλλαγή_στοιχείων_λογαριασμού_ύδρευσης"
"Υπάρχει ειδικό καθεστώς για αλλαγή στοιχείων λογαριασμού ύδρευσης σε νέες οικοδομές;","αλλαγή_στοιχείων_λογαριασμού_ύδρευσης"
"Πού μπορώ να υποβάλω ένσταση για απόρριψη αίτησης αλλαγής στοιχείων λογαριασμού ύδρευσης;","αλλαγή_στοιχείων_λογαριασμού_ύδρευσης"
"Τι γίνεται αν η αλλαγή στοιχείων λογαριασμού ύδρευσης αμφισβητείται από τους συνιδιοκτήτες;","αλλαγή_στοιχείων_λογαριασμού_ύδρευσης"
"Πώς μπορώ να λάβω πληροφορίες για το κόστος αλλαγής στοιχείων λογαριασμού ύδρευσης;","αλλαγή_στοιχείων_λογαριασμού_ύδρευσης"
"Είναι η αλλαγή στοιχείων λογαριασμού ύδρευσης απαραίτητη για την εγγραφή στο Κτηματολόγιο;","αλλαγή_στοιχείων_λογαριασμού_ύδρευσης"
"Πού μπορώ να βρω αποφάσεις δικαστηρίων για ζητήματα αλλαγής στοιχείων λογαριασμών;","αλλαγή_στοιχείων_λογαριασμού_ύδρευσης"
"Μπορώ να αιτηθώ για αλλαγή στοιχείων λογαριασμού ύδρευσης για αγροτική παροχή;","αλλαγή_στοιχείων_λογαριασμού_ύδρευσης"
"Ποια είναι η διαδικασία για την αλλαγή στοιχείων λόγω πώλησης ακινήτου;","αλλαγή_στοιχείων_λογαριασμού_ύδρευσης"
"Χρειάζεται εξουσιοδότηση για αλλαγή στοιχείων λογαριασμού ύδρευσης;","αλλαγή_στοιχείων_λογαριασμού_ύδρευσης"
"Πού μπορώ να επικοινωνήσω για νομικές συμβουλές σχετικά με την αλλαγή στοιχείων λογαριασμού ύδρευσης;","αλλαγή_στοιχείων_λογαριασμού_ύδρευσης"
"Είναι η αλλαγή στοιχείων λογαριασμού ύδρευσης το ίδιο με την αλλαγή υδρομέτρου;","αλλαγή_στοιχείων_λογαριασμού_ύδρευσης"
"Πώς μπορώ να δηλώσω ανάγκη για αλλαγή στοιχείων λογαριασμού ύδρευσης σε περίπτωση διόρθωσης ονόματος;","αλλαγή_στοιχείων_λογαριασμού_ύδρευσης"
"Υπάρχουν περιορισμοί στο χρονικό διάστημα για αλλαγή στοιχείων λογαριασμού;","αλλαγή_στοιχείων_λογαριασμού_ύδρευσης"
"Πού μπορώ να βρω παλαιούς κανονισμούς που αφορούν την αλλαγή στοιχείων λογαριασμών ύδρευσης;","αλλαγή_στοιχείων_λογαριασμού_ύδρευσης"
"Τι γίνεται αν η αλλαγή στοιχείων λογαριασμού ύδρευσης δεν πραγματοποιηθεί στην ώρα της;","αλλαγή_στοιχείων_λογαριασμού_ύδρευσης"
"Πώς μπορώ να λάβω πληροφορίες για προγράμματα εξόφλησης οφειλών μετά την αλλαγή στοιχείων;","αλλαγή_στοιχείων_λογαριασμού_ύδρευσης"
"Μπορώ να αλλάξω τα στοιχεία του λογαριασμού μου online;", "αλλαγή_στοιχείων_λογαριασμού_ύδρευσης"
"Ποια είναι η διαδικασία για να αλλάξω τον τρόπο πληρωμής;", "αλλαγή_στοιχείων_λογαριασμού_ύδρευσης"
"Χρειάζεται να πληρώσω τέλος για την αλλαγή των στοιχείων;", "αλλαγή_στοιχείων_λογαριασμού_ύδρευσης"
"Πώς μπορώ να αλλάξω τον αριθμό τηλεφώνου στον λογαριασμό μου;", "αλλαγή_στοιχείων_λογαριασμού_ύδρευσης"
"Τι γίνεται αν θέλω να προσθέσω ή να αφαιρέσω ένα άτομο από τον λογαριασμό;", "αλλαγή_στοιχείων_λογαριασμού_ύδρευσης"
"Μπορώ να κάνω την αίτηση μέσω email;", "αλλαγή_στοιχείων_λογαριασμού_ύδρευσης"
"Ποια είναι η διαδικασία για αλλαγή λογαριασμού σε περίπτωση διακοπής σύνδεσης;", "αλλαγή_στοιχείων_λογαριασμού_ύδρευσης"
"Πόσο καιρό χρειάζεται για να εμφανιστούν οι αλλαγές στον λογαριασμό μου;", "αλλαγή_στοιχείων_λογαριασμού_ύδρευσης"
"Πώς μπορώ να αποδείξω την ταυτότητα μου;", "αλλαγή_στοιχείων_λογαριασμού_ύδρευσης"
"Είναι δυνατή η αλλαγή στοιχείων για επαγγελματική χρήση;", "αλλαγή_στοιχείων_λογαριασμού_ύδρευσης"
"Τι έγγραφα χρειάζονται αν ο ιδιοκτήτης είναι εταιρεία;", "αλλαγή_στοιχείων_λογαριασμού_ύδρευσης"
"Πώς μπορώ να ενημερωθώ για την πορεία της αίτησής μου;", "αλλαγή_στοιχείων_λογαριασμού_ύδρευσης"
"Μπορώ να ζητήσω αλλαγή των στοιχείων αν έχω χρέη;", "αλλαγή_στοιχείων_λογαριασμού_ύδρευσης"
"Ποια είναι η διαδικασία για αλλαγή στοιχείων λόγω γάμου;", "αλλαγή_στοιχείων_λογαριασμού_ύδρευσης"
"Χρειάζεται να προσκομίσω το Ε1 για την αλλαγή;", "αλλαγή_στοιχείων_λογαριασμού_ύδρευσης"
"Τι γίνεται αν η διεύθυνση του ακινήτου είναι λανθασμένη;", "αλλαγή_στοιχείων_λογαριασμού_ύδρευσης"
"Πώς μπορώ να δηλώσω αλλαγή χρήσης της παροχής;", "αλλαγή_στοιχείων_λογαριασμού_ύδρευσης"
"Μπορώ να ζητήσω αλλαγή στοιχείων αν έχω εξουσιοδότηση;", "αλλαγή_στοιχείων_λογαριασμού_ύδρευσης"
"Υπάρχει κάποια τηλεφωνική γραμμή για πληροφορίες σχετικά με την αλλαγή;", "αλλαγή_στοιχείων_λογαριασμού_ύδρευσης"
"Πώς μπορώ να βρω το παροχικό μου αριθμό;", "αλλαγή_στοιχείων_λογαριασμού_ύδρευσης"
"Τι πρέπει να κάνω αν έχω χάσει την ταυτότητά μου;", "αλλαγή_στοιχείων_λογαριασμού_ύδρευσης"
"Ποια είναι τα απαραίτητα έγγραφα για αλλαγή ονόματος;", "αλλαγή_στοιχείων_λογαριασμού_ύδρευσης"

"Θέλω έλεγχο στον λογαριασμό νερού – πού απευθύνομαι;","έλεγχος_λογαριασμού_ύδρευσης"
"Ο λογαριασμός νερού είναι λάθος – τι κάνω;","έλεγχος_λογαριασμού_ύδρευσης"
"Μπορώ να ζητήσω επανέλεγχο κατανάλωσης ύδατος;","έλεγχος_λογαριασμού_ύδρευσης"
"Υπάρχει ηλεκτρονική αίτηση για έλεγχο λογαριασμού;","έλεγχος_λογαριασμού_ύδρευσης"
"Ποια υπηρεσία εξετάζει τα λάθη στους λογαριασμούς;","έλεγχος_λογαριασμού_ύδρευσης"
"Ποια δικαιολογητικά χρειάζονται για έλεγχο λογαριασμού ύδρευσης;","έλεγχος_λογαριασμού_ύδρευσης"
"Πόσος χρόνος απαιτείται για την διεκπεραίωση επανελέγχου λογαριασμού νερού;","έλεγχος_λογαριασμού_ύδρευσης"
"Μπορώ να αναφέρω υπερβολική χρέωση στον λογαριασμό μου;","έλεγχος_λογαριασμού_ύδρευσης"
"Σε ποια ΔΕΥΑ ή ΕΥΔΑΠ απευθύνομαι για έλεγχο λογαριασμού ύδρευσης;","έλεγχος_λογαριασμού_ύδρευσης"
"Είναι απαραίτητη η αυτοψία υπαλλήλου για τον έλεγχο του υδρομέτρου;","έλεγχος_λογαριασμού_ύδρευσης"
"Ποιοι άλλοι λόγοι οδηγούν σε λάθος λογαριασμό νερού;","έλεγχος_λογαριασμού_ύδρευσης"
"Χρειάζεται αριθμός παροχής για την αίτηση ελέγχου λογαριασμού;","έλεγχος_λογαριασμού_ύδρευσης"
"Πώς μπορώ να διορθώσω λάθη στην αίτηση ελέγχου λογαριασμού ύδρευσης;","έλεγχος_λογαριασμού_ύδρευσης"
"Τι γίνεται αν η αίτηση ελέγχου λογαριασμού ύδρευσης απορριφθεί;","έλεγχος_λογαριασμού_ύδρευσης"
"Πού μπορώ να βρω τους κανονισμούς για την τιμολόγηση της κατανάλωσης νερού;","έλεγχος_λογαριασμού_ύδρευσης"
"Είναι ο έλεγχος λογαριασμού ύδρευσης κρίσιμος για τη μείωση του κόστους;","έλεγχος_λογαριασμού_ύδρευσης"
"Πού μπορώ να βρω τη νομοθεσία για τις χρεώσεις ύδρευσης;","έλεγχος_λογαριασμού_ύδρευσης"
"Μπορώ να ζητήσω έλεγχο λογαριασμού ύδρευσης μέσω ΚΕΠ;","έλεγχος_λογαριασμού_ύδρευσης"
"Ποιος είναι ο ρόλος του καταναλωτή στον έλεγχο του λογαριασμού ύδρευσης;","έλεγχος_λογαριασμού_ύδρευσης"
"Χρειάζεται φωτογραφία του υδρομέτρου για τον έλεγχο λογαριασμού;","έλεγχος_λογαριασμού_ύδρευσης"
"Πώς μπορώ να επιταχύνω τη διαδικασία ελέγχου λογαριασμού ύδρευσης;","έλεγχος_λογαριασμού_ύδρευσης"
"Τι προβλέπεται για πρόστιμα σε περίπτωση ψευδούς δήλωσης κατανάλωσης;","έλεγχος_λογαριασμού_ύδρευσης"
"Πού μπορώ να ζητήσω αντίγραφα αναγνώσεων υδρομέτρων;","έλεγχος_λογαριασμού_ύδρευσης"
"Είναι ο έλεγχος λογαριασμού ύδρευσης απαραίτητος για αλλαγή ιδιοκτήτη;","έλεγχος_λογαριασμού_ύδρευσης"
"Πώς μπορώ να δηλώσω διαρροή στο δίκτυο που επηρεάζει τον λογαριασμό μου;","έλεγχος_λογαριασμού_ύδρευσης"
"Υπάρχουν ειδικές ρυθμίσεις για έλεγχο λογαριασμού ύδρευσης σε πολυκατοικίες;","έλεγχος_λογαριασμού_ύδρευσης"
"Πού μπορώ να βρω εγκυκλίους που αφορούν τον έλεγχο λογαριασμού ύδρευσης;","έλεγχος_λογαριασμού_ύδρευσης"
"Μπορώ να ζητήσω έλεγχο λογαριασμού ύδρευσης για προηγούμενες περιόδους;","έλεγχος_λογαριασμού_ύδρευσης"
"Ποια είναι η διαδικασία για την πίστωση λάθος χρέωσης στον λογαριασμό;","έλεγχος_λογαριασμού_ύδρευσης"
"Χρειάζεται απόδειξη πληρωμής για την αίτηση ελέγχου λογαριασμού ύδρευσης;","έλεγχος_λογαριασμού_ύδρευσης"
"Πού μπορώ να βρω συχνές ερωτήσεις για τον έλεγχο λογαριασμού ύδρευσης;","έλεγχος_λογαριασμού_ύδρευσης"
"Είναι ο έλεγχος λογαριασμού ύδρευσης καθοριστικός για την ορθότητα της χρέωσης;","έλεγχος_λογαριασμού_ύδρευσης"
"Πώς μπορώ να αντλήσω στοιχεία για προηγούμενους ελέγχους λογαριασμών ύδρευσης;","έλεγχος_λογαριασμού_ύδρευσης"
"Υπάρχει ειδικό καθεστώς για έλεγχο λογαριασμού ύδρευσης σε επαγγελματικούς χώρους;","έλεγχος_λογαριασμού_ύδρευσης"
"Πού μπορώ να υποβάλω ένσταση για απόρριψη αίτησης ελέγχου λογαριασμού ύδρευσης;","έλεγχος_λογαριασμού_ύδρευσης"
"Τι γίνεται αν ο έλεγχος λογαριασμού ύδρευσης αμφισβητείται από την υπηρεσία;","έλεγχος_λογαριασμού_ύδρευσης"
"Πώς μπορώ να λάβω πληροφορίες για το κόστος ελέγχου υδρομέτρου;","έλεγχος_λογαριασμού_ύδρευσης"
"Είναι ο έλεγχος λογαριασμού ύδρευσης απαραίτητος για την αίτηση ρύθμισης οφειλών;","έλεγχος_λογαριασμού_ύδρευσης"
"Πού μπορώ να βρω αποφάσεις δικαστηρίων για ζητήματα λογαριασμών ύδρευσης;","έλεγχος_λογαριασμού_ύδρευσης"
"Μπορώ να αιτηθώ για έλεγχο λογαριασμού ύδρευσης αν έχω πρόβλημα με την πίεση;","έλεγχος_λογαριασμού_ύδρευσης"
"Ποια είναι η διαδικασία για την προσφυγή σε περίπτωση διαφωνίας μετά τον έλεγχο;","έλεγχος_λογαριασμού_ύδρευσης"
"Χρειάζεται αναφορά τεχνικού για την αίτηση ελέγχου λογαριασμού ύδρευσης;","έλεγχος_λογαριασμού_ύδρευσης"
"Πού μπορώ να επικοινωνήσω για νομικές συμβουλές σχετικά με λογαριασμούς ύδρευσης;","έλεγχος_λογαριασμού_ύδρευσης"
"Είναι ο έλεγχος λογαριασμού ύδρευσης το ίδιο με την αλλαγή υδρομέτρου;","έλεγχος_λογαριασμού_ύδρευσης"
"Πώς μπορώ να δηλώσω ανάγκη για έλεγχο λογαριασμού ύδρευσης σε περίπτωση αλλαγής παρόχου;","έλεγχος_λογαριασμού_ύδρευσης"
"Υπάρχουν περιορισμοί στον αριθμό των ελέγχων λογαριασμών που μπορώ να ζητήσω;","έλεγχος_λογαριασμού_ύδρευσης"
"Πού μπορώ να βρω παλαιούς κανονισμούς που αφορούν τους λογαριασμούς ύδρευσης;","έλεγχος_λογαριασμού_ύδρευσης"
"Τι γίνεται αν ο έλεγχος λογαριασμού ύδρευσης δείξει σωστή χρέωση αλλά διαφωνώ;","έλεγχος_λογαριασμού_ύδρευσης"
"Πώς μπορώ να λάβω πληροφορίες για προγράμματα εξοικονόμησης νερού;","έλεγχος_λογαριασμού_ύδρευσης"
"Ποια είναι η διαδικασία για έλεγχο λογαριασμού αν έχω δύο παροχές;", "έλεγχος_λογαριασμού_ύδρευσης"
"Μπορώ να ζητήσω έλεγχο αν ο λογαριασμός είναι εκτιμητικός;", "έλεγχος_λογαριασμού_ύδρευσης"
"Τι γίνεται αν ο λογαριασμός μου είναι μηδενικός;", "έλεγχος_λογαριασμού_ύδρευσης"
"Πού μπορώ να βρω πληροφορίες για το τιμολόγιο ύδρευσης;", "έλεγχος_λογαριασμού_ύδρευσης"
"Είναι η χρέωση για τα κοινόχρηστα σωστή;", "έλεγχος_λογαριασμού_ύδρευσης"
"Πώς μπορώ να κάνω αίτηση για διόρθωση λάθους στην διεύθυνση;", "έλεγχος_λογαριασμού_ύδρευσης"
"Ποιος είναι ο χρόνος διεκπεραίωσης για αίτηση επανελέγχου;", "έλεγχος_λογαριασμού_ύδρευσης"
"Μπορώ να ζητήσω έλεγχο αν έχω παλαιούς λογαριασμούς;", "έλεγχος_λογαριασμού_ύδρευσης"
"Τι γίνεται αν η ένδειξη του υδρομέτρου είναι λάθος;", "έλεγχος_λογαριασμού_ύδρευσης"
"Πώς μπορώ να αποδείξω ότι έχω πληρώσει;", "έλεγχος_λογαριασμού_ύδρευσης"
"Υπάρχει κάποια εφαρμογή για έλεγχο της κατανάλωσης;", "έλεγχος_λογαριασμού_ύδρευσης"
"Ποια είναι τα απαραίτητα έγγραφα για τον έλεγχο;", "έλεγχος_λογαριασμού_ύδρευσης"
"Μπορώ να ζητήσω έλεγχο για το ποσοστό ΦΠΑ;", "έλεγχος_λογαριασμού_ύδρευσης"
"Πώς μπορώ να υποβάλω αίτηση αν είμαι ενοικιαστής;", "έλεγχος_λογαριασμού_ύδρευσης"
"Τι πρέπει να κάνω αν έχω διαφωνία με το ποσό;", "έλεγχος_λογαριασμού_ύδρευσης"
"Πώς μπορώ να δηλώσω βλάβη στο υδρόμετρο;", "έλεγχος_λογαριασμού_ύδρευσης"
"Υπάρχει τηλεφωνική γραμμή για έλεγχο;", "έλεγχος_λογαριασμού_ύδρευσης"
"Ποιος είναι ο ρόλος της επιτροπής ελέγχου;", "έλεγχος_λογαριασμού_ύδρευσης"
"Μπορώ να ζητήσω έλεγχο αν έχω χάσει τον λογαριασμό μου;", "έλεγχος_λογαριασμού_ύδρευσης"
"Πώς μπορώ να ζητήσω έλεγχο σε περίπτωση που ο λογαριασμός είναι πολύ υψηλός;", "έλεγχος_λογαριασμού_ύδρευσης"
"Ποια είναι η διαδικασία για αίτηση διακανονισμού οφειλών μετά τον έλεγχο;", "έλεγχος_λογαριασμού_ύδρευσης"
"Πώς μπορώ να βρω το παροχικό μου αριθμό;", "έλεγχος_λογαριασμού_ύδρευσης"

"Πού δηλώνω διακοπή παροχής νερού;","διακοπή_παροχής_ύδατος"
"Χρειάζεται αίτηση για να κόψω την παροχή ύδρευσης;","διακοπή_παροχής_ύδατος"
"Μπορώ να αιτηθώ ηλεκτρονικά τη διακοπή νερού;","διακοπή_παροχής_ύδατος"
"Τι έγγραφα απαιτούνται για τη διακοπή;","διακοπή_παροχής_ύδατος"
"Ποιος φορέας είναι υπεύθυνος για τη διακοπή παροχής;","διακοπή_παροχής_ύδατος"
"Ποιος είναι ο χρόνος ανταπόκρισης για τη διακοπή παροχής ύδατος;","διακοπή_παροχής_ύδατος"
"Μπορώ να ζητήσω προσωρινή διακοπή παροχής νερού;","διακοπή_παροχής_ύδατος"
"Σε ποια ΔΕΥΑ ή ΕΥΔΑΠ απευθύνομαι για διακοπή παροχής νερού;","διακοπή_παροχής_ύδατος"
"Είναι απαραίτητη η αυτοψία υπαλλήλου για τη διακοπή παροχής ύδατος;","διακοπή_παροχής_ύδατος"
"Ποιοι άλλοι λόγοι οδηγούν σε διακοπή παροχής νερού;","διακοπή_παροχής_ύδατος"
"Χρειάζεται εξόφληση λογαριασμών πριν τη διακοπή παροχής νερού;","διακοπή_παροχής_ύδατος"
"Πώς μπορώ να διορθώσω λάθη στην αίτηση διακοπής παροχής ύδατος;","διακοπή_παροχής_ύδατος"
"Τι γίνεται αν η αίτηση διακοπής παροχής ύδατος απορριφθεί;","διακοπή_παροχής_ύδατος"
"Πού μπορώ να βρω τους κανονισμούς για τη διακοπή παροχής νερού;","διακοπή_παροχής_ύδατος"
"Είναι η διακοπή παροχής ύδατος κρίσιμη για την αποφυγή χρεώσεων;","διακοπή_παροχής_ύδατος"
"Πού μπορώ να βρω τη νομοθεσία για τη διακοπή παροχής νερού;","διακοπή_παροχής_ύδατος"
"Μπορώ να ζητήσω διακοπή παροχής ύδατος μέσω ΚΕΠ;","διακοπή_παροχής_ύδατος"
"Ποιος είναι ο ρόλος του ιδιοκτήτη στην αίτηση διακοπής παροχής ύδατος;","διακοπή_παροχής_ύδατος"
"Χρειάζεται αριθμός παροχής για τη διακοπή παροχής ύδατος;","διακοπή_παροχής_ύδατος"
"Πώς μπορώ να επιταχύνω τη διαδικασία διακοπής παροχής ύδατος;","διακοπή_παροχής_ύδατος"
"Τι προβλέπεται για πρόστιμα σε περίπτωση παράνομης επανασύνδεσης;","διακοπή_παροχής_ύδατος"
"Πού μπορώ να ζητήσω αντίγραφα αιτήσεων διακοπής παροχής ύδατος;","διακοπή_παροχής_ύδατος"
"Είναι η διακοπή παροχής ύδατος απαραίτητη σε περίπτωση αλλαγής χρήσης ακινήτου;","διακοπή_παροχής_ύδατος"
"Πώς μπορώ να δηλώσω διακοπή παροχής ύδατος λόγω κατεδάφισης κτιρίου;","διακοπή_παροχής_ύδατος"
"Υπάρχουν ειδικές ρυθμίσεις για διακοπή παροχής ύδατος σε κοινόχρηστους χώρους;","διακοπή_παροχής_ύδατος"
"Πού μπορώ να βρω εγκυκλίους που αφορούν τη διακοπή παροχής ύδατος;","διακοπή_παροχής_ύδατος"
"Μπορώ να ζητήσω διακοπή παροχής ύδατος για εποχιακή χρήση ακινήτου;","διακοπή_παροχής_ύδατος"
"Ποια είναι η διαδικασία για την επανενεργοποίηση της παροχής ύδατος;","διακοπή_παροχής_ύδατος"
"Χρειάζεται απόφαση δημοτικού συμβουλίου για τη διακοπή παροχής ύδατος;","διακοπή_παροχής_ύδατος"
"Πού μπορώ να βρω συχνές ερωτήσεις για τη διακοπή παροχής ύδατος;","διακοπή_παροχής_ύδατος"
"Είναι η διακοπή παροχής ύδατος καθοριστική για τη μείωση του κόστους;","διακοπή_παροχής_ύδατος"
"Πώς μπορώ να αντλήσω στοιχεία για προηγούμενες διακοπές παροχής ύδατος;","διακοπή_παροχής_ύδατος"
"Υπάρχει ειδικό καθεστώς για διακοπή παροχής ύδατος σε περιπτώσεις οικονομικής δυσπραγίας;","διακοπή_παροχής_ύδατος"
"Πού μπορώ να υποβάλω ένσταση για απόρριψη αίτησης διακοπής παροχής ύδατος;","διακοπή_παροχής_ύδατος"
"Τι γίνεται αν η διακοπή παροχής ύδατος αμφισβητείται από τον ενοικιαστή;","διακοπή_παροχής_ύδατος"
"Πώς μπορώ να λάβω πληροφορίες για το κόστος διακοπής παροχής ύδατος;","διακοπή_παροχής_ύδατος"
"Είναι η διακοπή παροχής ύδατος απαραίτητη για τη μεταβίβαση ακινήτου;","διακοπή_παροχής_ύδατος"
"Πού μπορώ να βρω αποφάσεις δικαστηρίων για ζητήματα διακοπής παροχής ύδατος;","διακοπή_παροχής_ύδατος"
"Μπορώ να αιτηθώ για διακοπή παροχής ύδατος σε αγροτεμάχιο;","διακοπή_παροχής_ύδατος"
"Ποια είναι η διαδικασία για την ανάκληση αίτησης διακοπής παροχής ύδατος;","διακοπή_παροχής_ύδατος"
"Χρειάζεται τελική ανάγνωση μετρητή για τη διακοπή παροχής ύδατος;","διακοπή_παροχής_ύδατος"
"Πού μπορώ να επικοινωνήσω για νομικές συμβουλές σχετικά με τη διακοπή παροχής ύδατος;","διακοπή_παροχής_ύδατος"
"Είναι η διακοπή παροχής ύδατος το ίδιο με την αλλαγή ονόματος λογαριασμού;","διακοπή_παροχής_ύδατος"
"Πώς μπορώ να δηλώσω ανάγκη για διακοπή παροχής ύδατος σε περίπτωση διαρροής;","διακοπή_παροχής_ύδατος"
"Υπάρχουν περιορισμοί στον χρόνο που μπορεί να παραμείνει διακομμένη η παροχή;","διακοπή_παροχής_ύδατος"
"Πού μπορώ να βρω παλαιούς κανονισμούς που αφορούν τη διακοπή παροχής ύδατος;","διακοπή_παροχής_ύδατος"
"Τι γίνεται αν η διακοπή παροχής ύδατος δεν πραγματοποιηθεί στην ώρα της;","διακοπή_παροχής_ύδατος"
"Πώς μπορώ να λάβω πληροφορίες για εκπαιδευτικά προγράμματα εξοικονόμησης νερού;","διακοπή_παροχής_ύδατος"
"Πώς ενημερώνομαι για την ολοκλήρωση της διακοπής παροχής ύδατος;","διακοπή_παροχής_ύδατος"
"Μπορώ να κάνω διακοπή παροχής ύδατος αν υπάρχουν οφειλές;","διακοπή_παροχής_ύδατος"
"Ποια είναι η διαδικασία για επανασύνδεση παροχής ύδατος μετά από διακοπή;","διακοπή_παροχής_ύδατος"
"Χρειάζεται εξουσιοδότηση για διακοπή παροχής ύδατος αν δεν είμαι ο ιδιοκτήτης;","διακοπή_παροχής_ύδατος"
"Μπορώ να αιτηθώ διακοπή παροχής ύδατος για λογαριασμό τρίτου;","διακοπή_παροχής_ύδατος"
"Υπάρχουν τέλη για τη διακοπή ή επανασύνδεση παροχής ύδατος;","διακοπή_παροχής_ύδατος"
"Πώς αποδεικνύεται η διακοπή παροχής ύδατος σε δημόσιες υπηρεσίες;","διακοπή_παροχής_ύδατος"
"Ποια δικαιολογητικά χρειάζονται για διακοπή παροχής ύδατος σε επαγγελματικό ακίνητο;","διακοπή_παροχής_ύδατος"
"Μπορώ να αιτηθώ διακοπή παροχής ύδατος τηλεφωνικά;","διακοπή_παροχής_ύδατος"
"Ποια είναι τα βήματα για διακοπή παροχής ύδατος λόγω κατεδάφισης;","διακοπή_παροχής_ύδατος"
"Πώς ενημερώνομαι για την εξέλιξη της αίτησης διακοπής ύδατος;","διακοπή_παροχής_ύδατος"
"Μπορώ να αιτηθώ επανασύνδεση παροχής ύδατος σε άλλο όνομα;","διακοπή_παροχής_ύδατος"
"Ποιος πληρώνει το υπόλοιπο του λογαριασμού μετά τη διακοπή παροχής ύδατος;","διακοπή_παροχής_ύδατος"
"Υπάρχουν προθεσμίες για την υποβολή αίτησης διακοπής παροχής ύδατος;","διακοπή_παροχής_ύδατος"
"Τι ισχύει για διακοπή παροχής ύδατος σε ακίνητο με συνιδιοκτησία;","διακοπή_παροχής_ύδατος"
"Πώς μπορώ να λάβω γραπτή βεβαίωση για τη διακοπή παροχής ύδατος;","διακοπή_παροχής_ύδατος"
"Μπορώ να ακυρώσω αίτηση διακοπής παροχής ύδατος αν αλλάξω γνώμη;","διακοπή_παροχής_ύδατος"
"Πώς γίνεται η διαδικασία διακοπής παροχής ύδατος σε πολυκατοικία;","διακοπή_παροχής_ύδατος"
"Ποια είναι η διαδικασία για μεταφορά παροχής ύδατος σε νέο ιδιοκτήτη μετά τη διακοπή;","διακοπή_παροχής_ύδατος"
"Υπάρχουν ειδικά μέτρα για διακοπή παροχής ύδατος σε περιπτώσεις φυσικών καταστροφών;","διακοπή_παροχής_ύδατος"

"Πού υποβάλλω αίτηση για νέα παροχή ύδατος;","νέα_παροχή_ύδρευσης"
"Χρειάζομαι νέα σύνδεση με το δίκτυο ύδρευσης – τι κάνω;","νέα_παροχή_ύδρευσης"
"Ποια δικαιολογητικά χρειάζονται για νέα παροχή νερού;","νέα_παροχή_ύδρευσης"
"Γίνεται ηλεκτρονικά η αίτηση για νέα παροχή;","νέα_παροχή_ύδρευσης"
"Ποιος είναι αρμόδιος για νέες παροχές ύδρευσης;","νέα_παροχή_ύδρευσης"
"Ποιος είναι ο χρόνος αναμονής για νέα σύνδεση με το δίκτυο ύδρευσης;","νέα_παροχή_ύδρευσης"
"Μπορώ να ζητήσω νέα παροχή ύδρευσης για αγροτεμάχιο;","νέα_παροχή_ύδρευσης"
"Σε ποια ΔΕΥΑ ή ΕΥΔΑΠ απευθύνομαι για νέα παροχή νερού;","νέα_παροχή_ύδρευσης"
"Είναι απαραίτητη η αυτοψία μηχανικού για νέα παροχή ύδρευσης;","νέα_παροχή_ύδρευσης"
"Ποιοι άλλοι φορείς εμπλέκονται στην εγκατάσταση νέας παροχής ύδρευσης;","νέα_παροχή_ύδρευσης"
"Χρειάζεται τεχνική μελέτη για νέα παροχή ύδρευσης;","νέα_παροχή_ύδρευσης"
"Πώς μπορώ να διορθώσω λάθη στην αίτηση για νέα παροχή ύδρευσης;","νέα_παροχή_ύδρευσης"
"Τι γίνεται αν η αίτηση για νέα παροχή ύδρευσης απορριφθεί;","νέα_παροχή_ύδρευσης"
"Πού μπορώ να βρω τους κανονισμούς για τις νέες παροχές ύδρευσης;","νέα_παροχή_ύδρευσης"
"Είναι η νέα παροχή ύδρευσης κρίσιμη για την έκδοση οικοδομικής άδειας;","νέα_παροχή_ύδρευσης"
"Πού μπορώ να βρω τη νομοθεσία για τις συνδέσεις με το δίκτυο ύδρευσης;","νέα_παροχή_ύδρευσης"
"Μπορώ να ζητήσω νέα παροχή ύδρευσης μέσω ΚΕΠ;","νέα_παροχή_ύδρευσης"
"Ποιος είναι ο ρόλος του ιδιοκτήτη στην εγκατάσταση νέας παροχής ύδρευσης;","νέα_παροχή_ύδρευσης"
"Χρειάζεται πληρωμή τέλους σύνδεσης για νέα παροχή ύδρευσης;","νέα_παροχή_ύδρευσης"
"Πώς μπορώ να επιταχύνω τη διαδικασία εγκατάστασης νέας παροχής ύδρευσης;","νέα_παροχή_ύδρευσης"
"Τι προβλέπεται για πρόστιμα σε περίπτωση παράνομης σύνδεσης με το δίκτυο ύδρευσης;","νέα_παροχή_ύδρευσης"
"Πού μπορώ να ζητήσω αντίγραφα αποφάσεων για νέες παροχές ύδρευσης;","νέα_παροχή_ύδρευσης"
"Είναι η νέα παροχή ύδρευσης απαραίτητη για την άδεια λειτουργίας καταστήματος;","νέα_παροχή_ύδρευσης"
"Πώς μπορώ να δηλώσω αλλαγή χρήσης ακινήτου για νέα παροχή ύδρευσης;","νέα_παροχή_ύδρευσης"
"Υπάρχουν ειδικές ρυθμίσεις για νέα παροχή ύδρευσης σε πολυκατοικίες;","νέα_παροχή_ύδρευσης"
"Πού μπορώ να βρω εγκυκλίους που αφορούν τη νέα παροχή ύδρευσης;","νέα_παροχή_ύδρευσης"
"Μπορώ να ζητήσω νέα παροχή ύδρευσης για προσωρινή χρήση;","νέα_παροχή_ύδρευσης"
"Ποια είναι η διαδικασία για την ανανέωση άδειας νέας παροχής ύδρευσης;","νέα_παροχή_ύδρευσης"
"Χρειάζεται βεβαίωση μη οφειλής για νέα παροχή ύδρευσης;","νέα_παροχή_ύδρευσης"
"Πού μπορώ να βρω συχνές ερωτήσεις για τη νέα παροχή ύδρευσης;","νέα_παροχή_ύδρευσης"
"Είναι η νέα παροχή ύδρευσης καθοριστική για την αξία του ακινήτου;","νέα_παροχή_ύδρευσης"
"Πώς μπορώ να αντλήσω στοιχεία για προηγούμενες νέες παροχές ύδρευσης;","νέα_παροχή_ύδρευσης"
"Υπάρχει ειδικό καθεστώς για νέα παροχή ύδρευσης σε εκτός σχεδίου περιοχές;","νέα_παροχή_ύδρευσης"
"Πού μπορώ να υποβάλω ένσταση για απόρριψη αίτησης νέας παροχής ύδρευσης;","νέα_παροχή_ύδρευσης"
"Τι γίνεται αν η νέα παροχή ύδρευσης αμφισβητείται από γείτονα;","νέα_παροχή_ύδρευσης"
"Πώς μπορώ να λάβω πληροφορίες για το κόστος εγκατάστασης νέας παροχής ύδρευσης;","νέα_παροχή_ύδρευσης"
"Είναι η νέα παροχή ύδρευσης απαραίτητη για τη σύνδεση με αποχέτευση;","νέα_παροχή_ύδρευσης"
"Πού μπορώ να βρω αποφάσεις δικαστηρίων για ζητήματα παροχής ύδρευσης;","νέα_παροχή_ύδρευσης"
"Μπορώ να αιτηθώ για νέα παροχή ύδρευσης για βιομηχανική χρήση;","νέα_παροχή_ύδρευσης"
"Ποια είναι η διαδικασία για την ανάκληση άδειας νέας παροχής ύδρευσης;","νέα_παροχή_ύδρευσης"
"Χρειάζεται πιστοποιητικό ιδιοκτησίας για νέα παροχή ύδρευσης;","νέα_παροχή_ύδρευσης"
"Πού μπορώ να επικοινωνήσω για νομικές συμβουλές σχετικά με τη νέα παροχή ύδρευσης;","νέα_παροχή_ύδρευσης"
"Είναι η νέα παροχή ύδρευσης το ίδιο με την αλλαγή ονόματος λογαριασμού;","νέα_παροχή_ύδρευσης"
"Πώς μπορώ να δηλώσω ανάγκη για νέα παροχή ύδρευσης σε περίπτωση νεοαναγειρόμενου κτίσματος;","νέα_παροχή_ύδρευσης"
"Υπάρχουν περιορισμοί στην πίεση ή την παροχή νερού σε νέα σύνδεση;","νέα_παροχή_ύδρευσης"
"Πού μπορώ να βρω παλαιούς κανονισμούς που αφορούν τις παροχές ύδρευσης;","νέα_παροχή_ύδρευσης"
"Τι γίνεται αν η νέα παροχή ύδρευσης δεν πληροί τις προδιαγραφές;","νέα_παροχή_ύδρευσης"
"Πώς μπορώ να λάβω πληροφορίες για επιδοτούμενα προγράμματα σύνδεσης με δίκτυο ύδρευσης;","νέα_παροχή_ύδρευσης"
"Ποια είναι η διαδικασία έγκρισης σχεδίου υδραυλικής εγκατάστασης για νέα παροχή;","νέα_παροχή_ύδρευσης"
"Χρειάζεται συμβολαιογραφική πράξη για να ζητήσω νέα παροχή ύδρευσης;","νέα_παροχή_ύδρευσης"
"Τι ισχύει για κοινόχρηστους λογαριασμούς σε νέα παροχή ύδρευσης;","νέα_παροχή_ύδρευσης"
"Μπορώ να αιτηθώ νέα παροχή ύδρευσης χωρίς να είμαι ιδιοκτήτης;","νέα_παροχή_ύδρευσης"
"Ποιες περιπτώσεις θεωρούνται κατεπείγουσες για εγκατάσταση νέας παροχής ύδρευσης;","νέα_παροχή_ύδρευσης"
"Πώς γίνεται η διαδικασία έλεγχου στεγανότητας στη νέα παροχή ύδρευσης;","νέα_παροχή_ύδρευσης"
"Υπάρχουν τέλη διατήρησης νέας παροχής ύδρευσης;","νέα_παροχή_ύδρευσης"
"Ποιος είναι υπεύθυνος για τυχόν βλάβες στη νέα παροχή ύδρευσης;","νέα_παροχή_ύδρευσης"
"Χρειάζεται ενεργειακό πιστοποιητικό για την εγκατάσταση νέας παροχής ύδρευσης;","νέα_παροχή_ύδρευσης"
"Πώς γίνεται η τοποθέτηση υδρομέτρου σε νέα παροχή ύδρευσης;","νέα_παροχή_ύδρευσης"
"Μπορώ να ζητήσω νέα παροχή ύδρευσης για δεύτερη κατοικία;","νέα_παροχή_ύδρευσης"
"Τι απαιτείται για να συνδεθεί νέα παροχή ύδρευσης σε υπάρχον δίκτυο;","νέα_παροχή_ύδρευσης"
"Πώς μπορώ να ενημερωθώ για την πρόοδο της αίτησης νέας παροχής ύδρευσης;","νέα_παροχή_ύδρευσης"
"Ποια είναι η διαδικασία αποσύνδεσης παλιάς παροχής πριν νέα σύνδεση;","νέα_παροχή_ύδρευσης"
"Υπάρχει όριο στον αριθμό νέων παροχών ανά ακίνητο;","νέα_παροχή_ύδρευσης"
"Μπορώ να μεταφέρω παλιά παροχή σε νέο κτίσμα;","νέα_παροχή_ύδρευσης"
"Τι γίνεται αν η νέα παροχή ύδρευσης παρουσιάζει διαρροή μετά την τοποθέτηση;","νέα_παροχή_ύδρευσης"
"Ποιος ενημερώνει για τις προδιαγραφές σωλήνων στη νέα παροχή ύδρευσης;","νέα_παροχή_ύδρευσης"
"Ποιες εργασίες θεωρούνται αυθαίρετες στη νέα παροχή ύδρευσης;","νέα_παροχή_ύδρευσης"
"Μπορώ να ζητήσω προσωρινή διακοπή στη διαδικασία νέας παροχής ύδρευσης;","νέα_παροχή_ύδρευσης"

"Πού κάνω αίτηση για υπαγωγή σε ρύθμιση οφειλών;","ρύθμιση_οφειλών"
"Ποια είναι η διαδικασία ρύθμισης χρεών προς τον δήμο;","ρύθμιση_οφειλών"
"Μπορώ να ρυθμίσω τις οφειλές μου ηλεκτρονικά;","ρύθμιση_οφειλών"
"Υπάρχει αίτηση για διακανονισμό δημοτικών τελών;","ρύθμιση_οφειλών"
"Πόσες δόσεις προβλέπονται για ρύθμιση;","ρύθμιση_οφειλών"
"Ποια δικαιολογητικά χρειάζονται για να μπω σε ρύθμιση οφειλών;","ρύθμιση_οφειλών"
"Πόσος χρόνος απαιτείται για την έγκριση της ρύθμισης οφειλών;","ρύθμιση_οφειλών"
"Μπορώ να ρυθμίσω οφειλές από κλήσεις ή πρόστιμα;","ρύθμιση_οφειλών"
"Σε ποια Οικονομική Υπηρεσία του δήμου απευθύνομαι για ρύθμιση χρεών;","ρύθμιση_οφειλών"
"Είναι απαραίτητη η πληρωμή προκαταβολής για τη ρύθμιση οφειλών;","ρύθμιση_οφειλών"
"Ποιοι άλλοι τρόποι εξόφλησης χρεών προς τον δήμο υπάρχουν εκτός ρύθμισης;","ρύθμιση_οφειλών"
"Χρειάζεται ΑΦΜ για την αίτηση ρύθμισης οφειλών;","ρύθμιση_οφειλών"
"Πώς μπορώ να διορθώσω λάθη στην αίτηση ρύθμισης οφειλών;","ρύθμιση_οφειλών"
"Τι γίνεται αν η αίτηση ρύθμισης οφειλών απορριφθεί;","ρύθμιση_οφειλών"
"Πού μπορώ να βρω τους όρους και τις προϋποθέσεις για τις ρυθμίσεις οφειλών;","ρύθμιση_οφειλών"
"Είναι η ρύθμιση οφειλών κρίσιμη για την έκδοση δημοτικής ενημερότητας;","ρύθμιση_οφειλών"
"Πού μπορώ να βρω τη νομοθεσία για τις ρυθμίσεις οφειλών προς τους δήμους;","ρύθμιση_οφειλών"
"Μπορώ να ζητήσω ρύθμιση οφειλών μέσω ΚΕΠ;","ρύθμιση_οφειλών"
"Ποιος είναι ο ρόλος των τόκων και προσαυξήσεων στη ρύθμιση οφειλών;","ρύθμιση_οφειλών"
"Χρειάζεται εκκαθαριστικό σημείωμα για την αίτηση ρύθμισης οφειλών;","ρύθμιση_οφειλών"
"Πώς μπορώ να επιταχύνω τη διαδικασία έγκρισης ρύθμισης οφειλών;","ρύθμιση_οφειλών"
"Τι προβλέπεται για πρόστιμα σε περίπτωση μη τήρησης της ρύθμισης οφειλών;","ρύθμιση_οφειλών"
"Πού μπορώ να ζητήσω αντίγραφα αποφάσεων για ρυθμίσεις οφειλών;","ρύθμιση_οφειλών"
"Είναι η ρύθμιση οφειλών απαραίτητη για τη συμμετοχή σε προγράμματα του δήμου;","ρύθμιση_οφειλών"
"Πώς μπορώ να δηλώσω αλλαγή οικονομικής κατάστασης για επανεξέταση ρύθμισης;","ρύθμιση_οφειλών"
"Υπάρχουν ειδικές ρυθμίσεις οφειλών για ευπαθείς ομάδες;","ρύθμιση_οφειλών"
"Πού μπορώ να βρω εγκυκλίους που αφορούν τη ρύθμιση οφειλών;","ρύθμιση_οφειλών"
"Μπορώ να ζητήσω ρύθμιση οφειλών για τέλη καθαριότητας και φωτισμού;","ρύθμιση_οφειλών"
"Ποια είναι η διαδικασία για την ανανέωση ή παράταση ρύθμισης οφειλών;","ρύθμιση_οφειλών"
"Χρειάζεται πιστοποιητικό φορολογικής ενημερότητας για την αίτηση ρύθμισης;","ρύθμιση_οφειλών"
"Πού μπορώ να βρω συχνές ερωτήσεις για τη ρύθμιση οφειλών;","ρύθμιση_οφειλών"
"Είναι η ρύθμιση οφειλών καθοριστική για την αποφυγή κατασχέσεων;","ρύθμιση_οφειλών"
"Πώς μπορώ να αντλήσω στοιχεία για προηγούμενες ρυθμίσεις οφειλών μου;","ρύθμιση_οφειλών"
"Υπάρχει ειδικό καθεστώς για ρύθμιση οφειλών επιχειρήσεων;","ρύθμιση_οφειλών"
"Πού μπορώ να υποβάλω ένσταση για απόρριψη αίτησης ρύθμισης οφειλών;","ρύθμιση_οφειλών"
"Τι γίνεται αν η ρύθμιση οφειλών αμφισβητείται από τον δήμο;","ρύθμιση_οφειλών"
"Πώς μπορώ να λάβω πληροφορίες για το συνολικό ποσό των οφειλών μου;","ρύθμιση_οφειλών"
"Είναι η ρύθμιση οφειλών απαραίτητη για την έκδοση βεβαίωσης μη οφειλής;","ρύθμιση_οφειλών"
"Πού μπορώ να βρω αποφάσεις δικαστηρίων για ζητήματα ρυθμίσεων οφειλών;","ρύθμιση_οφειλών"
"Μπορώ να αιτηθώ για ρύθμιση οφειλών από προηγούμενους ιδιοκτήτες ακινήτου;","ρύθμιση_οφειλών"
"Ποια είναι η διαδικασία για την παύση ρύθμισης οφειλών;","ρύθμιση_οφειλών"
"Χρειάζεται βεβαίωση μηχανικού για την αίτηση ρύθμισης οφειλών;","ρύθμιση_οφειλών"
"Πού μπορώ να επικοινωνήσω για νομικές συμβουλές σχετικά με τη ρύθμιση οφειλών;","ρύθμιση_οφειλών"
"Είναι η ρύθμιση οφειλών το ίδιο με την αναστολή πληρωμών;","ρύθμιση_οφειλών"
"Πώς μπορώ να δηλώσω ανάγκη για ρύθμιση οφειλών σε περίπτωση απώλειας εισοδήματος;","ρύθμιση_οφειλών"
"Υπάρχουν περιορισμοί στο είδος των οφειλών που μπορούν να ρυθμιστούν;","ρύθμιση_οφειλών"
"Πού μπορώ να βρω παλαιούς κανονισμούς που αφορούν τις ρυθμίσεις οφειλών;","ρύθμιση_οφειλών"
"Τι γίνεται αν η ρύθμιση οφειλών δεν τηρηθεί και χαθεί;","ρύθμιση_οφειλών"
"Πώς μπορώ να λάβω πληροφορίες για επιδοτούμενα προγράμματα ρύθμισης οφειλών;","ρύθμιση_οφειλών"
"Τι πρέπει να προσέξω πριν υπογράψω ρύθμιση οφειλών;","ρύθμιση_οφειλών"
"Πώς ενημερώνομαι για νέες δυνατότητες ρύθμισης οφειλών στον δήμο μου;","ρύθμιση_οφειλών"
"Μπορώ να ζητήσω δεύτερη ρύθμιση αν χαθεί η πρώτη;","ρύθμιση_οφειλών"
"Ποια είναι τα συνηθέστερα λάθη στη διαδικασία ρύθμισης οφειλών;","ρύθμιση_οφειλών"
"Χρειάζεται ενημέρωση του Ε9 μετά από ρύθμιση δημοτικών οφειλών;","ρύθμιση_οφειλών"
"Τι σημαίνει διαγραφή οφειλής μέσω ρύθμισης;","ρύθμιση_οφειλών"
"Πώς επηρεάζει η ρύθμιση οφειλών τη δυνατότητα χρηματοδότησης;","ρύθμιση_οφειλών"
"Ποιες είναι οι συνέπειες καθυστέρησης δόσης ρύθμισης;","ρύθμιση_οφειλών"
"Μπορώ να μεταβιβάσω ακίνητο κατά τη διάρκεια ρύθμισης οφειλών;","ρύθμιση_οφειλών"
"Πώς μπορώ να ενημερωθώ για το υπόλοιπο της ρύθμισης οφειλών μου;","ρύθμιση_οφειλών"
"Τι γίνεται σε περίπτωση θανάτου του οφειλέτη που είχε ενεργή ρύθμιση;","ρύθμιση_οφειλών"
"Μπορώ να εξοφλήσω νωρίτερα τις δόσεις ρύθμισης χωρίς επιβάρυνση;","ρύθμιση_οφειλών"
"Ποιες υπηρεσίες προσφέρονται στους δημότες με ενεργή ρύθμιση οφειλών;","ρύθμιση_οφειλών"
"Υπάρχει διαδικασία ρύθμισης οφειλών για ανενεργές επιχειρήσεις;","ρύθμιση_οφειλών"
"Πώς γίνεται η αναπροσαρμογή δόσης σε ρύθμιση οφειλών;","ρύθμιση_οφειλών"
"Ποιος ενημερώνει για καθυστερημένες δόσεις στη ρύθμιση;","ρύθμιση_οφειλών"
"Μπορώ να μεταβιβάσω τη ρύθμιση οφειλών σε τρίτο πρόσωπο;","ρύθμιση_οφειλών"
"Πότε χάνεται το δικαίωμα ένταξης σε νέα ρύθμιση οφειλών;","ρύθμιση_οφειλών"
"Τι δικαιώματα έχω αν απορριφθεί η αίτησή μου για ρύθμιση;","ρύθμιση_οφειλών"
"Πού μπορώ να βρω οδηγίες συμπλήρωσης αίτησης ρύθμισης οφειλών;","ρύθμιση_οφειλών"

"Πού αιτούμαι βεβαίωση οφειλών και κωδικό πληρωμής ΔΙΑΣ;","βεβαίωση_οφειλών_διας"
"Χρειάζομαι έντυπο για εξόφληση μέσω ΔΙΑΣ – πού το βρίσκω;","βεβαίωση_οφειλών_διας"
"Μπορώ να εκδώσω online κωδικό πληρωμής;","βεβαίωση_οφειλών_διας"
"Ποιος παρέχει τη βεβαίωση οφειλών προς τον δήμο;","βεβαίωση_οφειλών_διας"
"Τι χρειάζεται για να λάβω κωδικό ΔΙΑΣ;","βεβαίωση_οφειλών_διας"
"Ποια δικαιολογητικά απαιτούνται για βεβαίωση οφειλών και κωδικό ΔΙΑΣ;","βεβαίωση_οφειλών_διας"
"Πόσος χρόνος απαιτείται για την έκδοση βεβαίωσης οφειλών και κωδικού ΔΙΑΣ;","βεβαίωση_οφειλών_διας"
"Μπορώ να χρησιμοποιήσω τον κωδικό ΔΙΑΣ για πληρωμή μέσω web banking;","βεβαίωση_οφειλών_διας"
"Σε ποια Οικονομική Υπηρεσία του δήμου απευθύνομαι για βεβαίωση οφειλών ΔΙΑΣ;","βεβαίωση_οφειλών_διας"
"Είναι απαραίτητη η αυτοπρόσωπη παρουσία για τον κωδικό ΔΙΑΣ;","βεβαίωση_οφειλών_διας"
"Ποιοι άλλοι τρόποι πληρωμής οφειλών προς τον δήμο υπάρχουν πέραν του ΔΙΑΣ;","βεβαίωση_οφειλών_διας"
"Χρειάζεται ΑΦΜ για την αίτηση βεβαίωσης οφειλών ΔΙΑΣ;","βεβαίωση_οφειλών_διας"
"Πώς μπορώ να διορθώσω λάθη σε βεβαίωση οφειλών ΔΙΑΣ;","βεβαίωση_οφειλών_διας"
"Τι γίνεται αν η βεβαίωση οφειλών ΔΙΑΣ δείχνει λάθος ποσό;","βεβαίωση_οφειλών_διας"
"Πού μπορώ να βρω τους κανονισμούς για την εξόφληση οφειλών μέσω ΔΙΑΣ;","βεβαίωση_οφειλών_διας"
"Είναι η βεβαίωση οφειλών ΔΙΑΣ κρίσιμη για τη φορολογική ενημερότητα;","βεβαίωση_οφειλών_διας"
"Πού μπορώ να βρω τη νομοθεσία για τις πληρωμές προς τους δήμους;","βεβαίωση_οφειλών_διας"
"Μπορώ να ζητήσω βεβαίωση οφειλών και κωδικό ΔΙΑΣ μέσω ΚΕΠ;","βεβαίωση_οφειλών_διας"
"Ποιος είναι ο ρόλος του ΔΙΑΣ στην είσπραξη δημοτικών οφειλών;","βεβαίωση_οφειλών_διας"
"Χρειάζεται αριθμός ταυτότητας για την έκδοση κωδικού ΔΙΑΣ;","βεβαίωση_οφειλών_διας"
"Πώς μπορώ να επιταχύνω την έκδοση βεβαίωσης οφειλών ΔΙΑΣ;","βεβαίωση_οφειλών_διας"
"Τι προβλέπεται για πρόστιμα σε περίπτωση καθυστέρησης πληρωμής οφειλών;","βεβαίωση_οφειλών_διας"
"Πού μπορώ να ζητήσω αντίγραφα βεβαιώσεων οφειλών ΔΙΑΣ;","βεβαίωση_οφειλών_διας"
"Είναι η βεβαίωση οφειλών ΔΙΑΣ απαραίτητη για μεταβίβαση ακινήτου;","βεβαίωση_οφειλών_διας"
"Πώς μπορώ να δηλώσω αλλαγή στοιχείων για τη βεβαίωση οφειλών ΔΙΑΣ;","βεβαίωση_οφειλών_διας"
"Υπάρχουν ειδικές ρυθμίσεις για βεβαίωση οφειλών ΔΙΑΣ σε περίπτωση ρύθμισης;","βεβαίωση_οφειλών_διας"
"Πού μπορώ να βρω εγκυκλίους που αφορούν τη βεβαίωση οφειλών ΔΙΑΣ;","βεβαίωση_οφειλών_διας"
"Μπορώ να ζητήσω βεβαίωση οφειλών ΔΙΑΣ για νομικό πρόσωπο;","βεβαίωση_οφειλών_διας"
"Ποια είναι η διαδικασία για την ανανέωση βεβαίωσης οφειλών ΔΙΑΣ;","βεβαίωση_οφειλών_διας"
"Χρειάζεται πιστοποιητικό φορολογικής ενημερότητας για την έκδοση βεβαίωσης οφειλών ΔΙΑΣ;","βεβαίωση_οφειλών_διας"
"Πού μπορώ να βρω συχνές ερωτήσεις για τη βεβαίωση οφειλών ΔΙΑΣ;","βεβαίωση_οφειλών_διας"
"Είναι η βεβαίωση οφειλών ΔΙΑΣ καθοριστική για την είσπραξη επιδοτήσεων;","βεβαίωση_οφειλών_διας"
"Πώς μπορώ να αντλήσω στοιχεία για προηγούμενες βεβαιώσεις οφειλών ΔΙΑΣ;","βεβαίωση_οφειλών_διας"
"Υπάρχει ειδικό καθεστώς για βεβαίωση οφειλών ΔΙΑΣ σε περίπτωση θανάτου;","βεβαίωση_οφειλών_διας"
"Πού μπορώ να υποβάλω ένσταση για απόρριψη αίτησης βεβαίωσης οφειλών ΔΙΑΣ;","βεβαίωση_οφειλών_διας"
"Τι γίνεται αν η βεβαίωση οφειλών ΔΙΑΣ αμφισβητείται από τον οφειλέτη;","βεβαίωση_οφειλών_διας"
"Πώς μπορώ να λάβω πληροφορίες για το κόστος έκδοσης βεβαίωσης οφειλών ΔΙΑΣ;","βεβαίωση_οφειλών_διας"
"Είναι η βεβαίωση οφειλών ΔΙΑΣ απαραίτητη για την έκδοση πιστοποιητικού μη οφειλής;","βεβαίωση_οφειλών_διας"
"Πού μπορώ να βρω αποφάσεις δικαστηρίων για ζητήματα οφειλών προς τον δήμο;","βεβαίωση_οφειλών_διας"
"Μπορώ να αιτηθώ για βεβαίωση οφειλών ΔΙΑΣ για κληρονομική υπόθεση;","βεβαίωση_οφειλών_διας"
"Ποια είναι η διαδικασία για την ανάκληση βεβαίωσης οφειλών ΔΙΑΣ;","βεβαίωση_οφειλών_διας"
"Χρειάζεται εκκαθαριστικό σημείωμα για την αίτηση βεβαίωσης οφειλών ΔΙΑΣ;","βεβαίωση_οφειλών_διας"
"Πού μπορώ να επικοινωνήσω για νομικές συμβουλές σχετικά με τις οφειλές προς τον δήμο;","βεβαίωση_οφειλών_διας"
"Είναι η βεβαίωση οφειλών ΔΙΑΣ το ίδιο με την κάρτα δημότη;","βεβαίωση_οφειλών_διας"
"Πώς μπορώ να δηλώσω ανάγκη για βεβαίωση οφειλών ΔΙΑΣ σε περίπτωση πώλησης ακινήτου;","βεβαίωση_οφειλών_διας"
"Υπάρχουν περιορισμοί στον χρόνο ισχύος της βεβαίωσης οφειλών ΔΙΑΣ;","βεβαίωση_οφειλών_διας"
"Πού μπορώ να βρω παλαιούς κανονισμούς που αφορούν τις οφειλές προς τον δήμο;","βεβαίωση_οφειλών_διας"
"Τι γίνεται αν η βεβαίωση οφειλών ΔΙΑΣ δεν εκδοθεί στην ώρα της;","βεβαίωση_οφειλών_διας"
"Πώς μπορώ να λάβω πληροφορίες για εκπαιδευτικά προγράμματα σχετικά με τις οφειλές;","βεβαίωση_οφειλών_διας"
"Πώς μπορώ να μάθω αν εκκρεμούν βεβαιώσεις οφειλών ΔΙΑΣ στο όνομά μου;","βεβαίωση_οφειλών_διας"
"Μπορώ να ζητήσω βεβαίωση οφειλών ΔΙΑΣ για κοινόχρηστο χώρο πολυκατοικίας;","βεβαίωση_οφειλών_διας"
"Υπάρχει προμήθεια ή έξοδα για την έκδοση βεβαίωσης οφειλών ΔΙΑΣ;","βεβαίωση_οφειλών_διας"
"Μπορώ να ακυρώσω έκδοση βεβαίωσης οφειλών ΔΙΑΣ αν αλλάξω γνώμη;","βεβαίωση_οφειλών_διας"
"Ποια είναι η διαδικασία αντικατάστασης χαμένης βεβαίωσης οφειλών ΔΙΑΣ;","βεβαίωση_οφειλών_διας"
"Πώς δηλώνω πληρωμή οφειλής που έγινε εκτός ΔΙΑΣ;","βεβαίωση_οφειλών_διας"
"Τι γίνεται αν ο κωδικός πληρωμής ΔΙΑΣ λήξει πριν πληρώσω;","βεβαίωση_οφειλών_διας"
"Υπάρχει διαφορετική διαδικασία για επαγγελματικά ακίνητα;","βεβαίωση_οφειλών_διας"
"Μπορώ να εκδώσω βεβαίωση οφειλών ΔΙΑΣ για λογαριασμό τρίτου;","βεβαίωση_οφειλών_διας"
"Χρειάζεται έγκριση για επαναλαμβανόμενες πληρωμές μέσω ΔΙΑΣ;","βεβαίωση_οφειλών_διας"
"Τι δικαιώματα έχω αν η βεβαίωση οφειλών ΔΙΑΣ δεν ανταποκρίνεται στην πραγματικότητα;","βεβαίωση_οφειλών_διας"
"Πώς ενημερώνομαι για αλλαγές στον τρόπο πληρωμής με ΔΙΑΣ;","βεβαίωση_οφειλών_διας"
"Επηρεάζει η βεβαίωση οφειλών ΔΙΑΣ τη συμμετοχή μου σε προγράμματα του δήμου;","βεβαίωση_οφειλών_διας"
"Ποια στοιχεία χρειάζονται για την ταυτοποίηση στην αίτηση βεβαίωσης οφειλών ΔΙΑΣ;","βεβαίωση_οφειλών_διας"
"Μπορώ να ζητήσω βεβαίωση οφειλών ΔΙΑΣ για περισσότερα του ενός ακίνητα ταυτόχρονα;","βεβαίωση_οφειλών_διας"
"Ποιος είναι υπεύθυνος για τεχνικά προβλήματα κατά την πληρωμή μέσω ΔΙΑΣ;","βεβαίωση_οφειλών_διας"
"Τι κάνω αν δεν εμφανίζεται η πληρωμή μου μέσω ΔΙΑΣ στον δήμο;","βεβαίωση_οφειλών_διας"
"Πόσες ημέρες διαρκεί η ενημέρωση του δήμου μετά από πληρωμή ΔΙΑΣ;","βεβαίωση_οφειλών_διας"
"Μπορώ να ζητήσω αποστολή της βεβαίωσης οφειλών ΔΙΑΣ με email;","βεβαίωση_οφειλών_διας"
"Πώς μπορώ να εξοφλήσω οφειλές αν δεν έχω πρόσβαση σε ΔΙΑΣ;","βεβαίωση_οφειλών_διας"

"Πού κάνω αίτηση για απόδοση τέλους 0,5%;","τέλος_0_5"
"Τι είναι το τέλος 0,5% και πώς υποβάλλεται;","τέλος_0_5"
"Ποια δραστηριότητα απαιτεί την απόδοση του τέλους 0,5%;","τέλος_0_5"
"Γίνεται online αίτηση για το τέλος 0,5%;","τέλος_0_5"
"Ποια δικαιολογητικά απαιτούνται για την απόδοση 0,5%;","τέλος_0_5"
"Ποιος είναι ο χρόνος απόδοσης του τέλους 0,5%;","τέλος_0_5"
"Μπορώ να πληρώσω το τέλος 0,5% μέσω τράπεζας;","τέλος_0_5"
"Σε ποια Οικονομική Υπηρεσία του δήμου απευθύνομαι για το τέλος 0,5%;","τέλος_0_5"
"Είναι απαραίτητη η υποβολή δηλώσεων για το τέλος 0,5%;","τέλος_0_5"
"Ποιοι άλλοι φόροι ή τέλη σχετίζονται με το τέλος 0,5%;","τέλος_0_5"
"Χρειάζεται ΑΦΜ επιχείρησης για την απόδοση του τέλους 0,5%;","τέλος_0_5"
"Πώς μπορώ να διορθώσω λάθη στην απόδοση του τέλους 0,5%;","τέλος_0_5"
"Τι γίνεται αν η αίτηση για το τέλος 0,5% απορριφθεί;","τέλος_0_5"
"Πού μπορώ να βρω τους κανονισμούς για την απόδοση του τέλους 0,5%;","τέλος_0_5"
"Είναι το τέλος 0,5% κρίσιμο για τη νόμιμη λειτουργία της επιχείρησης;","τέλος_0_5"
"Πού μπορώ να βρω τη νομοθεσία για το τέλος 0,5%;","τέλος_0_5"
"Μπορώ να ζητήσω αναστολή απόδοσης του τέλους 0,5%;","τέλος_0_5"
"Ποιος είναι ο ρόλος του Δήμου στην είσπραξη του τέλους 0,5%;","τέλος_0_5"
"Χρειάζεται βεβαίωση φορολογικής ενημερότητας για το τέλος 0,5%;","τέλος_0_5"
"Πώς μπορώ να επιταχύνω τη διαδικασία απόδοσης του τέλους 0,5%;","τέλος_0_5"
"Τι προβλέπεται για πρόστιμα σε περίπτωση μη απόδοσης του τέλους 0,5%;","τέλος_0_5"
"Πού μπορώ να ζητήσω αντίγραφα αποδείξεων πληρωμής του τέλους 0,5%;","τέλος_0_5"
"Είναι το τέλος 0,5% απαραίτητο για την ανανέωση άδειας λειτουργίας;","τέλος_0_5"
"Πώς μπορώ να δηλώσω αλλαγή δραστηριότητας για το τέλος 0,5%;","τέλος_0_5"
"Υπάρχουν ειδικές ρυθμίσεις για το τέλος 0,5% σε νέες επιχειρήσεις;","τέλος_0_5"
"Πού μπορώ να βρω εγκυκλίους που αφορούν το τέλος 0,5%;","τέλος_0_5"
"Μπορώ να ζητήσω επιστροφή του τέλους 0,5% σε περίπτωση παύσης εργασιών;","τέλος_0_5"
"Ποια είναι η διαδικασία για την αναστολή απόδοσης του τέλους 0,5%;","τέλος_0_5"
"Χρειάζεται λογιστής για την απόδοση του τέλους 0,5%;","τέλος_0_5"
"Πού μπορώ να βρω συχνές ερωτήσεις για το τέλος 0,5%;","τέλος_0_5"
"Είναι το τέλος 0,5% καθοριστικό για την φορολογική κατάσταση της επιχείρησης;","τέλος_0_5"
"Πώς μπορώ να αντλήσω στοιχεία για προηγούμενες αποδόσεις του τέλους 0,5%;","τέλος_0_5"
"Υπάρχει ειδικό καθεστώς για το τέλος 0,5% σε μικρές επιχειρήσεις;","τέλος_0_5"
"Πού μπορώ να υποβάλω ένσταση για απόρριψη αίτησης απόδοσης τέλους 0,5%;","τέλος_0_5"
"Τι γίνεται αν το τέλος 0,5% αμφισβητείται από τον δήμο;","τέλος_0_5"
"Πώς μπορώ να λάβω πληροφορίες για το ύψος του τέλους 0,5%;","τέλος_0_5"
"Είναι το τέλος 0,5% απαραίτητο για τη συμμετοχή σε δημόσιους διαγωνισμούς;","τέλος_0_5"
"Πού μπορώ να βρω αποφάσεις δικαστηρίων για ζητήματα του τέλους 0,5%;","τέλος_0_5"
"Μπορώ να αιτηθώ για μείωση του τέλους 0,5% λόγω οικονομικών δυσκολιών;","τέλος_0_5"
"Ποια είναι η διαδικασία για την ανάκληση δήλωσης απόδοσης του τέλους 0,5%;","τέλος_0_5"
"Χρειάζεται πιστοποιητικό έναρξης εργασιών για το τέλος 0,5%;","τέλος_0_5"
"Πού μπορώ να επικοινωνήσω για νομικές συμβουλές σχετικά με το τέλος 0,5%;","τέλος_0_5"
"Είναι το τέλος 0,5% το ίδιο με το τέλος διαφήμισης;","τέλος_0_5"
"Πώς μπορώ να δηλώσω ανάγκη για απόδοση του τέλους 0,5% σε περίπτωση αλλαγής ΚΑΔ;","τέλος_0_5"
"Υπάρχουν περιορισμοί στο είδος των εσόδων που υπόκεινται στο τέλος 0,5%;","τέλος_0_5"
"Πού μπορώ να βρω παλαιούς κανονισμούς που αφορούν το τέλος 0,5%;","τέλος_0_5"
"Τι γίνεται αν το τέλος 0,5% δεν αποδοθεί στην ώρα του;","τέλος_0_5"
"Πώς μπορώ να λάβω πληροφορίες για επιδοτούμενα προγράμματα επιχειρήσεων;","τέλος_0_5"
"Τι ισχύει για το τέλος 0,5% σε επιχειρήσεις χωρίς φυσική έδρα;","τέλος_0_5"
"Μπορώ να εξοφλήσω το τέλος 0,5% μέσω gov.gr;","τέλος_0_5"
"Πώς διαχωρίζεται το τέλος 0,5% από τον ΦΠΑ ή άλλους φόρους;","τέλος_0_5"
"Υπάρχει δυνατότητα αυτοματοποιημένης υπενθύμισης για το τέλος 0,5%;","τέλος_0_5"
"Ποια παραστατικά γίνονται δεκτά για την απόδοση του τέλους 0,5%;","τέλος_0_5"
"Ποιο είναι το IBAN του Δήμου για κατάθεση του τέλους 0,5%;","τέλος_0_5"
"Τι κάνω αν καταβάλω το τέλος 0,5% σε λάθος Δήμο;","τέλος_0_5"
"Υπάρχει απαλλαγή για κοινωνικές επιχειρήσεις από το τέλος 0,5%;","τέλος_0_5"
"Πώς ενημερώνομαι για αλλαγές στη νομοθεσία για το τέλος 0,5%;","τέλος_0_5"
"Υπάρχει διαφορά για το τέλος 0,5% μεταξύ φυσικών και ηλεκτρονικών καταστημάτων;","τέλος_0_5"
"Τι ισχύει για αναστολή απόδοσης λόγω έκτακτων συνθηκών (π.χ. covid);","τέλος_0_5"
"Ποια είναι τα συνηθέστερα λάθη κατά την απόδοση του τέλους 0,5%;","τέλος_0_5"
"Μπορώ να αναθέσω σε τρίτο την απόδοση του τέλους 0,5%;","τέλος_0_5"
"Πώς ενημερώνομαι αν έχει εκκαθαριστεί η πληρωμή του τέλους 0,5%;","τέλος_0_5"
"Υπάρχει διαφορά στη διαδικασία απόδοσης για ΕΠΕ, ΙΚΕ, ΑΕ;","τέλος_0_5"
"Πώς δηλώνω το τέλος 0,5% αν έχω περισσότερες από μία δραστηριότητες;","τέλος_0_5"
"Ποιοι απαλλάσσονται οριστικά από το τέλος 0,5%;","τέλος_0_5"
"Πώς λαμβάνω βεβαίωση καταβολής του τέλους 0,5% για χρήση σε δημόσια υπηρεσία;","τέλος_0_5"
"Υπάρχει online βοήθεια/FAQ για τη συμπλήρωση της δήλωσης τέλους 0,5%;","τέλος_0_5"
"Τι γίνεται αν ο Δήμος δεν αναγνωρίζει την πληρωμή μου για το τέλος 0,5%;","τέλος_0_5"

"Πώς γίνεται διόρθωση τετραγωνικών στο ΤΑΠ;","ταπ_διόρθωση_τετραγωνικών"
"Πού κάνω αίτηση για αλλαγή στα τετραγωνικά ακινήτου;","ταπ_διόρθωση_τετραγωνικών"
"Χρειάζομαι βεβαίωση για διορθωμένα τετραγωνικά στο ΤΑΠ;","ταπ_διόρθωση_τετραγωνικών"
"Ποια υπηρεσία κάνει τις διορθώσεις τετραγωνικών στο δήμο;","ταπ_διόρθωση_τετραγωνικών"
"Μπορώ να αιτηθώ ηλεκτρονικά διόρθωση τετραγωνικών;","ταπ_διόρθωση_τετραγωνικών"
"Ποια δικαιολογητικά χρειάζονται για διόρθωση τετραγωνικών στο ΤΑΠ;","ταπ_διόρθωση_τετραγωνικών"
"Πόσος χρόνος απαιτείται για την διόρθωση τετραγωνικών στο ΤΑΠ;","ταπ_διόρθωση_τετραγωνικών"
"Μπορώ να αναφέρω λάθος τετραγωνικά σε λογαριασμό ΤΑΠ;","ταπ_διόρθωση_τετραγωνικών"
"Σε ποια Οικονομική Υπηρεσία του δήμου απευθύνομαι για διόρθωση τετραγωνικών;","ταπ_διόρθωση_τετραγωνικών"
"Είναι απαραίτητη η αυτοψία για τη διόρθωση τετραγωνικών στο ΤΑΠ;","ταπ_διόρθωση_τετραγωνικών"
"Ποιοι άλλοι φορείς εμπλέκονται στη διόρθωση τετραγωνικών για το ΤΑΠ;","ταπ_διόρθωση_τετραγωνικών"
"Χρειάζεται τοπογραφικό διάγραμμα για τη διόρθωση τετραγωνικών;","ταπ_διόρθωση_τετραγωνικών"
"Πώς μπορώ να διορθώσω λάθη σε βεβαίωση ΤΑΠ με λανθασμένα τετραγωνικά;","ταπ_διόρθωση_τετραγωνικών"
"Τι γίνεται αν η αίτηση διόρθωσης τετραγωνικών στο ΤΑΠ απορριφθεί;","ταπ_διόρθωση_τετραγωνικών"
"Πού μπορώ να βρω τους κανονισμούς για τον υπολογισμό τετραγωνικών στο ΤΑΠ;","ταπ_διόρθωση_τετραγωνικών"
"Είναι η διόρθωση τετραγωνικών κρίσιμη για τη μείωση του φόρου ΤΑΠ;","ταπ_διόρθωση_τετραγωνικών"
"Πού μπορώ να βρω τη νομοθεσία για τη διόρθωση τετραγωνικών στο ΤΑΠ;","ταπ_διόρθωση_τετραγωνικών"
"Μπορώ να ζητήσω διόρθωση τετραγωνικών στο ΤΑΠ μέσω ΚΕΠ;","ταπ_διόρθωση_τετραγωνικών"
"Ποιος είναι ο ρόλος του μηχανικού στη διόρθωση τετραγωνικών για το ΤΑΠ;","ταπ_διόρθωση_τετραγωνικών"
"Χρειάζεται βεβαίωση μηχανικού για τα σωστά τετραγωνικά;","ταπ_διόρθωση_τετραγωνικών"
"Πώς μπορώ να επιταχύνω τη διαδικασία διόρθωσης τετραγωνικών στο ΤΑΠ;","ταπ_διόρθωση_τετραγωνικών"
"Τι προβλέπεται για πρόστιμα σε περίπτωση ψευδούς δήλωσης τετραγωνικών;","ταπ_διόρθωση_τετραγωνικών"
"Πού μπορώ να ζητήσω αντίγραφα αιτήσεων διόρθωσης τετραγωνικών στο ΤΑΠ;","ταπ_διόρθωση_τετραγωνικών"
"Είναι η διόρθωση τετραγωνικών απαραίτητη για τη μεταβίβαση ακινήτου;","ταπ_διόρθωση_τετραγωνικών"
"Πώς μπορώ να δηλώσω αλλαγή στα τετραγωνικά λόγω προσθήκης;","ταπ_διόρθωση_τετραγωνικών"
"Υπάρχουν ειδικές ρυθμίσεις για διόρθωση τετραγωνικών σε αυθαίρετα;","ταπ_διόρθωση_τετραγωνικών"
"Πού μπορώ να βρω εγκυκλίους που αφορούν τη διόρθωση τετραγωνικών στο ΤΑΠ;","ταπ_διόρθωση_τετραγωνικών"
"Μπορώ να ζητήσω διόρθωση τετραγωνικών για υπόγειο χώρο;","ταπ_διόρθωση_τετραγωνικών"
"Ποια είναι η διαδικασία για την αναδρομική διόρθωση τετραγωνικών;","ταπ_διόρθωση_τετραγωνικών"
"Χρειάζεται πιστοποιητικό ενεργειακής απόδοσης για τη διόρθωση τετραγωνικών;","ταπ_διόρθωση_τετραγωνικών"
"Πού μπορώ να βρω συχνές ερωτήσεις για τη διόρθωση τετραγωνικών στο ΤΑΠ;","ταπ_διόρθωση_τετραγωνικών"
"Είναι η διόρθωση τετραγωνικών καθοριστική για την αντικειμενική αξία ακινήτου;","ταπ_διόρθωση_τετραγωνικών"
"Πώς μπορώ να αντλήσω στοιχεία για προηγούμενες διορθώσεις τετραγωνικών;","ταπ_διόρθωση_τετραγωνικών"
"Υπάρχει ειδικό καθεστώς για διόρθωση τετραγωνικών σε ακίνητα με ειδική χρήση;","ταπ_διόρθωση_τετραγωνικών"
"Πού μπορώ να υποβάλω ένσταση για απόρριψη αίτησης διόρθωσης τετραγωνικών;","ταπ_διόρθωση_τετραγωνικών"
"Τι γίνεται αν η διόρθωση τετραγωνικών αμφισβητείται από τον δήμο;","ταπ_διόρθωση_τετραγωνικών"
"Πώς μπορώ να λάβω πληροφορίες για το κόστος διόρθωσης τετραγωνικών στο ΤΑΠ;","ταπ_διόρθωση_τετραγωνικών"
"Είναι η διόρθωση τετραγωνικών απαραίτητη για την υποβολή δήλωσης στο Ε9;","ταπ_διόρθωση_τετραγωνικών"
"Πού μπορώ να βρω αποφάσεις δικαστηρίων για ζητήματα τετραγωνικών ΤΑΠ;","ταπ_διόρθωση_τετραγωνικών"
"Μπορώ να αιτηθώ για διόρθωση τετραγωνικών σε κοινόχρηστους χώρους;","ταπ_διόρθωση_τετραγωνικών"
"Ποια είναι η διαδικασία για την ανάκληση διόρθωσης τετραγωνικών;","ταπ_διόρθωση_τετραγωνικών"
"Χρειάζεται βεβαίωση μηχανικού για την αίτηση διόρθωσης τετραγωνικών;","ταπ_διόρθωση_τετραγωνικών"
"Πού μπορώ να επικοινωνήσω για νομικές συμβουλές σχετικά με τη διόρθωση τετραγωνικών στο ΤΑΠ;","ταπ_διόρθωση_τετραγωνικών"
"Είναι η διόρθωση τετραγωνικών το ίδιο με την τακτοποίηση αυθαιρέτου;","ταπ_διόρθωση_τετραγωνικών"
"Πώς μπορώ να δηλώσω ανάγκη για διόρθωση τετραγωνικών σε περίπτωση κατεδάφισης;","ταπ_διόρθωση_τετραγωνικών"
"Υπάρχουν περιορισμοί στο χρονικό διάστημα για διόρθωση τετραγωνικών;","ταπ_διόρθωση_τετραγωνικών"
"Πού μπορώ να βρω παλαιούς κανονισμούς που αφορούν τα τετραγωνικά στο ΤΑΠ;","ταπ_διόρθωση_τετραγωνικών"
"Τι γίνεται αν η διόρθωση τετραγωνικών δεν εφαρμοστεί στον λογαριασμό;","ταπ_διόρθωση_τετραγωνικών"
"Πώς μπορώ να λάβω πληροφορίες για προγράμματα ρύθμισης οφειλών μετά τη διόρθωση τετραγωνικών;","ταπ_διόρθωση_τετραγωνικών"
"Πώς μπορώ να ενημερωθώ για την πορεία της αίτησης διόρθωσης τετραγωνικών;","ταπ_διόρθωση_τετραγωνικών"
"Υπάρχει προθεσμία για να δηλώσω λανθασμένα τετραγωνικά;","ταπ_διόρθωση_τετραγωνικών"
"Τι γίνεται αν διαπιστωθεί λάθος στα τετραγωνικά από τον δήμο;","ταπ_διόρθωση_τετραγωνικών"
"Χρειάζεται αυτοψία μηχανικού για τη διόρθωση σε παλιές οικοδομές;","ταπ_διόρθωση_τετραγωνικών"
"Πού μπορώ να βρω φόρμα αίτησης για διόρθωση τετραγωνικών;","ταπ_διόρθωση_τετραγωνικών"
"Είναι δυνατή η διόρθωση τετραγωνικών για ημιυπαίθριο χώρο;","ταπ_διόρθωση_τετραγωνικών"
"Πώς γίνεται η διόρθωση τετραγωνικών για ακίνητο που άλλαξε χρήση;","ταπ_διόρθωση_τετραγωνικών"
"Υπάρχει διαφορά στη διαδικασία διόρθωσης για κύρια και βοηθητικά τετραγωνικά;","ταπ_διόρθωση_τετραγωνικών"
"Χρειάζεται έγκριση από όλους τους συνιδιοκτήτες για τη διόρθωση τετραγωνικών;","ταπ_διόρθωση_τετραγωνικών"
"Τι γίνεται αν δεν συμφωνούν οι συγκύριοι για τα δηλωμένα τετραγωνικά;","ταπ_διόρθωση_τετραγωνικών"
"Πώς επηρεάζεται ο ΕΝΦΙΑ από τη διόρθωση τετραγωνικών στο ΤΑΠ;","ταπ_διόρθωση_τετραγωνικών"
"Χρειάζεται ενημέρωση του Κτηματολογίου μετά τη διόρθωση τετραγωνικών;","ταπ_διόρθωση_τετραγωνικών"
"Τι ισχύει για διόρθωση τετραγωνικών σε ακίνητα με συνένωση διαμερισμάτων;","ταπ_διόρθωση_τετραγωνικών"
"Μπορώ να δηλώσω διόρθωση τετραγωνικών για ακίνητο σε ορεινή περιοχή;","ταπ_διόρθωση_τετραγωνικών"
"Πώς ενημερώνομαι για αλλαγές στο ύψος του ΤΑΠ μετά τη διόρθωση;","ταπ_διόρθωση_τετραγωνικών"
"Τι κάνω αν το σύστημα ηλεκτρονικής δήλωσης δεν δέχεται τα τετραγωνικά μου;","ταπ_διόρθωση_τετραγωνικών"
"Χρειάζεται πληρεξούσιο για διόρθωση τετραγωνικών εκ μέρους τρίτου;","ταπ_διόρθωση_τετραγωνικών"
"Ποια δικαιολογητικά απαιτούνται σε περίπτωση κληρονομιάς για διόρθωση τετραγωνικών;","ταπ_διόρθωση_τετραγωνικών"
"Υπάρχουν τέλη ή έξοδα για τη διόρθωση τετραγωνικών στο ΤΑΠ;","ταπ_διόρθωση_τετραγωνικών"
"Πού μπορώ να κάνω καταγγελία αν αρνούνται να διορθώσουν τα τετραγωνικά μου;","ταπ_διόρθωση_τετραγωνικών"

"Πώς κάνω αίτηση για ΤΑΠ σε μη ηλεκτροδοτούμενο ακίνητο;","ταπ_μη_ηλεκτροδοτούμενα"
"Χρειάζομαι βεβαίωση ΤΑΠ για ακίνητο χωρίς ρεύμα;","ταπ_μη_ηλεκτροδοτούμενα"
"Μπορώ να εκδώσω ΤΑΠ για αχρησιμοποίητο κτίσμα;","ταπ_μη_ηλεκτροδοτούμενα"
"Υπάρχει διαφορετική αίτηση για ΤΑΠ μη ηλεκτροδοτούμενων;","ταπ_μη_ηλεκτροδοτούμενα"
"Πού υποβάλλεται το ΤΑΠ για οικόπεδο χωρίς παροχή;","ταπ_μη_ηλεκτροδοτούμενα"
"Ποια δικαιολογητικά χρειάζονται για ΤΑΠ μη ηλεκτροδοτούμενου ακινήτου;","ταπ_μη_ηλεκτροδοτούμενα"
"Ποιος είναι ο χρόνος έκδοσης ΤΑΠ για ακίνητο χωρίς ρεύμα;","ταπ_μη_ηλεκτροδοτούμενα"
"Μπορώ να εκδώσω online ΤΑΠ για μη ηλεκτροδοτούμενο οικόπεδο;","ταπ_μη_ηλεκτροδοτούμενα"
"Σε ποια Οικονομική Υπηρεσία του δήμου απευθύνομαι για ΤΑΠ μη ηλεκτροδοτούμενων;","ταπ_μη_ηλεκτροδοτούμενα"
"Είναι απαραίτητη η αυτοψία για την έκδοση ΤΑΠ σε αχρησιμοποίητο ακίνητο;","ταπ_μη_ηλεκτροδοτούμενα"
"Ποιοι άλλοι φορείς εμπλέκονται στο ΤΑΠ μη ηλεκτροδοτούμενων ακινήτων;","ταπ_μη_ηλεκτροδοτούμενα"
"Χρειάζεται ΑΦΜ ακινήτου για την αίτηση ΤΑΠ μη ηλεκτροδοτούμενου;","ταπ_μη_ηλεκτροδοτούμενα"
"Πώς μπορώ να διορθώσω λάθη σε βεβαίωση ΤΑΠ μη ηλεκτροδοτούμενου;","ταπ_μη_ηλεκτροδοτούμενα"
"Τι γίνεται αν η αίτηση ΤΑΠ για μη ηλεκτροδοτούμενο απορριφθεί;","ταπ_μη_ηλεκτροδοτούμενα"
"Πού μπορώ να βρω τους κανονισμούς για το ΤΑΠ σε μη ηλεκτροδοτούμενα;","ταπ_μη_ηλεκτροδοτούμενα"
"Είναι το ΤΑΠ μη ηλεκτροδοτούμενου κρίσιμο για τη μεταβίβαση ακινήτου;","ταπ_μη_ηλεκτροδοτούμενα"
"Πού μπορώ να βρω τη νομοθεσία για το ΤΑΠ στα μη ηλεκτροδοτούμενα;","ταπ_μη_ηλεκτροδοτούμενα"
"Μπορώ να ζητήσω ΤΑΠ για μη ηλεκτροδοτούμενο ακίνητο μέσω ΚΕΠ;","ταπ_μη_ηλεκτροδοτούμενα"
"Ποιος είναι ο ρόλος του ιδιοκτήτη στο ΤΑΠ μη ηλεκτροδοτούμενου;","ταπ_μη_ηλεκτροδοτούμενα"
"Χρειάζεται αντίγραφο οικοδομικής άδειας για το ΤΑΠ μη ηλεκτροδοτούμενου;","ταπ_μη_ηλεκτροδοτούμενα"
"Πώς μπορώ να επιταχύνω την έκδοση ΤΑΠ μη ηλεκτροδοτούμενου;","ταπ_μη_ηλεκτροδοτούμενα"
"Τι προβλέπεται για πρόστιμα σε περίπτωση ψευδούς δήλωσης για ΤΑΠ μη ηλεκτροδοτούμενου;","ταπ_μη_ηλεκτροδοτούμενα"
"Πού μπορώ να ζητήσω αντίγραφα βεβαιώσεων ΤΑΠ μη ηλεκτροδοτούμενων;","ταπ_μη_ηλεκτροδοτούμενα"
"Είναι το ΤΑΠ μη ηλεκτροδοτούμενου απαραίτητο για την εγγραφή στο Κτηματολόγιο;","ταπ_μη_ηλεκτροδοτούμενα"
"Πώς μπορώ να δηλώσω αλλαγή χρήσης σε μη ηλεκτροδοτούμενο ακίνητο για ΤΑΠ;","ταπ_μη_ηλεκτροδοτούμενα"
"Υπάρχουν ειδικές ρυθμίσεις για ΤΑΠ σε μη ηλεκτροδοτούμενα οικόπεδα;","ταπ_μη_ηλεκτροδοτούμενα"
"Πού μπορώ να βρω εγκυκλίους που αφορούν το ΤΑΠ μη ηλεκτροδοτούμενων;","ταπ_μη_ηλεκτροδοτούμενα"
"Μπορώ να ζητήσω ΤΑΠ για μη ηλεκτροδοτούμενο ακίνητο που είναι ετοιμόρροπο;","ταπ_μη_ηλεκτροδοτούμενα"
"Ποια είναι η διαδικασία για την ανανέωση ΤΑΠ μη ηλεκτροδοτούμενου;","ταπ_μη_ηλεκτροδοτούμενα"
"Χρειάζεται βεβαίωση μηχανικού για το ΤΑΠ μη ηλεκτροδοτούμενου;","ταπ_μη_ηλεκτροδοτούμενα"
"Πού μπορώ να βρω συχνές ερωτήσεις για το ΤΑΠ μη ηλεκτροδοτούμενων;","ταπ_μη_ηλεκτροδοτούμενα"
"Είναι το ΤΑΠ μη ηλεκτροδοτούμενου καθοριστικό για την αξία του ακινήτου;","ταπ_μη_ηλεκτροδοτούμενα"
"Πώς μπορώ να αντλήσω στοιχεία για προηγούμενα ΤΑΠ μη ηλεκτροδοτούμενων;","ταπ_μη_ηλεκτροδοτούμενα"
"Υπάρχει ειδικό καθεστώς για ΤΑΠ σε μη ηλεκτροδοτούμενα ακίνητα με ειδική χρήση;","ταπ_μη_ηλεκτροδοτούμενα"
"Πού μπορώ να υποβάλω ένσταση για απόρριψη αίτησης ΤΑΠ μη ηλεκτροδοτούμενου;","ταπ_μη_ηλεκτροδοτούμενα"
"Τι γίνεται αν το ΤΑΠ μη ηλεκτροδοτούμενου αμφισβητείται από τον αγοραστή;","ταπ_μη_ηλεκτροδοτούμενα"
"Πώς μπορώ να λάβω πληροφορίες για το κόστος ΤΑΠ μη ηλεκτροδοτούμενου;","ταπ_μη_ηλεκτροδοτούμενα"
"Είναι το ΤΑΠ μη ηλεκτροδοτούμενου απαραίτητο για την έκδοση οικοδομικής άδειας;","ταπ_μη_ηλεκτροδοτούμενα"
"Πού μπορώ να βρω αποφάσεις δικαστηρίων για ζητήματα ΤΑΠ μη ηλεκτροδοτούμενων;","ταπ_μη_ηλεκτροδοτούμενα"
"Μπορώ να αιτηθώ για ΤΑΠ μη ηλεκτροδοτούμενου ακινήτου που έχει κληρονομηθεί;","ταπ_μη_ηλεκτροδοτούμενα"
"Ποια είναι η διαδικασία για την ανάκληση ΤΑΠ μη ηλεκτροδοτούμενου;","ταπ_μη_ηλεκτροδοτούμενα"
"Χρειάζεται βεβαίωση μη ηλεκτροδότησης για την αίτηση ΤΑΠ μη ηλεκτροδοτούμενου;","ταπ_μη_ηλεκτροδοτούμενα"
"Πού μπορώ να επικοινωνήσω για νομικές συμβουλές σχετικά με το ΤΑΠ μη ηλεκτροδοτούμενων;","ταπ_μη_ηλεκτροδοτούμενα"
"Είναι το ΤΑΠ μη ηλεκτροδοτούμενου το ίδιο με το ΤΑΠ ηλεκτροδότησης;","ταπ_μη_ηλεκτροδοτούμενα"
"Πώς μπορώ να δηλώσω ανάγκη για ΤΑΠ μη ηλεκτροδοτούμενου σε περίπτωση δωρεάς ακινήτου;","ταπ_μη_ηλεκτροδοτούμενα"
"Υπάρχουν περιορισμοί στον χρόνο ισχύος του ΤΑΠ μη ηλεκτροδοτούμενου;","ταπ_μη_ηλεκτροδοτούμενα"
"Πού μπορώ να βρω παλαιούς κανονισμούς που αφορούν το ΤΑΠ μη ηλεκτροδοτούμενων;","ταπ_μη_ηλεκτροδοτούμενα"
"Τι γίνεται αν το ΤΑΠ μη ηλεκτροδοτούμενου δεν εκδοθεί στην ώρα του;","ταπ_μη_ηλεκτροδοτούμενα"
"Πώς μπορώ να λάβω πληροφορίες για προγράμματα επιδότησης συντήρησης μη ηλεκτροδοτούμενων;","ταπ_μη_ηλεκτροδοτούμενα"
"Πώς διαγράφεται το ΤΑΠ σε μη ηλεκτροδοτούμενο ακίνητο που κατεδαφίστηκε;","ταπ_μη_ηλεκτροδοτούμενα"
"Τι δικαιολογητικά απαιτούνται για απαλλαγή ΤΑΠ σε μη ηλεκτροδοτούμενο ακίνητο;","ταπ_μη_ηλεκτροδοτούμενα"
"Μπορώ να εκδώσω ΤΑΠ για υπό ανέγερση ακίνητο χωρίς ρεύμα;","ταπ_μη_ηλεκτροδοτούμενα"
"Πώς υπολογίζεται το ΤΑΠ για ακίνητο χωρίς ηλεκτροδότηση;","ταπ_μη_ηλεκτροδοτούμενα"
"Χρειάζεται τίτλος ιδιοκτησίας για αίτηση ΤΑΠ μη ηλεκτροδοτούμενου;","ταπ_μη_ηλεκτροδοτούμενα"
"Σε ποιο τμήμα απευθύνομαι αν υπάρχουν λάθη στα τετραγωνικά του ΤΑΠ μη ηλεκτροδοτούμενου;","ταπ_μη_ηλεκτροδοτούμενα"
"Υπάρχει διαδικασία για ΤΑΠ αποθήκης χωρίς ρεύμα;","ταπ_μη_ηλεκτροδοτούμενα"
"Ποια είναι η διάρκεια ισχύος βεβαίωσης ΤΑΠ για μη ηλεκτροδοτούμενο;","ταπ_μη_ηλεκτροδοτούμενα"
"Πώς γίνεται η αλλαγή ιδιοκτήτη σε ΤΑΠ μη ηλεκτροδοτούμενου ακινήτου;","ταπ_μη_ηλεκτροδοτούμενα"
"Μπορώ να μεταβιβάσω ακίνητο χωρίς ενεργή βεβαίωση ΤΑΠ μη ηλεκτροδοτούμενου;","ταπ_μη_ηλεκτροδοτούμενα"
"Χρειάζεται ενημερότητα ΤΑΠ για αγοραπωλησία μη ηλεκτροδοτούμενου ακινήτου;","ταπ_μη_ηλεκτροδοτούμενα"
"Υπάρχουν ειδικά τέλη για ΤΑΠ σε κοινόχρηστους χώρους χωρίς ηλεκτροδότηση;","ταπ_μη_ηλεκτροδοτούμενα"
"Τι γίνεται αν βρεθεί διαφορά στα τετραγωνικά μετά την έκδοση ΤΑΠ μη ηλεκτροδοτούμενου;","ταπ_μη_ηλεκτροδοτούμενα"
"Μπορώ να κάνω τροποποίηση στοιχείων μετά την έκδοση ΤΑΠ μη ηλεκτροδοτούμενου;","ταπ_μη_ηλεκτροδοτούμενα"
"Πώς δηλώνω προσθήκη ή αφαίρεση τετραγωνικών σε μη ηλεκτροδοτούμενο ακίνητο;","ταπ_μη_ηλεκτροδοτούμενα"
"Τι γίνεται αν διαπιστωθεί χρήση ακινήτου χωρίς δήλωση ΤΑΠ μη ηλεκτροδοτούμενου;","ταπ_μη_ηλεκτροδοτούμενα"
"Πώς ενημερώνομαι για αλλαγές στη νομοθεσία ΤΑΠ μη ηλεκτροδοτούμενων;","ταπ_μη_ηλεκτροδοτούμενα"
"Μπορώ να δηλώσω κατεδάφιση μη ηλεκτροδοτούμενου ακινήτου ηλεκτρονικά;","ταπ_μη_ηλεκτροδοτούμενα"
"Υπάρχουν πρόσθετες χρεώσεις για καθυστέρηση δήλωσης ΤΑΠ μη ηλεκτροδοτούμενου;","ταπ_μη_ηλεκτροδοτούμενα"
"Πώς γίνεται η ενημέρωση του Κτηματολογίου για μεταβολές ΤΑΠ μη ηλεκτροδοτούμενου;","ταπ_μη_ηλεκτροδοτούμενα"

"Πού κάνω αίτηση για ΤΑΠ για ηλεκτροδότηση ακινήτου;","ταπ_ηλεκτροδότηση"
"Χρειάζομαι ΤΑΠ για σύνδεση ρεύματος στο ακίνητό μου;","ταπ_ηλεκτροδότηση"
"Μπορώ να υποβάλω ηλεκτρονικά αίτηση για ΤΑΠ ηλεκτροδότησης;","ταπ_ηλεκτροδότηση"
"Ποια έγγραφα απαιτούνται για ΤΑΠ ηλεκτροδότησης;","ταπ_ηλεκτροδότηση"
"Ποιος είναι υπεύθυνος για το ΤΑΠ σε περίπτωση ηλεκτροδότησης;","ταπ_ηλεκτροδότηση"
"Ποιος είναι ο χρόνος έκδοσης βεβαίωσης ΤΑΠ για ηλεκτροδότηση;","ταπ_ηλεκτροδότηση"
"Μπορώ να πληρώσω το ΤΑΠ online για την ηλεκτροδότηση;","ταπ_ηλεκτροδότηση"
"Σε ποια Οικονομική Υπηρεσία του δήμου απευθύνομαι για ΤΑΠ ηλεκτροδότησης;","ταπ_ηλεκτροδότηση"
"Είναι απαραίτητη η αυτοψία για την έκδοση ΤΑΠ ηλεκτροδότησης;","ταπ_ηλεκτροδότηση"
"Ποιοι άλλοι φορείς εμπλέκονται στο ΤΑΠ ηλεκτροδότησης;","ταπ_ηλεκτροδότηση"
"Χρειάζεται ΑΦΜ ακινήτου για την αίτηση ΤΑΠ ηλεκτροδότησης;","ταπ_ηλεκτροδότηση"
"Πώς μπορώ να διορθώσω λάθη σε βεβαίωση ΤΑΠ ηλεκτροδότησης;","ταπ_ηλεκτροδότηση"
"Τι γίνεται αν η αίτηση ΤΑΠ ηλεκτροδότησης απορριφθεί;","ταπ_ηλεκτροδότηση"
"Πού μπορώ να βρω τους κανονισμούς για το ΤΑΠ στην ηλεκτροδότηση;","ταπ_ηλεκτροδότηση"
"Είναι το ΤΑΠ ηλεκτροδότησης κρίσιμο για τη σύνδεση με τη ΔΕΔΔΗΕ;","ταπ_ηλεκτροδότηση"
"Πού μπορώ να βρω τη νομοθεσία για το ΤΑΠ ηλεκτροδότησης;","ταπ_ηλεκτροδότηση"
"Μπορώ να ζητήσω ΤΑΠ ηλεκτροδότησης μέσω ΚΕΠ;","ταπ_ηλεκτροδότηση"
"Ποιος είναι ο ρόλος του ιδιοκτήτη στο ΤΑΠ ηλεκτροδότησης;","ταπ_ηλεκτροδότηση"
"Χρειάζεται αντίγραφο οικοδομικής άδειας για το ΤΑΠ ηλεκτροδότησης;","ταπ_ηλεκτροδότηση"
"Πώς μπορώ να επιταχύνω την έκδοση ΤΑΠ ηλεκτροδότησης;","ταπ_ηλεκτροδότηση"
"Τι προβλέπεται για πρόστιμα σε περίπτωση παράνομης ηλεκτροδότησης χωρίς ΤΑΠ;","ταπ_ηλεκτροδότηση"
"Πού μπορώ να ζητήσω αντίγραφα βεβαιώσεων ΤΑΠ ηλεκτροδότησης;","ταπ_ηλεκτροδότηση"
"Είναι το ΤΑΠ ηλεκτροδότησης απαραίτητο για τη μεταβίβαση ακινήτου;","ταπ_ηλεκτροδότηση"
"Πώς μπορώ να δηλώσω αλλαγή χρήσης ακινήτου για ΤΑΠ ηλεκτροδότησης;","ταπ_ηλεκτροδότηση"
"Υπάρχουν ειδικές ρυθμίσεις για ΤΑΠ ηλεκτροδότησης σε αγροτικά ακίνητα;","ταπ_ηλεκτροδότηση"
"Πού μπορώ να βρω εγκυκλίους που αφορούν το ΤΑΠ ηλεκτροδότησης;","ταπ_ηλεκτροδότηση"
"Μπορώ να ζητήσω ΤΑΠ ηλεκτροδότησης για προσωρινή παροχή ρεύματος;","ταπ_ηλεκτροδότηση"
"Ποια είναι η διαδικασία για την ανανέωση ΤΑΠ ηλεκτροδότησης;","ταπ_ηλεκτροδότηση"
"Χρειάζεται βεβαίωση μηχανικού για το ΤΑΠ ηλεκτροδότησης;","ταπ_ηλεκτροδότηση"
"Πού μπορώ να βρω συχνές ερωτήσεις για το ΤΑΠ ηλεκτροδότησης;","ταπ_ηλεκτροδότηση"
"Είναι το ΤΑΠ ηλεκτροδότησης καθοριστικό για την αξία του ακινήτου;","ταπ_ηλεκτροδότηση"
"Πώς μπορώ να αντλήσω στοιχεία για προηγούμενα ΤΑΠ ηλεκτροδότησης;","ταπ_ηλεκτροδότηση"
"Υπάρχει ειδικό καθεστώς για ΤΑΠ ηλεκτροδότησης σε διατηρητέα κτίρια;","ταπ_ηλεκτροδότηση"
"Πού μπορώ να υποβάλω ένσταση για απόρριψη αίτησης ΤΑΠ ηλεκτροδότησης;","ταπ_ηλεκτροδότηση"
"Τι γίνεται αν το ΤΑΠ ηλεκτροδότησης αμφισβητείται από τον πάροχο ρεύματος;","ταπ_ηλεκτροδότηση"
"Πώς μπορώ να λάβω πληροφορίες για το κόστος ΤΑΠ ηλεκτροδότησης;","ταπ_ηλεκτροδότηση"
"Είναι το ΤΑΠ ηλεκτροδότησης απαραίτητο για την έκδοση άδειας λειτουργίας;","ταπ_ηλεκτροδότηση"
"Πού μπορώ να βρω αποφάσεις δικαστηρίων για ζητήματα ΤΑΠ ηλεκτροδότησης;","ταπ_ηλεκτροδότηση"
"Μπορώ να αιτηθώ για ΤΑΠ ηλεκτροδότησης για οικόπεδο χωρίς κτίσμα;","ταπ_ηλεκτροδότηση"
"Ποια είναι η διαδικασία για την ανάκληση ΤΑΠ ηλεκτροδότησης;","ταπ_ηλεκτροδότηση"
"Χρειάζεται πιστοποιητικό ηλεκτρολόγου για την αίτηση ΤΑΠ ηλεκτροδότησης;","ταπ_ηλεκτροδότηση"
"Πού μπορώ να επικοινωνήσω για νομικές συμβουλές σχετικά με το ΤΑΠ ηλεκτροδότησης;","ταπ_ηλεκτροδότηση"
"Είναι το ΤΑΠ ηλεκτροδότησης το ίδιο με την άδεια ηλεκτροδότησης;","ταπ_ηλεκτροδότηση"
"Πώς μπορώ να δηλώσω ανάγκη για ΤΑΠ ηλεκτροδότησης σε περίπτωση ανακαίνισης;","ταπ_ηλεκτροδότηση"
"Υπάρχουν περιορισμοί στον χρόνο ισχύος του ΤΑΠ ηλεκτροδότησης;","ταπ_ηλεκτροδότηση"
"Πού μπορώ να βρω παλαιούς κανονισμούς που αφορούν το ΤΑΠ ηλεκτροδότησης;","ταπ_ηλεκτροδότηση"
"Τι γίνεται αν το ΤΑΠ ηλεκτροδότησης δεν εκδοθεί στην ώρα του;","ταπ_ηλεκτροδότηση"
"Πώς μπορώ να λάβω πληροφορίες για προγράμματα επιδότησης ηλεκτροδότησης;","ταπ_ηλεκτροδότηση"
"Μπορώ να ζητήσω ΤΑΠ ηλεκτροδότησης για ακίνητο που δεν έχει ολοκληρωθεί;","ταπ_ηλεκτροδότηση"
"Χρειάζεται πιστοποιητικό ΕΝΦΙΑ για το ΤΑΠ ηλεκτροδότησης;","ταπ_ηλεκτροδότηση"
"Ποια είναι η διαδικασία διόρθωσης λαθών στα τετραγωνικά για ΤΑΠ ηλεκτροδότησης;","ταπ_ηλεκτροδότηση"
"Μπορώ να εκδώσω ΤΑΠ ηλεκτροδότησης για κοινόχρηστο χώρο;","ταπ_ηλεκτροδότηση"
"Υπάρχουν ειδικές ρυθμίσεις για ΤΑΠ ηλεκτροδότησης σε ειδική χρήση (π.χ. βιομηχανικό ακίνητο);","ταπ_ηλεκτροδότηση"
"Τι γίνεται σε περίπτωση πολλών συνιδιοκτητών κατά την αίτηση ΤΑΠ ηλεκτροδότησης;","ταπ_ηλεκτροδότηση"
"Χρειάζεται ενημερότητα ΤΑΠ για να προχωρήσει η ηλεκτροδότηση;","ταπ_ηλεκτροδότηση"
"Ποιος ευθύνεται για την υποβολή ΤΑΠ ηλεκτροδότησης σε μίσθωση ακινήτου;","ταπ_ηλεκτροδότηση"
"Πού ενημερώνομαι για αλλαγές στην διαδικασία ΤΑΠ ηλεκτροδότησης;","ταπ_ηλεκτροδότηση"
"Ποια είναι τα συχνότερα λάθη κατά την αίτηση ΤΑΠ ηλεκτροδότησης;","ταπ_ηλεκτροδότηση"
"Υπάρχει διαφορά ΤΑΠ ηλεκτροδότησης για μονοκατοικίες και διαμερίσματα;","ταπ_ηλεκτροδότηση"
"Τι ισχύει για ΤΑΠ ηλεκτροδότησης σε αγροτικά κτίσματα;","ταπ_ηλεκτροδότηση"
"Μπορεί να γίνει αίτηση ΤΑΠ ηλεκτροδότησης για προσωρινή εγκατάσταση (π.χ. εργοταξιακή παροχή);","ταπ_ηλεκτροδότηση"
"Τι συμβαίνει αν υπάρχουν διαφορές στα τετραγωνικά μεταξύ Ε9 και ΤΑΠ ηλεκτροδότησης;","ταπ_ηλεκτροδότηση"
"Πώς ενημερώνεται η ΔΕΔΔΗΕ για την έκδοση ΤΑΠ ηλεκτροδότησης;","ταπ_ηλεκτροδότηση"
"Υπάρχει επιβάρυνση για καθυστερημένη υποβολή ΤΑΠ ηλεκτροδότησης;","ταπ_ηλεκτροδότηση"
"Πώς διορθώνω στοιχεία ιδιοκτήτη σε βεβαίωση ΤΑΠ ηλεκτροδότησης;","ταπ_ηλεκτροδότηση"
"Τι χρειάζεται για μεταβολή στοιχείων ακινήτου σε ήδη εκδομένο ΤΑΠ ηλεκτροδότησης;","ταπ_ηλεκτροδότηση"
"Μπορώ να υποβάλω ένσταση σε περίπτωση λανθασμένης χρέωσης ΤΑΠ ηλεκτροδότησης;","ταπ_ηλεκτροδότηση"
"Πώς ενημερώνω τον δήμο για ολοκλήρωση ηλεκτροδότησης μετά την έκδοση ΤΑΠ;","ταπ_ηλεκτροδότηση"

"Πού αιτούμαι μη οφειλή ΤΑΠ για οικόπεδο σε συμβόλαιο;","μη_οφειλή_ταπ_οικόπεδα"
"Χρειάζομαι βεβαίωση ΤΑΠ οικοπέδου για συμβολαιογραφική πράξη.","μη_οφειλή_ταπ_οικόπεδα"
"Πώς βγάζω βεβαίωση μη οφειλής ΤΑΠ σε οικόπεδα;","μη_οφειλή_ταπ_οικόπεδα"
"Υπάρχει έντυπο ΤΑΠ για μηδενική οφειλή;","μη_οφειλή_ταπ_οικόπεδα"
"Γίνεται ψηφιακή αίτηση για ΤΑΠ οικοπέδου;","μη_οφειλή_ταπ_οικόπεδα"
"Ποιος είναι ο χρόνος έκδοσης βεβαίωσης μη οφειλής ΤΑΠ οικοπέδου;","μη_οφειλή_ταπ_οικόπεδα"
"Μπορώ να εκδώσω online βεβαίωση μη οφειλής ΤΑΠ οικοπέδου;","μη_οφειλή_ταπ_οικόπεδα"
"Σε ποια Οικονομική Υπηρεσία του δήμου απευθύνομαι για ΤΑΠ οικοπέδου;","μη_οφειλή_ταπ_οικόπεδα"
"Είναι απαραίτητη η ταυτότητα ιδιοκτήτη για βεβαίωση μη οφειλής ΤΑΠ οικοπέδου;","μη_οφειλή_ταπ_οικόπεδα"
"Ποιοι άλλοι λόγοι οδηγούν σε άρνηση έκδοσης βεβαίωσης ΤΑΠ οικοπέδου;","μη_οφειλή_ταπ_οικόπεδα"
"Χρειάζεται ΑΦΜ οικοπέδου για την αίτηση μη οφειλής ΤΑΠ;","μη_οφειλή_ταπ_οικόπεδα"
"Πώς μπορώ να διορθώσω λάθη σε βεβαίωση μη οφειλής ΤΑΠ οικοπέδου;","μη_οφειλή_ταπ_οικόπεδα"
"Τι γίνεται αν η βεβαίωση μη οφειλής ΤΑΠ οικοπέδου απορριφθεί;","μη_οφειλή_ταπ_οικόπεδα"
"Πού μπορώ να βρω τους κανονισμούς για το ΤΑΠ σε οικόπεδα;","μη_οφειλή_ταπ_οικόπεδα"
"Είναι η βεβαίωση μη οφειλής ΤΑΠ οικοπέδου κρίσιμη για την αγοραπωλησία;","μη_οφειλή_ταπ_οικόπεδα"
"Πού μπορώ να βρω τη νομοθεσία για το ΤΑΠ στα οικόπεδα;","μη_οφειλή_ταπ_οικόπεδα"
"Μπορώ να ζητήσω βεβαίωση μη οφειλής ΤΑΠ οικοπέδου μέσω ΚΕΠ;","μη_οφειλή_ταπ_οικόπεδα"
"Ποιος είναι ο ρόλος των δημοτικών τελών στην οφειλή ΤΑΠ οικοπέδων;","μη_οφειλή_ταπ_οικόπεδα"
"Χρειάζεται αντίγραφο συμβολαίου για τη βεβαίωση μη οφειλής ΤΑΠ οικοπέδου;","μη_οφειλή_ταπ_οικόπεδα"
"Πώς μπορώ να επιταχύνω την έκδοση βεβαίωσης μη οφειλής ΤΑΠ οικοπέδου;","μη_οφειλή_ταπ_οικόπεδα"
"Τι προβλέπεται για πρόστιμα σε περίπτωση ψευδούς βεβαίωσης μη οφειλής ΤΑΠ οικοπέδου;","μη_οφειλή_ταπ_οικόπεδα"
"Πού μπορώ να ζητήσω αντίγραφα βεβαιώσεων μη οφειλής ΤΑΠ οικοπέδων;","μη_οφειλή_ταπ_οικόπεδα"
"Είναι η βεβαίωση μη οφειλής ΤΑΠ οικοπέδου απαραίτητη για την εγγραφή στο Κτηματολόγιο;","μη_οφειλή_ταπ_οικόπεδα"
"Πώς μπορώ να δηλώσω αλλαγή χρήσης οικοπέδου για ΤΑΠ;","μη_οφειλή_ταπ_οικόπεδα"
"Υπάρχουν ειδικές ρυθμίσεις για βεβαίωση μη οφειλής ΤΑΠ σε οικόπεδα εκτός σχεδίου;","μη_οφειλή_ταπ_οικόπεδα"
"Πού μπορώ να βρω εγκυκλίους που αφορούν τη βεβαίωση μη οφειλής ΤΑΠ οικοπέδων;","μη_οφειλή_ταπ_οικόπεδα"
"Μπορώ να ζητήσω βεβαίωση μη οφειλής ΤΑΠ για αγροτεμάχιο;","μη_οφειλή_ταπ_οικόπεδα"
"Ποια είναι η διαδικασία για την ανανέωση βεβαίωσης μη οφειλής ΤΑΠ οικοπέδου;","μη_οφειλή_ταπ_οικόπεδα"
"Χρειάζεται ΑΦΜ ιδιοκτήτη για την αίτηση βεβαίωσης μη οφειλής ΤΑΠ οικοπέδου;","μη_οφειλή_ταπ_οικόπεδα"
"Πού μπορώ να βρω συχνές ερωτήσεις για τη βεβαίωση μη οφειλής ΤΑΠ οικοπέδων;","μη_οφειλή_ταπ_οικόπεδα"
"Είναι η βεβαίωση μη οφειλής ΤΑΠ οικοπέδου καθοριστική για την αξία του;","μη_οφειλή_ταπ_οικόπεδα"
"Πώς μπορώ να αντλήσω στοιχεία για προηγούμενες βεβαιώσεις μη οφειλής ΤΑΠ οικοπέδων;","μη_οφειλή_ταπ_οικόπεδα"
"Υπάρχει ειδικό καθεστώς για βεβαίωση μη οφειλής ΤΑΠ σε οικόπεδα με ειδική χρήση;","μη_οφειλή_ταπ_οικόπεδα"
"Πού μπορώ να υποβάλω ένσταση για απόρριψη αίτησης μη οφειλής ΤΑΠ οικοπέδου;","μη_οφειλή_ταπ_οικόπεδα"
"Τι γίνεται αν η βεβαίωση μη οφειλής ΤΑΠ οικοπέδου αμφισβητείται από τον συμβολαιογράφο;","μη_οφειλή_ταπ_οικόπεδα"
"Πώς μπορώ να λάβω πληροφορίες για το κόστος έκδοσης βεβαίωσης μη οφειλής ΤΑΠ οικοπέδου;","μη_οφειλή_ταπ_οικόπεδα"
"Είναι η βεβαίωση μη οφειλής ΤΑΠ οικοπέδου απαραίτητη για την έκδοση οικοδομικής άδειας;","μη_οφειλή_ταπ_οικόπεδα"
"Πού μπορώ να βρω αποφάσεις δικαστηρίων για ζητήματα ΤΑΠ οικοπέδων;","μη_οφειλή_ταπ_οικόπεδα"
"Μπορώ να αιτηθώ για βεβαίωση μη οφειλής ΤΑΠ για οικόπεδο που έχει κληρονομηθεί;","μη_οφειλή_ταπ_οικόπεδα"
"Ποια είναι η διαδικασία για την ανάκληση βεβαίωσης μη οφειλής ΤΑΠ οικοπέδου;","μη_οφειλή_ταπ_οικόπεδα"
"Χρειάζεται τοπογραφικό διάγραμμα για την αίτηση βεβαίωσης μη οφειλής ΤΑΠ οικοπέδου;","μη_οφειλή_ταπ_οικόπεδα"
"Πού μπορώ να επικοινωνήσω για νομικές συμβουλές σχετικά με το ΤΑΠ οικοπέδων;","μη_οφειλή_ταπ_οικόπεδα"
"Είναι η βεβαίωση μη οφειλής ΤΑΠ οικοπέδου το ίδιο με το πιστοποιητικό οικοδομησιμότητας;","μη_οφειλή_ταπ_οικόπεδα"
"Πώς μπορώ να δηλώσω ανάγκη για βεβαίωση μη οφειλής ΤΑΠ σε περίπτωση δωρεάς οικοπέδου;","μη_οφειλή_ταπ_οικόπεδα"
"Υπάρχουν περιορισμοί στον χρόνο ισχύος της βεβαίωσης μη οφειλής ΤΑΠ οικοπέδου;","μη_οφειλή_ταπ_οικόπεδα"
"Πού μπορώ να βρω παλαιούς κανονισμούς που αφορούν το ΤΑΠ οικοπέδων;","μη_οφειλή_ταπ_οικόπεδα"
"Τι γίνεται αν η βεβαίωση μη οφειλής ΤΑΠ οικοπέδου δεν εκδοθεί στην ώρα της;","μη_οφειλή_ταπ_οικόπεδα"
"Πώς μπορώ να λάβω πληροφορίες για προγράμματα ρύθμισης οφειλών ΤΑΠ για οικόπεδα;","μη_οφειλή_ταπ_οικόπεδα"
"Ποια στοιχεία χρειάζονται στη βεβαίωση μη οφειλής ΤΑΠ οικοπέδου;","μη_οφειλή_ταπ_οικόπεδα"
"Μπορώ να εκδώσω βεβαίωση μη οφειλής ΤΑΠ για οικόπεδο με συνιδιοκτησία;","μη_οφειλή_ταπ_οικόπεδα"
"Πώς υπολογίζεται ο ΤΑΠ σε περίπτωση σύστασης οριζόντιας ιδιοκτησίας σε οικόπεδο;","μη_οφειλή_ταπ_οικόπεδα"
"Υπάρχουν εξαιρέσεις για απαλλαγή από ΤΑΠ σε οικόπεδα;","μη_οφειλή_ταπ_οικόπεδα"
"Μπορεί ο συμβολαιογράφος να ζητήσει επιπλέον δικαιολογητικά για βεβαίωση ΤΑΠ οικοπέδου;","μη_οφειλή_ταπ_οικόπεδα"
"Πώς γίνεται διόρθωση στοιχείων στη βεβαίωση μη οφειλής ΤΑΠ οικοπέδου;","μη_οφειλή_ταπ_οικόπεδα"
"Τι πρέπει να κάνω αν το οικόπεδο είναι εντός και εκτός σχεδίου ταυτόχρονα;","μη_οφειλή_ταπ_οικόπεδα"
"Υπάρχουν διαφορές στη βεβαίωση ΤΑΠ για οικόπεδα σε διαφορετικούς δήμους;","μη_οφειλή_ταπ_οικόπεδα"
"Πότε λήγει η βεβαίωση μη οφειλής ΤΑΠ οικοπέδου;","μη_οφειλή_ταπ_οικόπεδα"
"Μπορώ να αιτηθώ για βεβαίωση ΤΑΠ οικοπέδου μέσω πληρεξουσίου;","μη_οφειλή_ταπ_οικόπεδα"
"Πώς ενημερώνομαι για αλλαγές στη διαδικασία έκδοσης βεβαίωσης ΤΑΠ οικοπέδου;","μη_οφειλή_ταπ_οικόπεδα"
"Χρειάζεται να ανανεώσω τη βεβαίωση μη οφειλής ΤΑΠ αν καθυστερήσει το συμβόλαιο;","μη_οφειλή_ταπ_οικόπεδα"
"Τι ισχύει για βεβαίωση μη οφειλής ΤΑΠ σε οικόπεδα με καταπατήσεις;","μη_οφειλή_ταπ_οικόπεδα"
"Ποια είναι η διαφορά βεβαίωσης μη οφειλής ΤΑΠ και αποδεικτικού ενημερότητας;","μη_οφειλή_ταπ_οικόπεδα"
"Μπορώ να μεταβιβάσω οικόπεδο χωρίς βεβαίωση μη οφειλής ΤΑΠ;","μη_οφειλή_ταπ_οικόπεδα"
"Ποια είναι τα συνήθη λάθη κατά την έκδοση βεβαίωσης ΤΑΠ οικοπέδου;","μη_οφειλή_ταπ_οικόπεδα"
"Τι πρέπει να κάνω σε περίπτωση απώλειας της βεβαίωσης μη οφειλής ΤΑΠ οικοπέδου;","μη_οφειλή_ταπ_οικόπεδα"
"Χρειάζεται ενημέρωση του Ε9 για να εκδοθεί βεβαίωση μη οφειλής ΤΑΠ οικοπέδου;","μη_οφειλή_ταπ_οικόπεδα"
"Ποιος είναι υπεύθυνος για τη διατήρηση της βεβαίωσης μη οφειλής ΤΑΠ μετά το συμβόλαιο;","μη_οφειλή_ταπ_οικόπεδα"
"Τι ισχύει για βεβαίωση μη οφειλής ΤΑΠ σε οικόπεδο με παραχώρηση χρήσης;","μη_οφειλή_ταπ_οικόπεδα"

"Πού κάνω αίτηση για μη οφειλή ΤΑΠ σε ακίνητο για συμβόλαιο;","μη_οφειλή_ταπ_ακίνητα"
"Χρειάζομαι βεβαίωση ΤΑΠ ακινήτου για συμβολαιογραφική πράξη.","μη_οφειλή_ταπ_ακίνητα"
"Υπάρχει έντυπο για μη οφειλή ΤΑΠ ακινήτου;","μη_οφειλή_ταπ_ακίνητα"
"Ποια δικαιολογητικά χρειάζονται για το ΤΑΠ σε ακίνητα;","μη_οφειλή_ταπ_ακίνητα"
"Γίνεται αίτηση ηλεκτρονικά για ΤΑΠ;","μη_οφειλή_ταπ_ακίνητα"
"Ποιος είναι ο χρόνος έκδοσης βεβαίωσης μη οφειλής ΤΑΠ ακινήτου;","μη_οφειλή_ταπ_ακίνητα"
"Μπορώ να εκδώσω online βεβαίωση μη οφειλής ΤΑΠ ακινήτου;","μη_οφειλή_ταπ_ακίνητα"
"Σε ποια Οικονομική Υπηρεσία του δήμου απευθύνομαι για ΤΑΠ ακινήτου;","μη_οφειλή_ταπ_ακίνητα"
"Είναι απαραίτητη η ταυτότητα ιδιοκτήτη για βεβαίωση μη οφειλής ΤΑΠ;","μη_οφειλή_ταπ_ακίνητα"
"Ποιοι άλλοι λόγοι οδηγούν σε άρνηση έκδοσης βεβαίωσης ΤΑΠ;","μη_οφειλή_ταπ_ακίνητα"
"Χρειάζεται ΑΦΜ ακινήτου για την αίτηση μη οφειλής ΤΑΠ;","μη_οφειλή_ταπ_ακίνητα"
"Πώς μπορώ να διορθώσω λάθη σε βεβαίωση μη οφειλής ΤΑΠ ακινήτου;","μη_οφειλή_ταπ_ακίνητα"
"Τι γίνεται αν η βεβαίωση μη οφειλής ΤΑΠ ακινήτου απορριφθεί;","μη_οφειλή_ταπ_ακίνητα"
"Πού μπορώ να βρω τους κανονισμούς για το ΤΑΠ σε ακίνητα;","μη_οφειλή_ταπ_ακίνητα"
"Είναι η βεβαίωση μη οφειλής ΤΑΠ κρίσιμη για τη μεταβίβαση ακινήτου;","μη_οφειλή_ταπ_ακίνητα"
"Πού μπορώ να βρω τη νομοθεσία για το ΤΑΠ στα ακίνητα;","μη_οφειλή_ταπ_ακίνητα"
"Μπορώ να ζητήσω βεβαίωση μη οφειλής ΤΑΠ ακινήτου μέσω ΚΕΠ;","μη_οφειλή_ταπ_ακίνητα"
"Ποιος είναι ο ρόλος των δημοτικών τελών στην οφειλή ΤΑΠ;","μη_οφειλή_ταπ_ακίνητα"
"Χρειάζεται αντίγραφο συμβολαίου για τη βεβαίωση μη οφειλής ΤΑΠ;","μη_οφειλή_ταπ_ακίνητα"
"Πώς μπορώ να επιταχύνω την έκδοση βεβαίωσης μη οφειλής ΤΑΠ ακινήτου;","μη_οφειλή_ταπ_ακίνητα"
"Τι προβλέπεται για πρόστιμα σε περίπτωση ψευδούς βεβαίωσης μη οφειλής ΤΑΠ;","μη_οφειλή_ταπ_ακίνητα"
"Πού μπορώ να ζητήσω αντίγραφα βεβαιώσεων μη οφειλής ΤΑΠ ακινήτων;","μη_οφειλή_ταπ_ακίνητα"
"Είναι η βεβαίωση μη οφειλής ΤΑΠ απαραίτητη για την εγγραφή στο Κτηματολόγιο;","μη_οφειλή_ταπ_ακίνητα"
"Πώς μπορώ να δηλώσω αλλαγή χρήσης ακινήτου για ΤΑΠ;","μη_οφειλή_ταπ_ακίνητα"
"Υπάρχουν ειδικές ρυθμίσεις για βεβαίωση μη οφειλής ΤΑΠ σε παλιά ακίνητα;","μη_οφειλή_ταπ_ακίνητα"
"Πού μπορώ να βρω εγκυκλίους που αφορούν τη βεβαίωση μη οφειλής ΤΑΠ;","μη_οφειλή_ταπ_ακίνητα"
"Μπορώ να ζητήσω βεβαίωση μη οφειλής ΤΑΠ για αγροτεμάχιο;","μη_οφειλή_ταπ_ακίνητα"
"Ποια είναι η διαδικασία για την ανανέωση βεβαίωσης μη οφειλής ΤΑΠ;","μη_οφειλή_ταπ_ακίνητα"
"Χρειάζεται ΑΦΜ ιδιοκτήτη για την αίτηση βεβαίωσης μη οφειλής ΤΑΠ;","μη_οφειλή_ταπ_ακίνητα"
"Πού μπορώ να βρω συχνές ερωτήσεις για τη βεβαίωση μη οφειλής ΤΑΠ ακινήτων;","μη_οφειλή_ταπ_ακίνητα"
"Είναι η βεβαίωση μη οφειλής ΤΑΠ καθοριστική για την αξία του ακινήτου;","μη_οφειλή_ταπ_ακίνητα"
"Πώς μπορώ να αντλήσω στοιχεία για προηγούμενες βεβαιώσεις μη οφειλής ΤΑΠ;","μη_οφειλή_ταπ_ακίνητα"
"Υπάρχει ειδικό καθεστώς για βεβαίωση μη οφειλής ΤΑΠ σε ακίνητα με ειδική χρήση;","μη_οφειλή_ταπ_ακίνητα"
"Πού μπορώ να υποβάλω ένσταση για απόρριψη αίτησης μη οφειλής ΤΑΠ;","μη_οφειλή_ταπ_ακίνητα"
"Τι γίνεται αν η βεβαίωση μη οφειλής ΤΑΠ αμφισβητείται από τον συμβολαιογράφο;","μη_οφειλή_ταπ_ακίνητα"
"Πώς μπορώ να λάβω πληροφορίες για το κόστος έκδοσης βεβαίωσης μη οφειλής ΤΑΠ;","μη_οφειλή_ταπ_ακίνητα"
"Είναι η βεβαίωση μη οφειλής ΤΑΠ απαραίτητη για την υποβολή δήλωσης Ε9;","μη_οφειλή_ταπ_ακίνητα"
"Πού μπορώ να βρω αποφάσεις δικαστηρίων για ζητήματα ΤΑΠ ακινήτων;","μη_οφειλή_ταπ_ακίνητα"
"Μπορώ να αιτηθώ για βεβαίωση μη οφειλής ΤΑΠ για ακίνητο που έχει κληρονομηθεί;","μη_οφειλή_ταπ_ακίνητα"
"Ποια είναι η διαδικασία για την ανάκληση βεβαίωσης μη οφειλής ΤΑΠ;","μη_οφειλή_ταπ_ακίνητα"
"Χρειάζεται πιστοποιητικό φόρου μεταβίβασης για την αίτηση βεβαίωσης μη οφειλής ΤΑΠ;","μη_οφειλή_ταπ_ακίνητα"
"Πού μπορώ να επικοινωνήσω για νομικές συμβουλές σχετικά με το ΤΑΠ ακινήτων;","μη_οφειλή_ταπ_ακίνητα"
"Είναι η βεβαίωση μη οφειλής ΤΑΠ το ίδιο με τη δημοτική ενημερότητα;","μη_οφειλή_ταπ_ακίνητα"
"Πώς μπορώ να δηλώσω ανάγκη για βεβαίωση μη οφειλής ΤΑΠ σε περίπτωση δωρεάς ακινήτου;","μη_οφειλή_ταπ_ακίνητα"
"Υπάρχουν περιορισμοί στον χρόνο ισχύος της βεβαίωσης μη οφειλής ΤΑΠ;","μη_οφειλή_ταπ_ακίνητα"
"Πού μπορώ να βρω παλαιούς κανονισμούς που αφορούν το ΤΑΠ ακινήτων;","μη_οφειλή_ταπ_ακίνητα"
"Τι γίνεται αν η βεβαίωση μη οφειλής ΤΑΠ δεν εκδοθεί στην ώρα της;","μη_οφειλή_ταπ_ακίνητα"
"Πώς μπορώ να λάβω πληροφορίες για προγράμματα ρύθμισης οφειλών ΤΑΠ;","μη_οφειλή_ταπ_ακίνητα"
"Ποια στοιχεία αναγράφονται στη βεβαίωση μη οφειλής ΤΑΠ ακινήτου;","μη_οφειλή_ταπ_ακίνητα"
"Μπορώ να εκδώσω βεβαίωση μη οφειλής ΤΑΠ για ακίνητο με συνιδιοκτησία;","μη_οφειλή_ταπ_ακίνητα"
"Πώς υπολογίζεται ο ΤΑΠ σε περίπτωση σύστασης οριζόντιας ιδιοκτησίας;","μη_οφειλή_ταπ_ακίνητα"
"Υπάρχουν εξαιρέσεις για απαλλαγή από ΤΑΠ σε ακίνητα;","μη_οφειλή_ταπ_ακίνητα"
"Μπορεί ο συμβολαιογράφος να ζητήσει επιπλέον δικαιολογητικά για βεβαίωση ΤΑΠ;","μη_οφειλή_ταπ_ακίνητα"
"Πώς γίνεται διόρθωση στοιχείων στη βεβαίωση μη οφειλής ΤΑΠ ακινήτου;","μη_οφειλή_ταπ_ακίνητα"
"Τι πρέπει να κάνω αν το ακίνητο είναι σε εκκρεμότητα νομιμοποίησης;","μη_οφειλή_ταπ_ακίνητα"
"Υπάρχουν διαφορές στη βεβαίωση ΤΑΠ για ακίνητα σε διαφορετικούς δήμους;","μη_οφειλή_ταπ_ακίνητα"
"Πότε λήγει η βεβαίωση μη οφειλής ΤΑΠ ακινήτου;","μη_οφειλή_ταπ_ακίνητα"
"Μπορώ να αιτηθώ για βεβαίωση ΤΑΠ ακινήτου μέσω πληρεξουσίου;","μη_οφειλή_ταπ_ακίνητα"
"Πώς ενημερώνομαι για αλλαγές στη διαδικασία έκδοσης βεβαίωσης ΤΑΠ ακινήτου;","μη_οφειλή_ταπ_ακίνητα"
"Χρειάζεται να ανανεώσω τη βεβαίωση μη οφειλής ΤΑΠ αν καθυστερήσει το συμβόλαιο;","μη_οφειλή_ταπ_ακίνητα"
"Τι ισχύει για βεβαίωση μη οφειλής ΤΑΠ σε ακίνητα με καταπατήσεις;","μη_οφειλή_ταπ_ακίνητα"
"Ποια είναι η διαφορά βεβαίωσης μη οφειλής ΤΑΠ και αποδεικτικού ενημερότητας;","μη_οφειλή_ταπ_ακίνητα"
"Μπορώ να μεταβιβάσω ακίνητο χωρίς βεβαίωση μη οφειλής ΤΑΠ;","μη_οφειλή_ταπ_ακίνητα"
"Ποια είναι τα συνήθη λάθη κατά την έκδοση βεβαίωσης ΤΑΠ ακινήτου;","μη_οφειλή_ταπ_ακίνητα"
"Τι πρέπει να κάνω σε περίπτωση απώλειας της βεβαίωσης μη οφειλής ΤΑΠ ακινήτου;","μη_οφειλή_ταπ_ακίνητα"
"Χρειάζεται ενημέρωση του Ε9 για να εκδοθεί βεβαίωση μη οφειλής ΤΑΠ;","μη_οφειλή_ταπ_ακίνητα"
"Ποιος είναι υπεύθυνος για τη διατήρηση της βεβαίωσης μη οφειλής ΤΑΠ μετά το συμβόλαιο;","μη_οφειλή_ταπ_ακίνητα"
"Τι ισχύει για βεβαίωση μη οφειλής ΤΑΠ σε ακίνητο με παραχώρηση χρήσης;","μη_οφειλή_ταπ_ακίνητα"

"Πώς γίνεται η μεταφορά οστών από το 2ο στο 1ο κοιμητήριο;","μεταφορά_οστών"
"Πού υποβάλλεται αίτηση για μεταφορά οστών σε οικογενειακό τάφο;","μεταφορά_οστών"
"Τι χρειάζομαι για να μεταφερθούν οστά στο 1ο κοιμητήριο;","μεταφορά_οστών"
"Μπορώ να αιτηθώ μεταφορά οστών μεταξύ κοιμητηρίων του δήμου;","μεταφορά_οστών"
"Υπάρχει ειδική διαδικασία για μεταφορά οστών εντός δήμου;","μεταφορά_οστών"
"Ποια δικαιολογητικά απαιτούνται για μεταφορά οστών;","μεταφορά_οστών"
"Ποιος είναι ο χρόνος διεκπεραίωσης για αίτηση μεταφοράς οστών;","μεταφορά_οστών"
"Σε ποια υπηρεσία του δήμου απευθύνομαι για μεταφορά οστών;","μεταφορά_οστών"
"Είναι απαραίτητη η εκταφή πριν τη μεταφορά οστών;","μεταφορά_οστών"
"Ποιοι άλλοι λόγοι οδηγούν σε άρνηση μεταφοράς οστών;","μεταφορά_οστών"
"Χρειάζεται λυξιαρχική πράξη θανάτου για την αίτηση μεταφοράς οστών;","μεταφορά_οστών"
"Πώς μπορώ να διορθώσω λάθη στην αίτηση μεταφοράς οστών;","μεταφορά_οστών"
"Τι γίνεται αν η αίτηση μεταφοράς οστών απορριφθεί;","μεταφορά_οστών"
"Πού μπορώ να βρω τους κανονισμούς για τη μεταφορά οστών μεταξύ κοιμητηρίων;","μεταφορά_οστών"
"Είναι η μεταφορά οστών κρίσιμη για την επανένωση οικογενειών;","μεταφορά_οστών"
"Πού μπορώ να βρω τη νομοθεσία για τη μεταφορά λειψάνων;","μεταφορά_οστών"
"Μπορώ να ζητήσω αναβολή μεταφοράς οστών;","μεταφορά_οστών"
"Ποιος είναι ο ρόλος του ιερέα στη μεταφορά οστών;","μεταφορά_οστών"
"Χρειάζεται γνωμάτευση ιατροδικαστή για τη μεταφορά οστών;","μεταφορά_οστών"
"Πώς μπορώ να επιταχύνω τη διαδικασία αίτησης μεταφοράς οστών;","μεταφορά_οστών"
"Τι προβλέπεται για πρόστιμα σε περίπτωση παράνομης μεταφοράς οστών;","μεταφορά_οστών"
"Πού μπορώ να ζητήσω αντίγραφα αιτήσεων μεταφοράς οστών;","μεταφορά_οστών"
"Είναι η μεταφορά οστών απαραίτητη για την τοποθέτηση σε οστεοφυλάκιο;","μεταφορά_οστών"
"Πώς μπορώ να δηλώσω αλλαγή προορισμού για τα οστά μετά την εκταφή;","μεταφορά_οστών"
"Υπάρχουν ειδικές ρυθμίσεις για μεταφορά οστών σε περίπτωση διακρατικής μεταφοράς;","μεταφορά_οστών"
"Πού μπορώ να βρω εγκυκλίους που αφορούν τη μεταφορά οστών;","μεταφορά_οστών"
"Μπορώ να ζητήσω μεταφορά οστών για αποτεφρωμένο;","μεταφορά_οστών"
"Ποια είναι η διαδικασία για την ταφή οστών μετά τη μεταφορά;","μεταφορά_οστών"
"Χρειάζεται πιστοποιητικό οικειογένειας για την αίτηση μεταφοράς οστών;","μεταφορά_οστών"
"Πού μπορώ να βρω συχνές ερωτήσεις για τη μεταφορά οστών;","μεταφορά_οστών"
"Είναι η μεταφορά οστών καθοριστική για την ηρεμία των συγγενών;","μεταφορά_οστών"
"Πώς μπορώ να αντλήσω στοιχεία για προηγούμενες μεταφορές οστών;","μεταφορά_οστών"
"Υπάρχει ειδικό καθεστώς για μεταφορά οστών σε περίπτωση παιδιού;","μεταφορά_οστών"
"Πού μπορώ να υποβάλω ένσταση για απόρριψη αίτησης μεταφοράς οστών;","μεταφορά_οστών"
"Τι γίνεται αν η μεταφορά οστών αμφισβητείται από άλλα μέλη της οικογένειας;","μεταφορά_οστών"
"Πώς μπορώ να λάβω πληροφορίες για το κόστος μεταφοράς οστών;","μεταφορά_οστών"
"Είναι η μεταφορά οστών απαραίτητη για την έκδοση πιστοποιητικού κληρονομιάς;","μεταφορά_οστών"
"Πού μπορώ να βρω αποφάσεις δικαστηρίων για ζητήματα μεταφοράς λειψάνων;","μεταφορά_οστών"
"Μπορώ να αιτηθώ για μεταφορά οστών σε περίπτωση μεταδημότευσης;","μεταφορά_οστών"
"Ποια είναι η διαδικασία για την ανάκληση αίτησης μεταφοράς οστών;","μεταφορά_οστών"
"Χρειάζεται πιστοποιητικό μόνιμης κατοικίας για τη μεταφορά οστών;","μεταφορά_οστών"
"Πού μπορώ να επικοινωνήσω για νομικές συμβουλές σχετικά με τη μεταφορά οστών;","μεταφορά_οστών"
"Είναι η μεταφορά οστών το ίδιο με την αποτέφρωση;","μεταφορά_οστών"
"Πώς μπορώ να δηλώσω ανάγκη για μεταφορά οστών σε περίπτωση καταστροφής τάφου;","μεταφορά_οστών"
"Υπάρχουν περιορισμοί στο χρονικό διάστημα μετά την εκταφή για μεταφορά οστών;","μεταφορά_οστών"
"Πού μπορώ να βρω παλαιούς κανονισμούς που αφορούν τη μεταφορά οστών;","μεταφορά_οστών"
"Τι γίνεται αν η μεταφορά οστών δεν μπορεί να πραγματοποιηθεί στην ώρα της;","μεταφορά_οστών"
"Πώς μπορώ να λάβω πληροφορίες για προγράμματα συντήρησης κοιμητηρίων;","μεταφορά_οστών"
"Ποια είναι τα υγειονομικά πρωτόκολλα για τη μεταφορά οστών;","μεταφορά_οστών"
"Υπάρχει δυνατότητα επιλογής ημερομηνίας για τη μεταφορά οστών;","μεταφορά_οστών" 
"Μπορώ να ζητήσω συνδυασμένη μεταφορά οστών από διαφορετικούς τάφους;","μεταφορά_οστών"
"Υπάρχουν ειδικές τιμές για μεταφορά οστών σε συγγενικά πρόσωπα;","μεταφορά_οστών"
"Ποιος ενημερώνει τα κοιμητήρια για την ολοκλήρωση της μεταφοράς οστών;","μεταφορά_οστών"
"Μπορώ να αιτηθώ μεταφορά οστών χωρίς φυσική παρουσία;","μεταφορά_οστών"
"Τι κάνω αν διαπιστώσω πρόβλημα κατά τη μεταφορά οστών;","μεταφορά_οστών"
"Μπορεί να γίνει μεταφορά οστών σε κοιμητήριο άλλου δήμου;","μεταφορά_οστών"
"Χρειάζεται έγκριση συγγενών για τη μεταφορά οστών;","μεταφορά_οστών"
"Ποια διαδικασία ακολουθείται αν τα οστά προορίζονται για αποτέφρωση;","μεταφορά_οστών"
"Υπάρχουν επιπλέον τέλη για μεταφορά οστών εκτός ωραρίου;","μεταφορά_οστών"
"Πώς ενημερώνομαι για την πορεία της αίτησης μεταφοράς οστών;","μεταφορά_οστών"
"Μπορώ να ζητήσω μεταφορά οστών για περισσότερα από ένα άτομα ταυτόχρονα;","μεταφορά_οστών"
"Ποια είναι η διαδικασία για μεταφορά οστών από ιδιωτικό σε δημόσιο κοιμητήριο;","μεταφορά_οστών"
"Υπάρχει διαδικασία για ακύρωση αίτησης μεταφοράς οστών;","μεταφορά_οστών"
"Τι ισχύει για τη μεταφορά οστών σε περίπτωση έκτακτης ανάγκης (π.χ. φυσική καταστροφή);","μεταφορά_οστών"
"Πώς γίνονται οι μεταφορές οστών όταν υπάρχει διαφωνία στην οικογένεια;","μεταφορά_οστών"
"Υπάρχει διαδικασία για μεταφορά οστών από στρατιωτικά κοιμητήρια;","μεταφορά_οστών"
"Πώς διασφαλίζεται η σωστή ταυτοποίηση των οστών κατά τη μεταφορά;","μεταφορά_οστών"
"Μπορώ να αιτηθώ μεταφορά οστών για λόγους υγείας ή υγειονομικής ασφάλειας;","μεταφορά_οστών"
"Ποιος έχει το δικαίωμα να παραλάβει τα οστά μετά τη μεταφορά;","μεταφορά_οστών"
"Υπάρχουν ενημερωτικά φυλλάδια ή οδηγίες για τη διαδικασία μεταφοράς οστών;","μεταφορά_οστών"

"Πού κάνω αίτηση για εκταφή;","αίτηση_εκταφής"
"Ποια διαδικασία ακολουθείται για εκταφή στο κοιμητήριο;","αίτηση_εκταφής"
"Τι δικαιολογητικά απαιτούνται για εκταφή συγγενή;","αίτηση_εκταφής"
"Υπάρχει αίτηση για εκταφή στο Δήμο Κρωπίας;","αίτηση_εκταφής"
"Μπορώ να υποβάλω ηλεκτρονικά αίτηση εκταφής;","αίτηση_εκταφής"
"Ποιος είναι ο χρόνος διεκπεραίωσης για αίτηση εκταφής;","αίτηση_εκταφής"
"Σε ποια υπηρεσία του δήμου απευθύνομαι για εκταφή;","αίτηση_εκταφής"
"Είναι απαραίτητη η ληξιαρχική πράξη θανάτου για την εκταφή;","αίτηση_εκταφής"
"Ποιοι άλλοι λόγοι οδηγούν σε άρνηση εκταφής;","αίτηση_εκταφής"
"Χρειάζεται δικαστική απόφαση για εκταφή;","αίτηση_εκταφής"
"Πώς μπορώ να διορθώσω λάθη στην αίτηση εκταφής;","αίτηση_εκταφής"
"Τι γίνεται αν η αίτηση εκταφής απορριφθεί;","αίτηση_εκταφής"
"Πού μπορώ να βρω τους κανονισμούς για τις εκταφές στα κοιμητήρια;","αίτηση_εκταφής"
"Είναι η εκταφή κρίσιμη για τη μεταφορά οστών;","αίτηση_εκταφής"
"Πού μπορώ να βρω τη νομοθεσία για τις εκταφές;","αίτηση_εκταφής"
"Μπορώ να ζητήσω αναβολή εκταφής;","αίτηση_εκταφής"
"Ποιος είναι ο ρόλος του ιατροδικαστή στην εκταφή;","αίτηση_εκταφής"
"Χρειάζεται ιατρική γνωμάτευση για την εκταφή;","αίτηση_εκταφής"
"Πώς μπορώ να επιταχύνω τη διαδικασία αίτησης εκταφής;","αίτηση_εκταφής"
"Τι προβλέπεται για πρόστιμα σε περίπτωση παράνομης εκταφής;","αίτηση_εκταφής"
"Πού μπορώ να ζητήσω αντίγραφα αιτήσεων εκταφής;","αίτηση_εκταφής"
"Είναι η εκταφή απαραίτητη για την τοποθέτηση σε οστεοφυλάκιο;","αίτηση_εκταφής"
"Πώς μπορώ να δηλώσω αλλαγή τόπου ταφής μετά την εκταφή;","αίτηση_εκταφής"
"Υπάρχουν ειδικές ρυθμίσεις για εκταφή σε περίπτωση δικαστικής έρευνας;","αίτηση_εκταφής"
"Πού μπορώ να βρω εγκυκλίους που αφορούν την εκταφή;","αίτηση_εκταφής"
"Μπορώ να ζητήσω εκταφή για αποτεφρωμένο;","αίτηση_εκταφής"
"Ποια είναι η διαδικασία για την επαναταφή μετά την εκταφή;","αίτηση_εκταφής"
"Χρειάζεται ΑΦΜ αιτούντος για την αίτηση εκταφής;","αίτηση_εκταφής"
"Πού μπορώ να βρω συχνές ερωτήσεις για την εκταφή;","αίτηση_εκταφής"
"Είναι η εκταφή καθοριστική για την εξυγίανση του κοιμητηρίου;","αίτηση_εκταφής"
"Πώς μπορώ να αντλήσω στοιχεία για προηγούμενες εκταφές;","αίτηση_εκταφής"
"Υπάρχει ειδικό καθεστώς για εκταφή σε περίπτωση ιστορικού τάφου;","αίτηση_εκταφής"
"Πού μπορώ να υποβάλω ένσταση για απόρριψη αίτησης εκταφής;","αίτηση_εκταφής"
"Τι γίνεται αν η εκταφή αμφισβητείται από άλλα μέλη της οικογένειας;","αίτηση_εκταφής"
"Πώς μπορώ να λάβω πληροφορίες για το κόστος εκταφής;","αίτηση_εκταφής"
"Είναι η εκταφή απαραίτητη για την έκδοση άδειας μεταφοράς λειψάνων;","αίτηση_εκταφής"
"Πού μπορώ να βρω αποφάσεις δικαστηρίων για ζητήματα εκταφής;","αίτηση_εκταφής"
"Μπορώ να αιτηθώ για εκταφή σε περίπτωση μεταδημότευσης;","αίτηση_εκταφής"
"Ποια είναι η διαδικασία για την ανάκληση αίτησης εκταφής;","αίτηση_εκταφής"
"Χρειάζεται πιστοποιητικό οικειογένειας για την αίτηση εκταφής;","αίτηση_εκταφής"
"Πού μπορώ να επικοινωνίσω για νομικές συμβουλές σχετικά με την εκταφή;","αίτηση_εκταφής"
"Είναι η εκταφή το ίδιο με την ανακομιδή;","αίτηση_εκταφής"
"Πώς μπορώ να δηλώσω ανάγκη για εκταφή σε περίπτωση καταστροφής τάφου;","αίτηση_εκταφής"
"Υπάρχουν περιορισμοί στο χρονικό διάστημα μετά τον θάνατο για εκταφή;","αίτηση_εκταφής"
"Πού μπορώ να βρω παλαιούς κανονισμούς που αφορούν την εκταφή;","αίτηση_εκταφής"
"Τι γίνεται αν η εκταφή δεν μπορεί να πραγματοποιηθεί στην ώρα της;","αίτηση_εκταφής"
"Πώς μπορώ να λάβω πληροφορίες για προγράμματα συντήρησης οστεοφυλακίων μετά την εκταφή;","αίτηση_εκταφής"
"Ποια είναι τα υγειονομικά πρωτόκολλα για την εκταφή;","αίτηση_εκταφής"
"Υπάρχει δυνατότητα επιλογής ώρας για την εκταφή;","αίτηση_εκταφής"
"Μπορώ να ζητήσω εκταφή για περισσότερα από ένα άτομα ταυτόχρονα;","αίτηση_εκταφής"
"Υπάρχουν ειδικές τιμές ή εκπτώσεις για εκταφή σε ευπαθείς ομάδες;","αίτηση_εκταφής"
"Ποιος έχει δικαίωμα να κάνει αίτηση για εκταφή συγγενή;","αίτηση_εκταφής"
"Μπορώ να υποβάλω αίτηση εκταφής ως εξουσιοδοτημένος εκπρόσωπος;","αίτηση_εκταφής"
"Τι κάνω αν λείπει κάποιο δικαιολογητικό για την αίτηση εκταφής;","αίτηση_εκταφής"
"Πώς ενημερώνομαι για την πορεία της αίτησης εκταφής;","αίτηση_εκταφής"
"Μπορεί να γίνει εκταφή χωρίς την παρουσία συγγενών;","αίτηση_εκταφής"
"Ποιος ενημερώνει το κοιμητήριο για την ολοκλήρωση της εκταφής;","αίτηση_εκταφής"
"Υπάρχει διαδικασία ακύρωσης αίτησης εκταφής;","αίτηση_εκταφής"
"Πώς επιλέγεται η ημερομηνία εκταφής;","αίτηση_εκταφής"
"Υπάρχει υποχρεωτικό ελάχιστο χρονικό διάστημα ταφής πριν την εκταφή;","αίτηση_εκταφής"
"Τι γίνεται αν το σώμα δεν έχει διαλυθεί πλήρως κατά την εκταφή;","αίτηση_εκταφής"
"Μπορώ να αιτηθώ εκταφή για λόγους υγείας ή ασφάλειας;","αίτηση_εκταφής"
"Υπάρχουν επιπλέον τέλη για εκταφή εκτός ωραρίου ή αργίες;","αίτηση_εκταφής"
"Τι κάνω αν υπάρχουν διαφωνίες μεταξύ συγγενών για την εκταφή;","αίτηση_εκταφής"
"Ποια διαδικασία ακολουθείται για επαναταφή σε άλλο κοιμητήριο μετά την εκταφή;","αίτηση_εκταφής"
"Μπορώ να ζητήσω βεβαίωση ότι πραγματοποιήθηκε η εκταφή;","αίτηση_εκταφής"
"Υπάρχουν ενημερωτικά φυλλάδια ή οδηγίες για τη διαδικασία εκταφής;","αίτηση_εκταφής"
"Τι προβλέπεται αν κατά την εκταφή βρεθούν προσωπικά αντικείμενα;","αίτηση_εκταφής"
"Μπορώ να κάνω την αίτηση εκταφής εκ μέρους άλλου μέλους της οικογένειας;","αίτηση_εκταφής"

"Πού υποβάλλω αίτηση για ενοικίαση οστεοφυλακίου;","ενοικίαση_οστεοφυλακίου"
"Υπάρχουν διαθέσιμα οστεοφυλάκια στο 1ο ή 2ο Κοιμητήριο;","ενοικίαση_οστεοφυλακίου"
"Χρειάζεται αίτηση για να τοποθετηθούν οστά σε οστεοφυλάκιο;","ενοικίαση_οστεοφυλακίου"
"Μπορώ να αιτηθώ ηλεκτρονικά ενοικίαση οστεοφυλακίου;","ενοικίαση_οστεοφυλακίου"
"Ποιο είναι το κόστος για ενοικίαση οστεοφυλακίου;","ενοικίαση_οστεοφυλακίου"
"Ποια δικαιολογητικά χρειάζονται για ενοικίαση οστεοφυλακίου;","ενοικίαση_οστεοφυλακίου"
"Ποιος είναι ο χρόνος αναμονής για ενοικίαση οστεοφυλακίου;","ενοικίαση_οστεοφυλακίου"
"Σε ποια υπηρεσία του δήμου απευθύνομαι για ενοικίαση οστεοφυλακίου;","ενοικίαση_οστεοφυλακίου"
"Είναι απαραίτητη η ληξιαρχική πράξη θανάτου για την τοποθέτηση οστών σε οστεοφυλάκιο;","ενοικίαση_οστεοφυλακίου"
"Ποιοι άλλοι λόγοι οδηγούν σε άρνηση ενοικίασης οστεοφυλακίου;","ενοικίαση_οστεοφυλακίου"
"Χρειάζεται βεβαίωση εκταφής για την τοποθέτηση οστών σε οστεοφυλάκιο;","ενοικίαση_οστεοφυλακίου"
"Πώς μπορώ να διορθώσω λάθη στην αίτηση ενοικίασης οστεοφυλακίου;","ενοικίαση_οστεοφυλακίου"
"Τι γίνεται αν η αίτηση ενοικίασης οστεοφυλακίου απορριφθεί;","ενοικίαση_οστεοφυλακίου"
"Πού μπορώ να βρω τους κανονισμούς για την ενοικίαση οστεοφυλακίων;","ενοικίαση_οστεοφυλακίου"
"Είναι η ενοικίαση οστεοφυλακίου κρίσιμη για τη διαχείριση των οστών;","ενοικίαση_οστεοφυλακίου"
"Πού μπορώ να βρω τη νομοθεσία για την ενοικίαση οστεοφυλακίων;","ενοικίαση_οστεοφυλακίου"
"Μπορώ να ζητήσω αναστολή πληρωμής για την ενοικίαση οστεοφυλακίου;","ενοικίαση_οστεοφυλακίου"
"Ποιος είναι ο ρόλος του Δήμου στην είσπραξη τελών οστεοφυλακίων;","ενοικίαση_οστεοφυλακίου"
"Χρειάζεται πιστοποιητικό συγγένειας για την ενοικίαση οστεοφυλακίου;","ενοικίαση_οστεοφυλακίου"
"Πώς μπορώ να επιταχύνω τη διαδικασία ενοικίασης οστεοφυλακίου;","ενοικίαση_οστεοφυλακίου"
"Τι προβλέπεται για πρόστιμα σε περίπτωση παράνομης τοποθέτησης οστών;","ενοικίαση_οστεοφυλακίου"
"Πού μπορώ να ζητήσω αντίγραφα συμβάσεων ενοικίασης οστεοφυλακίων;","ενοικίαση_οστεοφυλακίου"
"Είναι η ενοικίαση οστεοφυλακίου απαραίτητη για την εκταφή;","ενοικίαση_οστεοφυλακίου"
"Πώς μπορώ να δηλώσω αλλαγή δικαιούχου για ενοικιασμένο οστεοφυλάκιο;","ενοικίαση_οστεοφυλακίου"
"Υπάρχουν ειδικές ρυθμίσεις για ενοικίαση οστεοφυλακίων σε ιστορικά κοιμητήρια;","ενοικίαση_οστεοφυλακίου"
"Πού μπορώ να βρω εγκυκλίους που αφορούν την ενοικίαση οστεοφυλακίων;","ενοικίαση_οστεοφυλακίου"
"Μπορώ να ζητήσω ενοικίαση οστεοφυλακίου για μικρό χρονικό διάστημα;","ενοικίαση_οστεοφυλακίου"
"Ποια είναι η διαδικασία για την ανανέωση ενοικίασης οστεοφυλακίου;","ενοικίαση_οστεοφυλακίου"
"Χρειάζεται ταυτότητα δικαιούχου για την αίτηση ενοικίασης οστεοφυλακίου;","ενοικίαση_οστεοφυλακίου"
"Πού μπορώ να βρω συχνές ερωτήσεις για την ενοικίαση οστεοφυλακίων;","ενοικίαση_οστεοφυλακίου"
"Είναι η ενοικίαση οστεοφυλακίου καθοριστική για την ηρεμία των συγγενών;","ενοικίαση_οστεοφυλακίου"
"Πώς μπορώ να αντλήσω στοιχεία για προηγούμενες ενοικιάσεις οστεοφυλακίων;","ενοικίαση_οστεοφυλακίου"
"Υπάρχει ειδικό καθεστώς για ενοικίαση οστεοφυλακίων σε περίπτωση παιδιού;","ενοικίαση_οστεοφυλακίου"
"Πού μπορώ να υποβάλω ένσταση για απόρριψη αίτησης ενοικίασης οστεοφυλακίου;","ενοικίαση_οστεοφυλακίου"
"Τι γίνεται αν η ενοικίαση οστεοφυλακίου αμφισβητείται από άλλα μέλη της οικογένειας;","ενοικίαση_οστεοφυλακίου"
"Πώς μπορώ να λάβω πληροφορίες για το κόστος συντήρησης οστεοφυλακίου;","ενοικίαση_οστεοφυλακίου"
"Είναι η ενοικίαση οστεοφυλακίου απαραίτητη για την έκδοση πιστοποιητικού ταφής;","ενοικίαση_οστεοφυλακίου"
"Πού μπορώ να βρω αποφάσεις δικαστηρίων για ζητήματα ενοικίασης οστεοφυλακίων;","ενοικίαση_οστεοφυλακίου"
"Μπορώ να αιτηθώ για ενοικίαση οστεοφυλακίου σε συγκεκριμένο σημείο του κοιμητηρίου;","ενοικίαση_οστεοφυλακίου"
"Ποια είναι η διαδικασία για την παραχώρηση οστεοφυλακίου μακράς διάρκειας;","ενοικίαση_οστεοφυλακίου"
"Χρειάζεται πιστοποιητικό μόνιμης κατοικίας για την ενοικίαση οστεοφυλακίου;","ενοικίαση_οστεοφυλακίου"
"Πού μπορώ να επικοινωνήσω για νομικές συμβουλές σχετικά με την ενοικίαση οστεοφυλακίων;","ενοικίαση_οστεοφυλακίου"
"Είναι η ενοικίαση οστεοφυλακίου το ίδιο με την αγορά τάφου;","ενοικίαση_οστεοφυλακίου"
"Πώς μπορώ να δηλώσω ανάγκη για ενοικίαση οστεοφυλακίου σε περίπτωση αιφνίδιου θανάτου;","ενοικίαση_οστεοφυλακίου"
"Υπάρχουν περιορισμοί στο μέγεθος ή τον τύπο του οστεοφυλακίου προς ενοικίαση;","ενοικίαση_οστεοφυλακίου"
"Πού μπορώ να βρω παλαιούς κανονισμούς που αφορούν την ενοικίαση οστεοφυλακίων;","ενοικίαση_οστεοφυλακίου"
"Τι γίνεται αν η ενοικίαση οστεοφυλακίου δεν ανανεωθεί στην ώρα της;","ενοικίαση_οστεοφυλακίου"
"Πώς μπορώ να λάβω πληροφορίες για προγράμματα συντήρησης οστεοφυλακίων;","ενοικίαση_οστεοφυλακίου"
"Μπορώ να ενοικιάσω οστεοφυλάκιο για μελλοντική χρήση;","ενοικίαση_οστεοφυλακίου"
"Υπάρχει λίστα αναμονής για ενοικίαση οστεοφυλακίου;","ενοικίαση_οστεοφυλακίου"
"Πώς ενημερώνομαι για τη διαθεσιμότητα οστεοφυλακίων στα κοιμητήρια;","ενοικίαση_οστεοφυλακίου"
"Μπορώ να ενοικιάσω οστεοφυλάκιο για λογαριασμό άλλου μέλους της οικογένειας;","ενοικίαση_οστεοφυλακίου"
"Τι ισχύει για ενοικίαση οστεοφυλακίου από πολύτεκνη οικογένεια;","ενοικίαση_οστεοφυλακίου"
"Υπάρχουν ειδικές τιμές για κοινωνικά ευπαθείς ομάδες στην ενοικίαση;","ενοικίαση_οστεοφυλακίου"
"Μπορώ να μεταβιβάσω το δικαίωμα ενοικίασης οστεοφυλακίου σε άλλο άτομο;","ενοικίαση_οστεοφυλακίου"
"Πώς γίνεται η πληρωμή για ενοικίαση οστεοφυλακίου (δόσεις, εφάπαξ);","ενοικίαση_οστεοφυλακίου"
"Υπάρχει περιορισμός στον αριθμό οστών που μπορούν να τοποθετηθούν σε ένα οστεοφυλάκιο;","ενοικίαση_οστεοφυλακίου"
"Μπορώ να ζητήσω ενημέρωση για τα δικαιώματα και τις υποχρεώσεις ενοικιαστή οστεοφυλακίου;","ενοικίαση_οστεοφυλακίου"
"Ποια διαδικασία ακολουθείται αν υπάρχουν διαφωνίες στην οικογένεια για το οστεοφυλάκιο;","ενοικίαση_οστεοφυλακίου"
"Υπάρχει διαφορετική διαδικασία για ενοικίαση οστεοφυλακίου από αλλοδαπούς δημότες;","ενοικίαση_οστεοφυλακίου"
"Τι κάνω αν θέλω να μεταφέρω οστά από ένα οστεοφυλάκιο σε άλλο;","ενοικίαση_οστεοφυλακίου"
"Πώς ενημερώνομαι για αλλαγές στον κανονισμό χρήσης οστεοφυλακίων;","ενοικίαση_οστεοφυλακίου"
"Υπάρχουν προγράμματα ή δράσεις για τη συντήρηση των οστεοφυλακίων;","ενοικίαση_οστεοφυλακίου"
"Μπορώ να αιτηθώ για συνδυασμένη ενοικίαση οστεοφυλακίων;","ενοικίαση_οστεοφυλακίου"
"Τι κάνω αν δεν υπάρχουν διαθέσιμα οστεοφυλάκια στο κοιμητήριο της επιλογής μου;","ενοικίαση_οστεοφυλακίου"
"Μπορώ να καταθέσω αίτηση για ενοικίαση οστεοφυλακίου σε περίοδο αργίας;","ενοικίαση_οστεοφυλακίου"
"Ποια έγγραφα χρειάζονται για ενοικίαση οστεοφυλακίου σε περίπτωση διαζυγίου;","ενοικίαση_οστεοφυλακίου"
"Πώς μπορώ να ενημερώνομαι για το ωράριο και τις υπηρεσίες του κοιμητηρίου;","ενοικίαση_οστεοφυλακίου"

"Πού κάνω αίτηση για ενοικίαση τάφου 3ετούς χρήσεως;","ενοικίαση_τάφου"
"Χρειάζομαι τάφο στο 2ο Κοιμητήριο – τι κάνω;","ενοικίαση_τάφου"
"Ποια δικαιολογητικά απαιτούνται για ενοικίαση τάφου;","ενοικίαση_τάφου"
"Υπάρχει φόρμα αίτησης για τάφο 3ετούς διάρκειας;","ενοικίαση_τάφου"
"Πώς ενοικιάζω τάφο στον Δήμο Κρωπίας;","ενοικίαση_τάφου"
"Ποιος είναι ο χρόνος αναμονής για ενοικίαση τάφου;","ενοικίαση_τάφου"
"Μπορώ να ενοικιάσω τάφο ηλεκτρονικά στον Δήμο Κρωπίας;","ενοικίαση_τάφου"
"Σε ποια υπηρεσία του Δήμου Κρωπίας απευθύνομαι για ενοικίαση τάφου;","ενοικίαση_τάφου"
"Είναι απαραίτητη η αυτοψία για την επιλογή τάφου;","ενοικίαση_τάφου"
"Ποιοι άλλοι λόγοι οδηγούν σε άρνηση ενοικίασης τάφου;","ενοικίαση_τάφου"
"Χρειάζεται λυξιαρχική πράξη θανάτου για την αίτηση ενοικίασης τάφου;","ενοικίαση_τάφου"
"Πώς μπορώ να διορθώσω λάθη στην αίτηση ενοικίασης τάφου;","ενοικίαση_τάφου"
"Τι γίνεται αν η αίτηση ενοικίασης τάφου απορριφθεί;","ενοικίαση_τάφου"
"Πού μπορώ να βρω τους κανονισμούς για την ενοικίαση τάφων στον Δήμο Κρωπίας;","ενοικίαση_τάφου"
"Είναι η ενοικίαση τάφου κρίσιμη για την άμεση ταφή;","ενοικίαση_τάφου"
"Πού μπορώ να βρω τη νομοθεσία για την ενοικίαση τάφων;","ενοικίαση_τάφου"
"Μπορώ να ζητήσω ενοικίαση τάφου μέσω ΚΕΠ;","ενοικίαση_τάφου"
"Ποιος είναι ο ρόλος της Διοίκησης Κοιμητηρίων στην ενοικίαση τάφων;","ενοικίαση_τάφου"
"Χρειάζεται πιστοποιητικό οικογενειακής κατάστασης για την ενοικίαση τάφου;","ενοικίαση_τάφου"
"Πώς μπορώ να επιταχύνω τη διαδικασία ενοικίασης τάφου;","ενοικίαση_τάφου"
"Τι προβλέπεται για πρόστιμα σε περίπτωση παράνομης χρήσης τάφου;","ενοικίαση_τάφου"
"Πού μπορώ να ζητήσω αντίγραφα συμβάσεων ενοικίασης τάφων;","ενοικίαση_τάφου"
"Είναι η ενοικίαση τάφου απαραίτητη για την ανακομιδή οστών;","ενοικίαση_τάφου"
"Πώς μπορώ να δηλώσω αλλαγή δικαιούχου για ενοικιασμένο τάφο;","ενοικίαση_τάφου"
"Υπάρχουν ειδικές ρυθμίσεις για ενοικίαση τάφων σε ιστορικά κοιμητήρια;","ενοικίαση_τάφου"
"Πού μπορώ να βρω εγκυκλίους που αφορούν την ενοικίαση τάφων;","ενοικίαση_τάφου"
"Μπορώ να ζητήσω ενοικίαση τάφου για αποτεφρωμένο;","ενοικίαση_τάφου"
"Ποια είναι η διαδικασία για την ανανέωση ενοικίασης τάφου 3ετούς διάρκειας;","ενοικίαση_τάφου"
"Χρειάζεται ΑΦΜ δικαιούχου για την αίτηση ενοικίασης τάφου;","ενοικίαση_τάφου"
"Πού μπορώ να βρω συχνές ερωτήσεις για την ενοικίαση τάφων;","ενοικίαση_τάφου"
"Είναι η ενοικίαση τάφου καθοριστική για την ηρεμία των συγγενών;","ενοικίαση_τάφου"
"Πώς μπορώ να αντλήσω στοιχεία για προηγούμενες ενοικιάσεις τάφων;","ενοικίαση_τάφου"
"Υπάρχει ειδικό καθεστώς για ενοικίαση τάφων σε περίπτωση παιδιού;","ενοικίαση_τάφου"
"Πού μπορώ να υποβάλω ένσταση για απόρριψη αίτησης ενοικίασης τάφου;","ενοικίαση_τάφου"
"Τι γίνεται αν η ενοικίαση τάφου αμφισβητείται από άλλα μέλη της οικογένειας;","ενοικίαση_τάφου"
"Πώς μπορώ να λάβω πληροφορίες για το κόστος ενοικίασης τάφου;","ενοικίαση_τάφου"
"Είναι η ενοικίαση τάφου απαραίτητη για την έκδοση πιστοποιητικού ταφής;","ενοικίαση_τάφου"
"Πού μπορώ να βρω αποφάσεις δικαστηρίων για ζητήματα ενοικίασης τάφων;","ενοικίαση_τάφου"
"Μπορώ να αιτηθώ για ενοικίαση τάφου σε συγκεκριμένο σημείο του κοιμητηρίου;","ενοικίαση_τάφου"
"Ποια είναι η διαδικασία για την παραχώρηση τάφου μακράς διάρκειας;","ενοικίαση_τάφου"
"Χρειάζεται πιστοποιητικό μόνιμης κατοικίας για την ενοικίαση τάφου;","ενοικίαση_τάφου"
"Πού μπορώ να επικοινωνίσω για νομικές συμβουλές σχετικά με την ενοικίαση τάφων;","ενοικίαση_τάφου"
"Είναι η ενοικίαση τάφου το ίδιο με την αγορά τάφου;","ενοικίαση_τάφου"
"Πώς μπορώ να δηλώσω ανάγκη για ενοικίαση τάφου σε περίπτωση αιφνίδιου θανάτου;","ενοικίαση_τάφου"
"Υπάρχουν περιορισμοί στο μέγεθος ή τον τύπο του τάφου προς ενοικίαση;","ενοικίαση_τάφου"
"Πού μπορώ να βρω παλαιούς κανονισμούς που αφορούν την ενοικίαση τάφων;","ενοικίαση_τάφου"
"Τι γίνεται αν η ενοικίαση τάφου δεν ανανεωθεί στην ώρα της;","ενοικίαση_τάφου"
"Πώς μπορώ να λάβω πληροφορίες για προγράμματα συντήρησης ενοικιαζόμενων τάφων;","ενοικίαση_τάφου"
"Μπορώ να ενοικιάσω τάφο για μελλοντική χρήση αν δεν υπάρχει άμεση ανάγκη;","ενοικίαση_τάφου"
"Υπάρχει λίστα αναμονής για ενοικίαση τάφου σε δημοτικά κοιμητήρια;","ενοικίαση_τάφου"
"Πώς ενημερώνομαι για τη διαθεσιμότητα τάφων στα κοιμητήρια;","ενοικίαση_τάφου"
"Μπορώ να ενοικιάσω τάφο για λογαριασμό άλλου μέλους της οικογένειας;","ενοικίαση_τάφου"
"Τι ισχύει για ενοικίαση τάφου από πολύτεκνη οικογένεια;","ενοικίαση_τάφου"
"Υπάρχουν ειδικές τιμές ή εκπτώσεις για κοινωνικά ευπαθείς ομάδες;","ενοικίαση_τάφου"
"Μπορώ να μεταβιβάσω το δικαίωμα ενοικίασης τάφου σε άλλο άτομο;","ενοικίαση_τάφου"
"Πώς γίνεται η πληρωμή για ενοικίαση τάφου (δόσεις, εφάπαξ, τραπεζικά);","ενοικίαση_τάφου"
"Υπάρχει περιορισμός στον αριθμό ατόμων που μπορούν να ταφούν σε ενοικιαζόμενο τάφο;","ενοικίαση_τάφου"
"Μπορώ να ζητήσω ενημέρωση για τα δικαιώματα και τις υποχρεώσεις ενοικιαστή τάφου;","ενοικίαση_τάφου"
"Ποια διαδικασία ακολουθείται αν υπάρχουν διαφωνίες στην οικογένεια για τη χρήση του τάφου;","ενοικίαση_τάφου"
"Υπάρχει διαφορετική διαδικασία για ενοικίαση τάφου από αλλοδαπούς δημότες;","ενοικίαση_τάφου"
"Τι κάνω αν θέλω να μεταφέρω σορό από έναν ενοικιαζόμενο τάφο σε άλλον;","ενοικίαση_τάφου"
"Πώς ενημερώνομαι για αλλαγές στον κανονισμό χρήσης των τάφων;","ενοικίαση_τάφου"
"Υπάρχουν δράσεις για τη συντήρηση ενοικιαζόμενων τάφων στον Δήμο;","ενοικίαση_τάφου"
"Μπορώ να αιτηθώ για συνδυασμένη ενοικίαση γειτονικών τάφων;","ενοικίαση_τάφου"
"Τι κάνω αν δεν υπάρχουν διαθέσιμοι τάφοι στο κοιμητήριο της επιλογής μου;","ενοικίαση_τάφου"
"Μπορώ να καταθέσω αίτηση για ενοικίαση τάφου σε περίοδο αργίας ή εκτός ωραρίου;","ενοικίαση_τάφου"
"Ποια έγγραφα χρειάζονται για ενοικίαση τάφου σε περίπτωση διαζυγίου;","ενοικίαση_τάφου"
"Πώς μπορώ να ενημερώνομαι για το ωράριο και τις υπηρεσίες του κοιμητηρίου;","ενοικίαση_τάφου"

"Πού κάνω αίτηση για ταφή σε οικογενειακό τάφο;","αίτηση_ταφής_σε_οικογενειακό_τάφο"
"Τι δικαιολογητικά χρειάζονται για οικογενειακή ταφή;","αίτηση_ταφής_σε_οικογενειακό_τάφο"
"Υπάρχει διαθέσιμη φόρμα για αίτηση ταφής στο κοιμητήριο;","αίτηση_ταφής_σε_οικογενειακό_τάφο"
"Ποιος εγκρίνει την ταφή σε οικογενειακό τάφο;","αίτηση_ταφής_σε_οικογενειακό_τάφο"
"Μπορώ να αιτηθώ ηλεκτρονικά ταφή στο κοιμητήριο του δήμου;","αίτηση_ταφής_σε_οικογενειακό_τάφο"
"Ποιος είναι ο χρόνος διεκπεραίωσης για αίτηση ταφής σε οικογενειακό τάφο;","αίτηση_ταφής_σε_οικογενειακό_τάφο"
"Σε ποια υπηρεσία του δήμου απευθύνομαι για ταφή σε οικογενειακό τάφο;","αίτηση_ταφής_σε_οικογενειακό_τάφο"
"Είναι απαραίτητη η ληξιαρχική πράξη θανάτου για την ταφή σε οικογενειακό τάφο;","αίτηση_ταφής_σε_οικογενειακό_τάφο"
"Ποιοι άλλοι λόγοι οδηγούν σε άρνηση ταφής σε οικογενειακό τάφο;","αίτηση_ταφής_σε_οικογενειακό_τάφο"
"Χρειάζεται ιδιοκτησιακός τίτλος τάφου για την αίτηση ταφής;","αίτηση_ταφής_σε_οικογενειακό_τάφο"
"Πώς μπορώ να διορθώσω λάθη στην αίτηση ταφής σε οικογενειακό τάφο;","αίτηση_ταφής_σε_οικογενειακό_τάφο"
"Τι γίνεται αν η αίτηση ταφής σε οικογενειακό τάφο απορριφθεί;","αίτηση_ταφής_σε_οικογενειακό_τάφο"
"Πού μπορώ να βρω τους κανονισμούς για την ταφή σε οικογενειακούς τάφους;","αίτηση_ταφής_σε_οικογενειακό_τάφο"
"Είναι η ταφή σε οικογενειακό τάφο κρίσιμη για την οικογενειακή παράδοση;","αίτηση_ταφής_σε_οικογενειακό_τάφο"
"Πού μπορώ να βρω τη νομοθεσία για την ταφή σε κοιμητήρια;","αίτηση_ταφής_σε_οικογενειακό_τάφο"
"Μπορώ να ζητήσω αναβολή ταφής σε οικογενειακό τάφο;","αίτηση_ταφής_σε_οικογενειακό_τάφο"
"Ποιος είναι ο ρόλος του ιερέα στην ταφή σε οικογενειακό τάφο;","αίτηση_ταφής_σε_οικογενειακό_τάφο"
"Χρειάζεται βεβαίωση μηχανικού για την κατάσταση του οικογενειακού τάφου;","αίτηση_ταφής_σε_οικογενειακό_τάφο"
"Πώς μπορώ να επιταχύνω τη διαδικασία αίτησης ταφής σε οικογενειακό τάφο;","αίτηση_ταφής_σε_οικογενειακό_τάφο"
"Τι προβλέπεται για πρόστιμα σε περίπτωση παράνομης ταφής;","αίτηση_ταφής_σε_οικογενειακό_τάφο"
"Πού μπορώ να ζητήσω αντίγραφα αιτήσεων ταφής σε οικογενειακούς τάφους;","αίτηση_ταφής_σε_οικογενειακό_τάφο"
"Είναι η ταφή σε οικογενειακό τάφο απαραίτητη για την κληρονομική διαδοχή;","αίτηση_ταφής_σε_οικογενειακό_τάφο"
"Πώς μπορώ να δηλώσω αλλαγή δικαιούχου οικογενειακού τάφου;","αίτηση_ταφής_σε_οικογενειακό_τάφο"
"Υπάρχουν ειδικές ρυθμίσεις για ταφή σε οικογενειακό τάφο σε περίπτωση πανδημίας;","αίτηση_ταφής_σε_οικογενειακό_τάφο"
"Πού μπορώ να βρω εγκυκλίους που αφορούν την ταφή σε οικογενειακούς τάφους;","αίτηση_ταφής_σε_οικογενειακό_τάφο"
"Μπορώ να ζητήσω ταφή σε οικογενειακό τάφο για αποτεφρωμένο;","αίτηση_ταφής_σε_οικογενειακό_τάφο"
"Ποια είναι η διαδικασία για την ανανέωση δικαιώματος χρήσης οικογενειακού τάφου;","αίτηση_ταφής_σε_οικογενειακό_τάφο"
"Χρειάζεται βεβαίωση οικειογένειας για την αίτηση ταφής σε οικογενειακό τάφο;","αίτηση_ταφής_σε_οικογενειακό_τάφο"
"Πού μπορώ να βρω συχνές ερωτήσεις για την ταφή σε οικογενειακούς τάφους;","αίτηση_ταφής_σε_οικογενειακό_τάφο"
"Είναι η ταφή σε οικογενειακό τάφο καθοριστική για την ηρεμία των συγγενών;","αίτηση_ταφής_σε_οικογενειακό_τάφο"
"Πώς μπορώ να αντλήσω στοιχεία για προηγούμενες ταφές σε οικογενειακούς τάφους;","αίτηση_ταφής_σε_οικογενειακό_τάφο"
"Υπάρχει ειδικό καθεστώς για ταφή σε οικογενειακό τάφο σε περίπτωση παιδιού;","αίτηση_ταφής_σε_οικογενειακό_τάφο"
"Πού μπορώ να υποβάλω ένσταση για απόρριψη αίτησης ταφής σε οικογενειακό τάφο;","αίτηση_ταφής_σε_οικογενειακό_τάφο"
"Τι γίνεται αν η ταφή σε οικογενειακό τάφο αμφισβητείται από άλλα μέλη της οικογένειας;","αίτηση_ταφής_σε_οικογενειακό_τάφο"
"Πώς μπορώ να λάβω πληροφορίες για το κόστος ταφής σε οικογενειακό τάφο;","αίτηση_ταφής_σε_οικογενειακό_τάφο"
"Είναι η ταφή σε οικογενειακό τάφο απαραίτητη για την έκδοση πιστοποιητικού κληρονομιάς;","αίτηση_ταφής_σε_οικογενειακό_τάφο"
"Πού μπορώ να βρω αποφάσεις δικαστηρίων για ζητήματα ταφής σε οικογενειακούς τάφους;","αίτηση_ταφής_σε_οικογενειακό_τάφο"
"Μπορώ να αιτηθώ για ταφή σε οικογενειακό τάφο για άτομο που δεν είναι συγγενής εξ αίματος;","αίτηση_ταφής_σε_οικογενειακό_τάφο"
"Ποια είναι η διαδικασία για την ανάκληση αίτησης ταφής σε οικογενειακό τάφο;","αίτηση_ταφής_σε_οικογενειακό_τάφο"
"Χρειάζεται πρόσθετη άδεια για ταφή σε οικογενειακό τάφο μετά από εκταφή;","αίτηση_ταφής_σε_οικογενειακό_τάφο"
"Πού μπορώ να επικοινωνήσω για νομικές συμβουλές σχετικά με την ταφή σε οικογενειακό τάφο;","αίτηση_ταφής_σε_οικογενειακό_τάφο"
"Είναι η ταφή σε οικογενειακό τάφο το ίδιο με την ταφή σε οστεοφυλάκιο;","αίτηση_ταφής_σε_οικογενειακό_τάφο"
"Πώς μπορώ να δηλώσω ανάγκη για ταφή σε οικογενειακό τάφο σε περίπτωση αιφνίδιου θανάτου;","αίτηση_ταφής_σε_οικογενειακό_τάφο"
"Υπάρχουν περιορισμοί στον αριθμό των ταφών σε οικογενειακό τάφο;","αίτηση_ταφής_σε_οικογενειακό_τάφο"
"Πού μπορώ να βρω παλαιούς κανονισμούς που αφορούν την ταφή σε οικογενειακούς τάφους;","αίτηση_ταφής_σε_οικογενειακό_τάφο"
"Τι γίνεται αν η ταφή σε οικογενειακό τάφο δεν μπορεί να πραγματοποιηθεί στην ώρα της;","αίτηση_ταφής_σε_οικογενειακό_τάφο"
"Πώς μπορώ να λάβω πληροφορίες για προγράμματα συντήρησης οικογενειακών τάφων;","αίτηση_ταφής_σε_οικογενειακό_τάφο"
"Μπορώ να αιτηθώ ταφή για μελλοντική ημερομηνία σε οικογενειακό τάφο;","αίτηση_ταφής_σε_οικογενειακό_τάφο"
"Υπάρχει λίστα αναμονής για ταφή σε οικογενειακούς τάφους;","αίτηση_ταφής_σε_οικογενειακό_τάφο"
"Πώς ενημερώνομαι για τη διαθεσιμότητα οικογενειακών τάφων για ταφή;","αίτηση_ταφής_σε_οικογενειακό_τάφο"
"Μπορώ να ζητήσω ταφή συγγενή που δεν ήταν δημότης στον ίδιο δήμο;","αίτηση_ταφής_σε_οικογενειακό_τάφο"
"Τι ισχύει για ταφή συζύγου σε οικογενειακό τάφο χωρίς συγγένεια εξ αίματος;","αίτηση_ταφής_σε_οικογενειακό_τάφο"
"Υπάρχουν ειδικές τιμές ή εκπτώσεις για ταφή σε οικογενειακούς τάφους για ευπαθείς ομάδες;","αίτηση_ταφής_σε_οικογενειακό_τάφο"
"Μπορώ να μεταβιβάσω το δικαίωμα ταφής σε άλλον συγγενή;","αίτηση_ταφής_σε_οικογενειακό_τάφο"
"Πώς γίνεται η πληρωμή για ταφή σε οικογενειακό τάφο;","αίτηση_ταφής_σε_οικογενειακό_τάφο"
"Υπάρχει περιορισμός στον αριθμό των σορών που μπορούν να ενταφιαστούν;","αίτηση_ταφής_σε_οικογενειακό_τάφο"
"Μπορώ να ζητήσω ενημέρωση για τα δικαιώματα και τις υποχρεώσεις στον οικογενειακό τάφο;","αίτηση_ταφής_σε_οικογενειακό_τάφο"
"Τι γίνεται αν υπάρχουν διαφωνίες στην οικογένεια για ταφή στο ίδιο τάφο;","αίτηση_ταφής_σε_οικογενειακό_τάφο"
"Υπάρχει διαφορετική διαδικασία για ταφή αλλοδαπών σε οικογενειακό τάφο;","αίτηση_ταφής_σε_οικογενειακό_τάφο"
"Τι κάνω αν θέλω να μεταφερθεί σορός από άλλο κοιμητήριο στον οικογενειακό τάφο;","αίτηση_ταφής_σε_οικογενειακό_τάφο"
"Πώς ενημερώνομαι για αλλαγές στον κανονισμό χρήσης οικογενειακών τάφων;","αίτηση_ταφής_σε_οικογενειακό_τάφο"
"Υπάρχουν δράσεις για τη συντήρηση οικογενειακών τάφων στον δήμο;","αίτηση_ταφής_σε_οικογενειακό_τάφο"
"Μπορώ να αιτηθώ ταφή σε διπλανό οικογενειακό τάφο;","αίτηση_ταφής_σε_οικογενειακό_τάφο"
"Τι κάνω αν δεν υπάρχει χώρος στον οικογενειακό τάφο για νέα ταφή;","αίτηση_ταφής_σε_οικογενειακό_τάφο"
"Μπορώ να υποβάλω αίτηση ταφής σε περίοδο αργίας ή εκτός ωραρίου;","αίτηση_ταφής_σε_οικογενειακό_τάφο"
"Ποια δικαιολογητικά απαιτούνται για ταφή μέλους της οικογένειας σε διαζύγιο;","αίτηση_ταφής_σε_οικογενειακό_τάφο"
"Πώς ενημερώνομαι για το ωράριο και τις υπηρεσίες του κοιμητηρίου για ταφή;","αίτηση_ταφής_σε_οικογενειακό_τάφο"

"Πώς πληρώνω τέλη καθαριότητας για τα κοιμητήρια του Δήμου Κρωπίας;","τέλη_καθαριότητας_κοιμητηρίων"
"Πού κάνω αίτηση για τα τέλη του 1ου και 2ου Κοιμητηρίου;","τέλη_καθαριότητας_κοιμητηρίων"
"Υπάρχει έντυπο αίτησης για τέλη καθαριότητας τάφων;","τέλη_καθαριότητας_κοιμητηρίων"
"Ποια είναι η διαδικασία για υπολογισμό τελών κοιμητηρίου;","τέλη_καθαριότητας_κοιμητηρίων"
"Μπορώ να υποβάλω online αίτηση για τα τέλη του κοιμητηρίου;","τέλη_καθαριότητας_κοιμητηρίων"
"Ποια δικαιολογητικά χρειάζονται για την πληρωμή τελών κοιμητηρίων;","τέλη_καθαριότητας_κοιμητηρίων"
"Πόσος χρόνος απαιτείται για την έκδοση ειδοποιητηρίου τελών κοιμητηρίων;","τέλη_καθαριότητας_κοιμητηρίων"
"Μπορώ να πληρώσω τα τέλη κοιμητηρίων μέσω τράπεζας;","τέλη_καθαριότητας_κοιμητηρίων"
"Σε ποια υπηρεσία του Δήμου Κρωπίας απευθύνομαι για τέλη κοιμητηρίων;","τέλη_καθαριότητας_κοιμητηρίων"
"Είναι απαραίτητη η αυτοψία για τον υπολογισμό τελών κοιμητηρίων;","τέλη_καθαριότητας_κοιμητηρίων"
"Ποιοι άλλοι φόροι ή τέλη σχετίζονται με τα κοιμητήρια;","τέλη_καθαριότητας_κοιμητηρίων"
"Χρειάζεται ΑΦΜ δικαιούχου τάφου για τα τέλη κοιμητηρίων;","τέλη_καθαριότητας_κοιμητηρίων"
"Πώς μπορώ να διορθώσω λάθη σε ειδοποιητήριο τελών κοιμητηρίων;","τέλη_καθαριότητας_κοιμητηρίων"
"Τι γίνεται αν η αίτηση για τα τέλη κοιμητηρίων απορριφθεί;","τέλη_καθαριότητας_κοιμητηρίων"
"Πού μπορώ να βρω τους κανονισμούς για τα τέλη καθαριότητας κοιμητηρίων;","τέλη_καθαριότητας_κοιμητηρίων"
"Είναι τα τέλη καθαριότητας κοιμητηρίων κρίσιμα για τη συντήρηση;","τέλη_καθαριότητας_κοιμητηρίων"
"Πού μπορώ να βρω τη νομοθεσία για τα τέλη κοιμητηρίων;","τέλη_καθαριότητας_κοιμητηρίων"
"Μπορώ να ζητήσω αναστολή πληρωμής τελών κοιμητηρίων;","τέλη_καθαριότητας_κοιμητηρίων"
"Ποιος είναι ο ρόλος του Δήμου Κρωπίας στην είσπραξη τελών κοιμητηρίων;","τέλη_καθαριότητας_κοιμητηρίων"
"Χρειάζεται βεβαίωση οικογενειακής κατάστασης για τα τέλη κοιμητηρίων;","τέλη_καθαριότητας_κοιμητηρίων"
"Πώς μπορώ να επιταχύνω τη διαδικασία πληρωμής τελών κοιμητηρίων;","τέλη_καθαριότητας_κοιμητηρίων"
"Τι προβλέπεται για πρόστιμα σε περίπτωση μη πληρωμής τελών κοιμητηρίων;","τέλη_καθαριότητας_κοιμητηρίων"
"Πού μπορώ να ζητήσω αντίγραφα αποδείξεων πληρωμής τελών κοιμητηρίων;","τέλη_καθαριότητας_κοιμητηρίων"
"Είναι τα τέλη καθαριότητας κοιμητηρίων απαραίτητα για την ταφή;","τέλη_καθαριότητας_κοιμητηρίων"
"Πώς μπορώ να δηλώσω αλλαγή δικαιούχου τάφου για τα τέλη;","τέλη_καθαριότητας_κοιμητηρίων"
"Υπάρχουν ειδικές ρυθμίσεις για τέλη κοιμητηρίων σε ευπαθείς ομάδες;","τέλη_καθαριότητας_κοιμητηρίων"
"Πού μπορώ να βρω εγκυκλίους που αφορούν τα τέλη κοιμητηρίων;","τέλη_καθαριότητας_κοιμητηρίων"
"Μπορώ να ζητήσω ρύθμιση οφειλών για τέλη κοιμητηρίων;","τέλη_καθαριότητας_κοιμητηρίων"
"Ποια είναι η διαδικασία για την ανανέωση τέλους χρήσης τάφου;","τέλη_καθαριότητας_κοιμητηρίων"
"Χρειάζεται λυξιαρχική πράξη θανάτου για τα τέλη κοιμητηρίων;","τέλη_καθαριότητας_κοιμητηρίων"
"Πού μπορώ να βρω συχνές ερωτήσεις για τα τέλη κοιμητηρίων;","τέλη_καθαριότητας_κοιμητηρίων"
"Είναι τα τέλη καθαριότητας κοιμητηρίων καθοριστικά για την αξιοπρέπεια του χώρου;","τέλη_καθαριότητας_κοιμητηρίων"
"Πώς μπορώ να αντλήσω στοιχεία για προηγούμενες πληρωμές τελών κοιμητηρίων;","τέλη_καθαριότητας_κοιμητηρίων"
"Υπάρχει ειδικό καθεστώς για τέλη κοιμητηρίων σε ιστορικούς τάφους;","τέλη_καθαριότητας_κοιμητηρίων"
"Πού μπορώ να υποβάλω ένσταση για απόρριψη αίτησης τελών κοιμητηρίων;","τέλη_καθαριότητας_κοιμητηρίων"
"Τι γίνεται αν τα τέλη κοιμητηρίων αμφισβητούνται από τους συγγενείς;","τέλη_καθαριότητας_κοιμητηρίων"
"Πώς μπορώ να λάβω πληροφορίες για το ύψος των τελών κοιμητηρίων;","τέλη_καθαριότητας_κοιμητηρίων"
"Είναι τα τέλη καθαριότητας κοιμητηρίων απαραίτητα για την έκδοση άδειας ανακομιδής;","τέλη_καθαριότητας_κοιμητηρίων"
"Πού μπορώ να βρω αποφάσεις δικαστηρίων για ζητήματα τελών κοιμητηρίων;","τέλη_καθαριότητας_κοιμητηρίων"
"Μπορώ να αιτηθώ για μείωση τελών κοιμητηρίων λόγω οικονομικών δυσκολιών;","τέλη_καθαριότητας_κοιμητηρίων"
"Ποια είναι η διαδικασία για την ανάκληση δήλωσης τελών κοιμητηρίων;","τέλη_καθαριότητας_κοιμητηρίων"
"Χρειάζεται πιστοποιητικό μόνιμης κατοικίας για τα τέλη κοιμητηρίων;","τέλη_καθαριότητας_κοιμητηρίων"
"Πού μπορώ να επικοινωνήσω για νομικές συμβουλές σχετικά με τα τέλη κοιμητηρίων;","τέλη_καθαριότητας_κοιμητηρίων"
"Είναι τα τέλη καθαριότητας κοιμητηρίων το ίδιο με τα δημοτικά τέλη;","τέλη_καθαριότητας_κοιμητηρίων"
"Πώς μπορώ να δηλώσω ανάγκη για επιπλέον υπηρεσίες καθαριότητας σε τάφο;","τέλη_καθαριότητας_κοιμητηρίων"
"Υπάρχουν περιορισμοί στο χρόνο που μπορεί να παραμείνει ακαθάριστος ένας τάφος;","τέλη_καθαριότητας_κοιμητηρίων"
"Πού μπορώ να βρω παλαιούς κανονισμούς που αφορούν τα τέλη κοιμητηρίων;","τέλη_καθαριότητας_κοιμητηρίων"
"Τι γίνεται αν τα τέλη κοιμητηρίων δεν αποδοθούν στην ώρα τους;","τέλη_καθαριότητας_κοιμητηρίων"
"Πώς μπορώ να λάβω πληροφορίες για προγράμματα συντήρησης κοιμητηρίων;","τέλη_καθαριότητας_κοιμητηρίων"
"Πώς μπορώ να ενημερωθώ για την προθεσμία πληρωμής τελών κοιμητηρίου;","τέλη_καθαριότητας_κοιμητηρίων"
"Τι ισχύει για απαλλαγή τελών καθαριότητας σε περίπτωση ανέργων;","τέλη_καθαριότητας_κοιμητηρίων"
"Μπορώ να πληρώσω τα τέλη κοιμητηρίου σε δόσεις;","τέλη_καθαριότητας_κοιμητηρίων"
"Ποια είναι η διαδικασία για επιστροφή χρημάτων από λάθος πληρωμή τελών;","τέλη_καθαριότητας_κοιμητηρίων"
"Υπάρχει διαφορά στα τέλη μεταξύ οικογενειακών και απλών τάφων;","τέλη_καθαριότητας_κοιμητηρίων"
"Πώς γίνεται η τιμολόγηση για κοινόχρηστους τάφους ή οστεοφυλάκια;","τέλη_καθαριότητας_κοιμητηρίων"
"Μπορώ να λάβω αναλυτικό πίνακα χρεώσεων τελών κοιμητηρίων;","τέλη_καθαριότητας_κοιμητηρίων"
"Πού απευθύνομαι για παράπονα σχετικά με την καθαριότητα στα κοιμητήρια;","τέλη_καθαριότητας_κοιμητηρίων"
"Τι ισχύει για μείωση τελών σε μονογονεϊκές οικογένειες;","τέλη_καθαριότητας_κοιμητηρίων"
"Μπορώ να εξοφλήσω τα τέλη κοιμητηρίου μέσω gov.gr;","τέλη_καθαριότητας_κοιμητηρίων"
"Ποια δικαιολογητικά απαιτούνται για απαλλαγή από τα τέλη λόγω υγείας;","τέλη_καθαριότητας_κοιμητηρίων"
"Τι κάνω αν δεν βρω ειδοποίηση για τα τέλη κοιμητηρίου;","τέλη_καθαριότητας_κοιμητηρίων"
"Υπάρχουν διαφορές στα τέλη ανάλογα με τη θέση του τάφου στο κοιμητήριο;","τέλη_καθαριότητας_κοιμητηρίων"
"Πώς μπορώ να μεταβιβάσω την υποχρέωση πληρωμής τελών σε άλλο μέλος της οικογένειας;","τέλη_καθαριότητας_κοιμητηρίων"
"Τι ισχύει για τέλη σε τάφους που δεν χρησιμοποιούνται πλέον;","τέλη_καθαριότητας_κοιμητηρίων"
"Μπορώ να ζητήσω παράταση για την πληρωμή των τελών κοιμητηρίου;","τέλη_καθαριότητας_κοιμητηρίων"
"Υπάρχει αυτόματη ειδοποίηση για λήξη τελών μέσω email ή sms;","τέλη_καθαριότητας_κοιμητηρίων"
"Ποια είναι η διαδικασία για ένταξη σε πρόγραμμα εθελοντικής καθαριότητας κοιμητηρίων;","τέλη_καθαριότητας_κοιμητηρίων"
"Μπορώ να συνδυάσω την πληρωμή τελών κοιμητηρίου με άλλες δημοτικές οφειλές;","τέλη_καθαριότητας_κοιμητηρίων"
"Τι γίνεται αν διαπιστωθεί λάθος χρέωση στα τέλη κοιμητηρίου;","τέλη_καθαριότητας_κοιμητηρίων"

"Πού δηλώνω ανάγκη για κλάδεμα δένδρου;","πράσινο_δένδρα"
"Υπάρχει υπηρεσία για φύτευση νέου δένδρου;","πράσινο_δένδρα"
"Πώς ζητάω κοπή δένδρου σε δημόσιο χώρο;","πράσινο_δένδρα"
"Μπορώ να αιτηθώ απομάκρυνση δέντρου από το πεζοδρόμιο;","πράσινο_δένδρα"
"Ποια υπηρεσία ασχολείται με θέματα πρασίνου;","πράσινο_δένδρα"
"Ποια δικαιολογητικά χρειάζονται για άδεια κοπής δένδρου;","πράσινο_δένδρα"
"Ποιος είναι ο χρόνος ανταπόκρισης για κλάδεμα δένδρου;","πράσινο_δένδρα"
"Μπορώ να ζητήσω φύτευση δένδρων σε συγκεκριμένη περιοχή;","πράσινο_δένδρα"
"Σε ποια Υπηρεσία Πρασίνου του δήμου απευθύνομαι για δένδρα;","πράσινο_δένδρα"
"Είναι απαραίτητη η αυτοψία για την κοπή δένδρου;","πράσινο_δένδρα"
"Ποιοι άλλοι λόγοι οδηγούν σε άρνηση κοπής ή κλαδέματος δένδρου;","πράσινο_δένδρα"
"Χρειάζεται φωτογραφία του δένδρου για την αίτηση κλαδέματος;","πράσινο_δένδρα"
"Πώς μπορώ να διορθώσω λάθη σε αίτηση για δένδρα;","πράσινο_δένδρα"
"Τι γίνεται αν η αίτηση για δένδρα απορριφθεί;","πράσινο_δένδρα"
"Πού μπορώ να βρω τους κανονισμούς για τη διαχείριση δένδρων σε δημόσιους χώρους;","πράσινο_δένδρα"
"Είναι η διαχείριση δένδρων κρίσιμη για την ασφάλεια των πολιτών;","πράσινο_δένδρα"
"Πού μπορώ να βρω τη νομοθεσία για το πράσινο και τα δένδρα;","πράσινο_δένδρα"
"Μπορώ να ζητήσω κλάδεμα δένδρου μέσω ΚΕΠ;","πράσινο_δένδρα"
"Ποιος είναι ο ρόλος της Διεύθυνσης Περιβάλλοντος για τα δένδρα;","πράσινο_δένδρα"
"Χρειάζεται τοπογραφικό διάγραμμα για φύτευση δένδρων;","πράσινο_δένδρα"
"Πώς μπορώ να επιταχύνω τη διαδικασία για θέματα δένδρων;","πράσινο_δένδρα"
"Τι προβλέπεται για πρόστιμα σε περίπτωση παράνομης κοπής δένδρου;","πράσινο_δένδρα"
"Πού μπορώ να ζητήσω αντίγραφα αιτήσεων για δένδρα;","πράσινο_δένδρα"
"Είναι η κοπή δένδρου απαραίτητη σε περίπτωση κινδύνου;","πράσινο_δένδρα"
"Πώς μπορώ να δηλώσω ζημιά σε δένδρο λόγω κακοκαιρίας;","πράσινο_δένδρα"
"Υπάρχουν ειδικές ρυθμίσεις για δένδρα σε προστατευόμενες περιοχές;","πράσινο_δένδρα"
"Πού μπορώ να βρω εγκυκλίους που αφορούν το πράσινο και τα δένδρα;","πράσινο_δένδρα"
"Μπορώ να ζητήσω κλάδεμα δένδρου που εμποδίζει την ορατότητα;","πράσινο_δένδρα"
"Ποια είναι η διαδικασία για την αποκατάσταση ζημιών σε δένδρα;","πράσινο_δένδρα"
"Χρειάζεται αριθμός πρωτοκόλλου για την αίτηση δένδρων;","πράσινο_δένδρα"
"Πού μπορώ να βρω συχνές ερωτήσεις για το πράσινο και τα δένδρα;","πράσινο_δένδρα"
"Είναι η προστασία των δένδρων καθοριστική για το αστικό περιβάλλον;","πράσινο_δένδρα"
"Πώς μπορώ να αντλήσω στοιχεία για προηγούμενα αιτήματα για δένδρα;","πράσινο_δένδρα"
"Υπάρχει ειδικό καθεστώς για δένδρα σε ιδιωτικούς χώρους που επηρεάζουν δημόσιους;","πράσινο_δένδρα"
"Πού μπορώ να υποβάλω ένσταση για απόρριψη αίτησης για δένδρα;","πράσινο_δένδρα"
"Τι γίνεται αν το δένδρο αμφισβητείται από τους γείτονες;","πράσινο_δένδρα"
"Πώς μπορώ να λάβω πληροφορίες για το κόστος κοπής δένδρου;","πράσινο_δένδρα"
"Είναι η άδεια κοπής δένδρου απαραίτητη για την εκμετάλλευση ξυλείας;","πράσινο_δένδρα"
"Πού μπορώ να βρω αποφάσεις δικαστηρίων για ζητήματα δένδρων;","πράσινο_δένδρα"
"Μπορώ να αιτηθώ για κοπή δένδρου που έχει ξεραθεί;","πράσινο_δένδρα"
"Ποια είναι η διαδικασία για την ανάκληση αίτησης για δένδρα;","πράσινο_δένδρα"
"Χρειάζεται μελέτη για τη φύτευση μεγάλου αριθμού δένδρων;","πράσινο_δένδρα"
"Πού μπορώ να επικοινωνήσω για νομικές συμβουλές σχετικά με θέματα δένδρων;","πράσινο_δένδρα"
"Είναι η φύτευση δένδρων το ίδιο με την αναδάσωση;","πράσινο_δένδρα"
"Πώς μπορώ να δηλώσω ανάγκη για φροντίδα δένδρου που πάσχει από ασθένεια;","πράσινο_δένδρα"
"Υπάρχουν περιορισμοί στο ύψος ή το είδος του δένδρου που μπορεί να κλαδευτεί;","πράσινο_δένδρα"
"Πού μπορώ να βρω παλαιούς κανονισμούς που αφορούν το πράσινο και τα δένδρα;","πράσινο_δένδρα"
"Τι γίνεται αν η εργασία σε δένδρο δεν πραγματοποιηθεί στην ώρα της;","πράσινο_δένδρα"
"Πώς μπορώ να λάβω πληροφορίες για προγράμματα εθελοντικής φύτευσης δένδρων;","πράσινο_δένδρα"
"Μπορώ να ζητήσω φύτευση δένδρου σε παιδική χαρά;","πράσινο_δένδρα"
"Υπάρχει συγκεκριμένη περίοδος μέσα στο έτος για φύτευση δένδρων;","πράσινο_δένδρα"
"Τι κάνω αν ένα δένδρο πέσει και προκαλέσει ζημιά σε αυτοκίνητο;","πράσινο_δένδρα"
"Υπάρχει διαδικασία για υιοθέτηση δένδρου από πολίτες;","πράσινο_δένδρα"
"Μπορώ να προτείνω συγκεκριμένο είδος δένδρου για φύτευση στη γειτονιά μου;","πράσινο_δένδρα"
"Υπάρχει πρόγραμμα αντικατάστασης δένδρων που ξεραίνονται;","πράσινο_δένδρα"
"Πώς μπορώ να ενημερωθώ για δράσεις δενδροφύτευσης στην πόλη μου;","πράσινο_δένδρα"
"Τι κάνω αν ένα δένδρο έχει πέσει πάνω σε καλώδια ρεύματος;","πράσινο_δένδρα"
"Υπάρχει ηλεκτρονική πλατφόρμα για αιτήματα σχετικά με τα δένδρα;","πράσινο_δένδρα"
"Μπορώ να καταγγείλω παράνομη κοπή δένδρου από ιδιώτη;","πράσινο_δένδρα"
"Χρειάζεται συναίνεση όλων των ενοίκων για φύτευση δένδρου σε πολυκατοικία;","πράσινο_δένδρα"
"Υπάρχουν κίνητρα ή επιδοτήσεις για φύτευση δένδρων σε ιδιωτικούς χώρους;","πράσινο_δένδρα"
"Πώς μπορώ να λάβω ενημέρωση για επικίνδυνα ή άρρωστα δένδρα στην περιοχή μου;","πράσινο_δένδρα"
"Μπορώ να ζητήσω απομάκρυνση ξερών κλαδιών από το πεζοδρόμιό μου;","πράσινο_δένδρα"
"Πού αναφέρω πρόβλημα με ρίζες δένδρου που καταστρέφουν πεζοδρόμιο;","πράσινο_δένδρα"
"Υπάρχει όριο στον αριθμό δένδρων που μπορώ να ζητήσω για φύτευση;","πράσινο_δένδρα"
"Τι γίνεται αν ένα δένδρο έχει φωλιά εντόμων ή πτηνών;","πράσινο_δένδρα"
"Πώς ενημερώνομαι για το στάδιο εξέλιξης του αιτήματός μου για δένδρα;","πράσινο_δένδρα"
"Μπορώ να ζητήσω αντικατάσταση δένδρου που ξεράθηκε με άλλο είδος;","πράσινο_δένδρα"
"Υπάρχουν σχολικά προγράμματα φύτευσης ή φροντίδας δένδρων;","πράσινο_δένδρα"

"Πού κάνω αίτηση για αλλαγή ιδιοκτησίας σε ακίνητο;","αλλαγή_ιδιοκτησίας_ακινήτου"
"Αγόρασα ακίνητο – πώς αλλάζω τα στοιχεία στον δήμο;","αλλαγή_ιδιοκτησίας_ακινήτου"
"Χρειάζεται να δηλώσω στον δήμο την αλλαγή ιδιοκτήτη;","αλλαγή_ιδιοκτησίας_ακινήτου"
"Τι έγγραφα απαιτούνται για αλλαγή ιδιοκτησίας;","αλλαγή_ιδιοκτησίας_ακινήτου"
"Μπορώ να κάνω ηλεκτρονικά την αλλαγή ιδιοκτησίας;","αλλαγή_ιδιοκτησίας_ακινήτου"
"Ποιος είναι ο χρόνος διεκπεραίωσης για αλλαγή ιδιοκτησίας ακινήτου;","αλλαγή_ιδιοκτησίας_ακινήτου"
"Πού υποβάλλω τα δικαιολογητικά για μεταβίβαση ακινήτου στον δήμο;","αλλαγή_ιδιοκτησίας_ακινήτου"
"Σε ποια υπηρεσία του δήμου απευθύνομαι για δήλωση αλλαγής ιδιοκτησίας;","αλλαγή_ιδιοκτησίας_ακινήτου"
"Είναι απαραίτητη η αυτοψία για την αλλαγή ιδιοκτησίας ακινήτου;","αλλαγή_ιδιοκτησίας_ακινήτου"
"Ποιοι άλλοι λόγοι οδηγούν σε αλλαγή ιδιοκτησίας ακινήτου (π.χ. κληρονομιά);","αλλαγή_ιδιοκτησίας_ακινήτου"
"Χρειάζεται ΑΦΜ νέου ιδιοκτήτη για την αλλαγή ιδιοκτησίας;","αλλαγή_ιδιοκτησίας_ακινήτου"
"Πώς μπορώ να διορθώσω λάθη στην αίτηση αλλαγής ιδιοκτησίας ακινήτου;","αλλαγή_ιδιοκτησίας_ακινήτου"
"Τι γίνεται αν η αίτηση αλλαγής ιδιοκτησίας ακινήτου απορριφθεί;","αλλαγή_ιδιοκτησίας_ακινήτου"
"Πού μπορώ να βρω τους κανονισμούς για την αλλαγή ιδιοκτησίας ακινήτων;","αλλαγή_ιδιοκτησίας_ακινήτου"
"Είναι η αλλαγή ιδιοκτησίας ακινήτου κρίσιμη για την αποφυγή χρεώσεων;","αλλαγή_ιδιοκτησίας_ακινήτου"
"Πού μπορώ να βρω τη νομοθεσία για την αλλαγή ιδιοκτησίας ακινήτων;","αλλαγή_ιδιοκτησίας_ακινήτου"
"Μπορώ να ζητήσω αλλαγή ιδιοκτησίας ακινήτου μέσω ΚΕΠ;","αλλαγή_ιδιοκτησίας_ακινήτου"
"Ποιος είναι ο ρόλος του παλιού ιδιοκτήτη στην αλλαγή ιδιοκτησίας ακινήτου;","αλλαγή_ιδιοκτησίας_ακινήτου"
"Χρειάζεται αντίγραφο συμβολαίου αγοραπωλησίας για την αλλαγή ιδιοκτησίας;","αλλαγή_ιδιοκτησίας_ακινήτου"
"Πώς μπορώ να επιταχύνω τη διαδικασία αλλαγής ιδιοκτησίας ακινήτου;","αλλαγή_ιδιοκτησίας_ακινήτου"
"Τι προβλέπεται για πρόστιμα σε περίπτωση μη δήλωσης αλλαγής ιδιοκτησίας;","αλλαγή_ιδιοκτησίας_ακινήτου"
"Πού μπορώ να ζητήσω αντίγραφα αιτήσεων αλλαγής ιδιοκτησίας ακινήτων;","αλλαγή_ιδιοκτησίας_ακινήτου"
"Είναι η αλλαγή ιδιοκτησίας ακινήτου απαραίτητη για την έκδοση βεβαίωσης ΤΑΠ;","αλλαγή_ιδιοκτησίας_ακινήτου"
"Πώς μπορώ να δηλώσω αλλαγή ιδιοκτησίας ακινήτου λόγω κληρονομιάς;","αλλαγή_ιδιοκτησίας_ακινήτου"
"Υπάρχουν ειδικές ρυθμίσεις για αλλαγή ιδιοκτησίας ακινήτου σε περίπτωση δωρεάς;","αλλαγή_ιδιοκτησίας_ακινήτου"
"Πού μπορώ να βρω εγκυκλίους που αφορούν την αλλαγή ιδιοκτησίας ακινήτου;","αλλαγή_ιδιοκτησίας_ακινήτου"
"Μπορώ να ζητήσω αλλαγή ιδιοκτησίας ακινήτου για οικόπεδο;","αλλαγή_ιδιοκτησίας_ακινήτου"
"Ποια είναι η διαδικασία για την αλλαγή ιδιοκτησίας ακινήτου σε περίπτωση διαζυγίου;","αλλαγή_ιδιοκτησίας_ακινήτου"
"Χρειάζεται πιστοποιητικό μεταγραφής για την αίτηση αλλαγής ιδιοκτησίας;","αλλαγή_ιδιοκτησίας_ακινήτου"
"Πού μπορώ να βρω συχνές ερωτήσεις για την αλλαγή ιδιοκτησίας ακινήτου;","αλλαγή_ιδιοκτησίας_ακινήτου"
"Είναι η αλλαγή ιδιοκτησίας ακινήτου καθοριστική για τη φορολογική ενημερότητα;","αλλαγή_ιδιοκτησίας_ακινήτου"
"Πώς μπορώ να αντλήσω στοιχεία για προηγούμενες αλλαγές ιδιοκτησίας ακινήτου;","αλλαγή_ιδιοκτησίας_ακινήτου"
"Υπάρχει ειδικό καθεστώς για αλλαγή ιδιοκτησίας ακινήτου σε εκτός σχεδίου περιοχές;","αλλαγή_ιδιοκτησίας_ακινήτου"
"Πού μπορώ να υποβάλω ένσταση για απόρριψη αίτησης αλλαγής ιδιοκτησίας ακινήτου;","αλλαγή_ιδιοκτησίας_ακινήτου"
"Τι γίνεται αν η αλλαγή ιδιοκτησίας ακινήτου αμφισβητείται από τρίτους;","αλλαγή_ιδιοκτησίας_ακινήτου"
"Πώς μπορώ να λάβω πληροφορίες για το κόστος αλλαγής ιδιοκτησίας ακινήτου;","αλλαγή_ιδιοκτησίας_ακινήτου"
"Είναι η αλλαγή ιδιοκτησίας ακινήτου απαραίτητη για τη σύνδεση με δίκτυα κοινής ωφέλειας;","αλλαγή_ιδιοκτησίας_ακινήτου"
"Πού μπορώ να βρω αποφάσεις δικαστηρίων για ζητήματα αλλαγής ιδιοκτησίας ακινήτων;","αλλαγή_ιδιοκτησίας_ακινήτου"
"Μπορώ να αιτηθώ για αλλαγή ιδιοκτησίας ακινήτου για επαγγελματικό χώρο;","αλλαγή_ιδιοκτησίας_ακινήτου"
"Ποια είναι η διαδικασία για την ανάκληση αίτησης αλλαγής ιδιοκτησίας ακινήτου;","αλλαγή_ιδιοκτησίας_ακινήτου"
"Χρειάζεται βεβαίωση μη οφειλής Δήμου για την αλλαγή ιδιοκτησίας ακινήτου;","αλλαγή_ιδιοκτησίας_ακινήτου"
"Πού μπορώ να επικοινωνήσω για νομικές συμβουλές σχετικά με την αλλαγή ιδιοκτησίας ακινήτου;","αλλαγή_ιδιοκτησίας_ακινήτου"
"Είναι η αλλαγή ιδιοκτησίας ακινήτου το ίδιο με την αλλαγή στοιχείων λογαριασμού;","αλλαγή_ιδιοκτησίας_ακινήτου"
"Πώς μπορώ να δηλώσω ανάγκη για αλλαγή ιδιοκτησίας ακινήτου σε περίπτωση πλειστηριασμού;","αλλαγή_ιδιοκτησίας_ακινήτου"
"Υπάρχουν περιορισμοί στο χρονικό διάστημα για αλλαγή ιδιοκτησίας ακινήτου;","αλλαγή_ιδιοκτησίας_ακινήτου"
"Πού μπορώ να βρω παλαιούς κανονισμούς που αφορούν την αλλαγή ιδιοκτησίας ακινήτων;","αλλαγή_ιδιοκτησίας_ακινήτου"
"Τι γίνεται αν η αλλαγή ιδιοκτησίας ακινήτου δεν ολοκληρωθεί στην ώρα της;","αλλαγή_ιδιοκτησίας_ακινήτου"
"Πώς μπορώ να λάβω πληροφορίες για προγράμματα ρύθμισης οφειλών μετά την αλλαγή ιδιοκτησίας;","αλλαγή_ιδιοκτησίας_ακινήτου"
"Μπορώ να κάνω αίτηση για αλλαγή ιδιοκτησίας εξ αποστάσεως, χωρίς φυσική παρουσία;","αλλαγή_ιδιοκτησίας_ακινήτου"
"Υπάρχει κάποια χρέωση ή τέλος για τη διαδικασία αλλαγής ιδιοκτησίας;","αλλαγή_ιδιοκτησίας_ακινήτου"
"Τι κάνω αν χάσω τα απαραίτητα έγγραφα για την αλλαγή ιδιοκτησίας;","αλλαγή_ιδιοκτησίας_ακινήτου"
"Πόσος χρόνος χρειάζεται συνήθως για να ενημερωθεί ο ΕΝΦΙΑ μετά την αλλαγή ιδιοκτησίας;","αλλαγή_ιδιοκτησίας_ακινήτου"
"Υπάρχει διαφορά στη διαδικασία αν το ακίνητο είναι κατοικία ή κατάστημα;","αλλαγή_ιδιοκτησίας_ακινήτου"
"Μπορώ να ενημερωθώ με SMS ή email για την εξέλιξη της αίτησης αλλαγής ιδιοκτησίας;","αλλαγή_ιδιοκτησίας_ακινήτου"
"Ποια είναι η διαδικασία αν το ακίνητο έχει περισσότερους από έναν νέους ιδιοκτήτες;","αλλαγή_ιδιοκτησίας_ακινήτου"
"Πρέπει να ειδοποιήσω και άλλες υπηρεσίες (π.χ. ΔΕΗ, ΕΥΔΑΠ) για την αλλαγή ιδιοκτησίας;","αλλαγή_ιδιοκτησίας_ακινήτου"
"Τι γίνεται σε περίπτωση διαφωνίας μεταξύ παλιού και νέου ιδιοκτήτη;","αλλαγή_ιδιοκτησίας_ακινήτου"
"Υπάρχουν εκπτωτικά προγράμματα ή διευκολύνσεις για πρώτη κατοικία στη μεταβίβαση;","αλλαγή_ιδιοκτησίας_ακινήτου"
"Μπορώ να ζητήσω βεβαίωση ολοκλήρωσης αλλαγής ιδιοκτησίας από τον δήμο;","αλλαγή_ιδιοκτησίας_ακινήτου"
"Πώς γίνεται η αλλαγή ιδιοκτησίας ακινήτου λόγω δικαστικής απόφασης;","αλλαγή_ιδιοκτησίας_ακινήτου"
"Χρειάζεται ενημέρωση του Κτηματολογίου για την αλλαγή ιδιοκτησίας;","αλλαγή_ιδιοκτησίας_ακινήτου"
"Ποια είναι η διαδικασία αν ο νέος ιδιοκτήτης είναι ανήλικος;","αλλαγή_ιδιοκτησίας_ακινήτου"
"Τι κάνω αν το ακίνητο έχει εκκρεμείς οφειλές στον δήμο πριν την αλλαγή;","αλλαγή_ιδιοκτησίας_ακινήτου"
"Υπάρχουν υποχρεωτικά χρονικά περιθώρια για τη δήλωση αλλαγής ιδιοκτησίας;","αλλαγή_ιδιοκτησίας_ακινήτου"
"Μπορώ να εξουσιοδοτήσω κάποιον άλλο να κάνει τη διαδικασία για εμένα;","αλλαγή_ιδιοκτησίας_ακινήτου"
"Πώς δηλώνω μεταβίβαση ακινήτου σε εταιρεία αντί για φυσικό πρόσωπο;","αλλαγή_ιδιοκτησίας_ακινήτου"
"Τι ισχύει αν πρόκειται για αλλαγή ιδιοκτησίας μετά από θάνατο ιδιοκτήτη;","αλλαγή_ιδιοκτησίας_ακινήτου"
"Μπορώ να παρακολουθήσω online την πορεία της αίτησής μου για αλλαγή ιδιοκτησίας;","αλλαγή_ιδιοκτησίας_ακινήτου"

"Πώς απαλλάσσομαι από δημοτικά τέλη λόγω COVID-19;","απαλλαγή_δημοτικών_τελών_covid"
"Υπάρχει αίτηση για απαλλαγή τελών επιχειρήσεων λόγω πανδημίας;","απαλλαγή_δημοτικών_τελών_covid"
"Πού υποβάλλω τα χαρτιά για απαλλαγή COVID;","απαλλαγή_δημοτικών_τελών_covid"
"Χρειάζεται αίτηση για απαλλαγή ΤΑΠ λόγω COVID-19;","απαλλαγή_δημοτικών_τελών_covid"
"Γίνεται ακόμα δεκτή αίτηση λόγω COVID για τέλη;","απαλλαγή_δημοτικών_τελών_covid"
"Ποια δικαιολογητικά χρειάζονται για απαλλαγή δημοτικών τελών λόγω COVID-19;","απαλλαγή_δημοτικών_τελών_covid"
"Ποιος είναι ο χρόνος έγκρισης αίτησης απαλλαγής τελών λόγω COVID-19;","απαλλαγή_δημοτικών_τελών_covid"
"Μπορώ να ζητήσω αναδρομική απαλλαγή δημοτικών τελών λόγω πανδημίας;","απαλλαγή_δημοτικών_τελών_covid"
"Σε ποια Οικονομική Υπηρεσία του δήμου απευθύνομαι για απαλλαγή COVID-19;","απαλλαγή_δημοτικών_τελών_covid"
"Είναι απαραίτητη η βεβαίωση αναστολής λειτουργίας για απαλλαγή COVID-19;","απαλλαγή_δημοτικών_τελών_covid"
"Ποιοι άλλοι λόγοι οδηγούν σε άρνηση απαλλαγής τελών λόγω COVID-19;","απαλλαγή_δημοτικών_τελών_covid"
"Χρειάζεται ΑΦΜ επιχείρησης για την αίτηση απαλλαγής COVID-19;","απαλλαγή_δημοτικών_τελών_covid"
"Πώς μπορώ να διορθώσω λάθη στην αίτηση απαλλαγής τελών λόγω COVID-19;","απαλλαγή_δημοτικών_τελών_covid"
"Τι γίνεται αν η αίτηση απαλλαγής τελών λόγω COVID-19 απορριφθεί;","απαλλαγή_δημοτικών_τελών_covid"
"Πού μπορώ να βρω τους κανονισμούς για τις απαλλαγές τελών λόγω COVID-19;","απαλλαγή_δημοτικών_τελών_covid"
"Είναι η απαλλαγή δημοτικών τελών COVID-19 κρίσιμη για την επιβίωση επιχειρήσεων;","απαλλαγή_δημοτικών_τελών_covid"
"Πού μπορώ να βρω τη νομοθεσία για τις απαλλαγές τελών λόγω πανδημίας;","απαλλαγή_δημοτικών_τελών_covid"
"Μπορώ να ζητήσω απαλλαγή τελών λόγω COVID-19 μέσω ΚΕΠ;","απαλλαγή_δημοτικών_τελών_covid"
"Ποιος είναι ο ρόλος του Δήμου στην παροχή απαλλαγών λόγω COVID-19;","απαλλαγή_δημοτικών_τελών_covid"
"Χρειάζεται βεβαίωση πληττόμενης επιχείρησης για απαλλαγή COVID-19;","απαλλαγή_δημοτικών_τελών_covid"
"Πώς μπορώ να επιταχύνω τη διαδικασία έγκρισης απαλλαγής τελών λόγω COVID-19;","απαλλαγή_δημοτικών_τελών_covid"
"Τι προβλέπεται για πρόστιμα σε περίπτωση ψευδούς δήλωσης για απαλλαγή COVID-19;","απαλλαγή_δημοτικών_τελών_covid"
"Πού μπορώ να ζητήσω αντίγραφα αποφάσεων για απαλλαγές τελών λόγω COVID-19;","απαλλαγή_δημοτικών_τελών_covid"
"Είναι η απαλλαγή δημοτικών τελών COVID-19 απαραίτητη για τη ρύθμιση οφειλών;","απαλλαγή_δημοτικών_τελών_covid"
"Πώς μπορώ να δηλώσω αλλαγή λειτουργίας για απαλλαγή COVID-19;","απαλλαγή_δημοτικών_τελών_covid"
"Υπάρχουν ειδικές ρυθμίσεις για απαλλαγή τελών λόγω COVID-19 σε εποχιακές επιχειρήσεις;","απαλλαγή_δημοτικών_τελών_covid"
"Πού μπορώ να βρω εγκυκλίους που αφορούν την απαλλαγή τελών λόγω COVID-19;","απαλλαγή_δημοτικών_τελών_covid"
"Μπορώ να ζητήσω απαλλαγή τελών λόγω COVID-19 για ατομική επιχείρηση;","απαλλαγή_δημοτικών_τελών_covid"
"Ποια είναι η διαδικασία για την ανανέωση απαλλαγής τελών λόγω COVID-19;","απαλλαγή_δημοτικών_τελών_covid"
"Χρειάζεται βεβαίωση οικονομικής αδυναμίας για απαλλαγή COVID-19;","απαλλαγή_δημοτικών_τελών_covid"
"Πού μπορώ να βρω συχνές ερωτήσεις για την απαλλαγή τελών λόγω COVID-19;","απαλλαγή_δημοτικών_τελών_covid"
"Είναι η απαλλαγή δημοτικών τελών COVID-19 καθοριστική για την ανάκαμψη της αγοράς;","απαλλαγή_δημοτικών_τελών_covid"
"Πώς μπορώ να αντλήσω στοιχεία για προηγούμενες απαλλαγές τελών λόγω COVID-19;","απαλλαγή_δημοτικών_τελών_covid"
"Υπάρχει ειδικό καθεστώς για απαλλαγή τελών λόγω COVID-19 σε ΜΚΟ;","απαλλαγή_δημοτικών_τελών_covid"
"Πού μπορώ να υποβάλω ένσταση για απόρριψη αίτησης απαλλαγής τελών λόγω COVID-19;","απαλλαγή_δημοτικών_τελών_covid"
"Τι γίνεται αν η απαλλαγή τελών λόγω COVID-19 αμφισβητείται από τον δήμο;","απαλλαγή_δημοτικών_τελών_covid"
"Πώς μπορώ να λάβω πληροφορίες για το ποσοστό απαλλαγής τελών λόγω COVID-19;","απαλλαγή_δημοτικών_τελών_covid"
"Είναι η απαλλαγή δημοτικών τελών COVID-19 απαραίτητη για τη συνέχιση λειτουργίας;","απαλλαγή_δημοτικών_τελών_covid"
"Πού μπορώ να βρω αποφάσεις δικαστηρίων για ζητήματα απαλλαγών τελών λόγω COVID-19;","απαλλαγή_δημοτικών_τελών_covid"
"Μπορώ να αιτηθώ για απαλλαγή τελών λόγω COVID-19 για ακίνητο που δεν λειτουργούσε;","απαλλαγή_δημοτικών_τελών_covid"
"Ποια είναι η διαδικασία για την ανάκληση απαλλαγής τελών λόγω COVID-19;","απαλλαγή_δημοτικών_τελών_covid"
"Χρειάζεται πιστοποιητικό παύσης εργασιών για την αίτηση απαλλαγής COVID-19;","απαλλαγή_δημοτικών_τελών_covid"
"Πού μπορώ να επικοινωνήσω για νομικές συμβουλές σχετικά με την απαλλαγή τελών λόγω COVID-19;","απαλλαγή_δημοτικών_τελών_covid"
"Είναι η απαλλαγή δημοτικών τελών COVID-19 το ίδιο με την αναστολή πληρωμής;","απαλλαγή_δημοτικών_τελών_covid"
"Πώς μπορώ να δηλώσω ανάγκη για απαλλαγή τελών λόγω COVID-19 σε περίπτωση νέων περιορισμών;","απαλλαγή_δημοτικών_τελών_covid"
"Υπάρχουν περιορισμοί στο ύψος του εισοδήματος για απαλλαγή τελών λόγω COVID-19;","απαλλαγή_δημοτικών_τελών_covid"
"Πού μπορώ να βρω παλαιούς κανονισμούς που αφορούν τις απαλλαγές τελών λόγω COVID-19;","απαλλαγή_δημοτικών_τελών_covid"
"Τι γίνεται αν η απαλλαγή τελών λόγω COVID-19 δεν εφαρμοστεί στον λογαριασμό;","απαλλαγή_δημοτικών_τελών_covid"
"Πώς μπορώ να λάβω πληροφορίες για προγράμματα στήριξης επιχειρήσεων μετά την πανδημία;","απαλλαγή_δημοτικών_τελών_covid"
"Μπορώ να καταθέσω τα δικαιολογητικά για απαλλαγή COVID-19 ηλεκτρονικά;","απαλλαγή_δημοτικών_τελών_covid"
"Υπάρχει προθεσμία για να υποβάλω αίτηση απαλλαγής τελών λόγω COVID-19;","απαλλαγή_δημοτικών_τελών_covid"
"Τι κάνω αν δεν λάβω απάντηση στην αίτηση απαλλαγής τελών COVID-19;","απαλλαγή_δημοτικών_τελών_covid"
"Μπορώ να ενημερώνομαι μέσω email για την εξέλιξη της αίτησης απαλλαγής COVID-19;","απαλλαγή_δημοτικών_τελών_covid"
"Ποια είναι τα συνηθέστερα λάθη στην αίτηση απαλλαγής τελών λόγω πανδημίας;","απαλλαγή_δημοτικών_τελών_covid"
"Υπάρχει τηλεφωνική γραμμή υποστήριξης για απαλλαγές τελών λόγω COVID-19;","απαλλαγή_δημοτικών_τελών_covid"
"Μπορώ να κάνω αίτηση για απαλλαγή COVID-19 αν έχω ήδη λάβει άλλη οικονομική στήριξη;","απαλλαγή_δημοτικών_τελών_covid"
"Τι ισχύει για απαλλαγή τελών COVID-19 αν η επιχείρησή μου έκλεισε μόνιμα;","απαλλαγή_δημοτικών_τελών_covid"
"Πώς μπορώ να παρακολουθήσω την πορεία της αίτησης απαλλαγής τελών λόγω COVID-19;","απαλλαγή_δημοτικών_τελών_covid"
"Ποιες επιχειρήσεις ή επαγγέλματα δικαιούνται απαλλαγή λόγω COVID-19;","απαλλαγή_δημοτικών_τελών_covid"
"Υπάρχουν εξαιρέσεις στην απαλλαγή δημοτικών τελών λόγω COVID-19;","απαλλαγή_δημοτικών_τελών_covid"
"Πώς μπορώ να ζητήσω ενημέρωση για τυχόν νέες παρατάσεις απαλλαγής λόγω πανδημίας;","απαλλαγή_δημοτικών_τελών_covid"
"Χρειάζεται υπεύθυνη δήλωση για αίτηση απαλλαγής COVID-19;","απαλλαγή_δημοτικών_τελών_covid"
"Πού καταθέτω ένσταση αν διαφωνώ με την απόρριψη απαλλαγής COVID-19;","απαλλαγή_δημοτικών_τελών_covid"
"Υπάρχει διαφορά στη διαδικασία για απαλλαγή τελών COVID-19 ανάλογα με τον δήμο;","απαλλαγή_δημοτικών_τελών_covid"
"Μπορώ να ζητήσω απαλλαγή COVID-19 για περισσότερα από ένα ακίνητα;","απαλλαγή_δημοτικών_τελών_covid"
"Τι γίνεται αν η απαλλαγή τελών εγκριθεί μερικώς και όχι για όλο το χρονικό διάστημα;","απαλλαγή_δημοτικών_τελών_covid"
"Μπορώ να δω online την κατάσταση της αίτησης απαλλαγής τελών COVID-19;","απαλλαγή_δημοτικών_τελών_covid"
"Υπάρχουν αναδρομικές διορθώσεις στα τέλη αν εγκριθεί η απαλλαγή COVID-19 αργότερα;","απαλλαγή_δημοτικών_τελών_covid"
"Πού απευθύνομαι αν χρειάζομαι βοήθεια για τη συμπλήρωση της αίτησης απαλλαγής COVID-19;","απαλλαγή_δημοτικών_τελών_covid"

"Πού αιτούμαι άδεια για κατάληψη κοινόχρηστου χώρου;","κατάληψη_κοινόχρηστου_χώρου"
"Χρειάζεται αίτηση για να βάλω τραπεζοκαθίσματα σε πεζοδρόμιο;","κατάληψη_κοινόχρηστου_χώρου"
"Μπορώ να καταλάβω χώρο μπροστά στο κατάστημά μου;","κατάληψη_κοινόχρηστου_χώρου"
"Ποια είναι η διαδικασία για άδεια κοινόχρηστου χώρου;","κατάληψη_κοινόχρηστου_χώρου"
"Γίνεται online αίτηση για κοινόχρηστο χώρο;","κατάληψη_κοινόχρηστου_χώρου"
"Ποια δικαιολογητικά χρειάζονται για άδεια κατάληψης κοινόχρηστου χώρου;","κατάληψη_κοινόχρηστου_χώρου"
"Πόσος χρόνος απαιτείται για την έγκριση άδειας κατάληψης κοινόχρηστου χώρου;","κατάληψη_κοινόχρηστου_χώρου"
"Μπορώ να ζητήσω προσωρινή κατάληψη κοινόχρηστου χώρου για οικοδομικές εργασίες;","κατάληψη_κοινόχρηστου_χώρου"
"Σε ποια Διεύθυνση του δήμου απευθύνομαι για κατάληψη πεζοδρομίου;","κατάληψη_κοινόχρηστου_χώρου"
"Είναι απαραίτητη η αυτοψία για την έκδοση άδειας κατάληψης κοινόχρηστου χώρου;","κατάληψη_κοινόχρηστου_χώρου"
"Ποιοι άλλοι λόγοι οδηγούν σε άρνηση άδειας κατάληψης κοινόχρηστου χώρου;","κατάληψη_κοινόχρηστου_χώρου"
"Χρειάζεται σχέδιο κάτοψης με τη θέση κατάληψης για την αίτηση;","κατάληψη_κοινόχρηστου_χώρου"
"Πώς μπορώ να διορθώσω λάθη σε άδεια κατάληψης κοινόχρηστου χώρου;","κατάληψη_κοινόχρηστου_χώρου"
"Τι γίνεται αν η άδεια κατάληψης κοινόχρηστου χώρου απορριφθεί;","κατάληψη_κοινόχρηστου_χώρου"
"Πού μπορώ να βρω τους κανονισμούς για την κατάληψη κοινόχρηστων χώρων;","κατάληψη_κοινόχρηστου_χώρου"
"Είναι η κατάληψη κοινόχρηστου χώρου κρίσιμη για τη λειτουργία καταστημάτων;","κατάληψη_κοινόχρηστου_χώρου"
"Πού μπορώ να βρω τη νομοθεσία για την κατάληψη κοινόχρηστων χώρων;","κατάληψη_κοινόχρηστου_χώρου"
"Μπορώ να ζητήσω άδεια κατάληψης κοινόχρηστου χώρου μέσω ΚΕΠ;","κατάληψη_κοινόχρηστου_χώρου"
"Ποιος είναι ο ρόλος της Δημοτικής Αστυνομίας στην εποπτεία των καταλήψεων;","κατάληψη_κοινόχρηστου_χώρου"
"Χρειάζεται βεβαίωση μη οφειλής για την άδεια κατάληψης κοινόχρηστου χώρου;","κατάληψη_κοινόχρηστου_χώρου"
"Πώς μπορώ να επιταχύνω τη διαδικασία έκδοσης άδειας κατάληψης κοινόχρηστου χώρου;","κατάληψη_κοινόχρηστου_χώρου"
"Τι προβλέπεται για πρόστιμα σε περίπτωση παράνομης κατάληψης κοινόχρηστου χώρου;","κατάληψη_κοινόχρηστου_χώρου"
"Πού μπορώ να ζητήσω αντίγραφα αδειών κατάληψης κοινόχρηστων χώρων;","κατάληψη_κοινόχρηστου_χώρου"
"Είναι η άδεια κατάληψης κοινόχρηστου χώρου απαραίτητη για εκδηλώσεις;","κατάληψη_κοινόχρηστου_χώρου"
"Πώς μπορώ να δηλώσω αλλαγή χρήσης στην άδεια κατάληψης κοινόχρηστου χώρου;","κατάληψη_κοινόχρηστου_χώρου"
"Υπάρχουν ειδικές ρυθμίσεις για κατάληψη κοινόχρηστου χώρου σε ιστορικά κέντρα;","κατάληψη_κοινόχρηστου_χώρου"
"Πού μπορώ να βρω εγκυκλίους που αφορούν την κατάληψη κοινόχρηστων χώρων;","κατάληψη_κοινόχρηστου_χώρου"
"Μπορώ να ζητήσω άδεια κατάληψης κοινόχρηστου χώρου για τοποθέτηση εμπορευμάτων;","κατάληψη_κοινόχρηστου_χώρου"
"Ποια είναι η διαδικασία για την ανανέωση άδειας κατάληψης κοινόχρηστου χώρου;","κατάληψη_κοινόχρηστου_χώρου"
"Χρειάζεται πρόσθετη ασφάλιση για την άδεια κατάληψης κοινόχρηστου χώρου;","κατάληψη_κοινόχρηστου_χώρου"
"Πού μπορώ να βρω συχνές ερωτήσεις για την κατάληψη κοινόχρηστων χώρων;","κατάληψη_κοινόχρηστου_χώρου"
"Είναι η κατάληψη κοινόχρηστου χώρου καθοριστική για την προσβασιμότητα;","κατάληψη_κοινόχρηστου_χώρου"
"Πώς μπορώ να αντλήσω στοιχεία για προηγούμενες άδειες κατάληψης κοινόχρηστων χώρων;","κατάληψη_κοινόχρηστου_χώρου"
"Υπάρχει ειδικό καθεστώς για κατάληψη κοινόχρηστου χώρου σε πλατείες;","κατάληψη_κοινόχρηστου_χώρου"
"Πού μπορώ να υποβάλω ένσταση για απόρριψη αίτησης κατάληψης κοινόχρηστου χώρου;","κατάληψη_κοινόχρηστου_χώρου"
"Τι γίνεται αν η κατάληψη κοινόχρηστου χώρου αμφισβητείται από τους γείτονες;","κατάληψη_κοινόχρηστου_χώρου"
"Πώς μπορώ να λάβω πληροφορίες για το κόστος άδειας κατάληψης κοινόχρηστου χώρου;","κατάληψη_κοινόχρηστου_χώρου"
"Είναι η άδεια κατάληψης κοινόχρηστου χώρου απαραίτητη για την τοποθέτηση ικριωμάτων;","κατάληψη_κοινόχρηστου_χώρου"
"Πού μπορώ να βρω αποφάσεις δικαστηρίων για ζητήματα κατάληψης κοινόχρηστων χώρων;","κατάληψη_κοινόχρηστου_χώρου"
"Μπορώ να αιτηθώ για κατάληψη κοινόχρηστου χώρου για προσωρινή διάνοιξη;","κατάληψη_κοινόχρηστου_χώρου"
"Ποια είναι η διαδικασία για την ανάκληση άδειας κατάληψης κοινόχρηστου χώρου;","κατάληψη_κοινόχρηστου_χώρου"
"Χρειάζεται έλεγχος κυκλοφοριακών επιπτώσεων για την κατάληψη κοινόχρηστου χώρου;","κατάληψη_κοινόχρηστου_χώρου"
"Πού μπορώ να επικοινωνίσω για νομικές συμβουλές σχετικά με την κατάληψη κοινόχρηστου χώρου;","κατάληψη_κοινόχρηστου_χώρου"
"Είναι η άδεια κατάληψης κοινόχρηστου χώρου το ίδιο με την άδεια λειτουργίας;","κατάληψη_κοινόχρηστου_χώρου"
"Πώς μπορώ να δηλώσω ανάγκη για κατάληψη κοινόχρηστου χώρου σε περίπτωση έκτακτης ανάγκης;","κατάληψη_κοινόχρηστου_χώρου"
"Υπάρχουν περιορισμοί στο μέγεθος της κατάληψης κοινόχρηστου χώρου;","κατάληψη_κοινόχρηστου_χώρου"
"Πού μπορώ να βρω παλαιούς κανονισμούς που αφορούν την κατάληψη κοινόχρηστων χώρων;","κατάληψη_κοινόχρηστου_χώρου"
"Τι γίνεται αν η άδεια κατάληψης κοινόχρηστου χώρου δεν τηρηθεί;","κατάληψη_κοινόχρηστου_χώρου"
"Πώς μπορώ να λάβω πληροφορίες για προγράμματα αναβάθμισης κοινόχρηστων χώρων;","κατάληψη_κοινόχρηστου_χώρου"
"Μπορώ να ζητήσω παράταση για την άδεια κατάληψης κοινόχρηστου χώρου;","κατάληψη_κοινόχρηστου_χώρου"
"Υπάρχουν διαφορετικά τέλη για κατάληψη κοινόχρηστου χώρου ανάλογα με τη χρήση;","κατάληψη_κοινόχρηστου_χώρου"
"Πώς ενημερώνομαι για προθεσμίες υποβολής αιτήσεων για κατάληψη κοινόχρηστου χώρου;","κατάληψη_κοινόχρηστου_χώρου"
"Ποιος ευθύνεται για τυχόν ζημιές σε κοινόχρηστο χώρο κατά τη διάρκεια κατάληψης;","κατάληψη_κοινόχρηστου_χώρου"
"Τι κάνω αν η αίτησή μου για κατάληψη χώρου εκκρεμεί για μεγάλο διάστημα;","κατάληψη_κοινόχρηστου_χώρου"
"Μπορώ να καταθέσω αίτηση για κατάληψη κοινόχρηστου χώρου εκ μέρους τρίτου;","κατάληψη_κοινόχρηστου_χώρου"
"Υπάρχει δυνατότητα μείωσης τελών για κοινωνικές ή φιλανθρωπικές εκδηλώσεις;","κατάληψη_κοινόχρηστου_χώρου"
"Τι ισχύει για προσωρινή κατάληψη κοινόχρηστου χώρου λόγω εργασιών σε πολυκατοικία;","κατάληψη_κοινόχρηστου_χώρου"
"Πώς διασφαλίζεται η πρόσβαση ΑμεΑ κατά την κατάληψη κοινόχρηστου χώρου;","κατάληψη_κοινόχρηστου_χώρου"
"Πρέπει να υπάρχει σήμανση ή περίφραξη κατά τη διάρκεια της κατάληψης;","κατάληψη_κοινόχρηστου_χώρου"
"Μπορώ να χρησιμοποιήσω κοινόχρηστο χώρο για υπαίθρια διαφήμιση με άδεια;","κατάληψη_κοινόχρηστου_χώρου"
"Πώς γίνεται η ανανέωση άδειας αν αλλάξουν οι όροι χρήσης του χώρου;","κατάληψη_κοινόχρηστου_χώρου"
"Υπάρχει διαδικασία για άμεση άρση άδειας σε περίπτωση παραβάσεων;","κατάληψη_κοινόχρηστου_χώρου"
"Ποια δικαιολογητικά χρειάζονται για κατάληψη χώρου για πολιτιστική εκδήλωση;","κατάληψη_κοινόχρηστου_χώρου"
"Πού απευθύνομαι αν διαπιστώσω παράνομη κατάληψη κοινόχρηστου χώρου στη γειτονιά μου;","κατάληψη_κοινόχρηστου_χώρου"
"Υπάρχει επιπλέον χρέωση για μουσική ή ηχητικά συστήματα σε κατάληψη χώρου;","κατάληψη_κοινόχρηστου_χώρου"
"Πώς δηλώνω ζημιές που προκλήθηκαν στον χώρο μετά το πέρας της κατάληψης;","κατάληψη_κοινόχρηστου_χώρου"
"Μπορώ να αιτηθώ άδεια για ταυτόχρονη κατάληψη σε περισσότερα σημεία;","κατάληψη_κοινόχρηστου_χώρου"
"Υπάρχουν ενημερωτικές εκστρατείες του δήμου για τη σωστή χρήση κοινόχρηστων χώρων;","κατάληψη_κοινόχρηστου_χώρου"
"Πώς ενημερώνομαι για αλλαγές στη νομοθεσία που αφορούν την κατάληψη κοινόχρηστων χώρων;","κατάληψη_κοινόχρηστου_χώρου"

"Πού κάνω αίτηση για μείωση ΔΤ/ΔΦ/ΤΑΠ λόγω αναπηρίας;","μείωση_τελών_λόγω_αναπηρίας"
"Μπορώ να ζητήσω απαλλαγή δημοτικών τελών λόγω αναπηρίας;","μείωση_τελών_λόγω_αναπηρίας"
"Τι δικαιολογητικά χρειάζονται για μείωση τελών αναπήρων;","μείωση_τελών_λόγω_αναπηρίας"
"Γίνεται ηλεκτρονική αίτηση για μείωση τελών λόγω αναπηρίας;","μείωση_τελών_λόγω_αναπηρίας"
"Πώς αποδεικνύω την αναπηρία για απαλλαγή από ΤΑΠ;","μείωση_τελών_λόγω_αναπηρίας"
"Ποιος είναι ο χρόνος έγκρισης αίτησης μείωσης τελών λόγω αναπηρίας;","μείωση_τελών_λόγω_αναπηρίας"
"Μπορώ να λάβω αναδρομική μείωση δημοτικών τελών λόγω αναπηρίας;","μείωση_τελών_λόγω_αναπηρίας"
"Σε ποια Οικονομική Υπηρεσία του δήμου απευθύνομαι για μείωση τελών λόγω αναπηρίας;","μείωση_τελών_λόγω_αναπηρίας"
"Είναι απαραίτητο το πιστοποιητικό ΚΕ.Π.Α. για μείωση τελών λόγω αναπηρίας;","μείωση_τελών_λόγω_αναπηρίας"
"Ποιοι άλλοι φορείς εμπλέκονται στην πιστοποίηση αναπηρίας για μείωση τελών;","μείωση_τελών_λόγω_αναπηρίας"
"Χρειάζεται γνωμάτευση γιατρού για την αίτηση μείωσης τελών λόγω αναπηρίας;","μείωση_τελών_λόγω_αναπηρίας"
"Πώς μπορώ να διορθώσω λάθη στην αίτηση μείωσης τελών λόγω αναπηρίας;","μείωση_τελών_λόγω_αναπηρίας"
"Τι γίνεται αν η αίτηση μείωσης τελών λόγω αναπηρίας απορριφθεί;","μείωση_τελών_λόγω_αναπηρίας"
"Πού μπορώ να βρω τους κανονισμούς για τις μειώσεις τελών λόγω αναπηρίας;","μείωση_τελών_λόγω_αναπηρίας"
"Είναι η μείωση τελών λόγω αναπηρίας κρίσιμη για την οικονομική στήριξη;","μείωση_τελών_λόγω_αναπηρίας"
"Πού μπορώ να βρω τη νομοθεσία για τις απαλλαγές τελών λόγω αναπηρίας;","μείωση_τελών_λόγω_αναπηρίας"
"Μπορώ να ζητήσω μείωση τελών λόγω αναπηρίας μέσω ΚΕΠ;","μείωση_τελών_λόγω_αναπηρίας"
"Ποιος είναι ο ρόλος των κοινωνικών υπηρεσιών στην αίτηση μείωσης τελών αναπήρων;","μείωση_τελών_λόγω_αναπηρίας"
"Χρειάζεται φωτοτυπία ταυτότητας για την αίτηση μείωσης τελών λόγω αναπηρίας;","μείωση_τελών_λόγω_αναπηρίας"
"Πώς μπορώ να επιταχύνω τη διαδικασία έγκρισης μείωσης τελών λόγω αναπηρίας;","μείωση_τελών_λόγω_αναπηρίας"
"Τι προβλέπεται για πρόστιμα σε περίπτωση ψευδούς δήλωσης αναπηρίας;","μείωση_τελών_λόγω_αναπηρίας"
"Πού μπορώ να ζητήσω αντίγραφα αποφάσεων για μειώσεις τελών λόγω αναπηρίας;","μείωση_τελών_λόγω_αναπηρίας"
"Είναι η μείωση τελών λόγω αναπηρίας απαραίτητη για την κάρτα στάθμευσης ΑμεΑ;","μείωση_τελών_λόγω_αναπηρίας"
"Πώς μπορώ να δηλώσω αλλαγή ποσοστού αναπηρίας για επανεξέταση τελών;","μείωση_τελών_λόγω_αναπηρίας"
"Υπάρχουν ειδικές ρυθμίσεις για μείωση τελών σε άτομα με συγκεκριμένες αναπηρίες;","μείωση_τελών_λόγω_αναπηρίας"
"Πού μπορώ να βρω εγκυκλίους που αφορούν τη μείωση τελών λόγω αναπηρίας;","μείωση_τελών_λόγω_αναπηρίας"
"Μπορώ να ζητήσω μείωση τελών λόγω αναπηρίας για νομικό πρόσωπο;","μείωση_τελών_λόγω_αναπηρίας"
"Ποια είναι η διαδικασία για την ανανέωση μείωσης τελών λόγω αναπηρίας;","μείωση_τελών_λόγω_αναπηρίας"
"Χρειάζεται πιστοποιητικό μόνιμης κατοικίας για την αίτηση μείωσης τελών;","μείωση_τελών_λόγω_αναπηρίας"
"Πού μπορώ να βρω συχνές ερωτήσεις για τη μείωση τελών λόγω αναπηρίας;","μείωση_τελών_λόγω_αναπηρίας"
"Είναι η μείωση τελών λόγω αναπηρίας καθοριστική για την κοινωνική πρόνοια;","μείωση_τελών_λόγω_αναπηρίας"
"Πώς μπορώ να αντλήσω στοιχεία για προηγούμενες μειώσεις τελών λόγω αναπηρίας;","μείωση_τελών_λόγω_αναπηρίας"
"Υπάρχει ειδικό καθεστώς για μείωση τελών σε πολύτεκνους με αναπηρία;","μείωση_τελών_λόγω_αναπηρίας"
"Πού μπορώ να υποβάλω ένσταση για απόρριψη αίτησης μείωσης τελών λόγω αναπηρίας;","μείωση_τελών_λόγω_αναπηρίας"
"Τι γίνεται αν η μείωση τελών λόγω αναπηρίας αμφισβητείται από τον δήμο;","μείωση_τελών_λόγω_αναπηρίας"
"Πώς μπορώ να λάβω πληροφορίες για το ποσοστό μείωσης τελών λόγω αναπηρίας;","μείωση_τελών_λόγω_αναπηρίας"
"Είναι η μείωση τελών λόγω αναπηρίας απαραίτητη για την επιδότηση ενοικίου;","μείωση_τελών_λόγω_αναπηρίας"
"Πού μπορώ να βρω αποφάσεις δικαστηρίων για ζητήματα μειώσεων τελών λόγω αναπηρίας;","μείωση_τελών_λόγω_αναπηρίας"
"Μπορώ να αιτηθώ για μείωση τελών λόγω αναπηρίας για μέλος της οικογένειας;","μείωση_τελών_λόγω_αναπηρίας"
"Ποια είναι η διαδικασία για την ανάκληση μείωσης τελών λόγω αναπηρίας;","μείωση_τελών_λόγω_αναπηρίας"
"Χρειάζεται πιστοποιητικό οικογενειακής κατάστασης για την αίτηση μείωσης τελών;","μείωση_τελών_λόγω_αναπηρίας"
"Πού μπορώ να επικοινωνήσω για νομικές συμβουλές σχετικά με τη μείωση τελών λόγω αναπηρίας;","μείωση_τελών_λόγω_αναπηρίας"
"Είναι η μείωση τελών λόγω αναπηρίας το ίδιο με την κάρτα ΑμεΑ;","μείωση_τελών_λόγω_αναπηρίας"
"Πώς μπορώ να δηλώσω ανάγκη για μείωση τελών λόγω επιδείνωσης αναπηρίας;","μείωση_τελών_λόγω_αναπηρίας"
"Υπάρχουν περιορισμοί στο ύψος του εισοδήματος για μείωση τελών λόγω αναπηρίας;","μείωση_τελών_λόγω_αναπηρίας"
"Πού μπορώ να βρω παλαιούς κανονισμούς που αφορούν τις μειώσεις τελών λόγω αναπηρίας;","μείωση_τελών_λόγω_αναπηρίας"
"Τι γίνεται αν η μείωση τελών λόγω αναπηρίας δεν εφαρμοστεί στον λογαριασμό;","μείωση_τελών_λόγω_αναπηρίας"
"Πώς μπορώ να λάβω πληροφορίες για προγράμματα στήριξης ΑμεΑ;","μείωση_τελών_λόγω_αναπηρίας"
"Μπορώ να κάνω αίτηση για μείωση τελών λόγω αναπηρίας αν είμαι συνιδιοκτήτης;","μείωση_τελών_λόγω_αναπηρίας"
"Υπάρχουν επιπλέον παροχές ή προνόμια με τη μείωση τελών λόγω αναπηρίας;","μείωση_τελών_λόγω_αναπηρίας"
"Πώς ενημερώνομαι για την πορεία της αίτησής μου για μείωση τελών λόγω αναπηρίας;","μείωση_τελών_λόγω_αναπηρίας"
"Τι κάνω αν το ποσοστό αναπηρίας μου αλλάξει μετά την έγκριση της μείωσης τελών;","μείωση_τελών_λόγω_αναπηρίας"
"Μπορώ να υποβάλω αίτηση για μείωση τελών λόγω αναπηρίας εκ μέρους συγγενή;","μείωση_τελών_λόγω_αναπηρίας"
"Υπάρχει συγκεκριμένη προθεσμία για να υποβάλω αίτηση μείωσης τελών λόγω αναπηρίας;","μείωση_τελών_λόγω_αναπηρίας"
"Χρειάζεται ανανέωση της μείωσης τελών λόγω αναπηρίας κάθε χρόνο;","μείωση_τελών_λόγω_αναπηρίας"
"Πού μπορώ να βρω βοήθεια για τη συμπλήρωση της αίτησης μείωσης τελών λόγω αναπηρίας;","μείωση_τελών_λόγω_αναπηρίας"
"Τι ισχύει για μείωση τελών λόγω αναπηρίας σε ενοικιαστές;","μείωση_τελών_λόγω_αναπηρίας"
"Μπορώ να κάνω αίτηση αν έχω προσωρινή αναπηρία;","μείωση_τελών_λόγω_αναπηρίας"
"Ποιες υπηρεσίες ενημερώνονται αυτόματα αν εγκριθεί η μείωση τελών λόγω αναπηρίας;","μείωση_τελών_λόγω_αναπηρίας"
"Υπάρχουν ειδικές προβλέψεις για μονογονεϊκές οικογένειες με μέλος ΑμεΑ;","μείωση_τελών_λόγω_αναπηρίας"
"Πώς διαχειρίζομαι αίτηση για μείωση τελών σε περίπτωση μετακόμισης;","μείωση_τελών_λόγω_αναπηρίας"
"Τι γίνεται αν χαθούν ή λείπουν δικαιολογητικά για την αίτηση μείωσης τελών λόγω αναπηρίας;","μείωση_τελών_λόγω_αναπηρίας"
"Μπορώ να παρακολουθώ ηλεκτρονικά την εξέλιξη της αίτησης μείωσης τελών λόγω αναπηρίας;","μείωση_τελών_λόγω_αναπηρίας"
"Πού απευθύνομαι αν δεν εμφανιστεί η μείωση τελών στον λογαριασμό μου;","μείωση_τελών_λόγω_αναπηρίας"
"Υπάρχουν δήμοι με αυτόματη εφαρμογή μείωσης τελών λόγω αναπηρίας;","μείωση_τελών_λόγω_αναπηρίας"
"Μπορώ να ζητήσω μείωση τελών λόγω αναπηρίας και για εξοχική κατοικία;","μείωση_τελών_λόγω_αναπηρίας"
"Χρειάζεται ενημέρωση και άλλων υπηρεσιών (π.χ. ΔΕΗ) αν εγκριθεί η μείωση τελών λόγω αναπηρίας;","μείωση_τελών_λόγω_αναπηρίας"
"Πώς μπορώ να ενημερώνομαι για νέες αλλαγές στα κριτήρια μείωσης τελών λόγω αναπηρίας;","μείωση_τελών_λόγω_αναπηρίας"
 
"Πού κάνω αίτηση για διακοπή ηλεκτροδότησης;","διακοπή_ηλεκτροδότησης"
"Θέλω να κόψω το ρεύμα σε ακίνητο – τι χρειάζεται;","διακοπή_ηλεκτροδότησης"
"Ποια υπηρεσία διαχειρίζεται τη διακοπή ηλεκτροδότησης;","διακοπή_ηλεκτροδότησης"
"Γίνεται ηλεκτρονικά η αίτηση για διακοπή παροχής ρεύματος;","διακοπή_ηλεκτροδότησης"
"Τι έγγραφα χρειάζονται για διακοπή ρεύματος;","διακοπή_ηλεκτροδότησης"
"Ποιος είναι ο χρόνος ανταπόκρισης για τη διακοπή ηλεκτροδότησης;","διακοπή_ηλεκτροδότησης"
"Μπορώ να ζητήσω προσωρινή διακοπή ηλεκτροδότησης;","διακοπή_ηλεκτροδότησης"
"Σε ποια ΔΕΔΔΗΕ ή πάροχο ηλεκτρικής ενέργειας απευθύνομαι για διακοπή;","διακοπή_ηλεκτροδότησης"
"Είναι απαραίτητη η αυτοψία τεχνικού για τη διακοπή ηλεκτροδότησης;","διακοπή_ηλεκτροδότησης"
"Ποιοι άλλοι λόγοι οδηγούν σε διακοπή ηλεκτροδότησης (πλην αιτήματος);","διακοπή_ηλεκτροδότησης"
"Χρειάζεται εξόφληση λογαριασμών πριν τη διακοπή ηλεκτροδότησης;","διακοπή_ηλεκτροδότησης"
"Πώς μπορώ να διορθώσω λάθη στην αίτηση διακοπής ηλεκτροδότησης;","διακοπή_ηλεκτροδότησης"
"Τι γίνεται αν η αίτηση διακοπής ηλεκτροδότησης απορριφθεί;","διακοπή_ηλεκτροδότησης"
"Πού μπορώ να βρω τους κανονισμούς για τη διακοπή ηλεκτροδότησης;","διακοπή_ηλεκτροδότησης"
"Είναι η διακοπή ηλεκτροδότησης κρίσιμη για την ασφάλεια του ακινήτου;","διακοπή_ηλεκτροδότησης"
"Πού μπορώ να βρω τη νομοθεσία για τη διακοπή παροχής ρεύματος;","διακοπή_ηλεκτροδότησης"
"Μπορώ να ζητήσω διακοπή ηλεκτροδότησης μέσω ΚΕΠ;","διακοπή_ηλεκτροδότησης"
"Ποιος είναι ο ρόλος του ιδιοκτήτη στην αίτηση διακοπής ηλεκτροδότησης;","διακοπή_ηλεκτροδότησης"
"Χρειάζεται αριθμός παροχής για τη διακοπή ηλεκτροδότησης;","διακοπή_ηλεκτροδότησης"
"Πώς μπορώ να επιταχύνω τη διαδικασία διακοπής ηλεκτροδότησης;","διακοπή_ηλεκτροδότησης"
"Τι προβλέπεται για πρόστιμα σε περίπτωση παράνομης επανασύνδεσης ρεύματος;","διακοπή_ηλεκτροδότησης"
"Πού μπορώ να ζητήσω αντίγραφα αιτήσεων διακοπής ηλεκτροδότησης;","διακοπή_ηλεκτροδότησης"
"Είναι η διακοπή ηλεκτροδότησης απαραίτητη σε περίπτωση κατεδάφισης κτιρίου;","διακοπή_ηλεκτροδότησης"
"Πώς μπορώ να δηλώσω διακοπή ηλεκτροδότησης λόγω πώλησης ακινήτου;","διακοπή_ηλεκτροδότησης"
"Υπάρχουν ειδικές ρυθμίσεις για διακοπή ηλεκτροδότησης σε μη κατοικούμενα ακίνητα;","διακοπή_ηλεκτροδότησης"
"Πού μπορώ να βρω εγκυκλίους που αφορούν τη διακοπή ηλεκτροδότησης;","διακοπή_ηλεκτροδότησης"
"Μπορώ να ζητήσω διακοπή ηλεκτροδότησης για εποχιακή χρήση ακινήτου;","διακοπή_ηλεκτροδότησης"
"Ποια είναι η διαδικασία για την επανασύνδεση ηλεκτροδότησης μετά τη διακοπή;","διακοπή_ηλεκτροδότησης"
"Χρειάζεται τελική ανάγνωση μετρητή για τη διακοπή ηλεκτροδότησης;","διακοπή_ηλεκτροδότησης"
"Πού μπορώ να βρω συχνές ερωτήσεις για τη διακοπή ηλεκτροδότησης;","διακοπή_ηλεκτροδότησης"
"Είναι η διακοπή ηλεκτροδότησης καθοριστική για τη μείωση του κόστους λειτουργίας;","διακοπή_ηλεκτροδότησης"
"Πώς μπορώ να αντλήσω στοιχεία για προηγούμενες διακοπές ηλεκτροδότησης;","διακοπή_ηλεκτροδότησης"
"Υπάρχει ειδικό καθεστώς για διακοπή ηλεκτροδότησης σε περιπτώσεις οικονομικής δυσπραγίας;","διακοπή_ηλεκτροδότησης"
"Πού μπορώ να υποβάλω ένσταση για απόρριψη αίτησης διακοπής ηλεκτροδότησης;","διακοπή_ηλεκτροδότησης"
"Τι γίνεται αν η διακοπή ηλεκτροδότησης αμφισβητείται από τον ενοικιαστή;","διακοπή_ηλεκτροδότησης"
"Πώς μπορώ να λάβω πληροφορίες για το κόστος διακοπής ηλεκτροδότησης;","διακοπή_ηλεκτροδότησης"
"Είναι η διακοπή ηλεκτροδότησης απαραίτητη για τη μεταβίβαση ακινήτου;","διακοπή_ηλεκτροδότησης"
"Πού μπορώ να βρω αποφάσεις δικαστηρίων για ζητήματα διακοπής ηλεκτροδότησης;","διακοπή_ηλεκτροδότησης"
"Μπορώ να αιτηθώ για διακοπή ηλεκτροδότησης σε αγροτεμάχιο χωρίς κτίσμα;","διακοπή_ηλεκτροδότησης"
"Ποια είναι η διαδικασία για την ανάκληση αίτησης διακοπής ηλεκτροδότησης;","διακοπή_ηλεκτροδότησης"
"Χρειάζεται πληρωμή όλων των οφειλών για τη διακοπή ηλεκτροδότησης;","διακοπή_ηλεκτροδότησης"
"Πού μπορώ να επικοινωνήσω για νομικές συμβουλές σχετικά με τη διακοπή ηλεκτροδότησης;","διακοπή_ηλεκτροδότησης"
"Είναι η διακοπή ηλεκτροδότησης το ίδιο με την αλλαγή παρόχου;","διακοπή_ηλεκτροδότησης"
"Πώς μπορώ να δηλώσω ανάγκη για διακοπή ηλεκτροδότησης σε περίπτωση διαρροής ρεύματος;","διακοπή_ηλεκτροδότησης"
"Υπάρχουν περιορισμοί στον χρόνο που μπορεί να παραμείνει διακομμένη η ηλεκτροδότηση;","διακοπή_ηλεκτροδότησης"
"Πού μπορώ να βρω παλαιούς κανονισμούς που αφορούν τη διακοπή ηλεκτροδότησης;","διακοπή_ηλεκτροδότησης"
"Τι γίνεται αν η διακοπή ηλεκτροδότησης δεν πραγματοποιηθεί στην ώρα της;","διακοπή_ηλεκτροδότησης"
"Πώς μπορώ να λάβω πληροφορίες για προγράμματα εξοικονόμησης ενέργειας μετά τη διακοπή;","διακοπή_ηλεκτροδότησης"
"Μπορώ να κάνω αίτηση διακοπής ηλεκτροδότησης ως ενοικιαστής;","διακοπή_ηλεκτροδότησης"
"Υπάρχει δυνατότητα να ορίσω συγκεκριμένη ημερομηνία για τη διακοπή ηλεκτροδότησης;","διακοπή_ηλεκτροδότησης"
"Πώς ενημερώνομαι ότι η διακοπή ηλεκτροδότησης ολοκληρώθηκε;","διακοπή_ηλεκτροδότησης"
"Μπορώ να παρακολουθώ ηλεκτρονικά την κατάσταση της αίτησης διακοπής;","διακοπή_ηλεκτροδότησης"
"Ποιος χρεώνεται το κόστος της διακοπής ηλεκτροδότησης;","διακοπή_ηλεκτροδότησης"
"Τι κάνω αν υπάρχει ασυμφωνία μεταξύ ιδιοκτήτη και ενοικιαστή για τη διακοπή;","διακοπή_ηλεκτροδότησης"
"Υπάρχουν ειδικές οδηγίες για διακοπή ηλεκτροδότησης σε πολυκατοικίες;","διακοπή_ηλεκτροδότησης"
"Ποια δικαιολογητικά χρειάζονται για διακοπή ηλεκτροδότησης λόγω θανάτου ιδιοκτήτη;","διακοπή_ηλεκτροδότησης"
"Τι γίνεται με τα κοινόχρηστα αν γίνει διακοπή ρεύματος σε διαμέρισμα;","διακοπή_ηλεκτροδότησης"
"Μπορώ να ζητήσω διακοπή για συγκεκριμένη παροχή σε πολυμερή ακίνητα;","διακοπή_ηλεκτροδότησης"
"Υπάρχουν ενημερωτικές υπηρεσίες SMS ή email για την πρόοδο της διακοπής;","διακοπή_ηλεκτροδότησης"
"Πώς ενημερώνω τον δήμο για διακοπή ηλεκτροδότησης λόγω μετακόμισης;","διακοπή_ηλεκτροδότησης"
"Μπορώ να εξουσιοδοτήσω άλλον για τη διακοπή ηλεκτροδότησης του ακινήτου μου;","διακοπή_ηλεκτροδότησης"
"Υπάρχει διαφορετική διαδικασία για διακοπή ηλεκτροδότησης σε επαγγελματικό χώρο;","διακοπή_ηλεκτροδότησης"
"Τι γίνεται αν η διακοπή ρεύματος καθυστερήσει και προκληθούν ζημιές;","διακοπή_ηλεκτροδότησης"
"Χρειάζεται παρουσία μου στο ακίνητο για να γίνει η διακοπή;","διακοπή_ηλεκτροδότησης"
"Πού υποβάλλω ένσταση αν διαφωνώ με το τελικό ποσό του λογαριασμού διακοπής;","διακοπή_ηλεκτροδότησης"
"Μπορώ να ακυρώσω την αίτηση διακοπής αν αλλάξω γνώμη;","διακοπή_ηλεκτροδότησης"
"Υπάρχει επιβάρυνση αν ζητήσω άμεσα διακοπή ηλεκτροδότησης;","διακοπή_ηλεκτροδότησης"
"Τι κάνω αν ο μετρητής ρεύματος έχει καταστραφεί πριν τη διακοπή;","διακοπή_ηλεκτροδότησης"

"Πού κάνω αίτηση για αγορά οικογενειακού τάφου;","αγορά_οικογενειακού_τάφου"
"Υπάρχουν διαθέσιμοι οικογενειακοί τάφοι στο 2ο κοιμητήριο;","αγορά_οικογενειακού_τάφου"
"Τι δικαιολογητικά απαιτούνται για αγορά οικογενειακού τάφου;","αγορά_οικογενειακού_τάφου"
"Ποια είναι η διαδικασία για αγορά τάφου στον Δήμο Κρωπίας;","αγορά_οικογενειακού_τάφου"
"Γίνεται η αίτηση για οικογενειακό τάφο ηλεκτρονικά;","αγορά_οικογενειακού_τάφου"
"Ποιος είναι ο χρόνος αναμονής για αγορά οικογενειακού τάφου;","αγορά_οικογενειακού_τάφου"
"Μπορώ να επιλέξω τη θέση του οικογενειακού τάφου;","αγορά_οικογενειακού_τάφου"
"Σε ποια υπηρεσία του δήμου απευθύνομαι για αγορά οικογενειακού τάφου;","αγορά_οικογενειακού_τάφου"
"Είναι απαραίτητη η αυτοψία για την επιλογή οικογενειακού τάφου;","αγορά_οικογενειακού_τάφου"
"Ποιοι άλλοι λόγοι οδηγούν σε άρνηση αγοράς οικογενειακού τάφου;","αγορά_οικογενειακού_τάφου"
"Χρειάζεται λυξιαρχική πράξη θανάτου για την αγορά οικογενειακού τάφου;","αγορά_οικογενειακού_τάφου"
"Πώς μπορώ να διορθώσω λάθη στην αίτηση αγοράς οικογενειακού τάφου;","αγορά_οικογενειακού_τάφου"
"Τι γίνεται αν η αίτηση αγοράς οικογενειακού τάφου απορριφθεί;","αγορά_οικογενειακού_τάφου"
"Πού μπορώ να βρω τους κανονισμούς για την αγορά οικογενειακών τάφων;","αγορά_οικογενειακού_τάφου"
"Είναι η αγορά οικογενειακού τάφου κρίσιμη για τη διατήρηση της οικογενειακής ιστορίας;","αγορά_οικογενειακού_τάφου"
"Πού μπορώ να βρω τη νομοθεσία για την αγορά τάφων;","αγορά_οικογενειακού_τάφου"
"Μπορώ να ζητήσω αναβολή αγοράς οικογενειακού τάφου;","αγορά_οικογενειακού_τάφου"
"Ποιος είναι ο ρόλος του Δήμου στην παραχώρηση οικογενειακών τάφων;","αγορά_οικογενειακού_τάφου"
"Χρειάζεται πιστοποιητικό οικογενειακής κατάστασης για την αγορά οικογενειακού τάφου;","αγορά_οικογενειακού_τάφου"
"Πώς μπορώ να επιταχύνω τη διαδικασία αγοράς οικογενειακού τάφου;","αγορά_οικογενειακού_τάφου"
"Τι προβλέπεται για πρόστιμα σε περίπτωση παράνομης χρήσης οικογενειακού τάφου;","αγορά_οικογενειακού_τάφου"
"Πού μπορώ να ζητήσω αντίγραφα συμβολαίων αγοράς οικογενειακών τάφων;","αγορά_οικογενειακού_τάφου"
"Είναι η αγορά οικογενειακού τάφου απαραίτητη για την ταφή;","αγορά_οικογενειακού_τάφου"
"Πώς μπορώ να δηλώσω αλλαγή δικαιούχου για αγορασμένο οικογενειακό τάφο;","αγορά_οικογενειακού_τάφου"
"Υπάρχουν ειδικές ρυθμίσεις για αγορά οικογενειακών τάφων σε ιστορικά κοιμητήρια;","αγορά_οικογενειακού_τάφου"
"Πού μπορώ να βρω εγκυκλίους που αφορούν την αγορά οικογενειακών τάφων;","αγορά_οικογενειακού_τάφου"
"Μπορώ να ζητήσω αγορά οικογενειακού τάφου για αποτεφρωμένο;","αγορά_οικογενειακού_τάφου"
"Ποια είναι η διαδικασία για την ανανέωση δικαιώματος χρήσης οικογενειακού τάφου;","αγορά_οικογενειακού_τάφου"
"Χρειάζεται ΑΦΜ δικαιούχου για την αίτηση αγοράς οικογενειακού τάφου;","αγορά_οικογενειακού_τάφου"
"Πού μπορώ να βρω συχνές ερωτήσεις για την αγορά οικογενειακών τάφων;","αγορά_οικογενειακού_τάφου"
"Είναι η αγορά οικογενειακού τάφου καθοριστική για την ηρεμία των συγγενών;","αγορά_οικογενειακού_τάφου"
"Πώς μπορώ να αντλήσω στοιχεία για προηγούμενες αγορές οικογενειακών τάφων;","αγορά_οικογενειακού_τάφου"
"Υπάρχει ειδικό καθεστώς για αγορά οικογενειακού τάφου σε περίπτωση παιδιού;","αγορά_οικογενειακού_τάφου"
"Πού μπορώ να υποβάλω ένσταση για απόρριψη αίτησης αγοράς οικογενειακού τάφου;","αγορά_οικογενειακού_τάφου"
"Τι γίνεται αν η αγορά οικογενειακού τάφου αμφισβητείται από άλλα μέλη της οικογένειας;","αγορά_οικογενειακού_τάφου"
"Πώς μπορώ να λάβω πληροφορίες για το κόστος αγοράς οικογενειακού τάφου;","αγορά_οικογενειακού_τάφου"
"Είναι η αγορά οικογενειακού τάφου απαραίτητη για την έκδοση πιστοποιητικού κληρονομιάς;","αγορά_οικογενειακού_τάφου"
"Πού μπορώ να βρω αποφάσεις δικαστηρίων για ζητήματα αγοράς οικογενειακών τάφων;","αγορά_οικογενειακού_τάφου"
"Μπορώ να αιτηθώ για αγορά οικογενειακού τάφου σε συγκεκριμένο σημείο του κοιμητηρίου;","αγορά_οικογενειακού_τάφου"
"Ποια είναι η διαδικασία για την παραχώρηση τάφου μακράς διάρκειας;","αγορά_οικογενειακού_τάφου"
"Χρειάζεται πιστοποιητικό μόνιμης κατοικίας για την αγορά οικογενειακού τάφου;","αγορά_οικογενειακού_τάφου"
"Πού μπορώ να επικοινωνίσω για νομικές συμβουλές σχετικά με την αγορά οικογενειακού τάφου;","αγορά_οικογενειακού_τάφου"
"Είναι η αγορά οικογενειακού τάφου το ίδιο με την ενοικίαση τάφου;","αγορά_οικογενειακού_τάφου"
"Πώς μπορώ να δηλώσω ανάγκη για αγορά οικογενειακού τάφου σε περίπτωση αιφνίδιου θανάτου;","αγορά_οικογενειακού_τάφου"
"Υπάρχουν περιορισμοί στο μέγεθος ή τον τύπο του οικογενειακού τάφου προς αγορά;","αγορά_οικογενειακού_τάφου"
"Πού μπορώ να βρω παλαιούς κανονισμούς που αφορούν την αγορά οικογενειακών τάφων;","αγορά_οικογενειακού_τάφου"
"Τι γίνεται αν η αγορά οικογενειακού τάφου δεν ολοκληρωθεί στην ώρα της;","αγορά_οικογενειακού_τάφου"
"Πώς μπορώ να λάβω πληροφορίες για προγράμματα συντήρησης οικογενειακών τάφων;","αγορά_οικογενειακού_τάφου"
"Ποια είναι τα τέλη συντήρησης για έναν αγορασμένο οικογενειακό τάφο;","αγορά_οικογενειακού_τάφου"
"Μπορώ να πουλήσω έναν οικογενειακό τάφο που έχω στην ιδιοκτησία μου;","αγορά_οικογενειακού_τάφου"
"Υπάρχει περίπτωση να απαλλοτριωθεί ένας οικογενειακός τάφος;","αγορά_οικογενειακού_τάφου"
"Μπορώ να αγοράσω οικογενειακό τάφο για μελλοντική χρήση;","αγορά_οικογενειακού_τάφου"
"Υπάρχει λίστα αναμονής για αγορά οικογενειακού τάφου;","αγορά_οικογενειακού_τάφου"
"Πώς ενημερώνομαι για τη διαθεσιμότητα οικογενειακών τάφων στα κοιμητήρια;","αγορά_οικογενειακού_τάφου"
"Μπορώ να αγοράσω οικογενειακό τάφο για λογαριασμό άλλου μέλους της οικογένειας;","αγορά_οικογενειακού_τάφου"
"Τι ισχύει για αγορά οικογενειακού τάφου από πολύτεκνη οικογένεια;","αγορά_οικογενειακού_τάφου"
"Υπάρχουν ειδικές τιμές για κοινωνικά ευπαθείς ομάδες στην αγορά τάφου;","αγορά_οικογενειακού_τάφου"
"Μπορώ να μεταφέρω δικαίωμα χρήσης οικογενειακού τάφου σε άλλο άτομο;","αγορά_οικογενειακού_τάφου"
"Πώς γίνεται η πληρωμή για αγορά οικογενειακού τάφου (π.χ. δόσεις, εφάπαξ);","αγορά_οικογενειακού_τάφου"
"Υπάρχει περιορισμός στον αριθμό των ατόμων που μπορούν να ταφούν σε οικογενειακό τάφο;","αγορά_οικογενειακού_τάφου"
"Μπορώ να ζητήσω ενημέρωση για τα δικαιώματα και τις υποχρεώσεις κατόχου τάφου;","αγορά_οικογενειακού_τάφου"
"Ποια διαδικασία ακολουθείται αν υπάρχουν διαφωνίες στην οικογένεια για τον τάφο;","αγορά_οικογενειακού_τάφου"
"Υπάρχει διαφορετική διαδικασία για αγορά τάφου από αλλοδαπούς δημότες;","αγορά_οικογενειακού_τάφου"
"Τι κάνω αν θέλω να μετακινήσω ταφές από έναν οικογενειακό τάφο σε άλλον;","αγορά_οικογενειακού_τάφου"
"Πώς ενημερώνομαι για αλλαγές στον κανονισμό χρήσης οικογενειακών τάφων;","αγορά_οικογενειακού_τάφου"
"Υπάρχουν προγράμματα ή δράσεις για τη συντήρηση κοιμητηρίων;","αγορά_οικογενειακού_τάφου"
"Μπορώ να αιτηθώ για συνδυασμό τάφων ή συγχώνευση οικογενειακών τάφων;","αγορά_οικογενειακού_τάφου"
"Τι κάνω αν δεν υπάρχουν διαθέσιμοι τάφοι στο κοιμητήριο της επιλογής μου;","αγορά_οικογενειακού_τάφου"
"Μπορώ να καταθέσω αίτηση για αγορά τάφου σε περίοδο διακοπών ή αργίας;","αγορά_οικογενειακού_τάφου"
"Ποια έγγραφα χρειάζονται για αγορά οικογενειακού τάφου σε περίπτωση διαζυγίου;","αγορά_οικογενειακού_τάφου"
"Πώς μπορώ να ενημερώνομαι για το ωράριο και τις υπηρεσίες των κοιμητηρίων;","αγορά_οικογενειακού_τάφου"

"Μπορώ να λάβω ενημέρωση για τις ημερομηνίες καθαρισμού οικοπέδων στην περιοχή μου;","καθαρισμός_οικοπέδου_πυροπροστασία"
"Σε ποιες περιπτώσεις ο καθαρισμός οικοπέδου αναλαμβάνεται από τον δήμο;","καθαρισμός_οικοπέδου_πυροπροστασία"
"Πόσο συχνά πρέπει να γίνεται ο καθαρισμός του οικοπέδου για λόγους πυροπροστασίας;","καθαρισμός_οικοπέδου_πυροπροστασία"
"Υπάρχουν ποινικές κυρώσεις αν δεν καθαριστεί ένα οικόπεδο;","καθαρισμός_οικοπέδου_πυροπροστασία"
"Ποιος είναι υπεύθυνος για τον καθαρισμό εγκαταλελειμμένων οικοπέδων;","καθαρισμός_οικοπέδου_πυροπροστασία"
"Τι γίνεται σε περίπτωση καταγγελίας για ακαθάριστο οικόπεδο;","καθαρισμός_οικοπέδου_πυροπροστασία"
"Χρειάζεται ειδική άδεια για να καθαρίσω το οικόπεδό μου κοντά σε δάσος;","καθαρισμός_οικοπέδου_πυροπροστασία"
"Ποια φυτά ή υλικά απαγορεύονται να υπάρχουν σε οικόπεδο για την πυροπροστασία;","καθαρισμός_οικοπέδου_πυροπροστασία"
"Υπάρχουν επιδοτήσεις για τον καθαρισμό οικοπέδων με στόχο την πρόληψη πυρκαγιάς;","καθαρισμός_οικοπέδου_πυροπροστασία"
"Πώς μπορώ να δηλώσω ανώνυμα ένα οικόπεδο που χρειάζεται καθαρισμό;","καθαρισμός_οικοπέδου_πυροπροστασία"
"Υπάρχει δυνατότητα να λάβω ειδοποίηση SMS ή email για προθεσμίες καθαρισμού;","καθαρισμός_οικοπέδου_πυροπροστασία"
"Τι ενέργειες πρέπει να κάνω αν το οικόπεδό μου συνορεύει με δημοτικό χώρο;","καθαρισμός_οικοπέδου_πυροπροστασία"
"Πώς διαχειρίζεται ο δήμος τα απορρίμματα από τον καθαρισμό οικοπέδων;","καθαρισμός_οικοπέδου_πυροπροστασία"
"Μπορώ να συνεργαστώ με άλλους ιδιοκτήτες για ομαδικό καθαρισμό οικοπέδων;","καθαρισμός_οικοπέδου_πυροπροστασία"
"Υπάρχουν εκπαιδευτικά προγράμματα για σωστή πυροπροστασία οικοπέδων;","καθαρισμός_οικοπέδου_πυροπροστασία"
"Τι κάνω αν δεν γνωρίζω τα όρια του οικοπέδου μου για τον καθαρισμό;","καθαρισμός_οικοπέδου_πυροπροστασία"
"Πώς αποδεικνύω ότι καθάρισα το οικόπεδό μου αν ζητηθεί από τον δήμο;","καθαρισμός_οικοπέδου_πυροπροστασία"
"Τι ισχύει για τον καθαρισμό κοινόχρηστων χώρων εντός οικισμών;","καθαρισμός_οικοπέδου_πυροπροστασία"
"Υπάρχει διαφορά στις απαιτήσεις καθαρισμού μεταξύ κατοικημένων και ακατοίκητων οικοπέδων;","καθαρισμός_οικοπέδου_πυροπροστασία"
"Μπορώ να ζητήσω παράταση για την προθεσμία καθαρισμού του οικοπέδου μου;","καθαρισμός_οικοπέδου_πυροπροστασία"
"Πού κάνω δήλωση καθαρισμού οικοπέδου για πυροπροστασία;","καθαρισμός_οικοπέδου_πυροπροστασία"
"Χρειάζεται αίτηση για τον καθαρισμό οικοπέδου λόγω πυρκαγιάς;","καθαρισμός_οικοπέδου_πυροπροστασία"
"Ποια είναι η διαδικασία για πυροπροστασία οικοπέδου;","καθαρισμός_οικοπέδου_πυροπροστασία"
"Μπορώ να δηλώσω ηλεκτρονικά ότι καθάρισα το οικόπεδό μου;","καθαρισμός_οικοπέδου_πυροπροστασία"
"Ποιες είναι οι υποχρεώσεις μου για πυροπροστασία οικοπέδου;","καθαρισμός_οικοπέδου_πυροπροστασία"
"Ποια δικαιολογητικά χρειάζονται για δήλωση καθαρισμού οικοπέδου;","καθαρισμός_οικοπέδου_πυροπροστασία"
"Ποιος είναι ο χρόνος υποβολής δήλωσης καθαρισμού οικοπέδου για πυροπροστασία;","καθαρισμός_οικοπέδου_πυροπροστασία"
"Μπορώ να αναφέρω οικόπεδο που δεν έχει καθαριστεί για πυροπροστασία;","καθαρισμός_οικοπέδου_πυροπροστασία"
"Σε ποια υπηρεσία του δήμου απευθύνομαι για θέματα πυροπροστασίας οικοπέδων;","καθαρισμός_οικοπέδου_πυροπροστασία"
"Είναι απαραίτητη η αυτοψία για την επιβεβαίωση καθαρισμού οικοπέδου;","καθαρισμός_οικοπέδου_πυροπροστασία"
"Ποιοι άλλοι τρόποι πυροπροστασίας οικοπέδων υπάρχουν;","καθαρισμός_οικοπέδου_πυροπροστασία"
"Χρειάζεται φωτογραφικό υλικό για τη δήλωση καθαρισμού οικοπέδου;","καθαρισμός_οικοπέδου_πυροπροστασία"
"Πώς μπορώ να παρακολουθήσω την πορεία της δήλωσής μου για καθαρισμό οικοπέδου;","καθαρισμός_οικοπέδου_πυροπροστασία"
"Τι γίνεται αν ο καθαρισμός οικοπέδου δεν είναι σύμφωνος με τις προδιαγραφές;","καθαρισμός_οικοπέδου_πυροπροστασία"
"Πού μπορώ να βρω τους κανονισμούς για τον καθαρισμό οικοπέδων για πυροπροστασία;","καθαρισμός_οικοπέδου_πυροπροστασία"
"Είναι ο καθαρισμός οικοπέδου κρίσιμος για την πρόληψη πυρκαγιών;","καθαρισμός_οικοπέδου_πυροπροστασία"
"Πού μπορώ να βρω τη νομοθεσία για την πυροπροστασία οικοπέδων;","καθαρισμός_οικοπέδου_πυροπροστασία"
"Μπορώ να ζητήσω καθαρισμό οικοπέδου μέσω ΚΕΠ;","καθαρισμός_οικοπέδου_πυροπροστασία"
"Ποιος είναι ο ρόλος της Πολιτικής Προστασίας στην πυροπροστασία οικοπέδων;","καθαρισμός_οικοπέδου_πυροπροστασία"
"Χρειάζεται βεβαίωση μηχανικού για τον καθαρισμό οικοπέδου;","καθαρισμός_οικοπέδου_πυροπροστασία"
"Πώς μπορώ να επιταχύνω τη διαδικασία δήλωσης καθαρισμού οικοπέδου;","καθαρισμός_οικοπέδου_πυροπροστασία"
"Τι προβλέπεται για πρόστιμα σε περίπτωση μη καθαρισμού οικοπέδου;","καθαρισμός_οικοπέδου_πυροπροστασία"
"Πού μπορώ να ζητήσω αντίγραφα δηλώσεων καθαρισμού οικοπέδων;","καθαρισμός_οικοπέδου_πυροπροστασία"
"Είναι ο καθαρισμός οικοπέδου απαραίτητος για την ασφάλιση ακινήτου;","καθαρισμός_οικοπέδου_πυροπροστασία"
"Πώς μπορώ να δηλώσω ανάγκη για καθαρισμό οικοπέδου σε περίπτωση υψηλού κινδύνου;","καθαρισμός_οικοπέδου_πυροπροστασία"
"Υπάρχουν ειδικές ρυθμίσεις για καθαρισμό οικοπέδου σε δασικές περιοχές;","καθαρισμός_οικοπέδου_πυροπροστασία"
"Πού μπορώ να βρω εγκυκλίους που αφορούν τον καθαρισμό οικοπέδου για πυροπροστασία;","καθαρισμός_οικοπέδου_πυροπροστασία"
"Μπορώ να ζητήσω ενημέρωση για τις επικίνδυνες ζώνες πυροπροστασίας;","καθαρισμός_οικοπέδου_πυροπροστασία"
"Ποια είναι η διαδικασία για την ένταξη οικοπέδου σε πρόγραμμα καθαρισμού δήμου;","καθαρισμός_οικοπέδου_πυροπροστασία"
"Χρειάζεται απόφαση δημοτικού συμβουλίου για την υποχρεωτικότητα καθαρισμού;","καθαρισμός_οικοπέδου_πυροπροστασία"
"Πού μπορώ να βρω συχνές ερωτήσεις για τον καθαρισμό οικοπέδου για πυροπροστασία;","καθαρισμός_οικοπέδου_πυροπροστασία"
"Είναι ο καθαρισμός οικοπέδου καθοριστικός για την προστασία γειτονικών ιδιοκτησιών;","καθαρισμός_οικοπέδου_πυροπροστασία"
"Πώς μπορώ να αντλήσω στοιχεία για προηγούμενες δηλώσεις καθαρισμού οικοπέδων;","καθαρισμός_οικοπέδου_πυροπροστασία"
"Υπάρχει ειδικό καθεστώς για καθαρισμό οικοπέδου σε περίπτωση απουσίας ιδιοκτήτη;","καθαρισμός_οικοπέδου_πυροπροστασία"
"Πού μπορώ να υποβάλω ένσταση για απόρριψη δήλωσης καθαρισμού οικοπέδου;","καθαρισμός_οικοπέδου_πυροπροστασία"
"Τι γίνεται αν ο καθαρισμός οικοπέδου αμφισβητείται από γείτονα;","καθαρισμός_οικοπέδου_πυροπροστασία"
"Πώς μπορώ να λάβω πληροφορίες για το κόστος καθαρισμού οικοπέδου από τον δήμο;","καθαρισμός_οικοπέδου_πυροπροστασία"
"Είναι ο καθαρισμός οικοπέδου απαραίτητος για την έκδοση οικοδομικής άδειας;","καθαρισμός_οικοπέδου_πυροπροστασία"
"Πού μπορώ να βρω αποφάσεις δικαστηρίων για ζητήματα πυροπροστασίας οικοπέδων;","καθαρισμός_οικοπέδου_πυροπροστασία"
"Μπορώ να αιτηθώ για καθαρισμό οικοπέδου που δεν είναι δικό μου;","καθαρισμός_οικοπέδου_πυροπροστασία"
"Ποια είναι η διαδικασία για την επιβολή προστίμου λόγω μη καθαρισμού οικοπέδου;","καθαρισμός_οικοπέδου_πυροπροστασία"
"Χρειάζεται έλεγχος υδροδότησης για την πυροπροστασία οικοπέδου;","καθαρισμός_οικοπέδου_πυροπροστασία"
"Πού μπορώ να επικοινωνήσω για νομικές συμβουλές σχετικά με την πυροπροστασία οικοπέδων;","καθαρισμός_οικοπέδου_πυροπροστασία"
"Είναι ο καθαρισμός οικοπέδου το ίδιο με την περίφραξη οικοπέδου;","καθαρισμός_οικοπέδου_πυροπροστασία"
"Πώς μπορώ να δηλώσω ανάγκη για καθαρισμό οικοπέδου σε περίπτωση εγκατάλειψης;","καθαρισμός_οικοπέδου_πυροπροστασία"
"Υπάρχουν περιορισμοί στο χρονικό διάστημα που πρέπει να γίνεται ο καθαρισμός;","καθαρισμός_οικοπέδου_πυροπροστασία"
"Πού μπορώ να βρω παλαιούς κανονισμούς που αφορούν τον καθαρισμό οικοπέδων;","καθαρισμός_οικοπέδου_πυροπροστασία"
"Τι γίνεται αν ο καθαρισμός οικοπέδου δεν είναι αποτελεσματικός;","καθαρισμός_οικοπέδου_πυροπροστασία"
"Πώς μπορώ να λάβω πληροφορίες για προγράμματα επιδότησης καθαρισμού οικοπέδων;","καθαρισμός_οικοπέδου_πυροπροστασία"

"Μπορώ να ζητήσω ταυτόχρονα απομάκρυνση για διάφορα είδη ογκωδών;","ογκοδέματα"
"Σε πόσες μέρες περίπου γίνεται η αποκομιδή ογκωδών στην περιοχή μου;","ογκοδέματα"
"Υπάρχει όριο στις φορές που μπορώ να αιτηθώ απομάκρυνση ογκωδών ετησίως;","ογκοδέματα"
"Πώς ενημερώνομαι για τις διαθέσιμες ημερομηνίες αποκομιδής ογκωδών;","ογκοδέματα"
"Τι κάνω αν κάποιο ογκώδες αντικείμενο παραμείνει στο σημείο μετά την αποκομιδή;","ογκοδέματα"
"Χρεώνεται επιπλέον η απομάκρυνση συγκεκριμένων ειδών, π.χ. ηλεκτρικών συσκευών;","ογκοδέματα"
"Υπάρχει ειδική διαδικασία για ογκώδη από κοινόχρηστα κτίρια ή πολυκατοικίες;","ογκοδέματα"
"Πού μπορώ να δω αν το αίτημά μου για απομάκρυνση ογκωδών εγκρίθηκε;","ογκοδέματα"
"Ποιος ειδοποιεί τους κατοίκους για προγραμματισμένη αποκομιδή ογκωδών;","ογκοδέματα"
"Τι πρέπει να κάνω πριν βγάλω τα ογκώδη στο πεζοδρόμιο;","ογκοδέματα"
"Υπάρχουν πρόσθετα τέλη για απομάκρυνση μεγάλου όγκου αντικειμένων;","ογκοδέματα"
"Πώς μπορώ να συνεννοηθώ με το συνεργείο του δήμου για την ώρα αποκομιδής;","ογκοδέματα"
"Τι συμβαίνει αν το ογκώδες αντικείμενο εμποδίζει τη διέλευση οχημάτων;","ογκοδέματα"
"Υπάρχουν εθελοντικές δράσεις συλλογής ογκωδών στην πόλη μου;","ογκοδέματα"
"Πώς ανακυκλώνονται τα υλικά από τα ογκώδη αντικείμενα;","ογκοδέματα"
"Μπορώ να δω φωτογραφικό υλικό από την απομάκρυνση των ογκωδών μου;","ογκοδέματα"
"Υπάρχει διαφορετική διαδικασία για ογκώδη που είναι σε δημόσιο πάρκο;","ογκοδέματα"
"Πώς αντιμετωπίζεται η απόρριψη ογκωδών σε ρέματα ή δασικές εκτάσεις;","ογκοδέματα"
"Πού μπορώ να κάνω καταγγελία για εγκαταλελειμμένα ογκώδη;","ογκοδέματα"
"Μπορώ να αφήσω ογκώδη εκτός κατοικίας σε περίοδο διακοπών;","ογκοδέματα"
"Πού δηλώνω απομάκρυνση ογκωδών αντικειμένων;","ογκοδέματα"
"Έχω παλιά έπιπλα για πέταμα – τι κάνω;","ογκοδέματα"
"Υπάρχει αίτηση για αποκομιδή στρωμάτων;","ογκοδέματα"
"Μπορεί να περάσει φορτηγό του δήμου για ογκώδη;","ογκοδέματα"
"Χρειάζεται ραντεβού για απομάκρυνση ογκωδών;","ογκοδέματα"
"Ποια δικαιολογητικά χρειάζονται για αποκομιδή ογκωδών αντικειμένων;","ογκοδέματα"
"Ποιος είναι ο χρόνος ανταπόκρισης για απομάκρυνση ογκωδών;","ογκοδέματα"
"Μπορώ να αναφέρω παράνομη απόρριψη ογκωδών αντικειμένων;","ογκοδέματα"
"Σε ποια υπηρεσία καθαριότητας του δήμου απευθύνομαι για ογκώδη;","ογκοδέματα"
"Είναι απαραίτητη η αυτοψία για την απομάκρυνση ογκωδών;","ογκοδέματα"
"Ποιοι άλλοι τρόποι διάθεσης ογκωδών αντικειμένων υπάρχουν;","ογκοδέματα"
"Χρειάζεται αναλυτική περιγραφή των ογκωδών για το ραντεβού;","ογκοδέματα"
"Πώς μπορώ να παρακολουθήσω την πορεία της αίτησής μου για ογκώδη;","ογκοδέματα"
"Τι γίνεται αν τα ογκώδη αντικείμενα δεν απομακρυνθούν στην ώρα τους;","ογκοδέματα"
"Πού μπορώ να βρω τους κανονισμούς για την αποκομιδή ογκωδών αντικειμένων;","ογκοδέματα"
"Είναι η αποκομιδή ογκωδών κρίσιμη για την καθαριότητα της πόλης;","ογκοδέματα"
"Πού μπορώ να βρω τη νομοθεσία για τη διαχείριση απορριμμάτων;","ογκοδέματα"
"Μπορώ να ζητήσω απομάκρυνση ογκωδών μέσω ΚΕΠ;","ογκοδέματα"
"Ποιος είναι ο ρόλος του Δήμου στην αποκομιδή ογκωδών αντικειμένων;","ογκοδέματα"
"Χρειάζεται ειδικός εξοπλισμός για την απομάκρυνση ογκωδών;","ογκοδέματα"
"Πώς μπορώ να επιταχύνω τη διαδικασία απομάκρυνσης ογκωδών;","ογκοδέματα"
"Τι προβλέπεται για πρόστιμα σε περίπτωση ανεξέλεγκτης απόρριψης ογκωδών;","ογκοδέματα"
"Πού μπορώ να ζητήσω αντίγραφα αιτήσεων για ογκώδη αντικείμενα;","ογκοδέματα"
"Είναι η αποκομιδή ογκωδών απαραίτητη για τη διατήρηση της δημόσιας υγείας;","ογκοδέματα"
"Πώς μπορώ να δηλώσω ανάγκη για απομάκρυνση ογκωδών από κοινόχρηστο χώρο;","ογκοδέματα"
"Υπάρχουν ειδικές ρυθμίσεις για απομάκρυνση ογκωδών από επιχειρήσεις;","ογκοδέματα"
"Πού μπορώ να βρω εγκυκλίους που αφορούν τα ογκώδη αντικείμενα;","ογκοδέματα"
"Μπορώ να ζητήσω απομάκρυνση ογκωδών που είναι επικίνδυνα;","ογκοδέματα"
"Ποια είναι η διαδικασία για την ανακύκλωση ογκωδών αντικειμένων;","ογκοδέματα"
"Χρειάζεται απόφαση δημοτικού συμβουλίου για τη διαχείριση ογκωδών;","ογκοδέματα"
"Πού μπορώ να βρω συχνές ερωτήσεις για τα ογκώδη αντικείμενα;","ογκοδέματα"
"Είναι η αποκομιδή ογκωδών καθοριστική για την αισθητική της πόλης;","ογκοδέματα"
"Πώς μπορώ να αντλήσω στοιχεία για προηγούμενες αποκομιδές ογκωδών;","ογκοδέματα"
"Υπάρχει ειδικό καθεστώς για ογκώδη από ανακαινίσεις κτιρίων;","ογκοδέματα"
"Πού μπορώ να υποβάλω ένσταση για απόρριψη αιτήματος απομάκρυνσης ογκωδών;","ογκοδέματα"
"Τι γίνεται αν τα ογκώδη αντικείμενα αμφισβητούνται ως προς την προέλευσή τους;","ογκοδέματα"
"Πώς μπορώ να λάβω πληροφορίες για το κόστος απομάκρυνσης ογκωδών;","ογκοδέματα"
"Είναι η αποκομιδή ογκωδών απαραίτητη για την έκδοση βεβαίωσης καθαριότητας;","ογκοδέματα"
"Πού μπορώ να βρω αποφάσεις δικαστηρίων για ζητήματα ογκωδών απορριμμάτων;","ογκοδέματα"
"Μπορώ να αιτηθώ για απομάκρυνση ογκωδών από αγροτική περιοχή;","ογκοδέματα"
"Ποια είναι η διαδικασία για την αφαίρεση ογκωδών που εμποδίζουν την κυκλοφορία;","ογκοδέματα"
"Χρειάζεται άδεια για την προσωρινή τοποθέτηση ογκωδών στο πεζοδρόμιο;","ογκοδέματα"
"Πού μπορώ να επικοινωνήσω για νομικές συμβουλές σχετικά με τα ογκώδη αντικείμενα;","ογκοδέματα"
"Είναι τα ογκώδη αντικείμενα το ίδιο με τα επικίνδυνα απόβλητα;","ογκοδέματα"
"Πώς μπορώ να δηλώσω ανάγκη για απομάκρυνση ογκωδών σε περίπτωση έκτακτης ανάγκης;","ογκοδέματα"
"Υπάρχουν περιορισμοί στο μέγεθος ή τον αριθμό των ογκωδών που απομακρύνονται;","ογκοδέματα"
"Πού μπορώ να βρω παλαιούς κανονισμούς που αφορούν τα ογκώδη αντικείμενα;","ογκοδέματα"
"Τι γίνεται αν η απομάκρυνση ογκωδών δεν πραγματοποιηθεί στην ώρα της;","ογκοδέματα"
"Πώς μπορώ να λάβω πληροφορίες για σημεία συλλογής ογκωδών;","ογκοδέματα"

"Τι αποφασίστηκε στη χθεσινή συνεδρίαση του δημοτικού συμβουλίου;","νέα-ανακοινώσεις"
"Έχουμε κάποια ενημέρωση για τα έργα στην κεντρική οδό;","νέα-ανακοινώσεις"
"Τι είπε σήμερα ο αντιδήμαρχος για τις αλλαγές στον φωτισμό;","νέα-ανακοινώσεις"
"Υπάρχει κάποια σημαντική ανακοίνωση από τον δήμο για την ανακύκλωση;","νέα-ανακοινώσεις"
"Τι νέο μάθαμε για το άνοιγμα της δημοτικής πισίνας;","νέα-ανακοινώσεις"
"Μπορείς να μου πεις τι έγινε στην πλατεία το πρωί;","νέα-ανακοινώσεις"
"Έχουμε εξελίξεις για την ανάπλαση του παραλιακού μετώπου;","νέα-ανακοινώσεις"
"Τι απόφαση πήρε ο δήμος για την κυκλοφορία σήμερα;","νέα-ανακοινώσεις"
"Ποια έργα ξεκινούν μέσα στην εβδομάδα;","νέα-ανακοινώσεις"
"Μπορείς να με ενημερώσεις για την τοποθέτηση νέων κάδων;","νέα-ανακοινώσεις"
"Τι έγινε σήμερα στο δημαρχείο;","νέα-ανακοινώσεις"
"Ποια είναι η τελευταία ενημέρωση για το σχολικό συγκρότημα;","νέα-ανακοινώσεις"
"Ποιες αλλαγές θα γίνουν στα δημοτικά τέλη;","νέα-ανακοινώσεις"
"Τι ανακοίνωσε ο δήμος για τις εκδηλώσεις του Σαββατοκύριακου;","νέα-ανακοινώσεις"
"Υπάρχει κάτι που πρέπει να ξέρουμε για τις διακοπές νερού;","νέα-ανακοινώσεις"
"Τι ειπώθηκε για τον καθαρισμό των πάρκων;","νέα-ανακοινώσεις"
"Έχουμε νεότερα για τον πεζόδρομο της αγοράς;","νέα-ανακοινώσεις"
"Ποιες εργασίες θα γίνουν στον παιδικό σταθμό;","νέα-ανακοινώσεις"
"Ποιο είναι το νέο σχέδιο για τη βελτίωση της συγκοινωνίας;","νέα-ανακοινώσεις"
"Τι πληροφορίες έχουμε για τον εορτασμό της επετείου;","νέα-ανακοινώσεις"
"Τι καινούργιο μαθαίνουμε για το έργο του δήμου;","νέα-ανακοινώσεις"
"Τι έχει αλλάξει τελευταία στην πλατεία μας;","νέα-ανακοινώσεις"
"Ποια εξέλιξη ξεχώρισε σήμερα στο δημοτικό συμβούλιο;","νέα-ανακοινώσεις"
"Μπορείς να με ενημερώσεις για ό,τι συνέβη πρόσφατα στο χωριό;","νέα-ανακοινώσεις"
"Ποια σημαντική εξέλιξη έφτασε στα αυτιά μας σήμερα;","νέα-ανακοινώσεις"
"Τι εντυπωσιακό έγινε τελευταία στην κοινότητά μας;","νέα-ανακοινώσεις"
"Ποια εξέλιξη αξίζει προσοχής σήμερα από τον δήμο;","νέα-ανακοινώσεις"
"Τι καινούργιο συμβαίνει στον δημόσιο χώρο;","νέα-ανακοινώσεις"
"Υπήρξε κάποια ανακοίνωση που άξιζε τον κόπο να ακούσουμε;"
"Τι γέμισε αίσθηση στο δημοτικό αφήγημα πρόσφατα;","νέα-ανακοινώσεις"
"Ποιο γεγονός ανακινήθηκε τελευταία κοντά μας;","νέα-ανακοινώσεις"
"Ποιο μήνυμα απευθύνθηκε προς τους κατοίκους αυτήν τη στιγμή;","νέα-ανακοινώσεις"
"Ποια είδηση έχει ουσία αυτές τις μέρες στον δήμο;","νέα-ανακοινώσεις"
"Υπάρχει κάτι νέο που πρέπει να ξέρουμε για τη γειτονιά;","νέα-ανακοινώσεις"
"Τι έκτακτο μάθαμε από την τοπική αρχή σήμερα;","νέα-ανακοινώσεις"
"Ποια αλλαγή εμφανίστηκε ξαφνικά κοντά μας;","νέα-ανακοινώσεις"
"Υπήρξε έκκληση ή πρόσκληση που ξεχώρισε πρόσφατα;","νέα-ανακοινώσεις"
"Τι αναφορά έκανε ο δήμαρχος που αξίζει της προσοχής μας;","νέα-ανακοινώσεις"
"Ποιο σκέλος της καθημερινότητάς μας τινάχθηκε προς τα επάνω ξαφνικά;","νέα-ανακοινώσεις"
"Ποια εξέλιξη γύρω μας αξίζει να την παρακολουθήσουμε;","νέα-ανακοινώσεις"
"Τι αποφασίστηκε για τη διαχείριση των απορριμμάτων;","νέα-ανακοινώσεις"
"Ποιες οδοί θα κλείσουν λόγω έργων;","νέα-ανακοινώσεις"
"Υπάρχει κάποια ενημέρωση για τη δημοτική βιβλιοθήκη;","νέα-ανακοινώσεις"
"Ποιες αλλαγές έρχονται στα δρομολόγια των λεωφορείων;","νέα-ανακοινώσεις"
"Τι ανακοίνωσε ο δήμος για τα αδέσποτα ζώα;","νέα-ανακοινώσεις"
"Έχουμε νέα για την επισκευή του δημαρχείου;","νέα-ανακοινώσεις"
"Τι είπαν σήμερα για τα μέτρα καθαριότητας;","νέα-ανακοινώσεις"
"Ποιες δράσεις οργανώνονται για τον εθελοντισμό;","νέα-ανακοινώσεις"
"Τι προγραμματίζεται για την ανάπλαση του πάρκου;","νέα-ανακοινώσεις"
"Μπορείς να μου πεις αν θα γίνουν έργα αποχέτευσης;","νέα-ανακοινώσεις"
"Ποιες είναι οι επόμενες εκδηλώσεις στο δημαρχείο;","νέα-ανακοινώσεις"
"Τι ειπώθηκε για τον καθαρισμό των ακτών;","νέα-ανακοινώσεις"
"Ποιες εργασίες θα ξεκινήσουν στις παιδικές χαρές;","νέα-ανακοινώσεις"
"Έχουμε εξελίξεις για τον νέο ποδηλατόδρομο;","νέα-ανακοινώσεις"
"Ποιες βελτιώσεις σχεδιάζονται για τον δημοτικό φωτισμό;","νέα-ανακοινώσεις"
"Τι αποφάσισαν για την προστασία του περιβάλλοντος;","νέα-ανακοινώσεις"
"Υπάρχουν νεότερα για την πεζοδρόμηση του κέντρου;","νέα-ανακοινώσεις"
"Ποιες αλλαγές θα γίνουν στους χώρους στάθμευσης;","νέα-ανακοινώσεις"
"Τι αποφασίστηκε για τις πολιτιστικές εκδηλώσεις;","νέα-ανακοινώσεις"
"Ποιες δράσεις προγραμματίζονται για την καθαριότητα;","νέα-ανακοινώσεις"
"Τι ανακοίνωσε ο δήμος για την αναδάσωση;","νέα-ανακοινώσεις"
"Ποιες παρεμβάσεις θα γίνουν στα σχολεία;","νέα-ανακοινώσεις"
"Έχουμε πληροφορίες για τη συντήρηση των δρόμων;","νέα-ανακοινώσεις"
"Τι ειπώθηκε για την ασφάλεια των δημοτικών κτιρίων;","νέα-ανακοινώσεις"
"Ποιες αλλαγές έρχονται στο ωράριο των υπηρεσιών;","νέα-ανακοινώσεις"
"Τι συζητήθηκε για τον έλεγχο της στάθμευσης;","νέα-ανακοινώσεις"
"Ποιες είναι οι τελευταίες αποφάσεις για τον τουρισμό;","νέα-ανακοινώσεις"
"Τι ανακοινώθηκε για τον εορτασμό των Χριστουγέννων;","νέα-ανακοινώσεις"
"Ποιες δράσεις θα γίνουν για την υποστήριξη των ηλικιωμένων;","νέα-ανακοινώσεις"
"Τι αποφασίστηκε για την ανάπτυξη του αθλητισμού στην πόλη;","νέα-ανακοινώσεις"

"Πού μπορώ να βρω την επίσημη ανακοίνωση για το νέο έργο;","Δελτία_Τύπου"
"Μπορείς να μου δείξεις το κείμενο που εξέδωσε σήμερα ο δήμος;","Δελτία_Τύπου"
"Υπάρχει κάποιο έγγραφο με τις δηλώσεις του δημάρχου;","Δελτία_Τύπου"
"Πού δημοσιεύτηκε η επίσημη θέση του δήμου για το θέμα;","Δελτία_Τύπου"
"Θέλω να διαβάσω το επίσημο κείμενο για την ανακαίνιση του πάρκου","Δελτία_Τύπου"
"Μπορώ να δω το γραπτό μήνυμα που έστειλε ο δήμος στα ΜΜΕ;","Δελτία_Τύπου"
"Ποιο είναι το πλήρες κείμενο της δήλωσης για την κυκλοφορία;","Δελτία_Τύπου"
"Υπάρχει αρχείο με την τοποθέτηση του αντιδημάρχου;","Δελτία_Τύπου"
"Πού ανέβηκε η ανακοίνωση για το νέο σχολικό κτίριο;","Δελτία_Τύπου"
"Θέλω να κατεβάσω την ενημέρωση που στάλθηκε στον τύπο","Δελτία_Τύπου"
"Μπορείς να μου δείξεις την επίσημη ενημέρωση για το περιβαλλοντικό έργο;","Δελτία_Τύπου"
"Ποιο είναι το κείμενο που εκδόθηκε μετά τη συνεδρίαση;","Δελτία_Τύπου"
"Θα ήθελα να δω την ανακοίνωση που δόθηκε στα μέσα ενημέρωσης","Δελτία_Τύπου"
"Υπάρχει κάποιο έγγραφο για τα έργα στην κεντρική πλατεία;","Δελτία_Τύπου"
"Πού μπορώ να βρω την τοποθέτηση του δημάρχου για τη συγκοινωνία;","Δελτία_Τύπου"
"Δείξε μου την ανακοίνωση που στάλθηκε για την πολιτιστική εκδήλωση","Δελτία_Τύπου"
"Θέλω να δω το κείμενο που εκδόθηκε σχετικά με την ανακύκλωση","Δελτία_Τύπου"
"Ποια είναι η επίσημη ενημέρωση για τον εορτασμό της επετείου;","Δελτία_Τύπου"
"Μπορώ να έχω το έγγραφο που περιγράφει το νέο σχέδιο φωτισμού;","Δελτία_Τύπου"
"Πού αναρτήθηκε η δήλωση για την ανακατασκευή του γηπέδου;","Δελτία_Τύπου"
"Πού μπορώ να κατεβάσω το δελτίο τύπου για τα έργα στο λιμάνι;","Δελτία_Τύπου"
"Θέλω να δω το δελτίο τύπου που δημοσίευσε ο δήμος σήμερα","Δελτία_Τύπου"
"Υπάρχει δελτίο τύπου για την πολιτιστική εκδήλωση;","Δελτία_Τύπου"
"Μπορείς να μου στείλεις το δελτίο τύπου για το νέο πρόγραμμα καθαριότητας;","Δελτία_Τύπου"
"Θέλω το δελτίο τύπου με τις δηλώσεις του δημάρχου","Δελτία_Τύπου"
"Πού είναι το επίσημο κείμενο που στάλθηκε στον τύπο;","Δελτία_Τύπου"
"Υπάρχει δημοσιευμένη ανακοίνωση για την πεζοδρόμηση;","Δελτία_Τύπου"
"Θέλω να διαβάσω την επίσημη τοποθέτηση για τη διαχείριση απορριμμάτων","Δελτία_Τύπου"
"Μπορείς να μου δείξεις το έγγραφο που κυκλοφόρησε ο δήμος;","Δελτία_Τύπου"
"Πού μπορώ να δω την ανακοίνωση που μοιράστηκε στα μέσα ενημέρωσης;","Δελτία_Τύπου"
"Θέλω να βρω το αρχείο με τις δηλώσεις για την ανακύκλωση","Δελτία_Τύπου"
"Ποιο είναι το περιεχόμενο της επίσημης ενημέρωσης για τα σχολεία;","Δελτία_Τύπου"
"Μπορείς να μου δώσεις το κείμενο που εκδόθηκε μετά τη συνεδρίαση;","Δελτία_Τύπου"
"Πού θα βρω την ανακοίνωση για τη βελτίωση του δημοτικού φωτισμού;","Δελτία_Τύπου"
"Θέλω να δω το έγγραφο που έστειλε ο δήμος για την κυκλοφορία","Δελτία_Τύπου"
"Υπάρχει αρχείο με την ενημέρωση για το νέο αθλητικό κέντρο;","Δελτία_Τύπου"
"Μπορείς να μου εμφανίσεις την επίσημη ανακοίνωση για την ανάπλαση της πλατείας;","Δελτία_Τύπου"
"Θέλω να έχω το πλήρες κείμενο του δελτίου τύπου για το φεστιβάλ","Δελτία_Τύπου"
"Ποιο είναι το δελτίο τύπου που στάλθηκε για την ανακαίνιση της βιβλιοθήκης;","Δελτία_Τύπου"
"Δείξε μου το δελτίο τύπου σχετικά με την αναδάσωση","Δελτία_Τύπου"
"Πού δημοσιεύτηκε το δελτίο τύπου για την κατασκευή του νέου δρόμου;","Δελτία_Τύπου"
"Θέλω να βρω το δελτίο τύπου για τις αλλαγές στα δρομολόγια των λεωφορείων","Δελτία_Τύπου"
"Υπάρχει δελτίο τύπου για το πρόγραμμα δεντροφύτευσης;","Δελτία_Τύπου"
"Δώσε μου το δελτίο τύπου που στάλθηκε στα ΜΜΕ χθες","Δελτία_Τύπου"
"Πού θα βρω την επίσημη ενημέρωση για την εκδήλωση του δήμου;","Δελτία_Τύπου"
"Θέλω να διαβάσω την ανακοίνωση που εξέδωσε ο δήμος για το φεστιβάλ","Δελτία_Τύπου"
"Υπάρχει κάπου αναρτημένο το κείμενο που εξέδωσε η δημοτική αρχή;","Δελτία_Τύπου"
"Μπορείς να μου εμφανίσεις την ενημέρωση για τις νέες παιδικές χαρές;","Δελτία_Τύπου"
"Θέλω το πλήρες κείμενο της ανακοίνωσης για τη νέα γέφυρα","Δελτία_Τύπου"
"Πού μπορώ να κατεβάσω την επίσημη τοποθέτηση για το θέμα της καθαριότητας;","Δελτία_Τύπου"
"Δώσε μου το κείμενο που μοιράστηκε για τον εορτασμό της επετείου","Δελτία_Τύπου"
"Ποιο είναι το περιεχόμενο της ενημέρωσης για τις εργασίες στο λιμάνι;","Δελτία_Τύπου"
"Υπάρχει δημοσιευμένο δελτίο τύπου για την αναβάθμιση του φωτισμού;","Δελτία_Τύπου"
"Θέλω να δω την ανακοίνωση για την εκστρατεία ανακύκλωσης","Δελτία_Τύπου"
"Ποιο είναι το έγγραφο που κυκλοφόρησε σχετικά με τον ποδηλατόδρομο;","Δελτία_Τύπου"
"Δείξε μου την επίσημη ενημέρωση για το νέο κέντρο πολιτισμού","Δελτία_Τύπου"
"Μπορώ να έχω το κείμενο που στάλθηκε για την ανακατασκευή του δημαρχείου;","Δελτία_Τύπου"
"Πού ανέβηκε η ανακοίνωση για το άνοιγμα της δημοτικής πισίνας;","Δελτία_Τύπου"
"Υπάρχει αρχείο με την ενημέρωση για τον καθαρισμό των ακτών;","Δελτία_Τύπου"
"Θέλω το δελτίο τύπου που ανακοινώνει τις νέες θέσεις στάθμευσης","Δελτία_Τύπου"
"Ποια είναι η επίσημη ανακοίνωση για το κοινωνικό παντοπωλείο;","Δελτία_Τύπου"
"Πού μπορώ να δω το κείμενο που μοιράστηκε για τις διακοπές νερού;","Δελτία_Τύπου"
"Θέλω να βρω το δελτίο τύπου με το σχέδιο για την αποχέτευση","Δελτία_Τύπου"
"Υπάρχει κάποια ανακοίνωση για το άνοιγμα του νέου μουσείου;","Δελτία_Τύπου"
"Δείξε μου την τοποθέτηση του δημάρχου για τη δημόσια συγκοινωνία","Δελτία_Τύπου"
"Μπορείς να μου εμφανίσεις το δελτίο τύπου για τη συντήρηση των δρόμων;","Δελτία_Τύπου"
"Θέλω να έχω το πλήρες κείμενο της ανακοίνωσης για το πρόγραμμα εθελοντισμού","Δελτία_Τύπου"
"Πού δημοσιεύτηκε η ενημέρωση για τις εκδηλώσεις του Σαββατοκύριακου;","Δελτία_Τύπου"
"Δώσε μου το δελτίο τύπου που αφορά το άνοιγμα του θερινού σινεμά","Δελτία_Τύπου"
"Υπάρχει αρχείο με την ανακοίνωση για τη νέα γέφυρα πεζών;","Δελτία_Τύπου"

