"text","intent"
"Θα ήθελα να αιτηθώ κοπή δέντρου σε κοινόχρηστο χώρο.","πράσινο_δένδρα"
"Πώς μπορώ να ζητήσω την απομάκρυνση ενός δέντρου από τον δρόμο μου;","πράσινο_δένδρα"
"Υπάρχει ένα επικίνδυνο δέντρο μπροστά από το σπίτι μου, τι κάνω;","πράσινο_δένδρα"
"Ποια είναι η διαδικασία για κοπή δέντρων σε πεζοδρόμιο;","πράσινο_δένδρα"
"Χρειάζομαι άδεια για να κόψω δέντρο σε κοινόχρηστο χώρο;","πράσινο_δένδρα"
"Το δέντρο στην πλατεία έχει γείρει επικίνδυνα.","πράσινο_δένδρα"
"Πού υποβάλλω αίτηση για απομάκρυνση δέντρου;","πράσινο_δένδρα"
"Τα δέντρα στον δρόμο μας χρειάζονται κοπή.","πράσινο_δένδρα"
"Ποιος αναλαμβάνει την κοπή δέντρων στον Δήμο Ηρακλείου;","πράσινο_δένδρα"
"Πόσο καιρό παίρνει η αίτηση για κοπή δέντρου;","πράσινο_δένδρα"
"Ένα δέντρο έπεσε στο οδόστρωμα μετά τον δυνατό αέρα.","πράσινο_δένδρα"
"Μπορεί ο Δήμος να απομακρύνει ένα ξερό δέντρο;","πράσινο_δένδρα"
"Το δέντρο έξω από την είσοδό μου έχει σαπίσει.","πράσινο_δένδρα"
"Θέλω να δηλώσω επικίνδυνο δέντρο στη γειτονιά μου.","πράσινο_δένδρα"
"Ποια δικαιολογητικά χρειάζονται για κοπή δέντρου;","πράσινο_δένδρα"
"Υπάρχει κόστος για την απομάκρυνση δέντρου από κοινόχρηστο χώρο;","πράσινο_δένδρα"
"Τα δέντρα στο πάρκο είναι επικίνδυνα για τα παιδιά.","πράσινο_δένδρα"
"Πώς δηλώνω ότι ένα δέντρο εμποδίζει τη διέλευση;","πράσινο_δένδρα"
"Το δέντρο στο πεζοδρόμιο έχει σηκώσει τις πλάκες.","πράσινο_δένδρα"
"Ζητώ κοπή δέντρου γιατί ακουμπάει στα καλώδια.","πράσινο_δένδρα"
"Μπορώ να κόψω μόνος μου το δέντρο ή πρέπει ο Δήμος;","πράσινο_δένδρα"
"Ποιο τμήμα ασχολείται με την κοπή δένδρων;","πράσινο_δένδρα"
"Έχω κάνει αίτηση για κοπή δέντρου, πώς βλέπω την πορεία της;","πράσινο_δένδρα"
"Το δέντρο μπροστά στο μαγαζί μου κρύβει την πινακίδα.","πράσινο_δένδρα"
"Χρειάζεται να είμαι παρών όταν κόψουν το δέντρο;","πράσινο_δένδρα"
"Πόσα δέντρα μπορώ να δηλώσω σε μία αίτηση;","πράσινο_δένδρα"
"Το δέντρο στην αυλή του σχολείου είναι σάπιο.","πράσινο_δένδρα"
"Ποιος ευθύνεται αν πέσει δέντρο πάνω στο αυτοκίνητό μου;","πράσινο_δένδρα"
"Θέλω απομάκρυνση δέντρου που έχει ξεραθεί εντελώς.","πράσινο_δένδρα"
"Γίνεται κοπή δέντρων όλο τον χρόνο ή μόνο σε συγκεκριμένες εποχές;","πράσινο_δένδρα"
"Το δέντρο δίπλα στη στάση εμποδίζει τους πεζούς.","πράσινο_δένδρα"
"Δηλώνω δέντρο που κινδυνεύει να πέσει στο σπίτι μου.","πράσινο_δένδρα"
"Υπάρχει ηλεκτρονική αίτηση για κοπή δέντρων;","πράσινο_δένδρα"
"Ο άνεμος έσπασε ένα μεγάλο δέντρο στην οδό μας.","πράσινο_δένδρα"
"Πρέπει να ειδοποιήσω τους γείτονες για την κοπή του δέντρου;","πράσινο_δένδρα"
"Τα κλαδιά μπαίνουν μέσα στο μπαλκόνι μου.","πράσινο_δένδρα"
"Οι ρίζες έχουν σηκώσει όλο το πεζοδρόμιο.","πράσινο_δένδρα"
"Ο πεύκος στην πλατεία γέρνει προς τα αυτοκίνητα.","πράσινο_δένδρα"
"Χρειάζεται κόψιμο η φυλλωσιά που κρύβει τη λάμπα του δρόμου.","πράσινο_δένδρα"
"Κάτι έχει φυτρώσει στη μέση του πεζοδρομίου και δεν περνάμε.","πράσινο_δένδρα"
"Ο κορμός έχει σαπίσει και φοβάμαι μην πέσει.","πράσινο_δένδρα"
"Θέλω να ζητήσω να φύγει ο φοίνικας από την είσοδο της πολυκατοικίας.","πράσινο_δένδρα"
"Μετά την καταιγίδα έπεσαν κλαδιά στον δρόμο.","πράσινο_δένδρα"
"Η ελιά στο πάρκο έχει ξεραθεί τελείως.","πράσινο_δένδρα"
"Ποιος καθαρίζει τα κλαδιά που έπεσαν στο οδόστρωμα;","πράσινο_δένδρα"
"Το φύλλωμα ακουμπάει στα καλώδια της ΔΕΗ.","πράσινο_δένδρα"
"Το σπασμένο κλαδί κινδυνεύει να πέσει πάνω στα παιδιά στην παιδική χαρά.","πράσινο_δένδρα"
"Πώς ζητάω να κοπεί η φυλλωσιά που εμποδίζει τη θέα στη διασταύρωση;","πράσινο_δένδρα"
"Οι ρίζες έσπασαν τον σωλήνα της αποχέτευσης.","πράσινο_δένδρα"
"Ο κορμός έχει γείρει τόσο που ακουμπάει στο μπαλκόνι του πρώτου ορόφου.","πράσινο_δένδρα"
"Ζητώ να απομακρυνθεί ό,τι έχει ξεραθεί στον κοινόχρηστο χώρο.","πράσινο_δένδρα"
"Μπροστά στο σχολείο υπάρχει ένα σάπιο πεύκο που πρέπει να φύγει.","πράσινο_δένδρα"
"Τα ξερά κλαδιά είναι κίνδυνος πυρκαγιάς το καλοκαίρι.","πράσινο_δένδρα"
"Ποιος είναι υπεύθυνος για ό,τι φυτρώνει στα πεζοδρόμια;","πράσινο_δένδρα"
"Το κλαδί έσπασε και κρέμεται πάνω από τα αυτοκίνητα.","πράσινο_δένδρα"
"Χρειάζομαι έγκριση για να κόψω κλαδιά σε κοινόχρηστο χώρο;","πράσινο_δένδρα"
"Μετά τον αέρα ο κορμός έμεινε μισός και κινδυνεύει να πέσει.","πράσινο_δένδρα"
"Η σκιά είναι τόσο πυκνή που δεν φωτίζεται καθόλου ο δρόμος.","πράσινο_δένδρα"
"Οι ρίζες χαλάνε την άσφαλτο στη γειτονιά μας.","πράσινο_δένδρα"
"Στην πλατεία υπάρχει ένας ξερός φοίνικας που πρέπει να αφαιρεθεί άμεσα.","πράσινο_δένδρα"
"Πόσο κοστίζει να έρθει συνεργείο του Δήμου να το κόψει;","πράσινο_δένδρα"
"Τα κλαδιά κλείνουν την πινακίδα του στοπ.","πράσινο_δένδρα"
"Έχει προσβληθεί από έντομα και έχει ξεραθεί.","πράσινο_δένδρα"
"Πώς κάνω αίτηση για συνεργείο πρασίνου;","πράσινο_δένδρα"
"Στην είσοδο του γκαράζ μου έχουν βγει ρίζες που πρέπει να φύγουν.","πράσινο_δένδρα"
"Κινδυνεύουν οι διερχόμενοι από το κλαδί που κρέμεται.","πράσινο_δένδρα"
"Οι ρίζες στο πεζοδρόμιο δεν αφήνουν να περάσει καροτσάκι.","πράσινο_δένδρα"
"Ζήτησα συνεργείο για κλάδεμα πριν έναν μήνα και δεν ήρθε κανείς.","πράσινο_δένδρα"
"Ποιο τμήμα του Δήμου στέλνει συνεργείο για το πράσινο;","πράσινο_δένδρα"
"Το ξερό υλικό πρέπει να απομακρυνθεί πριν το καλοκαίρι.","πράσινο_δένδρα"
"Ρε παιδιά, το δέντρο απ' έξω θα μας πλακώσει, ελάτε να το κόψετε.","πράσινο_δένδρα"
"Πότε θα έρθει κανείς να κόψει αυτό το δέντρο επιτέλους;","πράσινο_δένδρα"
"Έχω βαρεθεί να μαζεύω φύλλα κάθε μέρα, βγάλτε το.","πράσινο_δένδρα"
"Το πεύκο μού κλείνει τον ήλιο ολόκληρο, δεν βλέπω φως μέσα στο σπίτι.","πράσινο_δένδρα"
"Αυτό το δέντρο θα πέσει στο αμάξι μου, το λέω από τώρα.","πράσινο_δένδρα"
"Πού χτυπάω για να κόψουν ένα δέντρο;","πράσινο_δένδρα"
"Χίλιες φορές το είπα για τα κλαδιά και δεν ήρθε κανένας.","πράσινο_δένδρα"
"Θα πάθει κανένα κακό κανένα παιδί από τα κλαδιά εκεί πέρα.","πράσινο_δένδρα"
"Ποιον παίρνω τηλέφωνο για τα δέντρα;","πράσινο_δένδρα"
"Έχει ξεραθεί τελείως, μόνο για καυσόξυλα κάνει πια.","πράσινο_δένδρα"
"Κάθε φορά που φυσάει τρέμω μη μου πέσει το δέντρο στο κεφάλι.","πράσινο_δένδρα"
"Ελάτε να το κόψετε πριν γίνει καμιά ζημιά.","πράσινο_δένδρα"
"Μου έσπασε τα κεραμίδια από τα κλαδιά.","πράσινο_δένδρα"
"Δεν μπορώ να παρκάρω πια, τα κλαδιά πιάνουν όλη τη θέση.","πράσινο_δένδρα"
"Πόσο θα κάτσω να περιμένω για μια κοπή, έναν χρόνο;","πράσινο_δένδρα"
"Έγινε ζούγκλα ο δρόμος από τα κλαδιά, δεν περνάει άνθρωπος.","πράσινο_δένδρα"
"Μπορώ να το κόψω μόνος μου ή θα φάω πρόστιμο;","πράσινο_δένδρα"
"Ήρθαν, κόψανε τα μισά και φύγανε, τι να τα κάνω τώρα;","πράσινο_δένδρα"
"Το δέντρο μπήκε μέσα στο μπαλκόνι, τι να σας πω.","πράσινο_δένδρα"
"Θέλω να έρθει συνεργείο για κλάδεμα, σε ποιον μιλάω;","πράσινο_δένδρα"
"Γεμίσαμε έντομα από τα σάπια κλαδιά.","πράσινο_δένδρα"
"Πάνε δύο χρόνια που ζητάω να κοπεί το δέντρο, βαρέθηκα.","πράσινο_δένδρα"
"Είναι επικίνδυνο το δέντρο, θα κλάψουμε κανέναν κάποια στιγμή.","πράσινο_δένδρα"
"Στην πλατεία έχει ένα πεύκο που θα πέσει σίγουρα φέτος.","πράσινο_δένδρα"
"Απλά πείτε μου πού κάνω αίτηση για κοπή και τελειώσαμε.","πράσινο_δένδρα"
"Το πεζοδρόμιο έγινε λούνα παρκ από τις ρίζες.","πράσινο_δένδρα"
"Με το ζόρι περνάω με το καροτσάκι από τις ρίζες.","πράσινο_δένδρα"
"Την κοπή θα την πληρώσω εγώ ή την κάνει ο Δήμος δωρεάν;","πράσινο_δένδρα"
"Πέρσι έπεσε ένα δέντρο στο διπλανό στενό, τώρα είναι η σειρά μας.","πράσινο_δένδρα"
"Θέλω να φύγει το ξερό δέντρο, βαρέθηκα να το βλέπω μπροστά μου.","πράσινο_δένδρα"
"Θέλω να δηλώσω βλάβη στο αρδευτικό δίκτυο της περιοχής μου.","βλάβες_αρδευτικών_δικτύων"
"Πού δηλώνω βλάβη αρδευτικού δικτύου;","βλάβες_αρδευτικών_δικτύων"
"Το αρδευτικό δίκτυο στο πάρκο έχει σπάσει.","βλάβες_αρδευτικών_δικτύων"
"Ποιος επισκευάζει τις βλάβες στα αρδευτικά δίκτυα;","βλάβες_αρδευτικών_δικτύων"
"Υπάρχει διαρροή στο αρδευτικό της πλατείας.","βλάβες_αρδευτικών_δικτύων"
"Πόσο γρήγορα αποκαθίστανται οι βλάβες άρδευσης;","βλάβες_αρδευτικών_δικτύων"
"Το σύστημα άρδευσης τρέχει συνέχεια νερό.","βλάβες_αρδευτικών_δικτύων"
"Θέλω να αναφέρω πρόβλημα στην άρδευση του κοινόχρηστου χώρου.","βλάβες_αρδευτικών_δικτύων"
"Ποιο τμήμα ασχολείται με τα αρδευτικά δίκτυα;","βλάβες_αρδευτικών_δικτύων"
"Η άρδευση στον δρόμο μας δεν λειτουργεί καθόλου.","βλάβες_αρδευτικών_δικτύων"
"Έσπασε το αρδευτικό κατά τη διάρκεια εργασιών.","βλάβες_αρδευτικών_δικτύων"
"Χρειάζεται επισκευή το αρδευτικό δίκτυο στην παιδική χαρά.","βλάβες_αρδευτικών_δικτύων"
"Πώς κάνω αίτηση για βλάβη άρδευσης;","βλάβες_αρδευτικών_δικτύων"
"Το αρδευτικό ποτίζει το πεζοδρόμιο αντί για τα φυτά.","βλάβες_αρδευτικών_δικτύων"
"Υπάρχει τηλέφωνο για βλάβες αρδευτικού δικτύου;","βλάβες_αρδευτικών_δικτύων"
"Τα αρδευτικά στην πλατεία ανοίγουν σε λάθος ώρες.","βλάβες_αρδευτικών_δικτύων"
"Δηλώνω βλάβη στο δίκτυο άρδευσης του πάρκου.","βλάβες_αρδευτικών_δικτύων"
"Ποιος πληρώνει την επισκευή του αρδευτικού δικτύου;","βλάβες_αρδευτικών_δικτύων"
"Η άρδευση έχει διακοπεί εδώ και μία εβδομάδα.","βλάβες_αρδευτικών_δικτύων"
"Το αρδευτικό δίκτυο πλημμυρίζει τον δρόμο κάθε βράδυ.","βλάβες_αρδευτικών_δικτύων"
"Χρειάζομαι συνεργείο για βλάβη άρδευσης.","βλάβες_αρδευτικών_δικτύων"
"Μπορώ να δηλώσω βλάβη αρδευτικού ηλεκτρονικά;","βλάβες_αρδευτικών_δικτύων"
"Το αρδευτικό σύστημα του γηπέδου δεν δουλεύει.","βλάβες_αρδευτικών_δικτύων"
"Πόσο καιρό παίρνει να φτιάξετε ένα αρδευτικό δίκτυο;","βλάβες_αρδευτικών_δικτύων"
"Έχει σκάσει σωλήνας άρδευσης στη γειτονιά.","βλάβες_αρδευτικών_δικτύων"
"Πρέπει να δηλώσω τη βλάβη άρδευσης εγγράφως;","βλάβες_αρδευτικών_δικτύων"
"Τα φυτά ξεράθηκαν επειδή χάλασε η άρδευση.","βλάβες_αρδευτικών_δικτύων"
"Ποια στοιχεία χρειάζονται για δήλωση βλάβης αρδευτικού;","βλάβες_αρδευτικών_δικτύων"
"Το αρδευτικό δίκτυο έχει διαρροή κάτω από την άσφαλτο.","βλάβες_αρδευτικών_δικτύων"
"Δεν λειτουργεί η άρδευση στα παρτέρια της οδού μας.","βλάβες_αρδευτικών_δικτύων"
"Ποιος ελέγχει την κατάσταση των αρδευτικών δικτύων;","βλάβες_αρδευτικών_δικτύων"
"Ζητώ επισκευή αρδευτικού δικτύου σε κοινόχρηστο χώρο.","βλάβες_αρδευτικών_δικτύων"
"Η βλάβη στο αρδευτικό προκαλεί τεράστια σπατάλη νερού.","βλάβες_αρδευτικών_δικτύων"
"Υπάρχει πρόγραμμα συντήρησης των αρδευτικών δικτύων;","βλάβες_αρδευτικών_δικτύων"
"Ανέφερα βλάβη άρδευσης και δεν ήρθε κανείς.","βλάβες_αρδευτικών_δικτύων"
"Τρέχει νερό στην πλατεία όλη μέρα.","βλάβες_αρδευτικών_δικτύων"
"Έχει σπάσει το ποτιστικό στο πάρκο.","βλάβες_αρδευτικών_δικτύων"
"Πλημμυρίζει το πεζοδρόμιο από τους σωλήνες του Δήμου.","βλάβες_αρδευτικών_δικτύων"
"Τα λάστιχα στα παρτέρια έχουν σκάσει.","βλάβες_αρδευτικών_δικτύων"
"Χάνεται νερό συνέχεια μπροστά από το σπίτι μου.","βλάβες_αρδευτικών_δικτύων"
"Τα φυτά στην πλατεία δεν ποτίζονται πια.","βλάβες_αρδευτικών_δικτύων"
"Ποιος φτιάχνει τους σωλήνες στους κοινόχρηστους χώρους;","βλάβες_αρδευτικών_δικτύων"
"Ένας σωλήνας κάτω από το χώμα έχει διαρροή.","βλάβες_αρδευτικών_δικτύων"
"Τα μπεκ στο πάρκο ψεκάζουν τους περαστικούς.","βλάβες_αρδευτικών_δικτύων"
"Το νερό τρέχει από το πρωί και κανείς δεν το κλείνει.","βλάβες_αρδευτικών_δικτύων"
"Στο γήπεδο δεν φτάνει καθόλου νερό στο γρασίδι.","βλάβες_αρδευτικών_δικτύων"
"Έχει γίνει λίμνη μπροστά στην είσοδο της πολυκατοικίας.","βλάβες_αρδευτικών_δικτύων"
"Ποιον ειδοποιώ για διαρροή σε κοινόχρηστο χώρο;","βλάβες_αρδευτικών_δικτύων"
"Τα φυτά στον πεζόδρομο ξεράθηκαν από αδιαφορία.","βλάβες_αρδευτικών_δικτύων"
"Ο σωλήνας έσπασε όταν έσκαβαν στον δρόμο.","βλάβες_αρδευτικών_δικτύων"
"Πετάγεται νερό στη μέση του δρόμου και γλιστράει.","βλάβες_αρδευτικών_δικτύων"
"Χρειάζεται συνεργείο για διαρροή στο πάρκο.","βλάβες_αρδευτικών_δικτύων"
"Το σύστημα ποτίσματος δουλεύει μεσημέρι με σαράντα βαθμούς.","βλάβες_αρδευτικών_δικτύων"
"Γίνεται τεράστια σπατάλη νερού στην πλατεία.","βλάβες_αρδευτικών_δικτύων"
"Ποιο τμήμα στέλνει συνεργείο για σπασμένο σωλήνα;","βλάβες_αρδευτικών_δικτύων"
"Τα παρτέρια είναι ξερά εδώ και έναν μήνα.","βλάβες_αρδευτικών_δικτύων"
"Πώς δηλώνω διαρροή νερού σε δημοτικό χώρο;","βλάβες_αρδευτικών_δικτύων"
"Βγαίνει νερό κάτω από τις πλάκες του πεζοδρομίου.","βλάβες_αρδευτικών_δικτύων"
"Το πότισμα δεν λειτουργεί στα παρτέρια της οδού.","βλάβες_αρδευτικών_δικτύων"
"Έχει δημιουργηθεί λακκούβα από τη συνεχή ροή νερού.","βλάβες_αρδευτικών_δικτύων"
"Ποιος είναι υπεύθυνος για τη συντήρηση του ποτίσματος;","βλάβες_αρδευτικών_δικτύων"
"Το νερό μπαίνει στο υπόγειό μου από τη διαρροή.","βλάβες_αρδευτικών_δικτύων"
"Στην παιδική χαρά έχει γίνει λάσπη από το νερό.","βλάβες_αρδευτικών_δικτύων"
"Δεν λειτουργεί ο αυτοματισμός του ποτίσματος.","βλάβες_αρδευτικών_δικτύων"
"Χάνεται πολύ νερό και ανεβαίνει ο λογαριασμός του Δήμου.","βλάβες_αρδευτικών_δικτύων"
"Πότε θα έρθει συνεργείο να το φτιάξει;","βλάβες_αρδευτικών_δικτύων"
"Ο σωλήνας είναι εκτεθειμένος και κινδυνεύει να σπάσει.","βλάβες_αρδευτικών_δικτύων"
"Μετά τις εργασίες στο οδόστρωμα έμεινε διαρροή.","βλάβες_αρδευτικών_δικτύων"
"Το γρασίδι στο πάρκο έχει κιτρινίσει τελείως.","βλάβες_αρδευτικών_δικτύων"
"Ζητώ έλεγχο για απώλεια νερού σε κοινόχρηστο χώρο.","βλάβες_αρδευτικών_δικτύων"
"Ρε παιδιά, χύνεται νερό στην πλατεία, ελάτε να το δείτε.","βλάβες_αρδευτικών_δικτύων"
"Πάει μια βδομάδα που τρέχει το νερό και δεν ήρθε κανείς.","βλάβες_αρδευτικών_δικτύων"
"Πόσο νερό θα πεταχτεί ακόμα, κρίμα δεν είναι;","βλάβες_αρδευτικών_δικτύων"
"Έχει γίνει βάλτος μπροστά στο σπίτι μου.","βλάβες_αρδευτικών_δικτύων"
"Ποιον παίρνω για να κλείσει αυτό το νερό;","βλάβες_αρδευτικών_δικτύων"
"Έσκασε το λάστιχο και κολυμπάμε.","βλάβες_αρδευτικών_δικτύων"
"Δεν ποτίζεται τίποτα, όλα ξεράθηκαν.","βλάβες_αρδευτικών_δικτύων"
"Στείλτε κάποιον, χάνεται τζάμπα το νερό.","βλάβες_αρδευτικών_δικτύων"
"Το είπα και στο τηλέφωνο για τη διαρροή, τίποτα δεν έγινε.","βλάβες_αρδευτικών_δικτύων"
"Γλιστράει ο κόσμος από τα νερά, θα σπάσει κανένα πόδι.","βλάβες_αρδευτικών_δικτύων"
"Πετάγεται το μπεκ και μας βρέχει όλους.","βλάβες_αρδευτικών_δικτύων"
"Μεσημέρι ποτίζουν, με σαράντα βαθμούς, λογική δεν υπάρχει;","βλάβες_αρδευτικών_δικτύων"
"Πόσο θα κάτσω να περιμένω συνεργείο;","βλάβες_αρδευτικών_δικτύων"
"Έσκαψαν, φύγανε, και άφησαν τον σωλήνα σπασμένο.","βλάβες_αρδευτικών_δικτύων"
"Μπήκε νερό στο υπόγειο, ποιος θα πληρώσει τη ζημιά;","βλάβες_αρδευτικών_δικτύων"
"Κάθε βράδυ ξυπνάω από τον θόρυβο του νερού.","βλάβες_αρδευτικών_δικτύων"
"Δεν γίνεται να χάνεται τόσο νερό, κάντε κάτι.","βλάβες_αρδευτικών_δικτύων"
"Το πάρκο έγινε λάσπη, τα παιδιά δεν παίζουν.","βλάβες_αρδευτικών_δικτύων"
"Ποιος κοιτάει τα ποτιστικά στον Δήμο;","βλάβες_αρδευτικών_δικτύων"
"Πάνε δύο μήνες που δηλώνω τη διαρροή.","βλάβες_αρδευτικών_δικτύων"
"Στην πλατεία τρέχει νερό ασταμάτητα, κανείς δεν νοιάζεται.","βλάβες_αρδευτικών_δικτύων"
"Θα μου πείτε πού να τηλεφωνήσω για το σπασμένο ποτιστικό;","βλάβες_αρδευτικών_δικτύων"
"Ξεράθηκαν όλα τα λουλούδια, κρίμα τα λεφτά.","βλάβες_αρδευτικών_δικτύων"
"Άνοιξε το πεζοδρόμιο από το νερό.","βλάβες_αρδευτικών_δικτύων"
"Ελάτε να κλείσετε το νερό πριν γίνει μεγαλύτερη ζημιά.","βλάβες_αρδευτικών_δικτύων"
"Το γρασίδι στο γήπεδο κάηκε τελείως.","βλάβες_αρδευτικών_δικτύων"
"Πλημμύρισε ο δρόμος και δεν περνάνε αυτοκίνητα.","βλάβες_αρδευτικών_δικτύων"
"Τον σπασμένο σωλήνα ποιος θα τον φτιάξει, ο Δήμος ή η ΔΕΥΑΗ;","βλάβες_αρδευτικών_δικτύων"
"Κάθε καλοκαίρι τα ίδια, χαλάει το ποτιστικό και δεν φτιάχνεται.","βλάβες_αρδευτικών_δικτύων"
"Στείλτε μάστορα για τον σωλήνα, απλά πράγματα είναι.","βλάβες_αρδευτικών_δικτύων"
"Θέλω να κάνω καταγγελία για αδέσποτα σκυλιά στη γειτονιά μου.","αδέσποτα_ζώα"
"Πού δηλώνω αδέσποτα ζώα στον Δήμο Ηρακλείου;","αδέσποτα_ζώα"
"Υπάρχει αγέλη από αδέσποτα κοντά στο σχολείο.","αδέσποτα_ζώα"
"Ποια είναι η διαδικασία για περισυλλογή αδέσποτων;","αδέσποτα_ζώα"
"Τα αδέσποτα στην πλατεία είναι επιθετικά.","αδέσποτα_ζώα"
"Ποιος αναλαμβάνει τα αδέσποτα ζώα στον Δήμο;","αδέσποτα_ζώα"
"Θέλω να αναφέρω τραυματισμένο αδέσποτο.","αδέσποτα_ζώα"
"Γίνεται στείρωση των αδέσποτων από τον Δήμο;","αδέσποτα_ζώα"
"Πώς κάνω καταγγελία για κακοποίηση αδέσποτου;","αδέσποτα_ζώα"
"Τα αδέσποτα σκυλιά γαβγίζουν όλη νύχτα.","αδέσποτα_ζώα"
"Υπάρχει καταφύγιο αδέσποτων στο Ηράκλειο;","αδέσποτα_ζώα"
"Ποιος ταΐζει τα αδέσποτα στον δήμο;","αδέσποτα_ζώα"
"Βρήκα αδέσποτο κουτάβι, τι πρέπει να κάνω;","αδέσποτα_ζώα"
"Πόσο γρήγορα γίνεται η περισυλλογή αδέσποτων;","αδέσποτα_ζώα"
"Τα αδέσποτα μπαίνουν στην αυλή του σχολείου.","αδέσποτα_ζώα"
"Θέλω να υιοθετήσω ένα αδέσποτο από τον Δήμο.","αδέσποτα_ζώα"
"Ποια δικαιολογητικά χρειάζονται για καταγγελία αδέσποτων;","αδέσποτα_ζώα"
"Ένα αδέσποτο δάγκωσε το παιδί μου.","αδέσποτα_ζώα"
"Υπάρχει τηλέφωνο για αδέσποτα ζώα;","αδέσποτα_ζώα"
"Τα αδέσποτα έχουν φωλιάσει στο πάρκινγκ της πολυκατοικίας.","αδέσποτα_ζώα"
"Δηλώνω αδέσποτη γάτα που χρειάζεται περίθαλψη.","αδέσποτα_ζώα"
"Γίνεται ηλεκτρονική καταγγελία για αδέσποτα;","αδέσποτα_ζώα"
"Ποιος πληρώνει τον κτηνίατρο για τα αδέσποτα;","αδέσποτα_ζώα"
"Τα αδέσποτα κυνηγούν τα αυτοκίνητα στον δρόμο.","αδέσποτα_ζώα"
"Έχουν τα αδέσποτα του Δήμου ηλεκτρονική σήμανση;","αδέσποτα_ζώα"
"Θέλω να αναφέρω εγκαταλελειμμένο ζώο που έγινε αδέσποτο.","αδέσποτα_ζώα"
"Πόσα αδέσποτα μπορώ να δηλώσω σε μία καταγγελία;","αδέσποτα_ζώα"
"Τα αδέσποτα σκάβουν στα παρτέρια της πλατείας.","αδέσποτα_ζώα"
"Πού πηγαίνουν τα αδέσποτα μετά την περισυλλογή;","αδέσποτα_ζώα"
"Ένα αδέσποτο κυκλοφορεί τραυματισμένο στη γειτονιά.","αδέσποτα_ζώα"
"Υπάρχει πρόγραμμα εμβολιασμού αδέσποτων;","αδέσποτα_ζώα"
"Τα αδέσποτα ζώα ανοίγουν τους κάδους σκουπιδιών.","αδέσποτα_ζώα"
"Ποιο τμήμα ασχολείται με τα αδέσποτα;","αδέσποτα_ζώα"
"Έκανα καταγγελία για αδέσποτα και δεν ήρθε κανείς.","αδέσποτα_ζώα"
"Μπορώ να φροντίζω αδέσποτα χωρίς άδεια από τον Δήμο;","αδέσποτα_ζώα"
"Υπάρχει μια αγέλη σκυλιών που τρομάζει τα παιδιά.","αδέσποτα_ζώα"
"Βρήκα ένα τραυματισμένο σκυλί στον δρόμο.","αδέσποτα_ζώα"
"Ποιον ειδοποιώ για κακοποίηση ζώου;","αδέσποτα_ζώα"
"Μια γάτα έχει παγιδευτεί κάτω από αυτοκίνητο.","αδέσποτα_ζώα"
"Θέλω να δηλώσω σκυλί χωρίς ιδιοκτήτη στη γειτονιά.","αδέσποτα_ζώα"
"Τα σκυλιά επιτίθενται στους περαστικούς κάθε βράδυ.","αδέσποτα_ζώα"
"Ποιος μαζεύει τα ζώα από τον δρόμο;","αδέσποτα_ζώα"
"Ένα κουτάβι κλαίει μέσα στα σκουπίδια.","αδέσποτα_ζώα"
"Πώς δηλώνω ότι κάποιος βασανίζει ζώα;","αδέσποτα_ζώα"
"Γίνεται στείρωση ζώων από τις υπηρεσίες του Δήμου;","αδέσποτα_ζώα"
"Ο γείτονας άφησε τον σκύλο του και έφυγε.","αδέσποτα_ζώα"
"Χρειάζεται περίθαλψη μια γάτα στο πάρκο.","αδέσποτα_ζώα"
"Ποιο τηλέφωνο καλώ για ζώα σε κίνδυνο;","αδέσποτα_ζώα"
"Δάγκωσε σκυλί περαστικό στην πλατεία.","αδέσποτα_ζώα"
"Υπάρχει κτηνίατρος του Δήμου για τέτοιες περιπτώσεις;","αδέσποτα_ζώα"
"Τα ζώα κοιμούνται στην είσοδο της πολυκατοικίας.","αδέσποτα_ζώα"
"Πώς αναφέρω δηλητηρίαση ζώου με φόλα;","αδέσποτα_ζώα"
"Θέλω να υιοθετήσω σκύλο μέσω του Δήμου.","αδέσποτα_ζώα"
"Μια γάτα γέννησε στην αποθήκη μου.","αδέσποτα_ζώα"
"Ποιος βάζει ηλεκτρονική σήμανση στα ζώα του Δήμου;","αδέσποτα_ζώα"
"Τα σκυλιά μπαίνουν στην παιδική χαρά.","αδέσποτα_ζώα"
"Κάποιος πετάει φόλες στη γειτονιά μας.","αδέσποτα_ζώα"
"Χρειάζομαι βοήθεια για ζώο που κινδυνεύει.","αδέσποτα_ζώα"
"Ένα ζώο έχει σκαλώσει σε φράχτη και δεν βγαίνει.","αδέσποτα_ζώα"
"Πώς λειτουργεί το καταφύγιο ζώων του Δήμου;","αδέσποτα_ζώα"
"Τα ζώα γαβγίζουν συνέχεια και δεν κοιμόμαστε.","αδέσποτα_ζώα"
"Ποιος είναι υπεύθυνος για τα ζώα που κυκλοφορούν στον δρόμο;","αδέσποτα_ζώα"
"Θέλω να καταγγείλω εγκατάλειψη ζώου.","αδέσποτα_ζώα"
"Μαζεύονται σκυλιά έξω από το κρεοπωλείο.","αδέσποτα_ζώα"
"Υπάρχει πρόγραμμα εμβολιασμού για ζώα συντροφιάς;","αδέσποτα_ζώα"
"Ένα ζώο τραυματίστηκε από αυτοκίνητο και ζει ακόμα.","αδέσποτα_ζώα"
"Ποιος αναλαμβάνει τη μεταφορά ζώου σε κτηνιατρική κλινική;","αδέσποτα_ζώα"
"Οι γάτες έχουν γεμίσει το υπόγειο της πολυκατοικίας.","αδέσποτα_ζώα"
"Πώς δηλώνω σκύλο που κυκλοφορεί χωρίς λουρί;","αδέσποτα_ζώα"
"Ζητώ περισυλλογή ζώου από κοινόχρηστο χώρο.","αδέσποτα_ζώα"
"Ρε παιδιά, γέμισε η γειτονιά αδέσποτα, κάντε κάτι.","αδέσποτα_ζώα"
"Δεν μπορώ να βγάλω το παιδί έξω, τα σκυλιά ορμάνε.","αδέσποτα_ζώα"
"Ποιον παίρνω τηλέφωνο για τα αδέσποτα;","αδέσποτα_ζώα"
"Έχει ένα σκυλάκι εδώ και μέρες πεινασμένο, βοηθήστε.","αδέσποτα_ζώα"
"Τα ζώα γαβγίζουν όλη νύχτα, δεν κλείνω μάτι.","αδέσποτα_ζώα"
"Μας δάγκωσε σκυλί, ποιος ευθύνεται;","αδέσποτα_ζώα"
"Πότε θα έρθετε να μαζέψετε τα αδέσποτα;","αδέσποτα_ζώα"
"Πετάνε φόλες, θα πεθάνουν τα ζώα.","αδέσποτα_ζώα"
"Έχει μια γάτα τραυματισμένη, τι να την κάνω;","αδέσποτα_ζώα"
"Βαρέθηκα να το δηλώνω, τα αδέσποτα είναι ακόμα εκεί.","αδέσποτα_ζώα"
"Δεν περνάει άνθρωπος από τον δρόμο με τόσα σκυλιά.","αδέσποτα_ζώα"
"Μπορώ να πάρω σπίτι ένα αδέσποτο;","αδέσποτα_ζώα"
"Το κουτάβι θα πεθάνει στο κρύο, ελάτε γρήγορα.","αδέσποτα_ζώα"
"Ποιος τα ταΐζει αυτά τα ζώα;","αδέσποτα_ζώα"
"Γεμίσαμε γάτες στο υπόγειο, τι κάνουμε;","αδέσποτα_ζώα"
"Ένα σκυλί κυνηγάει τα μηχανάκια, θα γίνει ατύχημα.","αδέσποτα_ζώα"
"Στειρώνετε τα αδέσποτα ή όχι;","αδέσποτα_ζώα"
"Έφαγε ο σκύλος τα σκουπίδια και σκόρπισαν παντού.","αδέσποτα_ζώα"
"Πού είναι το καταφύγιο για να πάω το ζωάκι;","αδέσποτα_ζώα"
"Κάποιος άφησε τον σκύλο του δεμένο και εξαφανίστηκε.","αδέσποτα_ζώα"
"Τα αδέσποτα κοιμούνται στην είσοδό μου κάθε βράδυ.","αδέσποτα_ζώα"
"Θέλω να καταγγείλω αυτόν που χτυπάει τα ζώα.","αδέσποτα_ζώα"
"Πόσο θα περιμένω να έρθει συνεργείο για τα αδέσποτα;","αδέσποτα_ζώα"
"Μπήκε γάτα στο κλιματιστικό, ποιον φωνάζω;","αδέσποτα_ζώα"
"Έχουν φωλιάσει σκυλιά στο εγκαταλελειμμένο οικόπεδο.","αδέσποτα_ζώα"
"Δεν αντέχω άλλο, κάθε πρωί σκυλιά στην πόρτα.","αδέσποτα_ζώα"
"Το ζωάκι είναι άρρωστο, θα πληρώσει ο Δήμος τον κτηνίατρο;","αδέσποτα_ζώα"
"Ήρθαν, πήραν ένα και άφησαν τα υπόλοιπα αδέσποτα.","αδέσποτα_ζώα"
"Ποιος κοιτάει τα ζώα στον Δήμο επιτέλους;","αδέσποτα_ζώα"
"Πείτε μου πού κάνω την καταγγελία για τα αδέσποτα.","αδέσποτα_ζώα"
"Θέλω να ζητήσω τοποθέτηση παγκακιών στο προαύλιο του σχολείου.","παγκάκια"
"Πού κάνω αίτημα για συντήρηση παγκακιών σε σχολική αυλή;","παγκάκια"
"Τα παγκάκια στο σχολείο είναι σπασμένα.","παγκάκια"
"Ποια είναι η διαδικασία για νέα παγκάκια σε σχολική αυλή;","παγκάκια"
"Χρειάζονται βάψιμο τα παγκάκια του προαυλίου.","παγκάκια"
"Ποιος επισκευάζει τα παγκάκια στα σχολεία;","παγκάκια"
"Λείπουν παγκάκια από την αυλή του δημοτικού.","παγκάκια"
"Ένα παγκάκι έχει ξηλωθεί και είναι επικίνδυνο.","παγκάκια"
"Μπορεί ο Δήμος να τοποθετήσει παγκάκια στο γυμνάσιο;","παγκάκια"
"Πόσο καιρό παίρνει το αίτημα για παγκάκια;","παγκάκια"
"Τα ξύλα στα παγκάκια έχουν σαπίσει.","παγκάκια"
"Θέλω να δηλώσω κατεστραμμένο παγκάκι στο προαύλιο.","παγκάκια"
"Ποιος πληρώνει την αντικατάσταση των παγκακιών;","παγκάκια"
"Υπάρχει αίτηση για παγκάκια σε σχολικό χώρο;","παγκάκια"
"Τα παγκάκια έχουν καρφιά που ξεχωρίζουν.","παγκάκια"
"Ζητώ συντήρηση παγκακιών στην αυλή του σχολείου.","παγκάκια"
"Πόσα παγκάκια δικαιούται ένα σχολείο;","παγκάκια"
"Το παγκάκι έσπασε και τραυματίστηκε μαθητής.","παγκάκια"
"Ποιο τμήμα ασχολείται με τα παγκάκια των σχολείων;","παγκάκια"
"Χρειαζόμαστε παγκάκια στη σκιά για τα διαλείμματα.","παγκάκια"
"Έκανα αίτημα για παγκάκια και δεν απάντησε κανείς.","παγκάκια"
"Τα παγκάκια είναι βανδαλισμένα με γκράφιτι.","παγκάκια"
"Μπορεί ο σύλλογος γονέων να ζητήσει παγκάκια;","παγκάκια"
"Πρέπει ο διευθυντής να υπογράψει την αίτηση για τα παγκάκια;","παγκάκια"
"Τα παγκάκια στο προαύλιο δεν είναι στερεωμένα.","παγκάκια"
"Ζητώ αντικατάσταση παλιών παγκακιών στο νηπιαγωγείο.","παγκάκια"
"Υπάρχει κόστος για τα παγκάκια ή τα καλύπτει ο Δήμος;","παγκάκια"
"Το παγκάκι έχει σκουριάσει τελείως.","παγκάκια"
"Πώς δηλώνω ότι λείπουν παγκάκια από το γήπεδο του σχολείου;","παγκάκια"
"Χρειάζονται παγκάκια και στον χώρο αναμονής των γονέων.","παγκάκια"
"Τα παγκάκια μετακινήθηκαν και δεν ξαναμπήκαν στη θέση τους.","παγκάκια"
"Ποιος ελέγχει την ασφάλεια των παγκακιών στα σχολεία;","παγκάκια"
"Ζητώ επισκευή παγκακιού που έχει σπασμένο πόδι.","παγκάκια"
"Γίνεται ηλεκτρονική αίτηση για παγκάκια σε σχολείο;","παγκάκια"
"Τα παγκάκια είναι πολύ λίγα για τόσους μαθητές.","παγκάκια"
"Η μπασκέτα στο προαύλιο έχει σπάσει.","παγκάκια"
"Χρειάζεται συντήρηση ο αστικός εξοπλισμός της σχολικής αυλής.","παγκάκια"
"Τα παιχνίδια στο νηπιαγωγείο είναι επικίνδυνα.","παγκάκια"
"Ποιος τοποθετεί εξοπλισμό στα προαύλια των σχολείων;","παγκάκια"
"Η τσουλήθρα έχει σκουριάσει και κόβει.","παγκάκια"
"Λείπει το δίχτυ από τη μπασκέτα του σχολείου.","παγκάκια"
"Θέλω να ζητήσω νέο εξοπλισμό για την αυλή του δημοτικού.","παγκάκια"
"Οι κούνιες στο προαύλιο δεν λειτουργούν.","παγκάκια"
"Πώς κάνω αίτημα για συντήρηση στη σχολική αυλή;","παγκάκια"
"Τα τέρματα του γηπέδου δεν είναι στερεωμένα.","παγκάκια"
"Χρειαζόμαστε σκίαστρα στον προαύλιο χώρο.","παγκάκια"
"Ποιο τμήμα αναλαμβάνει τον εξοπλισμό των σχολείων;","παγκάκια"
"Η τραμπάλα έχει σπασμένο ελατήριο.","παγκάκια"
"Ζητώ αντικατάσταση κατεστραμμένων παιχνιδιών στο προαύλιο.","παγκάκια"
"Τα κάγκελα στην αυλή του σχολείου είναι λυγισμένα.","παγκάκια"
"Χρειάζεται βάψιμο ο εξοπλισμός του προαυλίου.","παγκάκια"
"Πόσο κοστίζει η τοποθέτηση μπασκέτας στο σχολείο;","παγκάκια"
"Οι μαθητές δεν έχουν πού να καθίσουν στο διάλειμμα.","παγκάκια"
"Το δάπεδο ασφαλείας κάτω από τα παιχνίδια έχει φύγει.","παγκάκια"
"Ποιος ελέγχει τον εξοπλισμό της σχολικής αυλής;","παγκάκια"
"Θέλω να δηλώσω βανδαλισμό στον προαύλιο χώρο.","παγκάκια"
"Χρειάζεται επισκευή το σκέπαστρο της σχολικής αυλής.","παγκάκια"
"Έσπασε το ξύλινο σπιτάκι στο νηπιαγωγείο.","παγκάκια"
"Πώς ζητάμε εξοπλισμό για το προαύλιο νέου σχολείου;","παγκάκια"
"Ο σύλλογος γονέων θέλει να υποβάλει αίτημα για την αυλή.","παγκάκια"
"Τα όργανα γυμναστικής στο προαύλιο είναι σαπισμένα.","παγκάκια"
"Ποιος πληρώνει τη συντήρηση στα σχολικά προαύλια;","παγκάκια"
"Χρειάζεται στερέωση η μπασκέτα πριν πέσει σε παιδί.","παγκάκια"
"Δεν υπάρχει καθόλου εξοπλισμός στην αυλή του γυμνασίου.","παγκάκια"
"Ζητώ έλεγχο ασφαλείας στον προαύλιο χώρο.","παγκάκια"
"Η περίφραξη του σχολικού γηπέδου έχει τρύπες.","παγκάκια"
"Πότε γίνονται εργασίες συντήρησης στα προαύλια των σχολείων;","παγκάκια"
"Θέλουμε τραπέζια για τα διαλείμματα στην αυλή.","παγκάκια"
"Το μεταλλικό κάθισμα έχει ξεκολλήσει από τη βάση του.","παγκάκια"
"Πώς δηλώνουμε φθορές στον χώρο του προαυλίου;","παγκάκια"
"Ρε παιδιά, τα παγκάκια στο σχολείο έχουν διαλυθεί.","παγκάκια"
"Τα παιδιά κάθονται χάμω στο προαύλιο, δεν έχει πού να καθίσουν.","παγκάκια"
"Πότε θα έρθετε να φτιάξετε τα παγκάκια;","παγκάκια"
"Η μπασκέτα κρέμεται, θα πλακώσει κανένα παιδί.","παγκάκια"
"Ποιον παίρνω για τον εξοπλισμό της σχολικής αυλής;","παγκάκια"
"Έχει καρφιά το παγκάκι, θα σκιστεί κανένας.","παγκάκια"
"Πάει χρόνος που ζητάμε παγκάκια και τίποτα.","παγκάκια"
"Ελάτε να δείτε τι χάλια είναι το προαύλιο.","παγκάκια"
"Τα ξύλα στα παγκάκια σάπισαν τελείως.","παγκάκια"
"Ποιος φτιάχνει τις κούνιες στο νηπιαγωγείο;","παγκάκια"
"Βαρεθήκαμε, κάθε χρόνο τα ίδια χάλια στην αυλή.","παγκάκια"
"Θέλουμε λίγα παγκάκια, τόσο δύσκολο είναι;","παγκάκια"
"Έσπασε η τσουλήθρα και κόπηκαν τα παιδιά.","παγκάκια"
"Δεν έχει σκιά πουθενά στο προαύλιο, ψήνονται τα παιδιά.","παγκάκια"
"Ο σύλλογος γονέων ζήτησε τρεις φορές εξοπλισμό για την αυλή.","παγκάκια"
"Το παγκάκι ξηλώθηκε και το άφησαν εκεί πεταμένο.","παγκάκια"
"Πού κάνουμε την αίτηση για τα παγκάκια;","παγκάκια"
"Έχει σκουριάσει όλος ο εξοπλισμός στο προαύλιο.","παγκάκια"
"Θα γίνει ατύχημα με αυτή τη μπασκέτα.","παγκάκια"
"Ήρθαν, κοίταξαν το προαύλιο και έφυγαν, τίποτα δεν έγινε.","παγκάκια"
"Τα παιχνίδια στην αυλή είναι από τα χρόνια του παππού μου.","παγκάκια"
"Τα παγκάκια ποιος τα πληρώνει, ο Δήμος ή το σχολείο;","παγκάκια"
"Μας τα βανδάλισαν όλα στο προαύλιο και κανείς δεν ασχολείται.","παγκάκια"
"Θέλουμε καινούργια παγκάκια στην αυλή του δημοτικού.","παγκάκια"
"Πόσο θα περιμένουμε για μια συντήρηση στο προαύλιο;","παγκάκια"
"Το τέρμα δεν είναι βιδωμένο, κουνιέται επικίνδυνα.","παγκάκια"
"Στο διάλειμμα κάθονται στα σκαλιά τα παιδιά.","παγκάκια"
"Πείτε μας τι χαρτιά χρειάζονται για τα παγκάκια.","παγκάκια"
"Χάλασαν τα πάντα στο προαύλιο, ελάτε επιτέλους.","παγκάκια"
"Δεν γίνεται να μην έχει η αυλή ούτε ένα παγκάκι.","παγκάκια"
"Θέλω άδεια για επισκευή πεζοδρομίου μπροστά από το σπίτι μου.","πεζοδρόμιο"
"Πού κάνω αίτηση για παρέμβαση σε πεζοδρόμιο;","πεζοδρόμιο"
"Χρειάζομαι άδεια για να ανοίξω το πεζοδρόμιο;","πεζοδρόμιο"
"Ποια δικαιολογητικά θέλει η άδεια επισκευής πεζοδρομίου;","πεζοδρόμιο"
"Το πεζοδρόμιο μπροστά στο μαγαζί μου χρειάζεται επισκευή.","πεζοδρόμιο"
"Πόσο κοστίζει η άδεια για εργασίες σε πεζοδρόμιο;","πεζοδρόμιο"
"Μπορώ να αλλάξω τις πλάκες στο πεζοδρόμιο μόνος μου;","πεζοδρόμιο"
"Ποιος εγκρίνει τις εργασίες σε πεζοδρόμιο;","πεζοδρόμιο"
"Θέλω να φτιάξω ράμπα στο πεζοδρόμιο για ΑμεΑ.","πεζοδρόμιο"
"Πόσο διαρκεί η άδεια παρέμβασης σε πεζοδρόμιο;","πεζοδρόμιο"
"Το πεζοδρόμιο έχει σπάσει από τα φορτηγά.","πεζοδρόμιο"
"Χρειάζεται μελέτη για την επισκευή του πεζοδρομίου;","πεζοδρόμιο"
"Ζητώ άδεια για εκσκαφή σε πεζοδρόμιο.","πεζοδρόμιο"
"Ποιο τμήμα δίνει άδεια εργασιών σε πεζοδρόμιο;","πεζοδρόμιο"
"Πρέπει να αποκαταστήσω το πεζοδρόμιο μετά τις εργασίες;","πεζοδρόμιο"
"Γίνεται ηλεκτρονική αίτηση για άδεια πεζοδρομίου;","πεζοδρόμιο"
"Το πεζοδρόμιο μπροστά στην πολυκατοικία έχει καθίσει.","πεζοδρόμιο"
"Μπορώ να τσιμεντάρω το πεζοδρόμιο στην είσοδό μου;","πεζοδρόμιο"
"Ποιος ελέγχει τις εργασίες στο πεζοδρόμιο;","πεζοδρόμιο"
"Χρειάζομαι άδεια για σύνδεση με το δίκτυο κάτω από το πεζοδρόμιο.","πεζοδρόμιο"
"Πόσο καιρό παίρνει η έγκριση για το πεζοδρόμιο;","πεζοδρόμιο"
"Έκανα αίτηση για επισκευή πεζοδρομίου πριν δύο μήνες.","πεζοδρόμιο"
"Το πεζοδρόμιο είναι επικίνδυνο για τους πεζούς.","πεζοδρόμιο"
"Ποιος πληρώνει την επισκευή του πεζοδρομίου;","πεζοδρόμιο"
"Θέλω να διαπλατύνω το πεζοδρόμιο μπροστά στο κατάστημα.","πεζοδρόμιο"
"Μπορεί ο εργολάβος να κάνει την αίτηση για το πεζοδρόμιο;","πεζοδρόμιο"
"Υπάρχει πρόστιμο αν σκάψω πεζοδρόμιο χωρίς άδεια;","πεζοδρόμιο"
"Το πεζοδρόμιο χαλάει από τις ρίζες και θέλει ανακατασκευή.","πεζοδρόμιο"
"Ζητώ άδεια αποκατάστασης πεζοδρομίου μετά από βλάβη.","πεζοδρόμιο"
"Πόσα μέτρα πεζοδρομίου μπορώ να επισκευάσω;","πεζοδρόμιο"
"Χρειάζεται ασφαλιστήριο για εργασίες σε πεζοδρόμιο;","πεζοδρόμιο"
"Πώς δηλώνω την ολοκλήρωση των εργασιών στο πεζοδρόμιο;","πεζοδρόμιο"
"Το πεζοδρόμιο πρέπει να επιστρέψει στην αρχική του μορφή;","πεζοδρόμιο"
"Ποιες ώρες επιτρέπονται οι εργασίες στο πεζοδρόμιο;","πεζοδρόμιο"
"Θέλω άδεια για τοποθέτηση πλακών στο πεζοδρόμιο.","πεζοδρόμιο"
"Χρειάζομαι άδεια για να αλλάξω τις πλάκες μπροστά στο σπίτι μου.","πεζοδρόμιο"
"Ποια είναι η διαδικασία για εκσκαφή σε κοινόχρηστο χώρο;","πεζοδρόμιο"
"Θέλω να ανοίξω τον κοινόχρηστο χώρο για σύνδεση με το δίκτυο.","πεζοδρόμιο"
"Πρέπει να πάρω έγκριση πριν ρίξω τσιμέντο στην είσοδο;","πεζοδρόμιο"
"Ποιος δίνει άδεια για εκσκαφή σε δημοτικό χώρο;","πεζοδρόμιο"
"Οι πλάκες έχουν σπάσει και θέλω να τις αντικαταστήσω.","πεζοδρόμιο"
"Χρειάζεται άδεια για να χαμηλώσω το κράσπεδο;","πεζοδρόμιο"
"Πόσο κοστίζει η έγκριση για εργασίες στον κοινόχρηστο χώρο;","πεζοδρόμιο"
"Θέλω να κατασκευάσω ράμπα για αναπηρικό αμαξίδιο.","πεζοδρόμιο"
"Ποιο τμήμα εγκρίνει παρεμβάσεις σε κοινόχρηστο χώρο;","πεζοδρόμιο"
"Μετά την εκσκαφή πρέπει να αποκαταστήσω τις πλάκες;","πεζοδρόμιο"
"Υπάρχει πρόστιμο για εκσκαφή χωρίς έγκριση;","πεζοδρόμιο"
"Ο εργολάβος ζητάει έγγραφο από τον Δήμο για να σκάψει.","πεζοδρόμιο"
"Πόσο διαρκεί η άδεια παρέμβασης σε κοινόχρηστο χώρο;","πεζοδρόμιο"
"Θέλω να χαμηλώσω το κράσπεδο για να μπαίνω με το αυτοκίνητο.","πεζοδρόμιο"
"Ποια δικαιολογητικά χρειάζονται για άδεια εκσκαφής;","πεζοδρόμιο"
"Χρειάζομαι έγγραφο για να ξεκινήσει το συνεργείο την εκσκαφή.","πεζοδρόμιο"
"Οι εργασίες στην όδευση πεζών θα κρατήσουν τρεις μέρες.","πεζοδρόμιο"
"Πρέπει να ειδοποιήσω πριν σκάψω στον κοινόχρηστο χώρο;","πεζοδρόμιο"
"Ποιος ελέγχει αν οι πλάκες μπήκαν σωστά;","πεζοδρόμιο"
"Θέλω να περάσω σωλήνα κάτω από τον κοινόχρηστο χώρο.","πεζοδρόμιο"
"Γίνεται ηλεκτρονικά η αίτηση για άδεια εκσκαφής;","πεζοδρόμιο"
"Χρειάζεται τοπογραφικό για την άδεια παρέμβασης;","πεζοδρόμιο"
"Ο κοινόχρηστος χώρος μπροστά στο κατάστημα έχει καθίσει.","πεζοδρόμιο"
"Ποιος αποφασίζει αν θα εγκριθεί η παρέμβαση στον κοινόχρηστο χώρο;","πεζοδρόμιο"
"Μπορώ να στρώσω μόνος μου τις πλάκες;","πεζοδρόμιο"
"Πρέπει να έχω ασφάλεια για το συνεργείο της εκσκαφής;","πεζοδρόμιο"
"Θέλω να τοποθετήσω κράσπεδα μπροστά στην είσοδο.","πεζοδρόμιο"
"Πόσο πρέπει να περιμένω για την άδεια εκσκαφής;","πεζοδρόμιο"
"Έγινε ζημιά στις πλάκες κατά τις εργασίες, ποιος ευθύνεται;","πεζοδρόμιο"
"Χρειάζεται άδεια για μικρές επιδιορθώσεις στον κοινόχρηστο χώρο;","πεζοδρόμιο"
"Ποιος καθορίζει τα υλικά για τις πλάκες;","πεζοδρόμιο"
"Θέλω να αποκαταστήσω τη ζημιά που έκανε η εταιρεία στην εκσκαφή.","πεζοδρόμιο"
"Υπάρχει προθεσμία για να ολοκληρωθεί η παρέμβαση;","πεζοδρόμιο"
"Μπορεί να ανακληθεί η άδεια εκσκαφής αν αργήσω;","πεζοδρόμιο"
"Θέλω να φτιάξω το πεζοδρόμιο, τι χαρτιά χρειάζομαι;","πεζοδρόμιο"
"Ρε παιδιά, μπορώ να ρίξω τσιμέντο μπροστά στην πόρτα μου;","πεζοδρόμιο"
"Έχουν σπάσει οι πλάκες, θα φάει καμιά τούμπα κανείς.","πεζοδρόμιο"
"Ποιον ρωτάω για να σκάψω στο πεζοδρόμιο;","πεζοδρόμιο"
"Ο μάστορας λέει ότι θέλει χαρτί από τον Δήμο για την εκσκαφή.","πεζοδρόμιο"
"Πόσο θα κάτσω να περιμένω την άδεια για το πεζοδρόμιο;","πεζοδρόμιο"
"Θα φάω πρόστιμο αν φτιάξω μόνος μου το πεζοδρόμιο;","πεζοδρόμιο"
"Το πεζοδρόμιο έχει γίνει χάλια από τα φορτηγά.","πεζοδρόμιο"
"Πού πάω για να πάρω άδεια για τις πλάκες;","πεζοδρόμιο"
"Θέλω ράμπα για να περνάει η μαμά μου με το αμαξίδιο.","πεζοδρόμιο"
"Έσκαψε η εταιρεία το πεζοδρόμιο και το άφησε έτσι.","πεζοδρόμιο"
"Το πεζοδρόμιο ποιος το πληρώνει, εγώ ή ο Δήμος;","πεζοδρόμιο"
"Το πεζοδρόμιο μπροστά στο μαγαζί έχει βουλιάξει.","πεζοδρόμιο"
"Έκανα αίτηση για το πεζοδρόμιο και δεν πήρα απάντηση ακόμα.","πεζοδρόμιο"
"Μπορώ να χαμηλώσω το κράσπεδο για το γκαράζ;","πεζοδρόμιο"
"Δεν περνάει καροτσάκι από τις σπασμένες πλάκες.","πεζοδρόμιο"
"Πόσο κρατάει αυτή η άδεια για το πεζοδρόμιο;","πεζοδρόμιο"
"Θα το φτιάξω με δικά μου λεφτά το πεζοδρόμιο, χρειάζομαι έγκριση;","πεζοδρόμιο"
"Ήρθαν, έσκαψαν και δεν ξαναήρθαν να το κλείσουν.","πεζοδρόμιο"
"Πείτε μου απλά ποια χαρτιά θέλει το πεζοδρόμιο.","πεζοδρόμιο"
"Το τσιμέντο στο πεζοδρόμιο έσπασε από τις ρίζες.","πεζοδρόμιο"
"Ποιος ελέγχει αν έστρωσα σωστά τις πλάκες;","πεζοδρόμιο"
"Θέλω να στρώσω το πεζοδρόμιο μπροστά στην είσοδο.","πεζοδρόμιο"
"Βαρέθηκα να ζητάω άδεια για τις πλάκες, θα το κάνω μόνος μου.","πεζοδρόμιο"
"Μου είπαν ότι για το πεζοδρόμιο χρειάζεται μελέτη, ισχύει;","πεζοδρόμιο"
"Έγινε λακκούβα μετά την εκσκαφή και μένει έτσι.","πεζοδρόμιο"
"Πόσο κοστίζει τελικά η άδεια για το πεζοδρόμιο;","πεζοδρόμιο"
"Ο γείτονας έστρωσε το πεζοδρόμιο χωρίς άδεια, τι γίνεται;","πεζοδρόμιο"
"Χρειάζομαι κάποιον από τον Δήμο να έρθει να δει το πεζοδρόμιο.","πεζοδρόμιο"
"Πότε επιτρέπεται να δουλέψουν τα συνεργεία στο πεζοδρόμιο;","πεζοδρόμιο"
"Θέλω άδεια για τοποθέτηση ικριωμάτων στο πεζοδρόμιο.","αίτηση_προσωρινής_χρήσης_οδοστρώματος_πεζοδρομίου"
"Πού κάνω αίτηση για ικριώματα σε κοινόχρηστο χώρο;","αίτηση_προσωρινής_χρήσης_οδοστρώματος_πεζοδρομίου"
"Ποια δικαιολογητικά χρειάζονται για άδεια ικριωμάτων;","αίτηση_προσωρινής_χρήσης_οδοστρώματος_πεζοδρομίου"
"Πόσο κοστίζει η άδεια ικριωμάτων ανά ημέρα;","αίτηση_προσωρινής_χρήσης_οδοστρώματος_πεζοδρομίου"
"Χρειάζομαι ικριώματα για να βάψω την πρόσοψη.","αίτηση_προσωρινής_χρήσης_οδοστρώματος_πεζοδρομίου"
"Πόσο διαρκεί η άδεια για ικριώματα;","αίτηση_προσωρινής_χρήσης_οδοστρώματος_πεζοδρομίου"
"Μπορώ να τοποθετήσω ικριώματα σε πεζόδρομο;","αίτηση_προσωρινής_χρήσης_οδοστρώματος_πεζοδρομίου"
"Ποιος εγκρίνει την τοποθέτηση ικριωμάτων στην πλατεία;","αίτηση_προσωρινής_χρήσης_οδοστρώματος_πεζοδρομίου"
"Θέλω παράταση της άδειας ικριωμάτων.","αίτηση_προσωρινής_χρήσης_οδοστρώματος_πεζοδρομίου"
"Τα ικριώματα θα μείνουν δύο μήνες, τι χρειάζομαι;","αίτηση_προσωρινής_χρήσης_οδοστρώματος_πεζοδρομίου"
"Υπάρχει πρόστιμο για ικριώματα χωρίς άδεια;","αίτηση_προσωρινής_χρήσης_οδοστρώματος_πεζοδρομίου"
"Πόσα τετραγωνικά πιάνουν τα ικριώματα στην αίτηση;","αίτηση_προσωρινής_χρήσης_οδοστρώματος_πεζοδρομίου"
"Ποιο τμήμα δίνει άδεια ικριωμάτων;","αίτηση_προσωρινής_χρήσης_οδοστρώματος_πεζοδρομίου"
"Χρειάζεται ασφαλιστήριο για τα ικριώματα;","αίτηση_προσωρινής_χρήσης_οδοστρώματος_πεζοδρομίου"
"Γίνεται ηλεκτρονική αίτηση για ικριώματα;","αίτηση_προσωρινής_χρήσης_οδοστρώματος_πεζοδρομίου"
"Πρέπει να αφήσω διάδρομο για πεζούς δίπλα στα ικριώματα;","αίτηση_προσωρινής_χρήσης_οδοστρώματος_πεζοδρομίου"
"Τα ικριώματα εμποδίζουν τη διέλευση, τι κάνω;","αίτηση_προσωρινής_χρήσης_οδοστρώματος_πεζοδρομίου"
"Ζητώ άδεια ικριωμάτων για ανακαίνιση πρόσοψης.","αίτηση_προσωρινής_χρήσης_οδοστρώματος_πεζοδρομίου"
"Ποιος ελέγχει την ασφάλεια των ικριωμάτων;","αίτηση_προσωρινής_χρήσης_οδοστρώματος_πεζοδρομίου"
"Πόσο πριν πρέπει να ζητήσω άδεια για ικριώματα;","αίτηση_προσωρινής_χρήσης_οδοστρώματος_πεζοδρομίου"
"Μπορεί ο εργολάβος να βγάλει την άδεια ικριωμάτων;","αίτηση_προσωρινής_χρήσης_οδοστρώματος_πεζοδρομίου"
"Χρειάζονται σήμανση τα ικριώματα τη νύχτα;","αίτηση_προσωρινής_χρήσης_οδοστρώματος_πεζοδρομίου"
"Έληξε η άδεια και τα ικριώματα είναι ακόμα εκεί.","αίτηση_προσωρινής_χρήσης_οδοστρώματος_πεζοδρομίου"
"Τι ύψος ικριωμάτων επιτρέπεται στο πεζοδρόμιο;","αίτηση_προσωρινής_χρήσης_οδοστρώματος_πεζοδρομίου"
"Πληρώνω τέλος κατάληψης για τα ικριώματα;","αίτηση_προσωρινής_χρήσης_οδοστρώματος_πεζοδρομίου"
"Πώς δηλώνω την αποξήλωση των ικριωμάτων;","αίτηση_προσωρινής_χρήσης_οδοστρώματος_πεζοδρομίου"
"Χρειάζεται άδεια για ικριώματα εντός ιδιωτικού χώρου;","αίτηση_προσωρινής_χρήσης_οδοστρώματος_πεζοδρομίου"
"Τα ικριώματα καλύπτουν την είσοδο του καταστήματος.","αίτηση_προσωρινής_χρήσης_οδοστρώματος_πεζοδρομίου"
"Ζητώ άδεια ικριωμάτων για επισκευή μπαλκονιών.","αίτηση_προσωρινής_χρήσης_οδοστρώματος_πεζοδρομίου"
"Ποια είναι η διαδικασία για ανανέωση άδειας ικριωμάτων;","αίτηση_προσωρινής_χρήσης_οδοστρώματος_πεζοδρομίου"
"Πρέπει να τοποθετήσω δίχτυ στα ικριώματα;","αίτηση_προσωρινής_χρήσης_οδοστρώματος_πεζοδρομίου"
"Πόσο κοστίζει η παράταση για τα ικριώματα;","αίτηση_προσωρινής_χρήσης_οδοστρώματος_πεζοδρομίου"
"Ο γείτονας έβαλε ικριώματα χωρίς άδεια.","αίτηση_προσωρινής_χρήσης_οδοστρώματος_πεζοδρομίου"
"Χρειάζομαι άδεια ικριωμάτων και για μονοήμερη εργασία;","αίτηση_προσωρινής_χρήσης_οδοστρώματος_πεζοδρομίου"
"Τα ικριώματα θα τοποθετηθούν σε πλατεία, αλλάζει κάτι;","αίτηση_προσωρινής_χρήσης_οδοστρώματος_πεζοδρομίου"
"Θέλω άδεια για σκαλωσιά στην πρόσοψη του κτιρίου.","αίτηση_προσωρινής_χρήσης_οδοστρώματος_πεζοδρομίου"
"Πού ζητάω κατάληψη κοινόχρηστου χώρου για εργασίες όψης;","αίτηση_προσωρινής_χρήσης_οδοστρώματος_πεζοδρομίου"
"Χρειάζομαι σκαλωσιά για να σοβατίσω την πολυκατοικία.","αίτηση_προσωρινής_χρήσης_οδοστρώματος_πεζοδρομίου"
"Πόσο κοστίζει η κατάληψη πεζοδρομίου για εργασίες πρόσοψης;","αίτηση_προσωρινής_χρήσης_οδοστρώματος_πεζοδρομίου"
"Ποιος δίνει έγκριση για σκαλωσιά σε πεζόδρομο;","αίτηση_προσωρινής_χρήσης_οδοστρώματος_πεζοδρομίου"
"Θα βάψουμε την πρόσοψη, τι άδεια χρειάζεται;","αίτηση_προσωρινής_χρήσης_οδοστρώματος_πεζοδρομίου"
"Η σκαλωσιά θα μείνει ένα μήνα στην πλατεία.","αίτηση_προσωρινής_χρήσης_οδοστρώματος_πεζοδρομίου"
"Πρέπει να πληρώσω τέλος κατάληψης για τη σκαλωσιά;","αίτηση_προσωρινής_χρήσης_οδοστρώματος_πεζοδρομίου"
"Ποια δικαιολογητικά θέλει η κατάληψη για εργασίες όψης;","αίτηση_προσωρινής_χρήσης_οδοστρώματος_πεζοδρομίου"
"Χρειάζεται άδεια για αναστήλωση όψης σε διατηρητέο;","αίτηση_προσωρινής_χρήσης_οδοστρώματος_πεζοδρομίου"
"Η σκαλωσιά κλείνει το μισό πεζοδρόμιο.","αίτηση_προσωρινής_χρήσης_οδοστρώματος_πεζοδρομίου"
"Πόσο νωρίτερα κάνω την αίτηση κατάληψης για σκαλωσιά;","αίτηση_προσωρινής_χρήσης_οδοστρώματος_πεζοδρομίου"
"Ο εργολάβος στήνει σκαλωσιά, ποιος βγάζει την άδεια;","αίτηση_προσωρινής_χρήσης_οδοστρώματος_πεζοδρομίου"
"Υπάρχει πρόστιμο για σκαλωσιά χωρίς έγκριση;","αίτηση_προσωρινής_χρήσης_οδοστρώματος_πεζοδρομίου"
"Θέλω να παρατείνω την κατάληψη για τη σκαλωσιά.","αίτηση_προσωρινής_χρήσης_οδοστρώματος_πεζοδρομίου"
"Ποιο τμήμα εγκρίνει την κατάληψη για εργασίες στην όψη;","αίτηση_προσωρινής_χρήσης_οδοστρώματος_πεζοδρομίου"
"Πρέπει να αφήσω πέρασμα για τους πεζούς κάτω από τη σκαλωσιά;","αίτηση_προσωρινής_χρήσης_οδοστρώματος_πεζοδρομίου"
"Η σκαλωσιά χρειάζεται φωτισμό τη νύχτα;","αίτηση_προσωρινής_χρήσης_οδοστρώματος_πεζοδρομίου"
"Πόσα τετραγωνικά δηλώνω για τη σκαλωσιά στην αίτηση;","αίτηση_προσωρινής_χρήσης_οδοστρώματος_πεζοδρομίου"
"Ζητώ έγκριση για εργασίες στην όψη του κτιρίου.","αίτηση_προσωρινής_χρήσης_οδοστρώματος_πεζοδρομίου"
"Ποιος ελέγχει την ασφάλεια της σκαλωσιάς;","αίτηση_προσωρινής_χρήσης_οδοστρώματος_πεζοδρομίου"
"Η σκαλωσιά έμεινε αφού τελείωσαν οι εργασίες.","αίτηση_προσωρινής_χρήσης_οδοστρώματος_πεζοδρομίου"
"Χρειάζεται ασφάλιση για τη σκαλωσιά;","αίτηση_προσωρινής_χρήσης_οδοστρώματος_πεζοδρομίου"
"Θέλω να δηλώσω ότι αποξηλώθηκε η σκαλωσιά.","αίτηση_προσωρινής_χρήσης_οδοστρώματος_πεζοδρομίου"
"Μπορώ να κλείσω τη λωρίδα στάθμευσης για τις εργασίες όψης;","αίτηση_προσωρινής_χρήσης_οδοστρώματος_πεζοδρομίου"
"Πόσο κρατάει η έγκριση κατάληψης για σκαλωσιά;","αίτηση_προσωρινής_χρήσης_οδοστρώματος_πεζοδρομίου"
"Ο γείτονας έστησε σκαλωσιά χωρίς να ρωτήσει κανέναν.","αίτηση_προσωρινής_χρήσης_οδοστρώματος_πεζοδρομίου"
"Χρειάζεται δίχτυ προστασίας στη σκαλωσιά;","αίτηση_προσωρινής_χρήσης_οδοστρώματος_πεζοδρομίου"
"Ποιες ώρες μπορούν να γίνονται οι εργασίες στην όψη;","αίτηση_προσωρινής_χρήσης_οδοστρώματος_πεζοδρομίου"
"Θέλω να ανανεώσω την έγκριση κατάληψης για άλλον μήνα.","αίτηση_προσωρινής_χρήσης_οδοστρώματος_πεζοδρομίου"
"Η κατάληψη για τη σκαλωσιά αφορά πλατεία, ισχύουν τα ίδια;","αίτηση_προσωρινής_χρήσης_οδοστρώματος_πεζοδρομίου"
"Πόσο κοστίζει η παράταση της κατάληψης για τη σκαλωσιά;","αίτηση_προσωρινής_χρήσης_οδοστρώματος_πεζοδρομίου"
"Πρέπει να τοποθετήσω σήμανση γύρω από τη σκαλωσιά;","αίτηση_προσωρινής_χρήσης_οδοστρώματος_πεζοδρομίου"
"Ζητώ έγκριση για μονοήμερη εργασία στην πρόσοψη.","αίτηση_προσωρινής_χρήσης_οδοστρώματος_πεζοδρομίου"
"Ποιος αποφασίζει το τέλος κατάληψης για τη σκαλωσιά;","αίτηση_προσωρινής_χρήσης_οδοστρώματος_πεζοδρομίου"
"Θα βάψω την πολυκατοικία, χρειάζομαι άδεια για σκαλωσιά;","αίτηση_προσωρινής_χρήσης_οδοστρώματος_πεζοδρομίου"
"Ρε παιδιά, πόσο κοστίζει να στήσω ικριώματα;","αίτηση_προσωρινής_χρήσης_οδοστρώματος_πεζοδρομίου"
"Ο εργολάβος λέει να βγάλω εγώ την άδεια για τα ικριώματα.","αίτηση_προσωρινής_χρήσης_οδοστρώματος_πεζοδρομίου"
"Πόσες μέρες κάνει να βγει η άδεια για σκαλωσιά;","αίτηση_προσωρινής_χρήσης_οδοστρώματος_πεζοδρομίου"
"Έβαλα σκαλωσιά, θα φάω πρόστιμο;","αίτηση_προσωρινής_χρήσης_οδοστρώματος_πεζοδρομίου"
"Πού πάω για την άδεια ικριωμάτων;","αίτηση_προσωρινής_χρήσης_οδοστρώματος_πεζοδρομίου"
"Τα ικριώματα θα μείνουν λίγες μέρες, θέλει χαρτιά;","αίτηση_προσωρινής_χρήσης_οδοστρώματος_πεζοδρομίου"
"Ο γείτονας έχει σκαλωσιά μήνες και κανείς δεν λέει τίποτα.","αίτηση_προσωρινής_χρήσης_οδοστρώματος_πεζοδρομίου"
"Δεν περνάει κόσμος από τη σκαλωσιά, τι κάνουμε;","αίτηση_προσωρινής_χρήσης_οδοστρώματος_πεζοδρομίου"
"Πόσο πληρώνω για κατάληψη πεζοδρομίου με σκαλωσιά;","αίτηση_προσωρινής_χρήσης_οδοστρώματος_πεζοδρομίου"
"Θέλω να βγάλω τα ικριώματα, πρέπει να ενημερώσω;","αίτηση_προσωρινής_χρήσης_οδοστρώματος_πεζοδρομίου"
"Μου ζητάνε ασφάλεια για τη σκαλωσιά, ισχύει;","αίτηση_προσωρινής_χρήσης_οδοστρώματος_πεζοδρομίου"
"Έληξε η άδεια της σκαλωσιάς και δεν τελείωσαν οι εργασίες.","αίτηση_προσωρινής_χρήσης_οδοστρώματος_πεζοδρομίου"
"Πείτε μου τι χαρτιά θέλω για τα ικριώματα.","αίτηση_προσωρινής_χρήσης_οδοστρώματος_πεζοδρομίου"
"Η σκαλωσιά μου κλείνει τη βιτρίνα του μαγαζιού.","αίτηση_προσωρινής_χρήσης_οδοστρώματος_πεζοδρομίου"
"Μπορεί η σκαλωσιά να πιάσει και λίγο από τον δρόμο;","αίτηση_προσωρινής_χρήσης_οδοστρώματος_πεζοδρομίου"
"Πόσο θα περιμένω για την έγκριση κατάληψης της σκαλωσιάς;","αίτηση_προσωρινής_χρήσης_οδοστρώματος_πεζοδρομίου"
"Έστησαν σκαλωσιά και δεν άφησαν να περάσουμε.","αίτηση_προσωρινής_χρήσης_οδοστρώματος_πεζοδρομίου"
"Θέλω παράταση για τα ικριώματα, γίνεται;","αίτηση_προσωρινής_χρήσης_οδοστρώματος_πεζοδρομίου"
"Ποιον ρωτάω για την κατάληψη πεζοδρομίου με ικριώματα;","αίτηση_προσωρινής_χρήσης_οδοστρώματος_πεζοδρομίου"
"Είναι επικίνδυνη η σκαλωσιά, κουνιέται.","αίτηση_προσωρινής_χρήσης_οδοστρώματος_πεζοδρομίου"
"Θα σοβατίσουμε την πρόσοψη, τι άδεια χρειάζεται;","αίτηση_προσωρινής_χρήσης_οδοστρώματος_πεζοδρομίου"
"Πόσο κάνει η άδεια για μια βδομάδα ικριώματα;","αίτηση_προσωρινής_χρήσης_οδοστρώματος_πεζοδρομίου"
"Μας έκλεισαν την είσοδο με τη σκαλωσιά.","αίτηση_προσωρινής_χρήσης_οδοστρώματος_πεζοδρομίου"
"Ο μάστορας θέλει να στήσει σκαλωσιά αύριο, προλαβαίνω άδεια;","αίτηση_προσωρινής_χρήσης_οδοστρώματος_πεζοδρομίου"
"Έβγαλα άδεια για ικριώματα αλλά θέλω κι άλλες μέρες.","αίτηση_προσωρινής_χρήσης_οδοστρώματος_πεζοδρομίου"
"Ποιος ελέγχει αν η σκαλωσιά είναι ασφαλής;","αίτηση_προσωρινής_χρήσης_οδοστρώματος_πεζοδρομίου"
"Άφησαν τα ικριώματα και εξαφανίστηκαν.","αίτηση_προσωρινής_χρήσης_οδοστρώματος_πεζοδρομίου"
"Χρειάζεται δίχτυ πάνω στη σκαλωσιά;","αίτηση_προσωρινής_χρήσης_οδοστρώματος_πεζοδρομίου"
"Πόσο τέλος πληρώνω για σκαλωσιά στην πλατεία;","αίτηση_προσωρινής_χρήσης_οδοστρώματος_πεζοδρομίου"
"Θέλω άδεια για τοποθέτηση κάδου μπάζων στο οδόστρωμα.","άδεια_κάδου_οικοδομικών_υπολειμμάτων"
"Πού κάνω αίτηση για κάδο οικοδομικών υπολειμμάτων;","άδεια_κάδου_οικοδομικών_υπολειμμάτων"
"Ποια δικαιολογητικά χρειάζονται για κάδο μπάζων;","άδεια_κάδου_οικοδομικών_υπολειμμάτων"
"Πόσο κοστίζει η άδεια για κάδο μπάζων στον δρόμο;","άδεια_κάδου_οικοδομικών_υπολειμμάτων"
"Πόσες μέρες μπορεί να μείνει ο κάδος με τα μπάζα;","άδεια_κάδου_οικοδομικών_υπολειμμάτων"
"Μπορώ να βάλω κάδο μπάζων μπροστά στην πολυκατοικία;","άδεια_κάδου_οικοδομικών_υπολειμμάτων"
"Ποιος εγκρίνει την τοποθέτηση κάδου μπάζων σε οδόστρωμα;","άδεια_κάδου_οικοδομικών_υπολειμμάτων"
"Θέλω παράταση για τον κάδο των μπάζων.","άδεια_κάδου_οικοδομικών_υπολειμμάτων"
"Υπάρχει πρόστιμο για κάδο μπάζων χωρίς άδεια;","άδεια_κάδου_οικοδομικών_υπολειμμάτων"
"Ο κάδος με τα οικοδομικά υλικά θα πιάσει μία θέση στάθμευσης.","άδεια_κάδου_οικοδομικών_υπολειμμάτων"
"Ποιο τμήμα δίνει άδεια για κάδο οικοδομικών υλικών;","άδεια_κάδου_οικοδομικών_υπολειμμάτων"
"Χρειάζεται σήμανση ο κάδος μπάζων τη νύχτα;","άδεια_κάδου_οικοδομικών_υπολειμμάτων"
"Γίνεται ηλεκτρονική αίτηση για κάδο μπάζων;","άδεια_κάδου_οικοδομικών_υπολειμμάτων"
"Πόσο πριν πρέπει να ζητήσω άδεια για τον κάδο των μπάζων;","άδεια_κάδου_οικοδομικών_υπολειμμάτων"
"Ο κάδος με τα μπάζα εμποδίζει την κυκλοφορία.","άδεια_κάδου_οικοδομικών_υπολειμμάτων"
"Μπορεί η εταιρεία μεταφοράς να βγάλει την άδεια κάδου;","άδεια_κάδου_οικοδομικών_υπολειμμάτων"
"Ζητώ άδεια κάδου μπάζων για ανακαίνιση διαμερίσματος.","άδεια_κάδου_οικοδομικών_υπολειμμάτων"
"Πόσο τέλος πληρώνω για τον κάδο ανά ημέρα;","άδεια_κάδου_οικοδομικών_υπολειμμάτων"
"Ο κάδος με τα μπάζα έμεινε μετά το τέλος των εργασιών.","άδεια_κάδου_οικοδομικών_υπολειμμάτων"
"Χρειάζομαι άδεια για κάδο οικοδομικών υλικών σε πεζόδρομο;","άδεια_κάδου_οικοδομικών_υπολειμμάτων"
"Ποιος ελέγχει αν ο κάδος μπάζων είναι σωστά τοποθετημένος;","άδεια_κάδου_οικοδομικών_υπολειμμάτων"
"Πώς δηλώνω την απομάκρυνση του κάδου με τα μπάζα;","άδεια_κάδου_οικοδομικών_υπολειμμάτων"
"Ο γείτονας έβαλε κάδο μπάζων χωρίς άδεια στον δρόμο.","άδεια_κάδου_οικοδομικών_υπολειμμάτων"
"Τι μέγεθος κάδου μπάζων επιτρέπεται στο οδόστρωμα;","άδεια_κάδου_οικοδομικών_υπολειμμάτων"
"Χρειάζεται ασφάλιση για τον κάδο των οικοδομικών υλικών;","άδεια_κάδου_οικοδομικών_υπολειμμάτων"
"Ο κάδος με τα μπάζα ξεχειλίζει, ποιος τον αδειάζει;","άδεια_κάδου_οικοδομικών_υπολειμμάτων"
"Μπορώ να αλλάξω θέση στον κάδο μπάζων μετά την άδεια;","άδεια_κάδου_οικοδομικών_υπολειμμάτων"
"Πόσο διαρκεί η έγκριση για τον κάδο οικοδομικών υπολειμμάτων;","άδεια_κάδου_οικοδομικών_υπολειμμάτων"
"Ζητώ ανανέωση της άδειας κάδου για άλλη μια εβδομάδα.","άδεια_κάδου_οικοδομικών_υπολειμμάτων"
"Ο κάδος με τα μπάζα πρέπει να είναι σκεπασμένος;","άδεια_κάδου_οικοδομικών_υπολειμμάτων"
"Ποιος ευθύνεται αν ο κάδος μπάζων χαλάσει την άσφαλτο;","άδεια_κάδου_οικοδομικών_υπολειμμάτων"
"Χρειάζομαι άδεια κάδου μπάζων και για μία μέρα;","άδεια_κάδου_οικοδομικών_υπολειμμάτων"
"Ο κάδος οικοδομικών υλικών θα μπει σε στενό δρόμο, γίνεται;","άδεια_κάδου_οικοδομικών_υπολειμμάτων"
"Πληρώνω τέλος κατάληψης για τον κάδο των μπάζων;","άδεια_κάδου_οικοδομικών_υπολειμμάτων"
"Πώς ζητάω άδεια κάδου μπάζων για κατεδάφιση;","άδεια_κάδου_οικοδομικών_υπολειμμάτων"
"Θέλω να αφήσω μπάζα στον δρόμο κατά την ανακαίνιση.","άδεια_κάδου_οικοδομικών_υπολειμμάτων"
"Πού ζητάω άδεια για οικοδομικά υπολείμματα στο οδόστρωμα;","άδεια_κάδου_οικοδομικών_υπολειμμάτων"
"Πόσο κοστίζει να πιάσω θέση στάθμευσης για τα μπάζα;","άδεια_κάδου_οικοδομικών_υπολειμμάτων"
"Ποιος εγκρίνει την κατάληψη οδοστρώματος για μπάζα ανακαίνισης;","άδεια_κάδου_οικοδομικών_υπολειμμάτων"
"Τα μπάζα θα μείνουν τρεις μέρες στον δρόμο.","άδεια_κάδου_οικοδομικών_υπολειμμάτων"
"Χρειάζεται έγκριση για κοντέινερ οικοδομικών υλικών;","άδεια_κάδου_οικοδομικών_υπολειμμάτων"
"Ποια δικαιολογητικά θέλει η κατάληψη οδοστρώματος για μπάζα;","άδεια_κάδου_οικοδομικών_υπολειμμάτων"
"Το φορτηγό θα αφήσει τα μπάζα μπροστά στην είσοδο.","άδεια_κάδου_οικοδομικών_υπολειμμάτων"
"Πόσο τέλος πληρώνω για κατάληψη του δρόμου με μπάζα;","άδεια_κάδου_οικοδομικών_υπολειμμάτων"
"Υπάρχει πρόστιμο για μπάζα στον δρόμο χωρίς άδεια;","άδεια_κάδου_οικοδομικών_υπολειμμάτων"
"Ποιο τμήμα δίνει έγκριση για κατάληψη οδοστρώματος με μπάζα;","άδεια_κάδου_οικοδομικών_υπολειμμάτων"
"Χρειάζεται σήμανση γύρω από τα οικοδομικά υλικά;","άδεια_κάδου_οικοδομικών_υπολειμμάτων"
"Θέλω παράταση για την κατάληψη του δρόμου με τα μπάζα.","άδεια_κάδου_οικοδομικών_υπολειμμάτων"
"Ο εργολάβος ζητάει έγγραφο για τα μπάζα της ανακαίνισης.","άδεια_κάδου_οικοδομικών_υπολειμμάτων"
"Μπορώ να κλείσω μία θέση στάθμευσης για τα μπάζα;","άδεια_κάδου_οικοδομικών_υπολειμμάτων"
"Πόσο νωρίτερα κάνω την αίτηση για τα οικοδομικά υπολείμματα;","άδεια_κάδου_οικοδομικών_υπολειμμάτων"
"Τα οικοδομικά υπολείμματα εμποδίζουν τη διέλευση.","άδεια_κάδου_οικοδομικών_υπολειμμάτων"
"Ποιος μαζεύει τα μπάζα όταν τελειώσουν οι εργασίες;","άδεια_κάδου_οικοδομικών_υπολειμμάτων"
"Γίνεται ηλεκτρονικά η αίτηση κατάληψης οδοστρώματος για μπάζα;","άδεια_κάδου_οικοδομικών_υπολειμμάτων"
"Χρειάζεται ασφάλιση για την κατάληψη του δρόμου με μπάζα;","άδεια_κάδου_οικοδομικών_υπολειμμάτων"
"Το κοντέινερ με τα μπάζα θα μπει σε στενό δρόμο, επιτρέπεται;","άδεια_κάδου_οικοδομικών_υπολειμμάτων"
"Πώς δηλώνω ότι απομακρύνθηκαν τα οικοδομικά υλικά;","άδεια_κάδου_οικοδομικών_υπολειμμάτων"
"Ο γείτονας άφησε μπάζα στον δρόμο χωρίς έγκριση.","άδεια_κάδου_οικοδομικών_υπολειμμάτων"
"Πόσο διαρκεί η έγκριση κατάληψης οδοστρώματος για μπάζα;","άδεια_κάδου_οικοδομικών_υπολειμμάτων"
"Ζητώ ανανέωση της έγκρισης για τα μπάζα άλλη μια εβδομάδα.","άδεια_κάδου_οικοδομικών_υπολειμμάτων"
"Πρέπει να είναι σκεπασμένα τα οικοδομικά υπολείμματα;","άδεια_κάδου_οικοδομικών_υπολειμμάτων"
"Ποιος ευθύνεται αν καταστραφεί η άσφαλτος από τα μπάζα;","άδεια_κάδου_οικοδομικών_υπολειμμάτων"
"Χρειάζομαι έγκριση για τα μπάζα ακόμα και για μία ημέρα;","άδεια_κάδου_οικοδομικών_υπολειμμάτων"
"Πληρώνω τέλος κατάληψης για τα μπάζα της ανακαίνισης;","άδεια_κάδου_οικοδομικών_υπολειμμάτων"
"Ποιος ελέγχει τη σωστή τοποθέτηση των οικοδομικών υλικών;","άδεια_κάδου_οικοδομικών_υπολειμμάτων"
"Θέλω να μεταφέρω τα μπάζα σε άλλη θέση στον δρόμο.","άδεια_κάδου_οικοδομικών_υπολειμμάτων"
"Η κατεδάφιση θα βγάλει πολλά μπάζα, τι άδεια χρειάζομαι;","άδεια_κάδου_οικοδομικών_υπολειμμάτων"
"Πόσο κοστίζει η παράταση της κατάληψης για τα μπάζα;","άδεια_κάδου_οικοδομικών_υπολειμμάτων"
"Τα μπάζα ξεχειλίζουν και πέφτουν στον δρόμο.","άδεια_κάδου_οικοδομικών_υπολειμμάτων"
"Ποιες ώρες επιτρέπεται η φόρτωση των οικοδομικών υλικών;","άδεια_κάδου_οικοδομικών_υπολειμμάτων"
"Ρε παιδιά, θέλω να βάλω κάδο για μπάζα, τι κάνω;","άδεια_κάδου_οικοδομικών_υπολειμμάτων"
"Πόσο κοστίζει ο κάδος μπάζων στον δρόμο για μια βδομάδα;","άδεια_κάδου_οικοδομικών_υπολειμμάτων"
"Κάνω ανακαίνιση, πού βάζω τα μπάζα;","άδεια_κάδου_οικοδομικών_υπολειμμάτων"
"Θα φάω πρόστιμο αν αφήσω τον κάδο μπάζων χωρίς χαρτί;","άδεια_κάδου_οικοδομικών_υπολειμμάτων"
"Ο εργολάβος λέει να βγάλω εγώ την άδεια για τον κάδο μπάζων.","άδεια_κάδου_οικοδομικών_υπολειμμάτων"
"Πόσο κάνει να βγει η άδεια για τον κάδο των μπάζων;","άδεια_κάδου_οικοδομικών_υπολειμμάτων"
"Ο γείτονας έχει κάδο με μπάζα μήνες και κανείς δεν λέει τίποτα.","άδεια_κάδου_οικοδομικών_υπολειμμάτων"
"Μου πήρε ο κάδος με τα μπάζα τη θέση παρκαρίσματος.","άδεια_κάδου_οικοδομικών_υπολειμμάτων"
"Πού πάω για την άδεια του κάδου μπάζων;","άδεια_κάδου_οικοδομικών_υπολειμμάτων"
"Τα μπάζα ξεχύθηκαν στον δρόμο, ποιος τα μαζεύει;","άδεια_κάδου_οικοδομικών_υπολειμμάτων"
"Θέλω τον κάδο μπάζων δύο μέρες μόνο, θέλει άδεια;","άδεια_κάδου_οικοδομικών_υπολειμμάτων"
"Πείτε μου τι χαρτιά χρειάζεται ο κάδος με τα μπάζα.","άδεια_κάδου_οικοδομικών_υπολειμμάτων"
"Έληξε η άδεια και ο κάδος μπάζων είναι ακόμα εκεί.","άδεια_κάδου_οικοδομικών_υπολειμμάτων"
"Μπορώ να βάλω τον κάδο με τα μπάζα πιο μπροστά;","άδεια_κάδου_οικοδομικών_υπολειμμάτων"
"Πόσο θα περιμένω για την έγκριση του κάδου μπάζων;","άδεια_κάδου_οικοδομικών_υπολειμμάτων"
"Ο κάδος με τα μπάζα κλείνει τον μισό δρόμο.","άδεια_κάδου_οικοδομικών_υπολειμμάτων"
"Θέλω παράταση για τον κάδο μπάζων, γίνεται;","άδεια_κάδου_οικοδομικών_υπολειμμάτων"
"Ποιον ρωτάω για τα μπάζα στον δρόμο;","άδεια_κάδου_οικοδομικών_υπολειμμάτων"
"Άφησαν τον κάδο με τα μπάζα και εξαφανίστηκαν.","άδεια_κάδου_οικοδομικών_υπολειμμάτων"
"Χρειάζεται φανάρι πάνω στον κάδο μπάζων τη νύχτα;","άδεια_κάδου_οικοδομικών_υπολειμμάτων"
"Θα κατεδαφίσω τοίχο, χρειάζομαι κάδο μπάζων και άδεια.","άδεια_κάδου_οικοδομικών_υπολειμμάτων"
"Πόσο πληρώνω για κατάληψη με τον κάδο των μπάζων;","άδεια_κάδου_οικοδομικών_υπολειμμάτων"
"Ο κάδος μπάζων χάλασε την άσφαλτο, ποιος πληρώνει;","άδεια_κάδου_οικοδομικών_υπολειμμάτων"
"Μπορεί να έρθει το φορτηγό να πάρει τον κάδο με τα μπάζα;","άδεια_κάδου_οικοδομικών_υπολειμμάτων"
"Δεν χωράει ο κάδος μπάζων στο στενό μας.","άδεια_κάδου_οικοδομικών_υπολειμμάτων"
"Έβαλα κάδο μπάζων χωρίς να ξέρω ότι θέλει άδεια.","άδεια_κάδου_οικοδομικών_υπολειμμάτων"
"Ποιος ελέγχει αν ο κάδος με τα μπάζα μπήκε σωστά;","άδεια_κάδου_οικοδομικών_υπολειμμάτων"
"Θέλω να αλλάξω μέρα για τον κάδο των μπάζων.","άδεια_κάδου_οικοδομικών_υπολειμμάτων"
"Πόσο κάνει η παράταση για τον κάδο μπάζων;","άδεια_κάδου_οικοδομικών_υπολειμμάτων"
"Μαζέψτε τον κάδο με τα μπάζα, τελείωσαν οι εργασίες.","άδεια_κάδου_οικοδομικών_υπολειμμάτων"
"Θέλω να αλλάξω τα στοιχεία του παιδιού μου στο δημοτολόγιο.","δημοτολόγιο"
"Πώς γίνεται εγγραφή τέκνου στα δημοτολόγια;","δημοτολόγιο"
"Ποια δικαιολογητικά χρειάζονται για μεταβολή στο δημοτολόγιο;","δημοτολόγιο"
"Πού δηλώνω υιοθεσία στο δημοτολόγιο;","δημοτολόγιο"
"Γίνεται η αλλαγή στο δημοτολόγιο με κωδικούς TAXISnet;","δημοτολόγιο"
"Θέλω να προσθέσω πατρώνυμο στο δημοτολόγιο.","δημοτολόγιο"
"Πόσο καιρό παίρνει η εγγραφή στο δημοτολόγιο;","δημοτολόγιο"
"Ποιος ενημερώνει το δημοτολόγιο μετά την αναγνώριση τέκνου;","δημοτολόγιο"
"Χρειάζομαι πιστοποιητικό για την εγγραφή στο δημοτολόγιο;","δημοτολόγιο"
"Το παιδί δεν έχει εγγραφεί στο δημοτολόγιο ακόμα.","δημοτολόγιο"
"Πώς διορθώνω λάθος επώνυμο στο δημοτολόγιο;","δημοτολόγιο"
"Μπορώ να κάνω την αίτηση στο δημοτολόγιο ηλεκτρονικά;","δημοτολόγιο"
"Ποιο τμήμα κρατάει το δημοτολόγιο του Δήμου Ηρακλείου;","δημοτολόγιο"
"Μετά την υιοθεσία τι αλλάζει στο δημοτολόγιο;","δημοτολόγιο"
"Θέλω πρόσληψη επωνύμου και ενημέρωση του δημοτολογίου.","δημοτολόγιο"
"Χρειάζεται παρουσία και των δύο γονέων στο δημοτολόγιο;","δημοτολόγιο"
"Πόσο κοστίζει η μεταβολή στο δημοτολόγιο;","δημοτολόγιο"
"Έκανα αίτηση στο δημοτολόγιο και δεν έχω απάντηση.","δημοτολόγιο"
"Το δημοτολόγιο έχει λάθος ημερομηνία γέννησης.","δημοτολόγιο"
"Ποιος υπογράφει την αίτηση στο δημοτολόγιο για ανήλικο;","δημοτολόγιο"
"Πώς εγγράφεται στο δημοτολόγιο παιδί που γεννήθηκε στο εξωτερικό;","δημοτολόγιο"
"Χρειάζεται ληξιαρχική πράξη για το δημοτολόγιο;","δημοτολόγιο"
"Θέλω αντίγραφο της εγγραφής μου στο δημοτολόγιο.","δημοτολόγιο"
"Πότε ενημερώνεται το δημοτολόγιο μετά τη δήλωση;","δημοτολόγιο"
"Μπορεί ο δικηγόρος να κάνει την αίτηση στο δημοτολόγιο;","δημοτολόγιο"
"Ποια είναι η διαδικασία μεταβολής στοιχείων στο δημοτολόγιο;","δημοτολόγιο"
"Το δημοτολόγιο δεν δείχνει το νέο επώνυμο του παιδιού.","δημοτολόγιο"
"Χρειάζομαι κωδικούς TAXISnet για το δημοτολόγιο;","δημοτολόγιο"
"Πώς δηλώνεται η αναγνώριση τέκνου στο δημοτολόγιο;","δημοτολόγιο"
"Ποια στοιχεία μπορούν να μεταβληθούν στο δημοτολόγιο;","δημοτολόγιο"
"Το παιδί είναι γραμμένο σε άλλο δημοτολόγιο, τι κάνω;","δημοτολόγιο"
"Ζητώ διόρθωση πατρωνύμου στο δημοτολόγιο.","δημοτολόγιο"
"Υπάρχει προθεσμία για την εγγραφή στο δημοτολόγιο;","δημοτολόγιο"
"Ποιος ελέγχει τα δικαιολογητικά για το δημοτολόγιο;","δημοτολόγιο"
"Θέλω να ενημερωθεί το δημοτολόγιο μετά από δικαστική απόφαση.","δημοτολόγιο"
"Θέλω να αλλάξω το επώνυμο του παιδιού μου μετά την υιοθεσία.","δημοτολόγιο"
"Πώς δηλώνεται η αναγνώριση τέκνου στον Δήμο;","δημοτολόγιο"
"Ποια δικαιολογητικά χρειάζονται για πρόσληψη επωνύμου;","δημοτολόγιο"
"Το παιδί πήρε το επώνυμο του πατέρα, πού το δηλώνω;","δημοτολόγιο"
"Χρειάζομαι κωδικούς TAXISnet για την αίτηση του τέκνου;","δημοτολόγιο"
"Μετά την υιοθεσία ποια στοιχεία του τέκνου αλλάζουν;","δημοτολόγιο"
"Πώς προσθέτω πατρώνυμο στο ανήλικο τέκνο;","δημοτολόγιο"
"Ποιο τμήμα καταχωρεί τη μεταβολή στοιχείων τέκνου;","δημοτολόγιο"
"Χρειάζεται δικαστική απόφαση για την αλλαγή επωνύμου του παιδιού;","δημοτολόγιο"
"Πόσο καιρό παίρνει η καταχώρηση της μεταβολής στοιχείων τέκνου;","δημοτολόγιο"
"Έγινε αναγνώριση από συμβολαιογράφο, τι ακολουθεί για το τέκνο;","δημοτολόγιο"
"Το επώνυμο του παιδιού γράφτηκε λάθος κατά τη γέννηση.","δημοτολόγιο"
"Μπορώ να υποβάλω ηλεκτρονικά την αίτηση για το επώνυμο του τέκνου;","δημοτολόγιο"
"Ποιος γονέας πρέπει να παραστεί για τη μεταβολή;","δημοτολόγιο"
"Χρειάζεται ληξιαρχική πράξη γέννησης για την αίτηση του τέκνου;","δημοτολόγιο"
"Το παιδί γεννήθηκε στο εξωτερικό, πώς καταχωρείται;","δημοτολόγιο"
"Πόσο κοστίζει η καταχώρηση της μεταβολής στοιχείων του τέκνου;","δημοτολόγιο"
"Ζητώ διόρθωση πατρωνύμου στα στοιχεία του παιδιού.","δημοτολόγιο"
"Ποια είναι η διαδικασία μετά την τελεσίδικη απόφαση υιοθεσίας;","δημοτολόγιο"
"Μπορεί ο δικηγόρος να καταθέσει τα δικαιολογητικά του τέκνου;","δημοτολόγιο"
"Χρειάζεται μετάφραση ξενόγλωσσων εγγράφων για την αναγνώριση τέκνου;","δημοτολόγιο"
"Υπάρχει προθεσμία μετά την υιοθεσία;","δημοτολόγιο"
"Πώς ενημερώνεται η αστυνομία για το νέο επώνυμο του παιδιού;","δημοτολόγιο"
"Το πιστοποιητικό του παιδιού εκδίδεται με τα νέα στοιχεία;","δημοτολόγιο"
"Ποιος ελέγχει τα δικαιολογητικά της μεταβολής;","δημοτολόγιο"
"Χρειάζεται υπεύθυνη δήλωση και από τους δύο γονείς;","δημοτολόγιο"
"Έκανα αίτηση και δεν ενημερώθηκαν τα στοιχεία του τέκνου ακόμα.","δημοτολόγιο"
"Πώς αλλάζει το μητρώο μετά την αναγνώριση τέκνου;","δημοτολόγιο"
"Το παιδί είναι εγγεγραμμένο σε άλλον δήμο.","δημοτολόγιο"
"Ποια στοιχεία του τέκνου μπορούν να διορθωθούν με αίτηση;","δημοτολόγιο"
"Χρειάζεται παράβολο για τη μεταβολή στοιχείων του τέκνου;","δημοτολόγιο"
"Μετά την πρόσληψη επωνύμου εκδίδεται νέα ταυτότητα;","δημοτολόγιο"
"Ζητώ αντίγραφο με τα ενημερωμένα στοιχεία του παιδιού.","δημοτολόγιο"
"Ποιος υπογράφει για λογαριασμό ανηλίκου;","δημοτολόγιο"
"Πότε ολοκληρώνεται η καταχώρηση της αλλαγής επωνύμου;","δημοτολόγιο"
"Θέλω να βάλω το επώνυμο του πατέρα στο παιδί, τι κάνω;","δημοτολόγιο"
"Ρε παιδιά, πώς γράφω το παιδί στο δημοτολόγιο;","δημοτολόγιο"
"Πήραμε την υιοθεσία, τώρα τι χαρτιά θέλει;","δημοτολόγιο"
"Γράψανε λάθος το όνομα του μικρού, πώς διορθώνεται;","δημοτολόγιο"
"Χρειάζομαι κωδικούς TAXISnet ή πάω από κοντά για το τέκνο;","δημοτολόγιο"
"Πόσο θα κάτσω να περιμένω για το δημοτολόγιο;","δημοτολόγιο"
"Ο δικηγόρος λέει να δηλώσω την αναγνώριση στον Δήμο.","δημοτολόγιο"
"Το παιδί γεννήθηκε στη Γερμανία, πώς το γράφω εδώ;","δημοτολόγιο"
"Πού πάω για την αλλαγή επωνύμου του παιδιού;","δημοτολόγιο"
"Πρέπει να έρθουμε και οι δύο γονείς;","δημοτολόγιο"
"Έκανα αίτηση για το τέκνο και ακόμα δεν άλλαξε τίποτα.","δημοτολόγιο"
"Πείτε μου τι χαρτιά θέλει η αναγνώριση τέκνου.","δημοτολόγιο"
"Το δημοτολόγιο έχει ακόμα το παλιό επώνυμο.","δημοτολόγιο"
"Θέλει παράβολο η αλλαγή στο δημοτολόγιο;","δημοτολόγιο"
"Μπορεί να το κάνει μόνο η μητέρα του παιδιού;","δημοτολόγιο"
"Ο μικρός δεν είναι γραμμένος στο δημοτολόγιο ακόμα.","δημοτολόγιο"
"Πόσο κάνει όλη αυτή η διαδικασία για το τέκνο;","δημοτολόγιο"
"Είμαστε γραμμένοι σε άλλο δημοτολόγιο, αλλάζει κάτι;","δημοτολόγιο"
"Θέλω να προσθέσω πατρώνυμο στον μικρό, πού πάω;","δημοτολόγιο"
"Μας ζητάνε μετάφραση για τα χαρτιά του παιδιού.","δημοτολόγιο"
"Πότε θα ενημερωθεί το δημοτολόγιο επιτέλους;","δημοτολόγιο"
"Έχω δικαστική απόφαση για το τέκνο, τι κάνω τώρα;","δημοτολόγιο"
"Ποιος υπογράφει τα χαρτιά για το ανήλικο;","δημοτολόγιο"
"Γίνεται όλο online η εγγραφή στο δημοτολόγιο;","δημοτολόγιο"
"Βαρέθηκα να τρέχω για μια αλλαγή επωνύμου.","δημοτολόγιο"
"Το παιδί έχει άλλο επώνυμο στο σχολείο και άλλο στα χαρτιά.","δημοτολόγιο"
"Μου είπαν ότι θέλει ληξιαρχική πράξη για το δημοτολόγιο, ισχύει;","δημοτολόγιο"
"Πόσες μέρες κάνει να μπει ο μικρός στο δημοτολόγιο;","δημοτολόγιο"
"Ήρθα για τη μεταβολή του τέκνου και μου είπαν ότι λείπει χαρτί.","δημοτολόγιο"
"Θέλω απλά να διορθωθεί το πατρώνυμο του μικρού.","δημοτολόγιο"
"Θέλω βεβαίωση μόνιμης κατοικίας από τον Δήμο Ηρακλείου.","βεβαίωση_κατοικίας"
"Πού κάνω αίτηση για βεβαίωση κατοικίας;","βεβαίωση_κατοικίας"
"Ποια δικαιολογητικά χρειάζονται για βεβαίωση μόνιμης κατοικίας;","βεβαίωση_κατοικίας"
"Πόσο κοστίζει η βεβαίωση κατοικίας;","βεβαίωση_κατοικίας"
"Πόσο καιρό παίρνει η έκδοση βεβαίωσης μόνιμης κατοικίας;","βεβαίωση_κατοικίας"
"Χρειάζομαι βεβαίωση κατοικίας για το πανεπιστήμιο.","βεβαίωση_κατοικίας"
"Γίνεται ηλεκτρονικά η βεβαίωση μόνιμης κατοικίας;","βεβαίωση_κατοικίας"
"Ποιο τμήμα εκδίδει τη βεβαίωση κατοικίας;","βεβαίωση_κατοικίας"
"Η βεβαίωση κατοικίας ισχύει για πόσο διάστημα;","βεβαίωση_κατοικίας"
"Θέλω βεβαίωση μόνιμης κατοικίας για μετάθεση.","βεβαίωση_κατοικίας"
"Μπορεί άλλος να παραλάβει τη βεβαίωση κατοικίας για μένα;","βεβαίωση_κατοικίας"
"Χρειάζεται εκκαθαριστικό για τη βεβαίωση κατοικίας;","βεβαίωση_κατοικίας"
"Είμαι δημότης άλλου δήμου αλλά κατοικώ εδώ, δικαιούμαι βεβαίωση;","βεβαίωση_κατοικίας"
"Πώς αποδεικνύω τη μόνιμη κατοικία μου;","βεβαίωση_κατοικίας"
"Η βεβαίωση κατοικίας χρειάζεται για την εφορία.","βεβαίωση_κατοικίας"
"Ζητώ βεβαίωση μόνιμης κατοικίας για εγγραφή στο σχολείο.","βεβαίωση_κατοικίας"
"Ποιος υπογράφει τη βεβαίωση κατοικίας;","βεβαίωση_κατοικίας"
"Χρειάζεται υπεύθυνη δήλωση για τη βεβαίωση κατοικίας;","βεβαίωση_κατοικίας"
"Έχω μισθωτήριο, αρκεί για τη βεβαίωση κατοικίας;","βεβαίωση_κατοικίας"
"Μπορώ να ζητήσω βεβαίωση κατοικίας μέσω ΚΕΠ;","βεβαίωση_κατοικίας"
"Η βεβαίωση μόνιμης κατοικίας εκδίδεται αυθημερόν;","βεβαίωση_κατοικίας"
"Τι διαφορά έχει η βεβαίωση κατοικίας από την εντοπιότητα;","βεβαίωση_κατοικίας"
"Θέλω βεβαίωση κατοικίας για στρατολογικούς λόγους.","βεβαίωση_κατοικίας"
"Πόσα αντίγραφα βεβαίωσης κατοικίας μπορώ να πάρω;","βεβαίωση_κατοικίας"
"Χρειάζεται λογαριασμός ΔΕΗ για τη βεβαίωση κατοικίας;","βεβαίωση_κατοικίας"
"Η βεβαίωση κατοικίας αφορά μόνο δημότες Ηρακλείου;","βεβαίωση_κατοικίας"
"Έκανα αίτηση για βεβαίωση κατοικίας και δεν ήρθε ακόμα.","βεβαίωση_κατοικίας"
"Ποια στοιχεία αναγράφει η βεβαίωση μόνιμης κατοικίας;","βεβαίωση_κατοικίας"
"Χρειάζομαι βεβαίωση κατοικίας για τα ΚΕΠ Υγείας.","βεβαίωση_κατοικίας"
"Μπορώ να πάρω βεβαίωση κατοικίας αν νοικιάζω σπίτι;","βεβαίωση_κατοικίας"
"Η βεβαίωση κατοικίας χρειάζεται για τα δημοτικά τέλη;","βεβαίωση_κατοικίας"
"Ζητώ βεβαίωση κατοικίας για δικαστική χρήση.","βεβαίωση_κατοικίας"
"Πώς παραλαμβάνω τη βεβαίωση μόνιμης κατοικίας ταχυδρομικώς;","βεβαίωση_κατοικίας"
"Χρειάζεται αυτοπρόσωπη παρουσία για τη βεβαίωση κατοικίας;","βεβαίωση_κατοικίας"
"Η βεβαίωση κατοικίας απαιτεί διετή διαμονή στον δήμο;","βεβαίωση_κατοικίας"
"Πώς αποδεικνύω ότι μένω μόνιμα στο Ηράκλειο;","βεβαίωση_κατοικίας"
"Χρειάζομαι έγγραφο που να δείχνει πού διαμένω.","βεβαίωση_κατοικίας"
"Ποια δικαιολογητικά θέλει η δήλωση μόνιμης διαμονής;","βεβαίωση_κατοικίας"
"Το πανεπιστήμιο ζητάει χαρτί για τη διεύθυνσή μου.","βεβαίωση_κατοικίας"
"Αρκεί ο λογαριασμός ΔΕΗ ως αποδεικτικό διαμονής;","βεβαίωση_κατοικίας"
"Πόσο κοστίζει το έγγραφο που βεβαιώνει πού μένω;","βεβαίωση_κατοικίας"
"Μένω με ενοίκιο, μπορώ να πάρω βεβαίωση διαμονής;","βεβαίωση_κατοικίας"
"Πού απευθύνομαι για αποδεικτικό διεύθυνσης;","βεβαίωση_κατοικίας"
"Χρειάζεται εκκαθαριστικό της εφορίας για τη διαμονή;","βεβαίωση_κατοικίας"
"Πόσο καιρό παίρνει η έκδοση της βεβαίωσης διαμονής;","βεβαίωση_κατοικίας"
"Το μισθωτήριο αρκεί ως απόδειξη διαμονής;","βεβαίωση_κατοικίας"
"Ποιο τμήμα εκδίδει τη βεβαίωση διαμονής;","βεβαίωση_κατοικίας"
"Γίνεται ηλεκτρονικά η αίτηση για βεβαίωση διαμονής;","βεβαίωση_κατοικίας"
"Χρειάζεται υπεύθυνη δήλωση για τη διαμονή μου;","βεβαίωση_κατοικίας"
"Είμαι δημότης αλλού αλλά μένω εδώ χρόνια.","βεβαίωση_κατοικίας"
"Μπορεί συγγενής να παραλάβει τη βεβαίωση διαμονής;","βεβαίωση_κατοικίας"
"Χρειάζομαι βεβαίωση διαμονής για τη μετάθεσή μου.","βεβαίωση_κατοικίας"
"Πόσο ισχύει η βεβαίωση διαμονής;","βεβαίωση_κατοικίας"
"Χρειάζομαι βεβαίωση διαμονής για εγγραφή του παιδιού στο σχολείο.","βεβαίωση_κατοικίας"
"Ποιος υπογράφει τη βεβαίωση διαμονής;","βεβαίωση_κατοικίας"
"Απαιτείται διετής διαμονή στον δήμο;","βεβαίωση_κατοικίας"
"Έκανα αίτηση για βεβαίωση διαμονής και δεν έχω πάρει τίποτα.","βεβαίωση_κατοικίας"
"Χρειάζομαι βεβαίωση διαμονής για τη στρατολογία.","βεβαίωση_κατοικίας"
"Μπορώ να ζητήσω τη βεβαίωση διαμονής μέσω ΚΕΠ;","βεβαίωση_κατοικίας"
"Χρειάζεται αυτοπρόσωπη παρουσία για τη βεβαίωση διαμονής;","βεβαίωση_κατοικίας"
"Πόσα αντίγραφα της βεβαίωσης διαμονής μπορώ να πάρω;","βεβαίωση_κατοικίας"
"Χρειάζομαι βεβαίωση διαμονής για δικαστική χρήση.","βεβαίωση_κατοικίας"
"Ποια στοιχεία αναγράφονται στη βεβαίωση διαμονής;","βεβαίωση_κατοικίας"
"Η βεβαίωση διαμονής εκδίδεται αυθημερόν;","βεβαίωση_κατοικίας"
"Χρειάζομαι κάτι για να αποδείξω τη διεύθυνσή μου στην τράπεζα.","βεβαίωση_κατοικίας"
"Μένω σε φιλοξενία, τι κάνω για τη βεβαίωση διαμονής;","βεβαίωση_κατοικίας"
"Η βεβαίωση διαμονής στέλνεται ταχυδρομικώς;","βεβαίωση_κατοικίας"
"Χρειάζεται παράβολο για τη βεβαίωση διαμονής;","βεβαίωση_κατοικίας"
"Η εφορία ζητάει βεβαίωση διαμονής για τα τεκμήρια.","βεβαίωση_κατοικίας"
"Πώς δηλώνω αλλαγή διεύθυνσης διαμονής;","βεβαίωση_κατοικίας"
"Θέλω το χαρτί που λέει ότι μένω Ηράκλειο.","βεβαίωση_κατοικίας"
"Ρε παιδιά, πού βγάζω βεβαίωση μόνιμης κατοικίας;","βεβαίωση_κατοικίας"
"Μου τη ζητάει το πανεπιστήμιο, τι χαρτιά θέλει η βεβαίωση κατοικίας;","βεβαίωση_κατοικίας"
"Πόσο κάνει η βεβαίωση κατοικίας;","βεβαίωση_κατοικίας"
"Μένω με ενοίκιο, δικαιούμαι βεβαίωση κατοικίας;","βεβαίωση_κατοικίας"
"Την ίδια μέρα δίνετε τη βεβαίωση κατοικίας ή θέλει μέρες;","βεβαίωση_κατοικίας"
"Πάω στο ΚΕΠ ή στον Δήμο για τη βεβαίωση κατοικίας;","βεβαίωση_κατοικίας"
"Έχω μόνο λογαριασμό ΔΕΗ, φτάνει για τη βεβαίωση;","βεβαίωση_κατοικίας"
"Μπορεί να πάρει τη βεβαίωση κατοικίας η γυναίκα μου;","βεβαίωση_κατοικίας"
"Πόσο καιρό ισχύει η βεβαίωση κατοικίας;","βεβαίωση_κατοικίας"
"Χρειάζεται να έρθω από κοντά για τη βεβαίωση κατοικίας;","βεβαίωση_κατοικίας"
"Είμαι γραμμένος σε άλλο χωριό αλλά μένω εδώ.","βεβαίωση_κατοικίας"
"Τη βεβαίωση κατοικίας τη θέλω για τον στρατό.","βεβαίωση_κατοικίας"
"Έκανα αίτηση για τη βεβαίωση κατοικίας και δεν με πήρε κανείς.","βεβαίωση_κατοικίας"
"Θέλω δύο αντίγραφα της βεβαίωσης κατοικίας.","βεβαίωση_κατοικίας"
"Μου είπαν ότι η βεβαίωση κατοικίας θέλει εκκαθαριστικό, ισχύει;","βεβαίωση_κατοικίας"
"Τη βεβαίωση κατοικίας τη θέλω για να γράψω το παιδί στο σχολείο.","βεβαίωση_κατοικίας"
"Πόσα χρόνια πρέπει να μένω εδώ για τη βεβαίωση;","βεβαίωση_κατοικίας"
"Μένω φιλοξενούμενος, γίνεται τίποτα με τη βεβαίωση κατοικίας;","βεβαίωση_κατοικίας"
"Πού υπογράφεται αυτή η βεβαίωση κατοικίας;","βεβαίωση_κατοικίας"
"Τη βεβαίωση κατοικίας τη στέλνετε με το ταχυδρομείο;","βεβαίωση_κατοικίας"
"Θέλει παράβολο η βεβαίωση κατοικίας;","βεβαίωση_κατοικίας"
"Τη βεβαίωση κατοικίας τη χρειάζομαι για την εφορία επειγόντως.","βεβαίωση_κατοικίας"
"Πείτε μου τι δικαιολογητικά θέλει η βεβαίωση κατοικίας.","βεβαίωση_κατοικίας"
"Άλλαξα σπίτι, πρέπει να δηλώσω τη νέα διεύθυνση;","βεβαίωση_κατοικίας"
"Ήρθα για τη βεβαίωση κατοικίας και μου είπαν ότι λείπει χαρτί.","βεβαίωση_κατοικίας"
"Η βεβαίωση κατοικίας γίνεται με τους κωδικούς TAXISnet;","βεβαίωση_κατοικίας"
"Πόσο θα περιμένω για τη βεβαίωση κατοικίας;","βεβαίωση_κατοικίας"
"Η βεβαίωση κατοικίας είναι το ίδιο με το πιστοποιητικό εντοπιότητας;","βεβαίωση_κατοικίας"
"Θέλω βεβαίωση κατοικίας για τη μετάθεση.","βεβαίωση_κατοικίας"
"Πήρα την ελληνική ιθαγένεια, πώς εγγράφομαι στον Δήμο;","εγγραφή_αλλοδαπών_ελληνική_ιθαγένεια"
"Ποια δικαιολογητικά χρειάζονται για εγγραφή μετά την ιθαγένεια;","εγγραφή_αλλοδαπών_ελληνική_ιθαγένεια"
"Πού δηλώνω την απόκτηση ελληνικής ιθαγένειας;","εγγραφή_αλλοδαπών_ελληνική_ιθαγένεια"
"Το παιδί μου απέκτησε ιθαγένεια λόγω φοίτησης, τι κάνω;","εγγραφή_αλλοδαπών_ελληνική_ιθαγένεια"
"Πόσο καιρό παίρνει η εγγραφή μετά την ιθαγένεια;","εγγραφή_αλλοδαπών_ελληνική_ιθαγένεια"
"Ποιο τμήμα κάνει την εγγραφή αλλοδαπών με ελληνική ιθαγένεια;","εγγραφή_αλλοδαπών_ελληνική_ιθαγένεια"
"Απέκτησα ιθαγένεια με πολιτογράφηση, ποια είναι η διαδικασία;","εγγραφή_αλλοδαπών_ελληνική_ιθαγένεια"
"Χρειάζεται απόφαση για την εγγραφή μετά την ιθαγένεια;","εγγραφή_αλλοδαπών_ελληνική_ιθαγένεια"
"Γίνεται ηλεκτρονικά η εγγραφή μετά την απόκτηση ιθαγένειας;","εγγραφή_αλλοδαπών_ελληνική_ιθαγένεια"
"Ποια η διαφορά ιθαγένειας λόγω γέννησης και λόγω φοίτησης;","εγγραφή_αλλοδαπών_ελληνική_ιθαγένεια"
"Πόσο κοστίζει η εγγραφή μετά την ιθαγένεια;","εγγραφή_αλλοδαπών_ελληνική_ιθαγένεια"
"Το τέκνο απέκτησε ιθαγένεια λόγω γέννησης στην Ελλάδα.","εγγραφή_αλλοδαπών_ελληνική_ιθαγένεια"
"Χρειάζομαι μετάφραση εγγράφων για την ιθαγένεια;","εγγραφή_αλλοδαπών_ελληνική_ιθαγένεια"
"Πότε δημοσιεύεται η απόφαση ιθαγένειας;","εγγραφή_αλλοδαπών_ελληνική_ιθαγένεια"
"Ζητώ εγγραφή στα μητρώα μετά την ελληνική ιθαγένεια.","εγγραφή_αλλοδαπών_ελληνική_ιθαγένεια"
"Ποιος υπογράφει την αίτηση εγγραφής μετά την ιθαγένεια;","εγγραφή_αλλοδαπών_ελληνική_ιθαγένεια"
"Μετά την ιθαγένεια βγάζω ελληνική ταυτότητα;","εγγραφή_αλλοδαπών_ελληνική_ιθαγένεια"
"Χρειάζεται ορκωμοσία για την ελληνική ιθαγένεια;","εγγραφή_αλλοδαπών_ελληνική_ιθαγένεια"
"Πού δημοσιεύεται η απόφαση απόκτησης ιθαγένειας;","εγγραφή_αλλοδαπών_ελληνική_ιθαγένεια"
"Η ιθαγένεια των τέκνων δηλώνεται ξεχωριστά;","εγγραφή_αλλοδαπών_ελληνική_ιθαγένεια"
"Ποια πιστοποιητικά χρειάζονται μετά την ιθαγένεια;","εγγραφή_αλλοδαπών_ελληνική_ιθαγένεια"
"Έκανα αίτηση εγγραφής μετά την ιθαγένεια και περιμένω.","εγγραφή_αλλοδαπών_ελληνική_ιθαγένεια"
"Μπορεί δικηγόρος να καταθέσει τα χαρτιά για την ιθαγένεια;","εγγραφή_αλλοδαπών_ελληνική_ιθαγένεια"
"Πόσο ισχύει η απόφαση ιθαγένειας για την εγγραφή;","εγγραφή_αλλοδαπών_ελληνική_ιθαγένεια"
"Χρειάζεται ληξιαρχική πράξη γέννησης για την ιθαγένεια;","εγγραφή_αλλοδαπών_ελληνική_ιθαγένεια"
"Η εγγραφή μετά την ιθαγένεια γίνεται σε ποιον δήμο;","εγγραφή_αλλοδαπών_ελληνική_ιθαγένεια"
"Απέκτησε ιθαγένεια λόγω φοίτησης σε ελληνικό σχολείο.","εγγραφή_αλλοδαπών_ελληνική_ιθαγένεια"
"Ποια στοιχεία καταχωρούνται μετά την ιθαγένεια;","εγγραφή_αλλοδαπών_ελληνική_ιθαγένεια"
"Χρειάζεται διαβατήριο για την εγγραφή μετά την ιθαγένεια;","εγγραφή_αλλοδαπών_ελληνική_ιθαγένεια"
"Πόσα χρόνια φοίτησης απαιτούνται για την ιθαγένεια;","εγγραφή_αλλοδαπών_ελληνική_ιθαγένεια"
"Η σύζυγός μου απέκτησε ιθαγένεια, εγγράφεται μαζί μου;","εγγραφή_αλλοδαπών_ελληνική_ιθαγένεια"
"Πώς ενημερώνεται το μητρώο μετά την ιθαγένεια;","εγγραφή_αλλοδαπών_ελληνική_ιθαγένεια"
"Ζητώ πιστοποιητικό μετά την εγγραφή λόγω ιθαγένειας.","εγγραφή_αλλοδαπών_ελληνική_ιθαγένεια"
"Ποιος ελέγχει τα δικαιολογητικά για την ιθαγένεια;","εγγραφή_αλλοδαπών_ελληνική_ιθαγένεια"
"Υπάρχει προθεσμία για την εγγραφή μετά την ιθαγένεια;","εγγραφή_αλλοδαπών_ελληνική_ιθαγένεια"
"Πολιτογραφήθηκα, πού εγγράφομαι τώρα;","εγγραφή_αλλοδαπών_ελληνική_ιθαγένεια"
"Ποια δικαιολογητικά χρειάζονται για εγγραφή αλλοδαπού στα μητρώα;","εγγραφή_αλλοδαπών_ελληνική_ιθαγένεια"
"Το παιδί μου γεννήθηκε εδώ και φοίτησε σε ελληνικό σχολείο.","εγγραφή_αλλοδαπών_ελληνική_ιθαγένεια"
"Μετά την πολιτογράφηση τι διαδικασία ακολουθώ;","εγγραφή_αλλοδαπών_ελληνική_ιθαγένεια"
"Πού καταχωρούνται τα στοιχεία μου μετά την πολιτογράφηση;","εγγραφή_αλλοδαπών_ελληνική_ιθαγένεια"
"Χρειάζεται επικυρωμένη μετάφραση των ξενόγλωσσων εγγράφων;","εγγραφή_αλλοδαπών_ελληνική_ιθαγένεια"
"Πόσο καιρό παίρνει η καταχώρηση στα μητρώα;","εγγραφή_αλλοδαπών_ελληνική_ιθαγένεια"
"Ποιο τμήμα αναλαμβάνει την εγγραφή αλλοδαπών;","εγγραφή_αλλοδαπών_ελληνική_ιθαγένεια"
"Έγινε δημοσίευση στο ΦΕΚ, τι κάνω μετά;","εγγραφή_αλλοδαπών_ελληνική_ιθαγένεια"
"Χρειάζεται ορκωμοσία πριν την εγγραφή στα μητρώα;","εγγραφή_αλλοδαπών_ελληνική_ιθαγένεια"
"Πόσο κοστίζει η καταχώρηση στα μητρώα;","εγγραφή_αλλοδαπών_ελληνική_ιθαγένεια"
"Το τέκνο εγγράφεται ξεχωριστά ή μαζί μου;","εγγραφή_αλλοδαπών_ελληνική_ιθαγένεια"
"Απαιτείται πιστοποιητικό γέννησης από τη χώρα προέλευσης;","εγγραφή_αλλοδαπών_ελληνική_ιθαγένεια"
"Ποιος υπογράφει την αίτηση εγγραφής για ανήλικο τέκνο;","εγγραφή_αλλοδαπών_ελληνική_ιθαγένεια"
"Γίνεται ηλεκτρονικά η καταχώρηση στα μητρώα;","εγγραφή_αλλοδαπών_ελληνική_ιθαγένεια"
"Μετά την πολιτογράφηση μπορώ να βγάλω ταυτότητα;","εγγραφή_αλλοδαπών_ελληνική_ιθαγένεια"
"Χρειάζεται διαβατήριο για την καταχώρηση στα μητρώα;","εγγραφή_αλλοδαπών_ελληνική_ιθαγένεια"
"Σε ποιον δήμο εγγράφομαι μετά την πολιτογράφηση;","εγγραφή_αλλοδαπών_ελληνική_ιθαγένεια"
"Πόσα χρόνια φοίτησης απαιτούνται για το τέκνο;","εγγραφή_αλλοδαπών_ελληνική_ιθαγένεια"
"Έκανα αίτηση και περιμένω την καταχώρηση στα μητρώα.","εγγραφή_αλλοδαπών_ελληνική_ιθαγένεια"
"Μπορεί δικηγόρος να καταθέσει τα δικαιολογητικά για την εγγραφή;","εγγραφή_αλλοδαπών_ελληνική_ιθαγένεια"
"Ποια στοιχεία καταχωρούνται στα μητρώα;","εγγραφή_αλλοδαπών_ελληνική_ιθαγένεια"
"Χρειάζεται άδεια διαμονής για τη διαδικασία εγγραφής;","εγγραφή_αλλοδαπών_ελληνική_ιθαγένεια"
"Η σύζυγός μου πολιτογραφήθηκε επίσης, τι κάνουμε;","εγγραφή_αλλοδαπών_ελληνική_ιθαγένεια"
"Πότε ενημερώνεται το μητρώο αρρένων μετά την πολιτογράφηση;","εγγραφή_αλλοδαπών_ελληνική_ιθαγένεια"
"Ζητώ πιστοποιητικό μετά την καταχώρηση στα μητρώα.","εγγραφή_αλλοδαπών_ελληνική_ιθαγένεια"
"Υπάρχει προθεσμία μετά τη δημοσίευση της απόφασης στο ΦΕΚ;","εγγραφή_αλλοδαπών_ελληνική_ιθαγένεια"
"Ποιος ελέγχει τα ξενόγλωσσα έγγραφα;","εγγραφή_αλλοδαπών_ελληνική_ιθαγένεια"
"Χρειάζεται apostille στα πιστοποιητικά από τη χώρα μου;","εγγραφή_αλλοδαπών_ελληνική_ιθαγένεια"
"Μετά την καταχώρηση αλλάζει το επώνυμό μου;","εγγραφή_αλλοδαπών_ελληνική_ιθαγένεια"
"Το τέκνο γεννήθηκε στην Ελλάδα από αλλοδαπούς γονείς.","εγγραφή_αλλοδαπών_ελληνική_ιθαγένεια"
"Πώς αποδεικνύω τη συνεχή φοίτηση του παιδιού;","εγγραφή_αλλοδαπών_ελληνική_ιθαγένεια"
"Χρειάζεται βεβαίωση από το σχολείο για τη φοίτηση;","εγγραφή_αλλοδαπών_ελληνική_ιθαγένεια"
"Πόσο διαρκεί όλη η διαδικασία εγγραφής αλλοδαπού;","εγγραφή_αλλοδαπών_ελληνική_ιθαγένεια"
"Ποιος με ενημερώνει όταν ολοκληρωθεί η καταχώρηση;","εγγραφή_αλλοδαπών_ελληνική_ιθαγένεια"
"Πήρα την ελληνική ιθαγένεια, τι κάνω τώρα;","εγγραφή_αλλοδαπών_ελληνική_ιθαγένεια"
"Ρε παιδιά, πού γράφομαι μετά την πολιτογράφηση;","εγγραφή_αλλοδαπών_ελληνική_ιθαγένεια"
"Το παιδί μου γεννήθηκε εδώ, δικαιούται ιθαγένεια;","εγγραφή_αλλοδαπών_ελληνική_ιθαγένεια"
"Πόσα χαρτιά θέλει αυτή η εγγραφή στα μητρώα;","εγγραφή_αλλοδαπών_ελληνική_ιθαγένεια"
"Βγήκε το ΦΕΚ με την ιθαγένεια, πού πάω τώρα;","εγγραφή_αλλοδαπών_ελληνική_ιθαγένεια"
"Πόσο θα κάτσω να περιμένω την εγγραφή στα μητρώα;","εγγραφή_αλλοδαπών_ελληνική_ιθαγένεια"
"Μου ζητάνε μετάφραση για όλα τα χαρτιά της ιθαγένειας.","εγγραφή_αλλοδαπών_ελληνική_ιθαγένεια"
"Θέλω να βγάλω ταυτότητα μετά την ιθαγένεια.","εγγραφή_αλλοδαπών_ελληνική_ιθαγένεια"
"Ο δικηγόρος λέει να πάω στον Δήμο για την πολιτογράφηση.","εγγραφή_αλλοδαπών_ελληνική_ιθαγένεια"
"Πού κάνω την ορκωμοσία για την ιθαγένεια;","εγγραφή_αλλοδαπών_ελληνική_ιθαγένεια"
"Το παιδί τελείωσε ελληνικό σχολείο, τι δικαιούται;","εγγραφή_αλλοδαπών_ελληνική_ιθαγένεια"
"Γράφομαι στον δήμο που μένω ή αλλού μετά την ιθαγένεια;","εγγραφή_αλλοδαπών_ελληνική_ιθαγένεια"
"Πείτε μου τι χαρτιά θέλει η εγγραφή μετά την ιθαγένεια.","εγγραφή_αλλοδαπών_ελληνική_ιθαγένεια"
"Πόσο κάνει όλη η διαδικασία της πολιτογράφησης;","εγγραφή_αλλοδαπών_ελληνική_ιθαγένεια"
"Η γυναίκα μου πήρε κι αυτή ιθαγένεια.","εγγραφή_αλλοδαπών_ελληνική_ιθαγένεια"
"Χρειάζεται apostille στα πιστοποιητικά μου;","εγγραφή_αλλοδαπών_ελληνική_ιθαγένεια"
"Έκανα αίτηση για την εγγραφή μου και δεν με πήρε κανείς.","εγγραφή_αλλοδαπών_ελληνική_ιθαγένεια"
"Θα αλλάξει το επώνυμό μου μετά την ιθαγένεια;","εγγραφή_αλλοδαπών_ελληνική_ιθαγένεια"
"Το τέκνο γράφεται μαζί μου ή χωριστά στα μητρώα;","εγγραφή_αλλοδαπών_ελληνική_ιθαγένεια"
"Πόσα χρόνια φοίτησης θέλει για το παιδί;","εγγραφή_αλλοδαπών_ελληνική_ιθαγένεια"
"Μου λείπει ένα χαρτί από τη χώρα μου για την ιθαγένεια.","εγγραφή_αλλοδαπών_ελληνική_ιθαγένεια"
"Πότε θα μπω στα μητρώα επιτέλους;","εγγραφή_αλλοδαπών_ελληνική_ιθαγένεια"
"Γίνεται όλο online η εγγραφή μετά την ιθαγένεια;","εγγραφή_αλλοδαπών_ελληνική_ιθαγένεια"
"Ποιος μου λέει αν ολοκληρώθηκε η εγγραφή στα μητρώα;","εγγραφή_αλλοδαπών_ελληνική_ιθαγένεια"
"Έχω άδεια διαμονής, χρειάζεται ακόμα μετά την ιθαγένεια;","εγγραφή_αλλοδαπών_ελληνική_ιθαγένεια"
"Θέλω πιστοποιητικό αφού γραφτώ στα μητρώα.","εγγραφή_αλλοδαπών_ελληνική_ιθαγένεια"
"Μπορεί να κάνει την εγγραφή κάποιος άλλος για μένα;","εγγραφή_αλλοδαπών_ελληνική_ιθαγένεια"
"Πόσο κοστίζει να γραφτώ στα μητρώα;","εγγραφή_αλλοδαπών_ελληνική_ιθαγένεια"
"Μου είπαν ότι η εγγραφή θέλει διαβατήριο, ισχύει;","εγγραφή_αλλοδαπών_ελληνική_ιθαγένεια"
"Βαρέθηκα να τρέχω για την ιθαγένεια.","εγγραφή_αλλοδαπών_ελληνική_ιθαγένεια"
"Θέλω πιστοποιητικό πλησιέστερων συγγενών.","πλησιέστεροι_συγγενείς"
"Πού κάνω αίτηση για πιστοποιητικό πλησιέστερων συγγενών;","πλησιέστεροι_συγγενείς"
"Ποια δικαιολογητικά χρειάζονται για πιστοποιητικό συγγενών;","πλησιέστεροι_συγγενείς"
"Πόσο κοστίζει το πιστοποιητικό πλησιέστερων συγγενών;","πλησιέστεροι_συγγενείς"
"Πόσο καιρό παίρνει η έκδοση πιστοποιητικού συγγενών;","πλησιέστεροι_συγγενείς"
"Το πιστοποιητικό πλησιέστερων συγγενών χρειάζεται για κληρονομιά.","πλησιέστεροι_συγγενείς"
"Ποιος δικαιούται να ζητήσει πιστοποιητικό συγγενών;","πλησιέστεροι_συγγενείς"
"Γίνεται ηλεκτρονικά το πιστοποιητικό πλησιέστερων συγγενών;","πλησιέστεροι_συγγενείς"
"Ποιο τμήμα εκδίδει το πιστοποιητικό συγγενών;","πλησιέστεροι_συγγενείς"
"Χρειάζονται μάρτυρες για το πιστοποιητικό πλησιέστερων συγγενών;","πλησιέστεροι_συγγενείς"
"Πόσο ισχύει το πιστοποιητικό πλησιέστερων συγγενών;","πλησιέστεροι_συγγενείς"
"Μπορεί δικηγόρος να ζητήσει πιστοποιητικό συγγενών;","πλησιέστεροι_συγγενείς"
"Το πιστοποιητικό συγγενών χρειάζεται για αποδοχή κληρονομιάς.","πλησιέστεροι_συγγενείς"
"Χρειάζεται ληξιαρχική πράξη θανάτου για το πιστοποιητικό συγγενών;","πλησιέστεροι_συγγενείς"
"Ποια στοιχεία αναγράφει το πιστοποιητικό πλησιέστερων συγγενών;","πλησιέστεροι_συγγενείς"
"Ζητώ πιστοποιητικό συγγενών για τη συμβολαιογράφο.","πλησιέστεροι_συγγενείς"
"Πόσα αντίγραφα πιστοποιητικού συγγενών μπορώ να πάρω;","πλησιέστεροι_συγγενείς"
"Ο θανών ήταν δημότης άλλου δήμου, ποιος εκδίδει το πιστοποιητικό συγγενών;","πλησιέστεροι_συγγενείς"
"Χρειάζεται υπεύθυνη δήλωση για το πιστοποιητικό συγγενών;","πλησιέστεροι_συγγενείς"
"Το πιστοποιητικό πλησιέστερων συγγενών εκδίδεται αυθημερόν;","πλησιέστεροι_συγγενείς"
"Μπορώ να πάρω πιστοποιητικό συγγενών μέσω ΚΕΠ;","πλησιέστεροι_συγγενείς"
"Ποιοι θεωρούνται πλησιέστεροι συγγενείς;","πλησιέστεροι_συγγενείς"
"Χρειάζομαι πιστοποιητικό συγγενών για σύνταξη.","πλησιέστεροι_συγγενείς"
"Πώς παραλαμβάνω το πιστοποιητικό πλησιέστερων συγγενών;","πλησιέστεροι_συγγενείς"
"Έκανα αίτηση για πιστοποιητικό συγγενών και δεν ήρθε.","πλησιέστεροι_συγγενείς"
"Χρειάζεται παράβολο για το πιστοποιητικό πλησιέστερων συγγενών;","πλησιέστεροι_συγγενείς"
"Το πιστοποιητικό συγγενών ζητείται από την τράπεζα.","πλησιέστεροι_συγγενείς"
"Ποιος υπογράφει το πιστοποιητικό πλησιέστερων συγγενών;","πλησιέστεροι_συγγενείς"
"Χρειάζεται αυτοπρόσωπη παρουσία για το πιστοποιητικό συγγενών;","πλησιέστεροι_συγγενείς"
"Το πιστοποιητικό συγγενών περιλαμβάνει και τα εγγόνια;","πλησιέστεροι_συγγενείς"
"Ζητώ πιστοποιητικό πλησιέστερων συγγενών για δικαστική χρήση.","πλησιέστεροι_συγγενείς"
"Αν δεν υπάρχουν άλλοι συγγενείς τι γράφει το πιστοποιητικό;","πλησιέστεροι_συγγενείς"
"Το πιστοποιητικό πλησιέστερων συγγενών στέλνεται ταχυδρομικώς;","πλησιέστεροι_συγγενείς"
"Χρειάζομαι πιστοποιητικό συγγενών για μεταβίβαση οχήματος.","πλησιέστεροι_συγγενείς"
"Πόσο γρήγορα εκδίδεται το πιστοποιητικό συγγενών;","πλησιέστεροι_συγγενείς"
"Χρειάζομαι χαρτί που δείχνει ποιοι είναι οι κληρονόμοι.","πλησιέστεροι_συγγενείς"
"Πέθανε ο πατέρας μου, τι πιστοποιητικό χρειάζομαι;","πλησιέστεροι_συγγενείς"
"Η συμβολαιογράφος ζητάει έγγραφο για την κληρονομιά.","πλησιέστεροι_συγγενείς"
"Ποια δικαιολογητικά θέλει το πιστοποιητικό για κληρονόμους;","πλησιέστεροι_συγγενείς"
"Χρειάζεται ληξιαρχική πράξη θανάτου για την αίτηση;","πλησιέστεροι_συγγενείς"
"Πόσο κοστίζει το πιστοποιητικό κληρονόμων;","πλησιέστεροι_συγγενείς"
"Ποιο τμήμα εκδίδει το πιστοποιητικό για τους κληρονόμους;","πλησιέστεροι_συγγενείς"
"Χρειάζονται μάρτυρες για την αίτηση κληρονομιάς;","πλησιέστεροι_συγγενείς"
"Πόσο ισχύει το πιστοποιητικό για την κληρονομιά;","πλησιέστεροι_συγγενείς"
"Μπορεί δικηγόρος να ζητήσει το πιστοποιητικό κληρονόμων;","πλησιέστεροι_συγγενείς"
"Το ζητάει η τράπεζα για τον λογαριασμό του θανόντος.","πλησιέστεροι_συγγενείς"
"Ο θανών ήταν δημότης άλλου δήμου.","πλησιέστεροι_συγγενείς"
"Γίνεται ηλεκτρονικά η αίτηση για το πιστοποιητικό κληρονόμων;","πλησιέστεροι_συγγενείς"
"Χρειάζεται υπεύθυνη δήλωση για το πιστοποιητικό κληρονόμων;","πλησιέστεροι_συγγενείς"
"Πόσα αντίγραφα του πιστοποιητικού κληρονόμων μπορώ να πάρω;","πλησιέστεροι_συγγενείς"
"Το πιστοποιητικό κληρονόμων εκδίδεται αυθημερόν;","πλησιέστεροι_συγγενείς"
"Μπορώ να ζητήσω το πιστοποιητικό κληρονόμων από ΚΕΠ;","πλησιέστεροι_συγγενείς"
"Το χρειάζομαι για την αποδοχή κληρονομιάς.","πλησιέστεροι_συγγενείς"
"Ποιος υπογράφει το πιστοποιητικό κληρονόμων;","πλησιέστεροι_συγγενείς"
"Χρειάζεται αυτοπρόσωπη παρουσία για το πιστοποιητικό κληρονόμων;","πλησιέστεροι_συγγενείς"
"Περιλαμβάνει και τα εγγόνια του θανόντος;","πλησιέστεροι_συγγενείς"
"Το χρειάζομαι για σύνταξη χηρείας.","πλησιέστεροι_συγγενείς"
"Το πιστοποιητικό κληρονόμων στέλνεται ταχυδρομικώς;","πλησιέστεροι_συγγενείς"
"Χρειάζεται παράβολο για το πιστοποιητικό κληρονόμων;","πλησιέστεροι_συγγενείς"
"Το χρειάζομαι για μεταβίβαση αυτοκινήτου του θανόντος.","πλησιέστεροι_συγγενείς"
"Έκανα αίτηση για το πιστοποιητικό κληρονόμων και δεν πήρα απάντηση.","πλησιέστεροι_συγγενείς"
"Ποια στοιχεία γράφει μέσα το πιστοποιητικό κληρονόμων;","πλησιέστεροι_συγγενείς"
"Χρειάζομαι το πιστοποιητικό κληρονόμων για δικαστική χρήση.","πλησιέστεροι_συγγενείς"
"Πόσο γρήγορα εκδίδεται το πιστοποιητικό κληρονόμων;","πλησιέστεροι_συγγενείς"
"Αν ο θανών δεν είχε παιδιά τι γίνεται;","πλησιέστεροι_συγγενείς"
"Ο θανών ζούσε στο εξωτερικό, τι κάνω;","πλησιέστεροι_συγγενείς"
"Χρειάζεται πιστοποιητικό εγγυτέρων από άλλον δήμο;","πλησιέστεροι_συγγενείς"
"Πώς αποδεικνύω τη σχέση μου με τον θανόντα;","πλησιέστεροι_συγγενείς"
"Το ζητάει η εφορία για τη δήλωση κληρονομιάς.","πλησιέστεροι_συγγενείς"
"Ποιος μπορεί να υποβάλει την αίτηση για τους κληρονόμους;","πλησιέστεροι_συγγενείς"
"Πέθανε ο πατέρας μου, θέλω το πιστοποιητικό συγγενών.","πλησιέστεροι_συγγενείς"
"Ρε παιδιά, πού βγάζω πιστοποιητικό πλησιέστερων συγγενών;","πλησιέστεροι_συγγενείς"
"Μου το ζητάει ο συμβολαιογράφος για την κληρονομιά.","πλησιέστεροι_συγγενείς"
"Πόσο κάνει αυτό το πιστοποιητικό συγγενών;","πλησιέστεροι_συγγενείς"
"Θέλει μάρτυρες το πιστοποιητικό συγγενών ή όχι;","πλησιέστεροι_συγγενείς"
"Πόσο θα περιμένω για το πιστοποιητικό συγγενών;","πλησιέστεροι_συγγενείς"
"Πάω στο ΚΕΠ ή στον Δήμο για το πιστοποιητικό συγγενών;","πλησιέστεροι_συγγενείς"
"Μπορεί ο δικηγόρος να πάρει το πιστοποιητικό κληρονόμων για μένα;","πλησιέστεροι_συγγενείς"
"Ο μπαμπάς ήταν γραμμένος σε άλλο χωριό, τι κάνω για την κληρονομιά;","πλησιέστεροι_συγγενείς"
"Το θέλω για την τράπεζα του θανόντος, βιάζομαι.","πλησιέστεροι_συγγενείς"
"Θέλω τρία αντίγραφα του πιστοποιητικού συγγενών.","πλησιέστεροι_συγγενείς"
"Την ίδια μέρα δίνετε το πιστοποιητικό συγγενών;","πλησιέστεροι_συγγενείς"
"Πρέπει να έρθω εγώ ή στέλνω κάποιον για το πιστοποιητικό συγγενών;","πλησιέστεροι_συγγενείς"
"Τι χαρτιά χρειάζομαι για το πιστοποιητικό συγγενών;","πλησιέστεροι_συγγενείς"
"Ποιοι μετράνε ως πλησιέστεροι συγγενείς;","πλησιέστεροι_συγγενείς"
"Έκανα αίτηση για το πιστοποιητικό συγγενών και δεν με πήραν.","πλησιέστεροι_συγγενείς"
"Το θέλω για να μεταβιβάσω το αυτοκίνητο του θανόντος.","πλησιέστεροι_συγγενείς"
"Θέλει παράβολο το πιστοποιητικό συγγενών;","πλησιέστεροι_συγγενείς"
"Μπαίνουν και τα εγγόνια μέσα στο πιστοποιητικό συγγενών;","πλησιέστεροι_συγγενείς"
"Η μάνα μου πέθανε στο εξωτερικό, τι κάνω για την κληρονομιά;","πλησιέστεροι_συγγενείς"
"Το πιστοποιητικό συγγενών το θέλω για τη σύνταξη χηρείας.","πλησιέστεροι_συγγενείς"
"Πείτε μου τι χρειάζεται το πιστοποιητικό κληρονόμων και τελειώνουμε.","πλησιέστεροι_συγγενείς"
"Γίνεται online το πιστοποιητικό συγγενών;","πλησιέστεροι_συγγενείς"
"Μου είπαν ότι θέλει ληξιαρχική πράξη θανάτου, ισχύει;","πλησιέστεροι_συγγενείς"
"Πόσο ισχύει αυτό το πιστοποιητικό συγγενών;","πλησιέστεροι_συγγενείς"
"Το πιστοποιητικό συγγενών το στέλνετε στο σπίτι;","πλησιέστεροι_συγγενείς"
"Δεν έχουμε άλλους συγγενείς, τι γράφει τότε;","πλησιέστεροι_συγγενείς"
"Ήρθα για το πιστοποιητικό συγγενών και μου είπαν ότι λείπει χαρτί.","πλησιέστεροι_συγγενείς"
"Το ζητάει η εφορία για την κληρονομιά.","πλησιέστεροι_συγγενείς"
"Βιάζομαι, μπορεί να βγει σήμερα το πιστοποιητικό συγγενών;","πλησιέστεροι_συγγενείς"
"Θέλω πιστοποιητικό εντοπιότητας για διορισμό εκπαιδευτικού.","πιστοποιητικό_εντοπιότητας"
"Πού κάνω αίτηση για πιστοποιητικό εντοπιότητας;","πιστοποιητικό_εντοπιότητας"
"Ποια δικαιολογητικά χρειάζονται για πιστοποιητικό εντοπιότητας;","πιστοποιητικό_εντοπιότητας"
"Το πιστοποιητικό εντοπιότητας αφορά μόνο εκπαιδευτικούς;","πιστοποιητικό_εντοπιότητας"
"Πόσο κοστίζει το πιστοποιητικό εντοπιότητας;","πιστοποιητικό_εντοπιότητας"
"Πόσο καιρό παίρνει η έκδοση πιστοποιητικού εντοπιότητας;","πιστοποιητικό_εντοπιότητας"
"Ποιο τμήμα εκδίδει το πιστοποιητικό εντοπιότητας;","πιστοποιητικό_εντοπιότητας"
"Γίνεται ηλεκτρονικά το πιστοποιητικό εντοπιότητας;","πιστοποιητικό_εντοπιότητας"
"Πόσο ισχύει το πιστοποιητικό εντοπιότητας;","πιστοποιητικό_εντοπιότητας"
"Τι διαφορά έχει η εντοπιότητα από τη βεβαίωση μόνιμης κατοικίας;","πιστοποιητικό_εντοπιότητας"
"Χρειάζομαι πιστοποιητικό εντοπιότητας για μετάθεση.","πιστοποιητικό_εντοπιότητας"
"Ποιος δικαιούται πιστοποιητικό εντοπιότητας;","πιστοποιητικό_εντοπιότητας"
"Χρειάζεται να είμαι δημότης για την εντοπιότητα;","πιστοποιητικό_εντοπιότητας"
"Ζητώ πιστοποιητικό εντοπιότητας για μοριοδότηση.","πιστοποιητικό_εντοπιότητας"
"Το πιστοποιητικό εντοπιότητας εκδίδεται αυθημερόν;","πιστοποιητικό_εντοπιότητας"
"Μπορεί άλλος να παραλάβει το πιστοποιητικό εντοπιότητας;","πιστοποιητικό_εντοπιότητας"
"Χρειάζεται υπεύθυνη δήλωση για την εντοπιότητα;","πιστοποιητικό_εντοπιότητας"
"Πόσα χρόνια απαιτούνται για την εντοπιότητα;","πιστοποιητικό_εντοπιότητας"
"Έκανα αίτηση για πιστοποιητικό εντοπιότητας και περιμένω.","πιστοποιητικό_εντοπιότητας"
"Ποια στοιχεία αναγράφει το πιστοποιητικό εντοπιότητας;","πιστοποιητικό_εντοπιότητας"
"Μπορώ να πάρω πιστοποιητικό εντοπιότητας από ΚΕΠ;","πιστοποιητικό_εντοπιότητας"
"Χρειάζεται παράβολο για το πιστοποιητικό εντοπιότητας;","πιστοποιητικό_εντοπιότητας"
"Το πιστοποιητικό εντοπιότητας ζητείται από το υπουργείο.","πιστοποιητικό_εντοπιότητας"
"Ποιος υπογράφει το πιστοποιητικό εντοπιότητας;","πιστοποιητικό_εντοπιότητας"
"Χρειάζομαι πιστοποιητικό εντοπιότητας για απόσπαση.","πιστοποιητικό_εντοπιότητας"
"Το πιστοποιητικό εντοπιότητας στέλνεται ταχυδρομικώς;","πιστοποιητικό_εντοπιότητας"
"Πόσα αντίγραφα εντοπιότητας μπορώ να πάρω;","πιστοποιητικό_εντοπιότητας"
"Χρειάζεται αυτοπρόσωπη παρουσία για την εντοπιότητα;","πιστοποιητικό_εντοπιότητας"
"Η εντοπιότητα μετράει στα μόρια διορισμού;","πιστοποιητικό_εντοπιότητας"
"Ζητώ πιστοποιητικό εντοπιότητας για αναπληρωτή.","πιστοποιητικό_εντοπιότητας"
"Πρέπει να γεννήθηκα στον δήμο για την εντοπιότητα;","πιστοποιητικό_εντοπιότητας"
"Το πιστοποιητικό εντοπιότητας ισχύει για όλη την Κρήτη;","πιστοποιητικό_εντοπιότητας"
"Πώς αποδεικνύω την εντοπιότητά μου;","πιστοποιητικό_εντοπιότητας"
"Χρειάζεται εκκαθαριστικό για το πιστοποιητικό εντοπιότητας;","πιστοποιητικό_εντοπιότητας"
"Πόσο γρήγορα εκδίδεται το πιστοποιητικό εντοπιότητας;","πιστοποιητικό_εντοπιότητας"
"Είμαι εκπαιδευτικός και χρειάζομαι χαρτί για μοριοδότηση.","πιστοποιητικό_εντοπιότητας"
"Το υπουργείο ζητάει βεβαίωση καταγωγής από τον δήμο.","πιστοποιητικό_εντοπιότητας"
"Ποια δικαιολογητικά θέλει η βεβαίωση για τους αναπληρωτές;","πιστοποιητικό_εντοπιότητας"
"Χρειάζομαι πιστοποιητικό για τη μετάθεσή μου ως δασκάλα.","πιστοποιητικό_εντοπιότητας"
"Πόσο κοστίζει η βεβαίωση για τον διορισμό;","πιστοποιητικό_εντοπιότητας"
"Ποιο τμήμα εκδίδει τη βεβαίωση για εκπαιδευτικούς;","πιστοποιητικό_εντοπιότητας"
"Πόσο καιρό παίρνει η έκδοση της βεβαίωσης για τον διορισμό;","πιστοποιητικό_εντοπιότητας"
"Γίνεται ηλεκτρονικά η αίτηση για τη βεβαίωση εκπαιδευτικού;","πιστοποιητικό_εντοπιότητας"
"Πόσο ισχύει η βεβαίωση για τα μόρια;","πιστοποιητικό_εντοπιότητας"
"Πρέπει να είμαι δημότης του Δήμου Ηρακλείου για τα μόρια;","πιστοποιητικό_εντοπιότητας"
"Το χρειάζομαι για την απόσπασή μου ως εκπαιδευτικός.","πιστοποιητικό_εντοπιότητας"
"Ποιος δικαιούται αυτή τη βεβαίωση καταγωγής;","πιστοποιητικό_εντοπιότητας"
"Χρειάζεται υπεύθυνη δήλωση για τη βεβαίωση καταγωγής;","πιστοποιητικό_εντοπιότητας"
"Πόσα χρόνια πρέπει να είμαι εγγεγραμμένος στον δήμο για τα μόρια;","πιστοποιητικό_εντοπιότητας"
"Έκανα αίτηση για τη βεβαίωση καταγωγής και περιμένω ακόμα.","πιστοποιητικό_εντοπιότητας"
"Ποια στοιχεία γράφει η βεβαίωση για τον διορισμό;","πιστοποιητικό_εντοπιότητας"
"Μπορώ να ζητήσω τη βεβαίωση καταγωγής μέσω ΚΕΠ;","πιστοποιητικό_εντοπιότητας"
"Χρειάζεται παράβολο για τη βεβαίωση εκπαιδευτικού;","πιστοποιητικό_εντοπιότητας"
"Μπορεί συγγενής να παραλάβει τη βεβαίωση καταγωγής;","πιστοποιητικό_εντοπιότητας"
"Ποιος υπογράφει τη βεβαίωση για τον διορισμό;","πιστοποιητικό_εντοπιότητας"
"Στέλνεται ταχυδρομικώς η βεβαίωση καταγωγής;","πιστοποιητικό_εντοπιότητας"
"Πόσα αντίγραφα μπορώ να πάρω για τα μόρια;","πιστοποιητικό_εντοπιότητας"
"Χρειάζεται αυτοπρόσωπη παρουσία για τη βεβαίωση καταγωγής;","πιστοποιητικό_εντοπιότητας"
"Μετράει στα μόρια του διορισμού μου;","πιστοποιητικό_εντοπιότητας"
"Πρέπει να γεννήθηκα στον δήμο για τη βεβαίωση καταγωγής;","πιστοποιητικό_εντοπιότητας"
"Ισχύει για όλη την Κρήτη ή μόνο για τον δήμο η βεβαίωση καταγωγής;","πιστοποιητικό_εντοπιότητας"
"Πώς αποδεικνύω την καταγωγή μου από τον δήμο;","πιστοποιητικό_εντοπιότητας"
"Χρειάζεται εκκαθαριστικό για τη βεβαίωση καταγωγής;","πιστοποιητικό_εντοπιότητας"
"Πόσο γρήγορα εκδίδεται η βεβαίωση για εκπαιδευτικούς;","πιστοποιητικό_εντοπιότητας"
"Ο σύζυγός μου είναι επίσης εκπαιδευτικός, χρειάζεται και αυτός;","πιστοποιητικό_εντοπιότητας"
"Η βεβαίωση αφορά μόνο τον κλάδο των εκπαιδευτικών;","πιστοποιητικό_εντοπιότητας"
"Το ΠΥΣΔΕ ζητάει τη βεβαίωση καταγωγής.","πιστοποιητικό_εντοπιότητας"
"Χρειάζομαι τη βεβαίωση καταγωγής για αίτηση αναπληρωτή.","πιστοποιητικό_εντοπιότητας"
"Ποια είναι η διαδικασία για τη βεβαίωση καταγωγής;","πιστοποιητικό_εντοπιότητας"
"Την ίδια μέρα εκδίδεται η βεβαίωση για εκπαιδευτικούς;","πιστοποιητικό_εντοπιότητας"
"Είμαι δασκάλα και θέλω πιστοποιητικό εντοπιότητας.","πιστοποιητικό_εντοπιότητας"
"Ρε παιδιά, πού βγάζω το πιστοποιητικό εντοπιότητας;","πιστοποιητικό_εντοπιότητας"
"Μου το ζητάνε για τα μόρια του διορισμού.","πιστοποιητικό_εντοπιότητας"
"Πόσο κάνει το πιστοποιητικό εντοπιότητας;","πιστοποιητικό_εντοπιότητας"
"Πρέπει να είμαι γραμμένος στον δήμο για την εντοπιότητα;","πιστοποιητικό_εντοπιότητας"
"Πόσο θα περιμένω για την εντοπιότητα;","πιστοποιητικό_εντοπιότητας"
"Πάω στο ΚΕΠ ή στον Δήμο για την εντοπιότητα;","πιστοποιητικό_εντοπιότητας"
"Την εντοπιότητα τη θέλω για τη μετάθεση, βιάζομαι.","πιστοποιητικό_εντοπιότητας"
"Μπορεί να πάρει την εντοπιότητα ο άντρας μου;","πιστοποιητικό_εντοπιότητας"
"Πόσο ισχύει το πιστοποιητικό εντοπιότητας τελικά;","πιστοποιητικό_εντοπιότητας"
"Η εντοπιότητα είναι το ίδιο με τη βεβαίωση μόνιμης κατοικίας;","πιστοποιητικό_εντοπιότητας"
"Το ΠΥΣΔΕ μού ζητάει την εντοπιότητα επειγόντως.","πιστοποιητικό_εντοπιότητας"
"Την ίδια μέρα δίνετε το πιστοποιητικό εντοπιότητας;","πιστοποιητικό_εντοπιότητας"
"Πείτε μου τι χαρτιά θέλει η εντοπιότητα.","πιστοποιητικό_εντοπιότητας"
"Είμαι αναπληρώτρια, δικαιούμαι εντοπιότητα;","πιστοποιητικό_εντοπιότητας"
"Έκανα αίτηση για την εντοπιότητα και δεν με πήρε κανείς.","πιστοποιητικό_εντοπιότητας"
"Πόσα χρόνια πρέπει να είμαι εγγεγραμμένος για την εντοπιότητα;","πιστοποιητικό_εντοπιότητας"
"Θέλω δύο αντίγραφα του πιστοποιητικού εντοπιότητας.","πιστοποιητικό_εντοπιότητας"
"Γίνεται online η εντοπιότητα;","πιστοποιητικό_εντοπιότητας"
"Την εντοπιότητα τη θέλω για την απόσπαση.","πιστοποιητικό_εντοπιότητας"
"Θέλει παράβολο η εντοπιότητα;","πιστοποιητικό_εντοπιότητας"
"Γεννήθηκα αλλού αλλά μένω εδώ χρόνια, παίρνω εντοπιότητα;","πιστοποιητικό_εντοπιότητας"
"Μου είπαν ότι η εντοπιότητα είναι μόνο για εκπαιδευτικούς.","πιστοποιητικό_εντοπιότητας"
"Την εντοπιότητα τη στέλνετε ταχυδρομικώς;","πιστοποιητικό_εντοπιότητας"
"Πόσο γρήγορα βγαίνει η εντοπιότητα;","πιστοποιητικό_εντοπιότητας"
"Ήρθα για την εντοπιότητα και μου είπαν ότι λείπει χαρτί.","πιστοποιητικό_εντοπιότητας"
"Ο άντρας μου είναι καθηγητής, χρειάζεται κι αυτός εντοπιότητα;","πιστοποιητικό_εντοπιότητας"
"Η εντοπιότητα μετράει στα μόρια τελικά;","πιστοποιητικό_εντοπιότητας"
"Η εντοπιότητα ισχύει σε όλη την Κρήτη;","πιστοποιητικό_εντοπιότητας"
"Βιάζομαι για τον διορισμό, βγαίνει σήμερα η εντοπιότητα;","πιστοποιητικό_εντοπιότητας"
"Θέλω να καταθέσω δικαιολογητικά για έγκριση πρόσληψης προσωπικού στον παιδικό σταθμό.","έγκριση_πρόσληψης_προσωπικού_μφπαδ"
"Πού καταθέτω τα δικαιολογητικά πρόσληψης προσωπικού;","έγκριση_πρόσληψης_προσωπικού_μφπαδ"
"Ποια δικαιολογητικά χρειάζονται για την πρόσληψη προσωπικού σε βρεφονηπιακό σταθμό;","έγκριση_πρόσληψης_προσωπικού_μφπαδ"
"Πόσο καιρό παίρνει η έγκριση πρόσληψης προσωπικού;","έγκριση_πρόσληψης_προσωπικού_μφπαδ"
"Ποιος εγκρίνει την πρόσληψη προσωπικού στη μονάδα προσχολικής αγωγής;","έγκριση_πρόσληψης_προσωπικού_μφπαδ"
"Χρειάζεται πιστοποιητικό υγείας για την πρόσληψη προσωπικού;","έγκριση_πρόσληψης_προσωπικού_μφπαδ"
"Γίνεται ηλεκτρονικά η κατάθεση για πρόσληψη προσωπικού;","έγκριση_πρόσληψης_προσωπικού_μφπαδ"
"Πόσο κοστίζει η διαδικασία έγκρισης πρόσληψης προσωπικού;","έγκριση_πρόσληψης_προσωπικού_μφπαδ"
"Ποιο τμήμα εγκρίνει την πρόσληψη προσωπικού στους παιδικούς σταθμούς;","έγκριση_πρόσληψης_προσωπικού_μφπαδ"
"Θέλω να προσλάβω νηπιαγωγό, ποια είναι η διαδικασία πρόσληψης;","έγκριση_πρόσληψης_προσωπικού_μφπαδ"
"Χρειάζεται ποινικό μητρώο για την πρόσληψη προσωπικού;","έγκριση_πρόσληψης_προσωπικού_μφπαδ"
"Η πρόσληψη προσωπικού απαιτεί έγκριση πριν την έναρξη εργασίας;","έγκριση_πρόσληψης_προσωπικού_μφπαδ"
"Πόσο ισχύει η έγκριση πρόσληψης προσωπικού;","έγκριση_πρόσληψης_προσωπικού_μφπαδ"
"Ζητώ έγκριση πρόσληψης προσωπικού για βοηθό βρεφοκόμου.","έγκριση_πρόσληψης_προσωπικού_μφπαδ"
"Ποια πτυχία γίνονται δεκτά για την πρόσληψη προσωπικού;","έγκριση_πρόσληψης_προσωπικού_μφπαδ"
"Έκανα κατάθεση για πρόσληψη προσωπικού και περιμένω.","έγκριση_πρόσληψης_προσωπικού_μφπαδ"
"Χρειάζεται σύμβαση εργασίας για την έγκριση πρόσληψης;","έγκριση_πρόσληψης_προσωπικού_μφπαδ"
"Μπορεί ο λογιστής να καταθέσει τα δικαιολογητικά πρόσληψης;","έγκριση_πρόσληψης_προσωπικού_μφπαδ"
"Πόσα άτομα μπορώ να δηλώσω σε μία αίτηση πρόσληψης προσωπικού;","έγκριση_πρόσληψης_προσωπικού_μφπαδ"
"Η πρόσληψη προσωπικού δηλώνεται και στην Επιθεώρηση Εργασίας;","έγκριση_πρόσληψης_προσωπικού_μφπαδ"
"Χρειάζεται κωδικούς TAXISnet η αίτηση πρόσληψης προσωπικού;","έγκριση_πρόσληψης_προσωπικού_μφπαδ"
"Ποιος υπογράφει την αίτηση για πρόσληψη προσωπικού;","έγκριση_πρόσληψης_προσωπικού_μφπαδ"
"Τι γίνεται αν κάνω πρόσληψη προσωπικού χωρίς έγκριση;","έγκριση_πρόσληψης_προσωπικού_μφπαδ"
"Χρειάζεται βεβαίωση προϋπηρεσίας για την πρόσληψη προσωπικού;","έγκριση_πρόσληψης_προσωπικού_μφπαδ"
"Η έγκριση πρόσληψης προσωπικού αφορά και τους αναπληρωτές;","έγκριση_πρόσληψης_προσωπικού_μφπαδ"
"Πώς δηλώνω αποχώρηση προσωπικού μετά την πρόσληψη;","έγκριση_πρόσληψης_προσωπικού_μφπαδ"
"Χρειάζεται ιατρικό πιστοποιητικό πριν την πρόσληψη προσωπικού;","έγκριση_πρόσληψης_προσωπικού_μφπαδ"
"Ζητώ έγκριση πρόσληψης προσωπικού για μαγείρισσα.","έγκριση_πρόσληψης_προσωπικού_μφπαδ"
"Πόσο γρήγορα βγαίνει η έγκριση πρόσληψης προσωπικού;","έγκριση_πρόσληψης_προσωπικού_μφπαδ"
"Ποια στοιχεία υποβάλλονται για την πρόσληψη προσωπικού;","έγκριση_πρόσληψης_προσωπικού_μφπαδ"
"Χρειάζεται αναγγελία πρόσληψης προσωπικού στον Δήμο;","έγκριση_πρόσληψης_προσωπικού_μφπαδ"
"Μπορώ να καταθέσω δικαιολογητικά πρόσληψης για πολλά άτομα μαζί;","έγκριση_πρόσληψης_προσωπικού_μφπαδ"
"Η πρόσληψη προσωπικού απαιτεί έλεγχο από τον Δήμο;","έγκριση_πρόσληψης_προσωπικού_μφπαδ"
"Πού βρίσκω το έντυπο για την πρόσληψη προσωπικού;","έγκριση_πρόσληψης_προσωπικού_μφπαδ"
"Χρειάζεται ανανέωση της έγκρισης πρόσληψης προσωπικού κάθε χρόνο;","έγκριση_πρόσληψης_προσωπικού_μφπαδ"
"Θέλω να καταθέσω δικαιολογητικά για νέο υπάλληλο στον παιδικό σταθμό.","έγκριση_πρόσληψης_προσωπικού_μφπαδ"
"Ποια χαρτιά χρειάζονται για να πάρω νηπιαγωγό στη μονάδα μου;","έγκριση_πρόσληψης_προσωπικού_μφπαδ"
"Πού υποβάλλω τα δικαιολογητικά για το προσωπικό του βρεφονηπιακού;","έγκριση_πρόσληψης_προσωπικού_μφπαδ"
"Χρειάζεται ποινικό μητρώο για τους εργαζόμενους του σταθμού;","έγκριση_πρόσληψης_προσωπικού_μφπαδ"
"Πόσο καιρό παίρνει η έγκριση για νέο εργαζόμενο στη μονάδα;","έγκριση_πρόσληψης_προσωπικού_μφπαδ"
"Ποιο τμήμα ελέγχει τα δικαιολογητικά του προσωπικού;","έγκριση_πρόσληψης_προσωπικού_μφπαδ"
"Χρειάζεται πιστοποιητικό υγείας για τους εργαζόμενους της μονάδας;","έγκριση_πρόσληψης_προσωπικού_μφπαδ"
"Γίνεται ηλεκτρονικά η υποβολή για νέο εργαζόμενο του σταθμού;","έγκριση_πρόσληψης_προσωπικού_μφπαδ"
"Πόσο κοστίζει η διαδικασία έγκρισης για το προσωπικό;","έγκριση_πρόσληψης_προσωπικού_μφπαδ"
"Θέλω να πάρω βοηθό βρεφοκόμου στη μονάδα φροντίδας.","έγκριση_πρόσληψης_προσωπικού_μφπαδ"
"Χρειάζεται σύμβαση εργασίας για την έγκριση του εργαζομένου;","έγκριση_πρόσληψης_προσωπικού_μφπαδ"
"Ποια πτυχία γίνονται δεκτά για τους εργαζόμενους του σταθμού;","έγκριση_πρόσληψης_προσωπικού_μφπαδ"
"Έκανα υποβολή για νέο εργαζόμενο και περιμένω απάντηση.","έγκριση_πρόσληψης_προσωπικού_μφπαδ"
"Μπορεί ο λογιστής να καταθέσει τα χαρτιά του εργαζομένου;","έγκριση_πρόσληψης_προσωπικού_μφπαδ"
"Πόσα άτομα προσωπικού μπορώ να δηλώσω σε μία αίτηση;","έγκριση_πρόσληψης_προσωπικού_μφπαδ"
"Δηλώνεται και στην Επιθεώρηση Εργασίας ο νέος εργαζόμενος;","έγκριση_πρόσληψης_προσωπικού_μφπαδ"
"Χρειάζονται κωδικοί TAXISnet για την αίτηση του προσωπικού;","έγκριση_πρόσληψης_προσωπικού_μφπαδ"
"Ποιος υπογράφει την αίτηση για τον εργαζόμενο του σταθμού;","έγκριση_πρόσληψης_προσωπικού_μφπαδ"
"Τι γίνεται αν ο εργαζόμενος ξεκινήσει χωρίς έγκριση;","έγκριση_πρόσληψης_προσωπικού_μφπαδ"
"Χρειάζεται βεβαίωση προϋπηρεσίας για τον εργαζόμενο;","έγκριση_πρόσληψης_προσωπικού_μφπαδ"
"Αφορά και τους αναπληρωτές εργαζόμενους του σταθμού;","έγκριση_πρόσληψης_προσωπικού_μφπαδ"
"Πώς δηλώνω ότι αποχώρησε εργαζόμενος από τη μονάδα;","έγκριση_πρόσληψης_προσωπικού_μφπαδ"
"Χρειάζεται ιατρικό πιστοποιητικό για τη μαγείρισσα του σταθμού;","έγκριση_πρόσληψης_προσωπικού_μφπαδ"
"Πόσο γρήγορα βγαίνει η έγκριση για το προσωπικό;","έγκριση_πρόσληψης_προσωπικού_μφπαδ"
"Ποια στοιχεία υποβάλλονται για κάθε εργαζόμενο της μονάδας;","έγκριση_πρόσληψης_προσωπικού_μφπαδ"
"Χρειάζεται αναγγελία στον Δήμο για νέο εργαζόμενο;","έγκριση_πρόσληψης_προσωπικού_μφπαδ"
"Μπορώ να καταθέσω χαρτιά για πολλούς εργαζόμενους μαζί;","έγκριση_πρόσληψης_προσωπικού_μφπαδ"
"Απαιτείται έλεγχος από τον Δήμο για το προσωπικό της μονάδας;","έγκριση_πρόσληψης_προσωπικού_μφπαδ"
"Πού βρίσκω το έντυπο για τους εργαζόμενους του σταθμού;","έγκριση_πρόσληψης_προσωπικού_μφπαδ"
"Χρειάζεται ανανέωση της έγκρισης κάθε χρόνο για το προσωπικό;","έγκριση_πρόσληψης_προσωπικού_μφπαδ"
"Ο βρεφονηπιακός μου σταθμός θέλει επιπλέον προσωπικό.","έγκριση_πρόσληψης_προσωπικού_μφπαδ"
"Ποια είναι η αναλογία εργαζομένων ανά παιδί στη μονάδα;","έγκριση_πρόσληψης_προσωπικού_μφπαδ"
"Χρειάζεται πτυχίο βρεφονηπιοκόμου για τη θέση στον σταθμό;","έγκριση_πρόσληψης_προσωπικού_μφπαδ"
"Η μονάδα πρέπει να ενημερώνει τον Δήμο για αλλαγές στο προσωπικό;","έγκριση_πρόσληψης_προσωπικού_μφπαδ"
"Πώς ελέγχεται η επάρκεια του προσωπικού στον παιδικό σταθμό;","έγκριση_πρόσληψης_προσωπικού_μφπαδ"
"Θέλω να προσλάβω κοπέλα στον παιδικό σταθμό, τι χαρτιά θέλει;","έγκριση_πρόσληψης_προσωπικού_μφπαδ"
"Ρε παιδιά, πού καταθέτω τα χαρτιά για την πρόσληψη προσωπικού;","έγκριση_πρόσληψης_προσωπικού_μφπαδ"
"Πόσο κάνει να βγει η έγκριση πρόσληψης;","έγκριση_πρόσληψης_προσωπικού_μφπαδ"
"Μου ζητάνε ποινικό μητρώο για τη νηπιαγωγό.","έγκριση_πρόσληψης_προσωπικού_μφπαδ"
"Μπορώ να τη βάλω να δουλέψει στον σταθμό πριν την έγκριση;","έγκριση_πρόσληψης_προσωπικού_μφπαδ"
"Πόσα χαρτιά θέλει για έναν εργαζόμενο;","έγκριση_πρόσληψης_προσωπικού_μφπαδ"
"Ο λογιστής μου λέει να καταθέσω τα χαρτιά του προσωπικού στον Δήμο.","έγκριση_πρόσληψης_προσωπικού_μφπαδ"
"Θέλω βοηθό βρεφοκόμου, τι δικαιολογητικά χρειάζονται;","έγκριση_πρόσληψης_προσωπικού_μφπαδ"
"Έκανα την κατάθεση για το προσωπικό και δεν με πήρε κανείς.","έγκριση_πρόσληψης_προσωπικού_μφπαδ"
"Γίνεται online η αίτηση για το προσωπικό του σταθμού;","έγκριση_πρόσληψης_προσωπικού_μφπαδ"
"Πόσο θα περιμένω για την έγκριση πρόσληψης;","έγκριση_πρόσληψης_προσωπικού_μφπαδ"
"Πρέπει να έχει πτυχίο η κοπέλα που θα πάρω στον σταθμό;","έγκριση_πρόσληψης_προσωπικού_μφπαδ"
"Χρειάζεται και ιατρικό για το προσωπικό;","έγκριση_πρόσληψης_προσωπικού_μφπαδ"
"Μου έφυγε εργαζόμενη από τη μονάδα, πρέπει να το δηλώσω;","έγκριση_πρόσληψης_προσωπικού_μφπαδ"
"Πείτε μου τι χαρτιά θέλει η πρόσληψη προσωπικού.","έγκριση_πρόσληψης_προσωπικού_μφπαδ"
"Θέλω να πάρω μαγείρισσα στον παιδικό σταθμό.","έγκριση_πρόσληψης_προσωπικού_μφπαδ"
"Μπορώ να δηλώσω τρεις εργαζόμενους μαζί;","έγκριση_πρόσληψης_προσωπικού_μφπαδ"
"Θα φάω πρόστιμο αν δεν κάνω την έγκριση πρόσληψης;","έγκριση_πρόσληψης_προσωπικού_μφπαδ"
"Ήρθα και μου είπαν ότι λείπει χαρτί για τον εργαζόμενο.","έγκριση_πρόσληψης_προσωπικού_μφπαδ"
"Κάθε χρόνο ξανακάνω την ίδια διαδικασία για το προσωπικό;","έγκριση_πρόσληψης_προσωπικού_μφπαδ"
"Ποιος υπογράφει τα χαρτιά της πρόσληψης;","έγκριση_πρόσληψης_προσωπικού_μφπαδ"
"Θέλει κωδικούς TAXISnet η αίτηση για το προσωπικό;","έγκριση_πρόσληψης_προσωπικού_μφπαδ"
"Πόσα άτομα πρέπει να έχω ανά παιδί στον σταθμό;","έγκριση_πρόσληψης_προσωπικού_μφπαδ"
"Ο βρεφονηπιακός μου χρειάζεται κι άλλο προσωπικό.","έγκριση_πρόσληψης_προσωπικού_μφπαδ"
"Βιάζομαι, ανοίγει ο σταθμός και θέλω την έγκριση πρόσληψης.","έγκριση_πρόσληψης_προσωπικού_μφπαδ"
"Μου είπαν ότι θέλει βεβαίωση προϋπηρεσίας ο εργαζόμενος.","έγκριση_πρόσληψης_προσωπικού_μφπαδ"
"Πού βρίσκω το έντυπο κατάθεσης δικαιολογητικών προσωπικού;","έγκριση_πρόσληψης_προσωπικού_μφπαδ"
"Δηλώνεται και στην Εργάνη ο νέος εργαζόμενος του σταθμού;","έγκριση_πρόσληψης_προσωπικού_μφπαδ"
"Πόσο κοστίζει η έγκριση πρόσληψης;","έγκριση_πρόσληψης_προσωπικού_μφπαδ"
"Έχω αναπληρώτρια στον σταθμό, θέλει κι αυτή έγκριση;","έγκριση_πρόσληψης_προσωπικού_μφπαδ"
"Θέλω αναθεώρηση της άδειας του παιδικού μου σταθμού.","αναθεώρηση_άδειας_μφπαδ"
"Πού κάνω αίτηση για αναθεώρηση άδειας λειτουργίας;","αναθεώρηση_άδειας_μφπαδ"
"Ποια δικαιολογητικά χρειάζονται για αναθεώρηση της άδειας;","αναθεώρηση_άδειας_μφπαδ"
"Πόσο κοστίζει η αναθεώρηση άδειας μονάδας προσχολικής αγωγής;","αναθεώρηση_άδειας_μφπαδ"
"Πότε απαιτείται αναθεώρηση της άδειας του σταθμού;","αναθεώρηση_άδειας_μφπαδ"
"Πόσο καιρό παίρνει η αναθεώρηση της άδειας;","αναθεώρηση_άδειας_μφπαδ"
"Άλλαξε ο αριθμός των παιδιών, χρειάζεται αναθεώρηση;","αναθεώρηση_άδειας_μφπαδ"
"Ποιο τμήμα εγκρίνει την αναθεώρηση της άδειας;","αναθεώρηση_άδειας_μφπαδ"
"Γίνεται ηλεκτρονικά η αίτηση αναθεώρησης άδειας;","αναθεώρηση_άδειας_μφπαδ"
"Χρειάζεται νέα κάτοψη για την αναθεώρηση της άδειας;","αναθεώρηση_άδειας_μφπαδ"
"Άλλαξε ο νόμιμος εκπρόσωπος, θέλει αναθεώρηση άδειας;","αναθεώρηση_άδειας_μφπαδ"
"Η αναθεώρηση άδειας απαιτεί αυτοψία στη μονάδα;","αναθεώρηση_άδειας_μφπαδ"
"Ζητώ αναθεώρηση άδειας λόγω επέκτασης του σταθμού.","αναθεώρηση_άδειας_μφπαδ"
"Ποιος υπογράφει την αίτηση αναθεώρησης άδειας;","αναθεώρηση_άδειας_μφπαδ"
"Χρειάζονται κωδικοί TAXISnet για την αναθεώρηση;","αναθεώρηση_άδειας_μφπαδ"
"Πόσο ισχύει η άδεια μετά την αναθεώρηση;","αναθεώρηση_άδειας_μφπαδ"
"Έκανα αίτηση αναθεώρησης και περιμένω απάντηση.","αναθεώρηση_άδειας_μφπαδ"
"Χρειάζεται πιστοποιητικό πυρασφάλειας για την αναθεώρηση;","αναθεώρηση_άδειας_μφπαδ"
"Η αναθεώρηση αφορά και αλλαγή διεύθυνσης της μονάδας;","αναθεώρηση_άδειας_μφπαδ"
"Μπορεί μηχανικός να καταθέσει την αίτηση αναθεώρησης;","αναθεώρηση_άδειας_μφπαδ"
"Τι γίνεται αν λειτουργώ χωρίς αναθεώρηση της άδειας;","αναθεώρηση_άδειας_μφπαδ"
"Χρειάζεται νέο πιστοποιητικό καταλληλότητας για την αναθεώρηση;","αναθεώρηση_άδειας_μφπαδ"
"Πόσο γρήγορα βγαίνει η αναθεώρηση της άδειας;","αναθεώρηση_άδειας_μφπαδ"
"Χρειάζεται αναθεώρηση της άδειας μετά από ανακαίνιση;","αναθεώρηση_άδειας_μφπαδ"
"Ποια στοιχεία αλλάζουν με την αναθεώρηση της άδειας;","αναθεώρηση_άδειας_μφπαδ"
"Χρειάζεται παράβολο για την αναθεώρηση άδειας;","αναθεώρηση_άδειας_μφπαδ"
"Ζητώ αναθεώρηση άδειας λόγω αλλαγής δυναμικότητας.","αναθεώρηση_άδειας_μφπαδ"
"Η αναθεώρηση γίνεται στο ίδιο τμήμα με την αρχική άδεια;","αναθεώρηση_άδειας_μφπαδ"
"Πόσες φορές μπορώ να ζητήσω αναθεώρηση της άδειας;","αναθεώρηση_άδειας_μφπαδ"
"Χρειάζεται βεβαίωση μηχανικού για την αναθεώρηση της άδειας;","αναθεώρηση_άδειας_μφπαδ"
"Μετά την αναθεώρηση εκδίδεται νέα άδεια;","αναθεώρηση_άδειας_μφπαδ"
"Η αλλαγή ωραρίου απαιτεί αναθεώρηση της άδειας;","αναθεώρηση_άδειας_μφπαδ"
"Ποιο είναι το πρόστιμο αν καθυστερήσω την αναθεώρηση;","αναθεώρηση_άδειας_μφπαδ"
"Χρειάζεται ασφαλιστήριο για την αναθεώρηση της άδειας;","αναθεώρηση_άδειας_μφπαδ"
"Πού βρίσκω το έντυπο αναθεώρησης άδειας;","αναθεώρηση_άδειας_μφπαδ"
"Θέλω να τροποποιήσω την άδεια του βρεφονηπιακού μου σταθμού.","αναθεώρηση_άδειας_μφπαδ"
"Πού δηλώνω αλλαγή στη δυναμικότητα της μονάδας;","αναθεώρηση_άδειας_μφπαδ"
"Ποια δικαιολογητικά χρειάζονται για τροποποίηση της άδειας;","αναθεώρηση_άδειας_μφπαδ"
"Άλλαξα τον χώρο του σταθμού, τι πρέπει να κάνω με την άδεια;","αναθεώρηση_άδειας_μφπαδ"
"Πόσο κοστίζει η τροποποίηση της άδειας λειτουργίας;","αναθεώρηση_άδειας_μφπαδ"
"Άλλαξε ο νόμιμος εκπρόσωπος της μονάδας φροντίδας.","αναθεώρηση_άδειας_μφπαδ"
"Χρειάζεται νέα κάτοψη μετά την ανακαίνιση του σταθμού;","αναθεώρηση_άδειας_μφπαδ"
"Ποιο τμήμα εγκρίνει τις αλλαγές στην άδεια;","αναθεώρηση_άδειας_μφπαδ"
"Γίνεται ηλεκτρονικά η δήλωση αλλαγών στην άδεια;","αναθεώρηση_άδειας_μφπαδ"
"Απαιτείται αυτοψία μετά τις αλλαγές στη μονάδα;","αναθεώρηση_άδειας_μφπαδ"
"Πόσο καιρό παίρνει η τροποποίηση της άδειας;","αναθεώρηση_άδειας_μφπαδ"
"Αύξησα τον αριθμό των παιδιών, τι δηλώνω στην άδεια;","αναθεώρηση_άδειας_μφπαδ"
"Χρειάζεται πιστοποιητικό πυρασφάλειας για τις αλλαγές;","αναθεώρηση_άδειας_μφπαδ"
"Μπορεί μηχανικός να καταθέσει τα δικαιολογητικά τροποποίησης;","αναθεώρηση_άδειας_μφπαδ"
"Τι γίνεται αν λειτουργώ με λάθος στοιχεία στην άδεια;","αναθεώρηση_άδειας_μφπαδ"
"Χρειάζεται νέο πιστοποιητικό καταλληλότητας του κτιρίου;","αναθεώρηση_άδειας_μφπαδ"
"Ποιος υπογράφει την αίτηση τροποποίησης της άδειας;","αναθεώρηση_άδειας_μφπαδ"
"Χρειάζονται κωδικοί TAXISnet για τη δήλωση αλλαγών στην άδεια;","αναθεώρηση_άδειας_μφπαδ"
"Μετακόμισα τη μονάδα σε άλλο κτίριο, τι κάνω με την άδεια;","αναθεώρηση_άδειας_μφπαδ"
"Πόσο ισχύει η άδεια μετά τις αλλαγές;","αναθεώρηση_άδειας_μφπαδ"
"Έκανα αίτηση τροποποίησης της άδειας και περιμένω.","αναθεώρηση_άδειας_μφπαδ"
"Άλλαξα ωράριο λειτουργίας του σταθμού, το δηλώνω;","αναθεώρηση_άδειας_μφπαδ"
"Χρειάζεται παράβολο για την τροποποίηση της άδειας;","αναθεώρηση_άδειας_μφπαδ"
"Ποια στοιχεία της άδειας μπορούν να αλλάξουν;","αναθεώρηση_άδειας_μφπαδ"
"Μετά την τροποποίηση εκδίδεται νέο έγγραφο άδειας;","αναθεώρηση_άδειας_μφπαδ"
"Χρειάζεται ασφαλιστήριο για την τροποποίηση της άδειας;","αναθεώρηση_άδειας_μφπαδ"
"Πόσο γρήγορα εγκρίνονται οι αλλαγές στην άδεια;","αναθεώρηση_άδειας_μφπαδ"
"Πού βρίσκω το έντυπο τροποποίησης άδειας;","αναθεώρηση_άδειας_μφπαδ"
"Η επέκταση του σταθμού απαιτεί νέα δικαιολογητικά;","αναθεώρηση_άδειας_μφπαδ"
"Ποιες αλλαγές της μονάδας πρέπει να δηλώνονται υποχρεωτικά;","αναθεώρηση_άδειας_μφπαδ"
"Άλλαξε η επωνυμία της επιχείρησης, το δηλώνω στην άδεια;","αναθεώρηση_άδειας_μφπαδ"
"Χρειάζεται βεβαίωση μηχανικού για τις αλλαγές στη μονάδα;","αναθεώρηση_άδειας_μφπαδ"
"Πόσες φορές μπορώ να τροποποιήσω την άδεια;","αναθεώρηση_άδειας_μφπαδ"
"Η τροποποίηση γίνεται στο ίδιο τμήμα με την αρχική άδεια;","αναθεώρηση_άδειας_μφπαδ"
"Τι πρόστιμο υπάρχει αν δεν δηλώσω τις αλλαγές στην άδεια;","αναθεώρηση_άδειας_μφπαδ"
"Θέλω να αλλάξω την άδεια του παιδικού μου σταθμού.","αναθεώρηση_άδειας_μφπαδ"
"Ρε παιδιά, πώς κάνω αναθεώρηση της άδειας;","αναθεώρηση_άδειας_μφπαδ"
"Πήρα κι άλλα παιδιά στον σταθμό, πρέπει να το δηλώσω;","αναθεώρηση_άδειας_μφπαδ"
"Πόσο κάνει η αναθεώρηση της άδειας;","αναθεώρηση_άδειας_μφπαδ"
"Άλλαξα κτίριο, τι γίνεται με την άδεια του σταθμού;","αναθεώρηση_άδειας_μφπαδ"
"Πόσο θα περιμένω για την αναθεώρηση;","αναθεώρηση_άδειας_μφπαδ"
"Ο μηχανικός λέει ότι θέλει νέα κάτοψη για την άδεια.","αναθεώρηση_άδειας_μφπαδ"
"Μπορώ να λειτουργώ τον σταθμό μέχρι να βγει η αναθεώρηση;","αναθεώρηση_άδειας_μφπαδ"
"Πείτε μου τι χαρτιά θέλει η αναθεώρηση άδειας.","αναθεώρηση_άδειας_μφπαδ"
"Έκανα αίτηση αναθεώρησης και δεν με πήρε κανείς.","αναθεώρηση_άδειας_μφπαδ"
"Θα έρθει κανείς για αυτοψία στον σταθμό;","αναθεώρηση_άδειας_μφπαδ"
"Άλλαξε ο ιδιοκτήτης της μονάδας, χρειάζεται αναθεώρηση;","αναθεώρηση_άδειας_μφπαδ"
"Θέλει παράβολο η αναθεώρηση της άδειας;","αναθεώρηση_άδειας_μφπαδ"
"Γίνεται online η αναθεώρηση άδειας;","αναθεώρηση_άδειας_μφπαδ"
"Ανακαίνισα τον χώρο του σταθμού, πρέπει να ενημερώσω;","αναθεώρηση_άδειας_μφπαδ"
"Πόσο γρήγορα βγαίνει η αναθεώρηση;","αναθεώρηση_άδειας_μφπαδ"
"Μου ζητάνε πυρασφάλεια ξανά για την άδεια του σταθμού.","αναθεώρηση_άδειας_μφπαδ"
"Άλλαξα το ωράριο του σταθμού, το δηλώνω στην άδεια;","αναθεώρηση_άδειας_μφπαδ"
"Θα φάω πρόστιμο αν δεν κάνω την αναθεώρηση;","αναθεώρηση_άδειας_μφπαδ"
"Ήρθα και μου είπαν ότι λείπει χαρτί για την αναθεώρηση.","αναθεώρηση_άδειας_μφπαδ"
"Πόσες φορές μπορώ να αλλάξω την άδεια του σταθμού;","αναθεώρηση_άδειας_μφπαδ"
"Βγαίνει καινούργιο χαρτί μετά την αναθεώρηση;","αναθεώρηση_άδειας_μφπαδ"
"Ποιος υπογράφει την αίτηση της αναθεώρησης;","αναθεώρηση_άδειας_μφπαδ"
"Θέλει κωδικούς TAXISnet η αναθεώρηση;","αναθεώρηση_άδειας_μφπαδ"
"Μεγάλωσα τον σταθμό, τι κάνω με την άδεια;","αναθεώρηση_άδειας_μφπαδ"
"Πού βρίσκω το έντυπο για την αναθεώρηση;","αναθεώρηση_άδειας_μφπαδ"
"Άλλαξε η επωνυμία, χρειάζεται αναθεώρηση άδειας;","αναθεώρηση_άδειας_μφπαδ"
"Βιάζομαι, ανοίγει η σχολική χρονιά και θέλω την αναθεώρηση.","αναθεώρηση_άδειας_μφπαδ"
"Μου είπαν ότι η αναθεώρηση θέλει βεβαίωση μηχανικού.","αναθεώρηση_άδειας_μφπαδ"
"Πόσο ισχύει η άδεια του σταθμού μετά την αναθεώρηση;","αναθεώρηση_άδειας_μφπαδ"
"Θέλω άδεια ίδρυσης παιδικού σταθμού.","ενιαία_άδεια_ίδρυσης_μφπαδ"
"Πού κάνω αίτηση για ενιαία άδεια ίδρυσης και λειτουργίας;","ενιαία_άδεια_ίδρυσης_μφπαδ"
"Ποια δικαιολογητικά χρειάζονται για την άδεια ίδρυσης;","ενιαία_άδεια_ίδρυσης_μφπαδ"
"Πόσο κοστίζει η ενιαία άδεια ίδρυσης μονάδας προσχολικής αγωγής;","ενιαία_άδεια_ίδρυσης_μφπαδ"
"Πόσο καιρό παίρνει η άδεια ίδρυσης βρεφονηπιακού σταθμού;","ενιαία_άδεια_ίδρυσης_μφπαδ"
"Ποιο τμήμα χορηγεί την άδεια ίδρυσης;","ενιαία_άδεια_ίδρυσης_μφπαδ"
"Γίνεται ηλεκτρονικά η αίτηση για άδεια ίδρυσης;","ενιαία_άδεια_ίδρυσης_μφπαδ"
"Χρειάζεται κάτοψη για την άδεια ίδρυσης;","ενιαία_άδεια_ίδρυσης_μφπαδ"
"Ποιος υπογράφει την αίτηση άδειας ίδρυσης;","ενιαία_άδεια_ίδρυσης_μφπαδ"
"Χρειάζεται πυρασφάλεια για την άδεια ίδρυσης;","ενιαία_άδεια_ίδρυσης_μφπαδ"
"Θέλω να ανοίξω βρεφονηπιακό, ποια είναι η διαδικασία ίδρυσης;","ενιαία_άδεια_ίδρυσης_μφπαδ"
"Απαιτείται αυτοψία για την άδεια ίδρυσης;","ενιαία_άδεια_ίδρυσης_μφπαδ"
"Χρειάζονται κωδικοί TAXISnet για την άδεια ίδρυσης;","ενιαία_άδεια_ίδρυσης_μφπαδ"
"Πόσο ισχύει η ενιαία άδεια ίδρυσης και λειτουργίας;","ενιαία_άδεια_ίδρυσης_μφπαδ"
"Έκανα αίτηση για άδεια ίδρυσης και περιμένω.","ενιαία_άδεια_ίδρυσης_μφπαδ"
"Μπορεί νομικό πρόσωπο να ζητήσει άδεια ίδρυσης;","ενιαία_άδεια_ίδρυσης_μφπαδ"
"Χρειάζεται πιστοποιητικό καταλληλότητας για την ίδρυση της μονάδας;","ενιαία_άδεια_ίδρυσης_μφπαδ"
"Ποια στοιχεία δηλώνω στην αίτηση άδειας ίδρυσης;","ενιαία_άδεια_ίδρυσης_μφπαδ"
"Χρειάζεται παράβολο για την άδεια ίδρυσης;","ενιαία_άδεια_ίδρυσης_μφπαδ"
"Τι γίνεται αν λειτουργήσω χωρίς άδεια ίδρυσης;","ενιαία_άδεια_ίδρυσης_μφπαδ"
"Ζητώ ενιαία άδεια ίδρυσης για νέα μονάδα φροντίδας.","ενιαία_άδεια_ίδρυσης_μφπαδ"
"Χρειάζεται μελέτη μηχανικού για την άδεια ίδρυσης;","ενιαία_άδεια_ίδρυσης_μφπαδ"
"Πόσα παιδιά μπορώ να δηλώσω στην άδεια ίδρυσης;","ενιαία_άδεια_ίδρυσης_μφπαδ"
"Πού βρίσκω το έντυπο άδειας ίδρυσης;","ενιαία_άδεια_ίδρυσης_μφπαδ"
"Η άδεια ίδρυσης εκδίδεται μαζί με την άδεια λειτουργίας;","ενιαία_άδεια_ίδρυσης_μφπαδ"
"Χρειάζεται ποινικό μητρώο για την άδεια ίδρυσης;","ενιαία_άδεια_ίδρυσης_μφπαδ"
"Πόσο γρήγορα βγαίνει η άδεια ίδρυσης;","ενιαία_άδεια_ίδρυσης_μφπαδ"
"Ποια είναι τα κτιριακά κριτήρια για την άδεια ίδρυσης;","ενιαία_άδεια_ίδρυσης_μφπαδ"
"Χρειάζεται τίτλος ιδιοκτησίας για την άδεια ίδρυσης;","ενιαία_άδεια_ίδρυσης_μφπαδ"
"Μπορώ να ζητήσω άδεια ίδρυσης για ενοικιαζόμενο χώρο;","ενιαία_άδεια_ίδρυσης_μφπαδ"
"Η άδεια ίδρυσης αφορά και ολοήμερα τμήματα;","ενιαία_άδεια_ίδρυσης_μφπαδ"
"Χρειάζεται ασφαλιστήριο για την άδεια ίδρυσης;","ενιαία_άδεια_ίδρυσης_μφπαδ"
"Ποιος ελέγχει τα δικαιολογητικά της άδειας ίδρυσης;","ενιαία_άδεια_ίδρυσης_μφπαδ"
"Η άδεια ίδρυσης απαιτεί υγειονομική έγκριση;","ενιαία_άδεια_ίδρυσης_μφπαδ"
"Πόσο διαρκεί όλη η διαδικασία της άδειας ίδρυσης;","ενιαία_άδεια_ίδρυσης_μφπαδ"
"Θέλω να ανοίξω παιδικό σταθμό, τι άδεια χρειάζομαι;","ενιαία_άδεια_ίδρυσης_μφπαδ"
"Ποια δικαιολογητικά θέλει η άδεια λειτουργίας βρεφονηπιακού;","ενιαία_άδεια_ίδρυσης_μφπαδ"
"Πού απευθύνομαι για να λειτουργήσω μονάδα προσχολικής αγωγής;","ενιαία_άδεια_ίδρυσης_μφπαδ"
"Πόσο κοστίζει η άδεια λειτουργίας παιδικού σταθμού;","ενιαία_άδεια_ίδρυσης_μφπαδ"
"Πόσο καιρό παίρνει να πάρω την άδεια για τον σταθμό;","ενιαία_άδεια_ίδρυσης_μφπαδ"
"Ποιο τμήμα χορηγεί την άδεια λειτουργίας της μονάδας;","ενιαία_άδεια_ίδρυσης_μφπαδ"
"Γίνεται ηλεκτρονικά η αίτηση για την άδεια λειτουργίας;","ενιαία_άδεια_ίδρυσης_μφπαδ"
"Χρειάζεται κάτοψη του χώρου για την αίτηση της άδειας;","ενιαία_άδεια_ίδρυσης_μφπαδ"
"Χρειάζεται πυρασφάλεια για να λειτουργήσει η μονάδα;","ενιαία_άδεια_ίδρυσης_μφπαδ"
"Απαιτείται αυτοψία πριν εκδοθεί η άδεια του σταθμού;","ενιαία_άδεια_ίδρυσης_μφπαδ"
"Χρειάζονται κωδικοί TAXISnet για την αίτηση της άδειας;","ενιαία_άδεια_ίδρυσης_μφπαδ"
"Πόσο ισχύει η άδεια λειτουργίας της μονάδας;","ενιαία_άδεια_ίδρυσης_μφπαδ"
"Έκανα αίτηση για την άδεια του σταθμού και περιμένω.","ενιαία_άδεια_ίδρυσης_μφπαδ"
"Μπορεί εταιρεία να ζητήσει άδεια λειτουργίας μονάδας;","ενιαία_άδεια_ίδρυσης_μφπαδ"
"Χρειάζεται πιστοποιητικό καταλληλότητας του κτιρίου για τον σταθμό;","ενιαία_άδεια_ίδρυσης_μφπαδ"
"Ποια στοιχεία δηλώνω στην αίτηση για τη μονάδα;","ενιαία_άδεια_ίδρυσης_μφπαδ"
"Χρειάζεται παράβολο για την άδεια λειτουργίας;","ενιαία_άδεια_ίδρυσης_μφπαδ"
"Τι πρόστιμο υπάρχει αν λειτουργήσω τον σταθμό χωρίς άδεια;","ενιαία_άδεια_ίδρυσης_μφπαδ"
"Χρειάζεται μελέτη μηχανικού για τον χώρο της μονάδας;","ενιαία_άδεια_ίδρυσης_μφπαδ"
"Πόσα παιδιά μπορεί να δεχθεί η μονάδα φροντίδας;","ενιαία_άδεια_ίδρυσης_μφπαδ"
"Πού βρίσκω το έντυπο της αίτησης για τον σταθμό;","ενιαία_άδεια_ίδρυσης_μφπαδ"
"Χρειάζεται ποινικό μητρώο για τον ιδιοκτήτη του σταθμού;","ενιαία_άδεια_ίδρυσης_μφπαδ"
"Ποια είναι τα κτιριακά κριτήρια για τη μονάδα προσχολικής αγωγής;","ενιαία_άδεια_ίδρυσης_μφπαδ"
"Χρειάζεται τίτλος ιδιοκτησίας ή αρκεί μισθωτήριο για τον σταθμό;","ενιαία_άδεια_ίδρυσης_μφπαδ"
"Μπορώ να λειτουργήσω τη μονάδα σε ενοικιαζόμενο χώρο;","ενιαία_άδεια_ίδρυσης_μφπαδ"
"Η άδεια αφορά και τα ολοήμερα τμήματα του σταθμού;","ενιαία_άδεια_ίδρυσης_μφπαδ"
"Χρειάζεται ασφαλιστήριο συμβόλαιο για τη μονάδα;","ενιαία_άδεια_ίδρυσης_μφπαδ"
"Ποιος ελέγχει τα δικαιολογητικά για την άδεια του σταθμού;","ενιαία_άδεια_ίδρυσης_μφπαδ"
"Απαιτείται υγειονομική έγκριση για τη μονάδα φροντίδας;","ενιαία_άδεια_ίδρυσης_μφπαδ"
"Πόσο διαρκεί όλη η διαδικασία αδειοδότησης του σταθμού;","ενιαία_άδεια_ίδρυσης_μφπαδ"
"Θέλω να λειτουργήσω βρεφικό τμήμα στη μονάδα μου.","ενιαία_άδεια_ίδρυσης_μφπαδ"
"Ποιες προδιαγραφές πρέπει να πληροί ο αύλειος χώρος του σταθμού;","ενιαία_άδεια_ίδρυσης_μφπαδ"
"Χρειάζεται βεβαίωση χρήσης γης για τη μονάδα προσχολικής αγωγής;","ενιαία_άδεια_ίδρυσης_μφπαδ"
"Πόσα τετραγωνικά χρειάζονται ανά παιδί στον σταθμό;","ενιαία_άδεια_ίδρυσης_μφπαδ"
"Ποιος καθορίζει τη δυναμικότητα της μονάδας φροντίδας;","ενιαία_άδεια_ίδρυσης_μφπαδ"
"Θέλω να ανοίξω παιδικό σταθμό, από πού ξεκινάω;","ενιαία_άδεια_ίδρυσης_μφπαδ"
"Ρε παιδιά, τι χαρτιά θέλει η άδεια ίδρυσης;","ενιαία_άδεια_ίδρυσης_μφπαδ"
"Πόσο κάνει η άδεια για να ανοίξω βρεφονηπιακό;","ενιαία_άδεια_ίδρυσης_μφπαδ"
"Πόσο θα περιμένω για την άδεια ίδρυσης;","ενιαία_άδεια_ίδρυσης_μφπαδ"
"Ο μηχανικός λέει ότι θέλει κάτοψη και πυρασφάλεια για τον σταθμό.","ενιαία_άδεια_ίδρυσης_μφπαδ"
"Μπορώ να νοικιάσω χώρο για τον παιδικό σταθμό;","ενιαία_άδεια_ίδρυσης_μφπαδ"
"Πόσα παιδιά μπορώ να πάρω στη μονάδα;","ενιαία_άδεια_ίδρυσης_μφπαδ"
"Πείτε μου τι δικαιολογητικά θέλει η άδεια ίδρυσης.","ενιαία_άδεια_ίδρυσης_μφπαδ"
"Έκανα αίτηση για την άδεια ίδρυσης και δεν με πήρε κανείς.","ενιαία_άδεια_ίδρυσης_μφπαδ"
"Θα έρθει κανείς να δει τον χώρο πριν την άδεια ίδρυσης;","ενιαία_άδεια_ίδρυσης_μφπαδ"
"Γίνεται online η αίτηση για άδεια ίδρυσης;","ενιαία_άδεια_ίδρυσης_μφπαδ"
"Θέλει παράβολο η άδεια ίδρυσης;","ενιαία_άδεια_ίδρυσης_μφπαδ"
"Πόσα τετραγωνικά θέλει ανά παιδί ο σταθμός;","ενιαία_άδεια_ίδρυσης_μφπαδ"
"Θα φάω πρόστιμο αν ανοίξω τον σταθμό χωρίς άδεια;","ενιαία_άδεια_ίδρυσης_μφπαδ"
"Μου ζητάνε βεβαίωση χρήσης γης για τη μονάδα.","ενιαία_άδεια_ίδρυσης_μφπαδ"
"Ήρθα και μου είπαν ότι λείπει χαρτί για την άδεια ίδρυσης.","ενιαία_άδεια_ίδρυσης_μφπαδ"
"Θέλω να κάνω και βρεφικό τμήμα στον σταθμό.","ενιαία_άδεια_ίδρυσης_μφπαδ"
"Πόσο ισχύει η άδεια ίδρυσης;","ενιαία_άδεια_ίδρυσης_μφπαδ"
"Ποιος υπογράφει την αίτηση για την άδεια ίδρυσης;","ενιαία_άδεια_ίδρυσης_μφπαδ"
"Χρειάζεται ποινικό μητρώο για μένα για να ανοίξω τη μονάδα;","ενιαία_άδεια_ίδρυσης_μφπαδ"
"Βιάζομαι, θέλω να ανοίξω Σεπτέμβρη τον σταθμό.","ενιαία_άδεια_ίδρυσης_μφπαδ"
"Θέλει κωδικούς TAXISnet η άδεια ίδρυσης;","ενιαία_άδεια_ίδρυσης_μφπαδ"
"Μπορεί να βγάλει την άδεια ίδρυσης η εταιρεία μου;","ενιαία_άδεια_ίδρυσης_μφπαδ"
"Πού βρίσκω το έντυπο για την άδεια ίδρυσης;","ενιαία_άδεια_ίδρυσης_μφπαδ"
"Πρέπει να έχει αυλή ο παιδικός σταθμός;","ενιαία_άδεια_ίδρυσης_μφπαδ"
"Μου είπαν ότι η μονάδα θέλει υγειονομική έγκριση.","ενιαία_άδεια_ίδρυσης_μφπαδ"
"Σε πόσες μέρες εκδίδεται η άδεια ίδρυσης του σταθμού;","ενιαία_άδεια_ίδρυσης_μφπαδ"
"Θέλει ασφαλιστήριο ο παιδικός σταθμός;","ενιαία_άδεια_ίδρυσης_μφπαδ"
"Ποιος αποφασίζει πόσα παιδιά θα δέχομαι στη μονάδα;","ενιαία_άδεια_ίδρυσης_μφπαδ"
"Ανοίγω μονάδα προσχολικής αγωγής, τι πρέπει να ξέρω;","ενιαία_άδεια_ίδρυσης_μφπαδ"
"Θέλω να υποβάλω ένσταση κατά της μελέτης κτηματογράφησης.","ένσταση_πολεοδομικής_μελέτης"
"Πού καταθέτω ένσταση για τη μελέτη πολεοδόμησης;","ένσταση_πολεοδομικής_μελέτης"
"Ποια δικαιολογητικά χρειάζονται για ένσταση κατά ρυμοτομικού σχεδίου;","ένσταση_πολεοδομικής_μελέτης"
"Πόση προθεσμία έχω για να κάνω ένσταση στη μελέτη;","ένσταση_πολεοδομικής_μελέτης"
"Πόσο κοστίζει η υποβολή ένστασης κατά της μελέτης;","ένσταση_πολεοδομικής_μελέτης"
"Ποιο τμήμα εξετάζει τις ενστάσεις της πολεοδομικής μελέτης;","ένσταση_πολεοδομικής_μελέτης"
"Γίνεται ηλεκτρονικά η ένσταση κατά της μελέτης;","ένσταση_πολεοδομικής_μελέτης"
"Η ένσταση κατά της μελέτης αφορά μόνο ιδιοκτήτες;","ένσταση_πολεοδομικής_μελέτης"
"Πόσο καιρό παίρνει η εξέταση της ένστασης;","ένσταση_πολεοδομικής_μελέτης"
"Μπορεί μηχανικός να καταθέσει την ένσταση για μένα;","ένσταση_πολεοδομικής_μελέτης"
"Τι γίνεται αν απορριφθεί η ένστασή μου κατά της μελέτης;","ένσταση_πολεοδομικής_μελέτης"
"Ζητώ ένσταση για την τροποποίηση του ρυμοτομικού σχεδίου.","ένσταση_πολεοδομικής_μελέτης"
"Χρειάζεται τοπογραφικό για την ένσταση;","ένσταση_πολεοδομικής_μελέτης"
"Ποιος υπογράφει την ένσταση κατά της μελέτης;","ένσταση_πολεοδομικής_μελέτης"
"Πού αναρτάται η μελέτη για να κάνω ένσταση;","ένσταση_πολεοδομικής_μελέτης"
"Έκανα ένσταση κατά της μελέτης και περιμένω απάντηση.","ένσταση_πολεοδομικής_μελέτης"
"Η ένσταση σταματάει τη διαδικασία της πολεοδομικής μελέτης;","ένσταση_πολεοδομικής_μελέτης"
"Πόσες ενστάσεις μπορώ να καταθέσω για το ίδιο οικόπεδο;","ένσταση_πολεοδομικής_μελέτης"
"Χρειάζεται δικηγόρος για την ένσταση κατά της μελέτης;","ένσταση_πολεοδομικής_μελέτης"
"Η ένσταση κατατίθεται στον Δήμο ή στην Περιφέρεια;","ένσταση_πολεοδομικής_μελέτης"
"Ποιος αποφασίζει για την ένσταση κατά της κτηματογράφησης;","ένσταση_πολεοδομικής_μελέτης"
"Χρειάζεται παράβολο για την ένσταση κατά της μελέτης;","ένσταση_πολεοδομικής_μελέτης"
"Θέλω ένσταση γιατί το οικόπεδό μου μπήκε λάθος στη μελέτη.","ένσταση_πολεοδομικής_μελέτης"
"Η προθεσμία της ένστασης έχει λήξει, τι κάνω;","ένσταση_πολεοδομικής_μελέτης"
"Πώς ενημερώνομαι για την απόφαση επί της ένστασης;","ένσταση_πολεοδομικής_μελέτης"
"Ζητώ ένσταση κατά της μελέτης πολεοδόμησης της περιοχής μου.","ένσταση_πολεοδομικής_μελέτης"
"Χρειάζεται τίτλος ιδιοκτησίας για την ένσταση;","ένσταση_πολεοδομικής_μελέτης"
"Μπορούν πολλοί ιδιοκτήτες να κάνουν κοινή ένσταση;","ένσταση_πολεοδομικής_μελέτης"
"Πού βρίσκω το έντυπο της ένστασης κατά της μελέτης;","ένσταση_πολεοδομικής_μελέτης"
"Η ένσταση εξετάζεται από επιτροπή;","ένσταση_πολεοδομικής_μελέτης"
"Θέλω ένσταση για λανθασμένα όρια στη μελέτη κτηματογράφησης.","ένσταση_πολεοδομικής_μελέτης"
"Πόσο γρήγορα απαντάτε στις ενστάσεις κατά της μελέτης;","ένσταση_πολεοδομικής_μελέτης"
"Η ένσταση καταχωρείται με αριθμό πρωτοκόλλου;","ένσταση_πολεοδομικής_μελέτης"
"Ποια στοιχεία πρέπει να αναφέρω στην ένσταση;","ένσταση_πολεοδομικής_μελέτης"
"Μετά την ένσταση μπορώ να προσφύγω δικαστικά;","ένσταση_πολεοδομικής_μελέτης"
"Διαφωνώ με τη μελέτη κτηματογράφησης, τι μπορώ να κάνω;","ένσταση_πολεοδομικής_μελέτης"
"Πού δηλώνω αντιρρήσεις για τη μελέτη πολεοδόμησης;","ένσταση_πολεοδομικής_μελέτης"
"Το οικόπεδό μου μπήκε λάθος στο ρυμοτομικό σχέδιο.","ένσταση_πολεοδομικής_μελέτης"
"Πόση προθεσμία έχω μετά την ανάρτηση της μελέτης;","ένσταση_πολεοδομικής_μελέτης"
"Ποια δικαιολογητικά χρειάζονται για αντιρρήσεις κατά της μελέτης;","ένσταση_πολεοδομικής_μελέτης"
"Ποιο τμήμα εξετάζει τις αντιρρήσεις των ιδιοκτητών;","ένσταση_πολεοδομικής_μελέτης"
"Γίνεται ηλεκτρονικά η κατάθεση αντιρρήσεων για τη μελέτη;","ένσταση_πολεοδομικής_μελέτης"
"Πού αναρτάται η πολεοδομική μελέτη της περιοχής;","ένσταση_πολεοδομικής_μελέτης"
"Πόσο καιρό παίρνει η εξέταση των αντιρρήσεων;","ένσταση_πολεοδομικής_μελέτης"
"Μπορεί ο μηχανικός μου να καταθέσει τις αντιρρήσεις;","ένσταση_πολεοδομικής_μελέτης"
"Τι γίνεται αν απορριφθούν οι αντιρρήσεις μου για τη μελέτη;","ένσταση_πολεοδομικής_μελέτης"
"Χρειάζεται τοπογραφικό διάγραμμα για τις αντιρρήσεις;","ένσταση_πολεοδομικής_μελέτης"
"Ποιος υπογράφει τις αντιρρήσεις κατά της μελέτης;","ένσταση_πολεοδομικής_μελέτης"
"Κατέθεσα αντιρρήσεις για τη μελέτη και περιμένω απάντηση.","ένσταση_πολεοδομικής_μελέτης"
"Σταματάει η διαδικασία όσο εξετάζονται οι αντιρρήσεις;","ένσταση_πολεοδομικής_μελέτης"
"Χρειάζεται δικηγόρος για τις αντιρρήσεις κατά της μελέτης;","ένσταση_πολεοδομικής_μελέτης"
"Οι αντιρρήσεις κατατίθενται στον Δήμο ή στην Περιφέρεια;","ένσταση_πολεοδομικής_μελέτης"
"Ποιος αποφασίζει τελικά για τη μελέτη κτηματογράφησης;","ένσταση_πολεοδομικής_μελέτης"
"Χρειάζεται παράβολο για την κατάθεση αντιρρήσεων;","ένσταση_πολεοδομικής_μελέτης"
"Η ιδιοκτησία μου δείχνει λάθος όρια στη μελέτη.","ένσταση_πολεοδομικής_μελέτης"
"Η προθεσμία για τη μελέτη πέρασε, μπορώ να κάνω κάτι;","ένσταση_πολεοδομικής_μελέτης"
"Πώς μαθαίνω την απόφαση για τις αντιρρήσεις μου;","ένσταση_πολεοδομικής_μελέτης"
"Χρειάζεται τίτλος ιδιοκτησίας για τις αντιρρήσεις;","ένσταση_πολεοδομικής_μελέτης"
"Μπορούμε πολλοί ιδιοκτήτες να καταθέσουμε αντιρρήσεις μαζί;","ένσταση_πολεοδομικής_μελέτης"
"Πού βρίσκω το έντυπο για τις αντιρρήσεις κατά της μελέτης;","ένσταση_πολεοδομικής_μελέτης"
"Εξετάζονται από επιτροπή οι αντιρρήσεις για τη μελέτη;","ένσταση_πολεοδομικής_μελέτης"
"Πόσο γρήγορα απαντάτε στους ιδιοκτήτες για τη μελέτη;","ένσταση_πολεοδομικής_μελέτης"
"Καταχωρείται με πρωτόκολλο η αίτησή μου για τη μελέτη;","ένσταση_πολεοδομικής_μελέτης"
"Ποια στοιχεία πρέπει να αναφέρω στις αντιρρήσεις;","ένσταση_πολεοδομικής_μελέτης"
"Μπορώ να προσφύγω δικαστικά μετά την απόφαση για τη μελέτη;","ένσταση_πολεοδομικής_μελέτης"
"Η τροποποίηση του ρυμοτομικού σχεδίου με επηρεάζει;","ένσταση_πολεοδομικής_μελέτης"
"Δεν με ειδοποίησε κανείς για την ανάρτηση της μελέτης.","ένσταση_πολεοδομικής_μελέτης"
"Πώς μαθαίνω αν το οικόπεδό μου είναι στη μελέτη πολεοδόμησης;","ένσταση_πολεοδομικής_μελέτης"
"Ποια είναι η διαδικασία μετά την ανάρτηση της μελέτης;","ένσταση_πολεοδομικής_μελέτης"
"Χρειάζεται συμβολαιογραφικό έγγραφο για τις αντιρρήσεις;","ένσταση_πολεοδομικής_μελέτης"
"Θέλω να κάνω ένσταση, μου πήραν κομμάτι από το οικόπεδο.","ένσταση_πολεοδομικής_μελέτης"
"Ρε παιδιά, πού κάνω ένσταση για τη μελέτη;","ένσταση_πολεοδομικής_μελέτης"
"Πόσες μέρες έχω για να κάνω ένσταση;","ένσταση_πολεοδομικής_μελέτης"
"Το χωράφι μου μπήκε λάθος στο ρυμοτομικό σχέδιο.","ένσταση_πολεοδομικής_μελέτης"
"Ποιον ρωτάω για την ένσταση στην πολεοδομία;","ένσταση_πολεοδομικής_μελέτης"
"Ο μηχανικός λέει να κάνω ένσταση για τη μελέτη.","ένσταση_πολεοδομικής_μελέτης"
"Πόσο κάνει η ένσταση;","ένσταση_πολεοδομικής_μελέτης"
"Έκανα ένσταση και δεν πήρα απάντηση.","ένσταση_πολεοδομικής_μελέτης"
"Πέρασε η προθεσμία της ένστασης, χάθηκα;","ένσταση_πολεοδομικής_μελέτης"
"Θέλει δικηγόρο η ένσταση ή την κάνω μόνος μου;","ένσταση_πολεοδομικής_μελέτης"
"Πού είναι αναρτημένη η μελέτη να τη δω;","ένσταση_πολεοδομικής_μελέτης"
"Μας πήραν μέτρα από το οικόπεδο για δρόμο, τι κάνουμε;","ένσταση_πολεοδομικής_μελέτης"
"Πόσο θα περιμένω για την απάντηση στην ένσταση;","ένσταση_πολεοδομικής_μελέτης"
"Μπορούμε να κάνουμε ένσταση όλοι μαζί οι γείτονες;","ένσταση_πολεοδομικής_μελέτης"
"Δεν μας ειδοποίησε κανείς για τη μελέτη πολεοδόμησης.","ένσταση_πολεοδομικής_μελέτης"
"Θέλει τοπογραφικό η ένσταση;","ένσταση_πολεοδομικής_μελέτης"
"Πείτε μου τι χαρτιά θέλει η ένσταση.","ένσταση_πολεοδομικής_μελέτης"
"Τα όρια είναι λάθος στη μελέτη κτηματογράφησης.","ένσταση_πολεοδομικής_μελέτης"
"Αν μου απορρίψουν την ένσταση τι γίνεται;","ένσταση_πολεοδομικής_μελέτης"
"Ήρθα και μου είπαν ότι λείπει χαρτί για την ένσταση.","ένσταση_πολεοδομικής_μελέτης"
"Θέλει παράβολο η ένσταση;","ένσταση_πολεοδομικής_μελέτης"
"Γίνεται online η ένσταση;","ένσταση_πολεοδομικής_μελέτης"
"Ποιος αποφασίζει τελικά για την ένστασή μου;","ένσταση_πολεοδομικής_μελέτης"
"Θα σταματήσουν τα έργα μέχρι να δουν την ένσταση;","ένσταση_πολεοδομικής_μελέτης"
"Το οικόπεδο βγήκε μικρότερο στο ρυμοτομικό.","ένσταση_πολεοδομικής_μελέτης"
"Πού βρίσκω το έντυπο της ένστασης;","ένσταση_πολεοδομικής_μελέτης"
"Βιάζομαι, λήγει η προθεσμία της ένστασης αύριο.","ένσταση_πολεοδομικής_μελέτης"
"Μπορώ να πάω και στο δικαστήριο μετά την ένσταση;","ένσταση_πολεοδομικής_μελέτης"
"Ο γείτονας έκανε ένσταση, να κάνω κι εγώ;","ένσταση_πολεοδομικής_μελέτης"
"Πόσο γρήγορα βγαίνει η απόφαση για την ένσταση;","ένσταση_πολεοδομικής_μελέτης"
"Θέλω αντίγραφα άδειας δόμησης μετά το 2018.","αντίγραφα_αδειών_δόμησης_μετά_2018"
"Πού ζητάω αντίγραφα στοιχείων αδειών δόμησης;","αντίγραφα_αδειών_δόμησης_μετά_2018"
"Ποια δικαιολογητικά χρειάζονται για αντίγραφα άδειας δόμησης;","αντίγραφα_αδειών_δόμησης_μετά_2018"
"Πόσο κοστίζουν τα αντίγραφα άδειας δόμησης;","αντίγραφα_αδειών_δόμησης_μετά_2018"
"Πόσο καιρό παίρνουν τα αντίγραφα άδειας δόμησης;","αντίγραφα_αδειών_δόμησης_μετά_2018"
"Ποιο τμήμα χορηγεί αντίγραφα αδειών δόμησης;","αντίγραφα_αδειών_δόμησης_μετά_2018"
"Γίνεται ηλεκτρονικά η αίτηση για άδεια δόμησης;","αντίγραφα_αδειών_δόμησης_μετά_2018"
"Η άδεια δόμησης εκδόθηκε το 2020, πού βρίσκω τα σχέδια;","αντίγραφα_αδειών_δόμησης_μετά_2018"
"Χρειάζεται εξουσιοδότηση για αντίγραφα άδειας δόμησης;","αντίγραφα_αδειών_δόμησης_μετά_2018"
"Μπορεί ο μηχανικός να ζητήσει τα αντίγραφα άδειας δόμησης;","αντίγραφα_αδειών_δόμησης_μετά_2018"
"Ποια στοιχεία περιλαμβάνει ο φάκελος της άδειας δόμησης;","αντίγραφα_αδειών_δόμησης_μετά_2018"
"Χρειάζεται τίτλος ιδιοκτησίας για την άδεια δόμησης;","αντίγραφα_αδειών_δόμησης_μετά_2018"
"Πόσα αντίγραφα άδειας δόμησης μπορώ να πάρω;","αντίγραφα_αδειών_δόμησης_μετά_2018"
"Η άδεια δόμησης μετά το 2018 είναι ηλεκτρονική;","αντίγραφα_αδειών_δόμησης_μετά_2018"
"Ζητώ αντίγραφο στελέχους άδειας δόμησης.","αντίγραφα_αδειών_δόμησης_μετά_2018"
"Χρειάζεται παράβολο για αντίγραφα άδειας δόμησης;","αντίγραφα_αδειών_δόμησης_μετά_2018"
"Ποιος υπογράφει την αίτηση για την άδεια δόμησης;","αντίγραφα_αδειών_δόμησης_μετά_2018"
"Έκανα αίτηση για αντίγραφα άδειας δόμησης και περιμένω.","αντίγραφα_αδειών_δόμησης_μετά_2018"
"Η άδεια δόμησης βρίσκεται στο σύστημα e-Άδειες;","αντίγραφα_αδειών_δόμησης_μετά_2018"
"Πού βρίσκω το έντυπο αίτησης για άδεια δόμησης;","αντίγραφα_αδειών_δόμησης_μετά_2018"
"Χρειάζομαι τα αντίγραφα άδειας δόμησης για την τράπεζα.","αντίγραφα_αδειών_δόμησης_μετά_2018"
"Μπορώ να ζητήσω μόνο τα σχέδια της άδειας δόμησης;","αντίγραφα_αδειών_δόμησης_μετά_2018"
"Ποιος δικαιούται αντίγραφα άδειας δόμησης;","αντίγραφα_αδειών_δόμησης_μετά_2018"
"Η άδεια δόμησης του 2019 έχει αναθεωρηθεί;","αντίγραφα_αδειών_δόμησης_μετά_2018"
"Χρειάζεται αίτηση από τον ιδιοκτήτη για την άδεια δόμησης;","αντίγραφα_αδειών_δόμησης_μετά_2018"
"Πόσο γρήγορα χορηγούνται τα αντίγραφα άδειας δόμησης;","αντίγραφα_αδειών_δόμησης_μετά_2018"
"Τα αντίγραφα άδειας δόμησης στέλνονται ηλεκτρονικά;","αντίγραφα_αδειών_δόμησης_μετά_2018"
"Ζητώ αντίγραφα άδειας δόμησης για μεταβίβαση ακινήτου.","αντίγραφα_αδειών_δόμησης_μετά_2018"
"Χρειάζεται ταυτότητα για την παραλαβή της άδειας δόμησης;","αντίγραφα_αδειών_δόμησης_μετά_2018"
"Η άδεια δόμησης αφορά προσθήκη ορόφου.","αντίγραφα_αδειών_δόμησης_μετά_2018"
"Πού αρχειοθετούνται οι άδειες δόμησης μετά το 2018;","αντίγραφα_αδειών_δόμησης_μετά_2018"
"Μπορεί ο συμβολαιογράφος να ζητήσει την άδεια δόμησης;","αντίγραφα_αδειών_δόμησης_μετά_2018"
"Χρειάζομαι τη στατική μελέτη της άδειας δόμησης.","αντίγραφα_αδειών_δόμησης_μετά_2018"
"Ποια είναι η διαφορά άδειας δόμησης πριν και μετά το 2018;","αντίγραφα_αδειών_δόμησης_μετά_2018"
"Χάθηκε το στέλεχος της άδειας δόμησης, τι κάνω;","αντίγραφα_αδειών_δόμησης_μετά_2018"
"Θέλω αντίγραφα από φάκελο άδειας του 2020.","αντίγραφα_αδειών_δόμησης_μετά_2018"
"Πού ζητάω τα σχέδια μιας πρόσφατης άδειας;","αντίγραφα_αδειών_δόμησης_μετά_2018"
"Ποια δικαιολογητικά χρειάζονται για αντίγραφα από τον φάκελο του 2019;","αντίγραφα_αδειών_δόμησης_μετά_2018"
"Πόσο κοστίζουν τα αντίγραφα από την πολεοδομία για πρόσφατη άδεια;","αντίγραφα_αδειών_δόμησης_μετά_2018"
"Πόσο καιρό παίρνει να μου δώσετε τα αντίγραφα της άδειας του 2021;","αντίγραφα_αδειών_δόμησης_μετά_2018"
"Ποιο τμήμα κρατάει τους φακέλους των πρόσφατων αδειών;","αντίγραφα_αδειών_δόμησης_μετά_2018"
"Γίνεται ηλεκτρονικά η αίτηση για αντίγραφα πρόσφατης άδειας;","αντίγραφα_αδειών_δόμησης_μετά_2018"
"Η άδεια εκδόθηκε το 2021, πού βρίσκω τα σχέδια;","αντίγραφα_αδειών_δόμησης_μετά_2018"
"Χρειάζεται εξουσιοδότηση για τα αντίγραφα της άδειας του 2020;","αντίγραφα_αδειών_δόμησης_μετά_2018"
"Μπορεί ο μηχανικός μου να ζητήσει τον πρόσφατο φάκελο;","αντίγραφα_αδειών_δόμησης_μετά_2018"
"Ποια στοιχεία περιλαμβάνει ο ηλεκτρονικός φάκελος;","αντίγραφα_αδειών_δόμησης_μετά_2018"
"Χρειάζεται τίτλος ιδιοκτησίας για την αίτηση αντιγράφων;","αντίγραφα_αδειών_δόμησης_μετά_2018"
"Πόσα αντίγραφα του πρόσφατου φακέλου μπορώ να πάρω;","αντίγραφα_αδειών_δόμησης_μετά_2018"
"Οι άδειες μετά το 2018 είναι ηλεκτρονικές;","αντίγραφα_αδειών_δόμησης_μετά_2018"
"Ζητώ αντίγραφο του στελέχους της άδειας του 2019.","αντίγραφα_αδειών_δόμησης_μετά_2018"
"Χρειάζεται παράβολο για τα αντίγραφα του φακέλου;","αντίγραφα_αδειών_δόμησης_μετά_2018"
"Ποιος υπογράφει την αίτηση για τον ηλεκτρονικό φάκελο;","αντίγραφα_αδειών_δόμησης_μετά_2018"
"Έκανα αίτηση για αντίγραφα πρόσφατης άδειας και περιμένω.","αντίγραφα_αδειών_δόμησης_μετά_2018"
"Η άδεια του 2020 βρίσκεται στο σύστημα e-Άδειες;","αντίγραφα_αδειών_δόμησης_μετά_2018"
"Πού βρίσκω το έντυπο της αίτησης για τον πρόσφατο φάκελο;","αντίγραφα_αδειών_δόμησης_μετά_2018"
"Τα αντίγραφα του φακέλου τα χρειάζομαι για την τράπεζα και βιάζομαι.","αντίγραφα_αδειών_δόμησης_μετά_2018"
"Μπορώ να ζητήσω μόνο τα αρχιτεκτονικά σχέδια του 2020;","αντίγραφα_αδειών_δόμησης_μετά_2018"
"Ποιος δικαιούται να πάρει αντίγραφα πρόσφατης άδειας;","αντίγραφα_αδειών_δόμησης_μετά_2018"
"Η άδεια του 2019 έχει αναθεωρηθεί ποτέ;","αντίγραφα_αδειών_δόμησης_μετά_2018"
"Χρειάζεται αίτηση από τον ιδιοκτήτη του ακινήτου για τα αντίγραφα;","αντίγραφα_αδειών_δόμησης_μετά_2018"
"Πόσο γρήγορα χορηγούνται τα αντίγραφα του πρόσφατου φακέλου;","αντίγραφα_αδειών_δόμησης_μετά_2018"
"Τα αντίγραφα της άδειας του 2021 στέλνονται με email;","αντίγραφα_αδειών_δόμησης_μετά_2018"
"Τα χρειάζομαι για μεταβίβαση του ακινήτου που χτίστηκε το 2020.","αντίγραφα_αδειών_δόμησης_μετά_2018"
"Χρειάζεται ταυτότητα για την παραλαβή των αντιγράφων;","αντίγραφα_αδειών_δόμησης_μετά_2018"
"Η άδεια αφορά προσθήκη ορόφου που έγινε το 2019.","αντίγραφα_αδειών_δόμησης_μετά_2018"
"Πού αρχειοθετούνται οι πρόσφατες άδειες μετά το 2018;","αντίγραφα_αδειών_δόμησης_μετά_2018"
"Μπορεί ο συμβολαιογράφος να ζητήσει τον πρόσφατο φάκελο;","αντίγραφα_αδειών_δόμησης_μετά_2018"
"Χρειάζομαι τη στατική μελέτη του κτιρίου του 2020.","αντίγραφα_αδειών_δόμησης_μετά_2018"
"Ποια είναι η διαφορά στις άδειες πριν και μετά το 2018;","αντίγραφα_αδειών_δόμησης_μετά_2018"
"Χάθηκε το στέλεχος της άδειας του 2019, τι κάνω;","αντίγραφα_αδειών_δόμησης_μετά_2018"
"Θέλω τα σχέδια της άδειας δόμησης του σπιτιού μου.","αντίγραφα_αδειών_δόμησης_μετά_2018"
"Ρε παιδιά, πού βρίσκω αντίγραφα άδειας δόμησης;","αντίγραφα_αδειών_δόμησης_μετά_2018"
"Η άδεια δόμησης βγήκε το 2020, πού πάω;","αντίγραφα_αδειών_δόμησης_μετά_2018"
"Πόσο κάνουν τα αντίγραφα της άδειας δόμησης;","αντίγραφα_αδειών_δόμησης_μετά_2018"
"Ο μηχανικός θέλει τον φάκελο της άδειας δόμησης.","αντίγραφα_αδειών_δόμησης_μετά_2018"
"Πόσο θα περιμένω για τα αντίγραφα της άδειας δόμησης;","αντίγραφα_αδειών_δόμησης_μετά_2018"
"Μου τα ζητάει η τράπεζα για το δάνειο, την άδεια δόμησης.","αντίγραφα_αδειών_δόμησης_μετά_2018"
"Έχασα το στέλεχος της άδειας δόμησης.","αντίγραφα_αδειών_δόμησης_μετά_2018"
"Γίνεται online η αίτηση για την άδεια δόμησης;","αντίγραφα_αδειών_δόμησης_μετά_2018"
"Θέλει εξουσιοδότηση αν πάει ο μηχανικός για την άδεια δόμησης;","αντίγραφα_αδειών_δόμησης_μετά_2018"
"Πουλάω το σπίτι και θέλω τα σχέδια της άδειας δόμησης.","αντίγραφα_αδειών_δόμησης_μετά_2018"
"Θέλει παράβολο για τα αντίγραφα άδειας δόμησης;","αντίγραφα_αδειών_δόμησης_μετά_2018"
"Πείτε μου τι χαρτιά θέλει η αίτηση για την άδεια δόμησης.","αντίγραφα_αδειών_δόμησης_μετά_2018"
"Έκανα αίτηση και δεν με πήρε κανείς για την άδεια δόμησης.","αντίγραφα_αδειών_δόμησης_μετά_2018"
"Μπορώ να πάρω μόνο τα σχέδια της άδειας δόμησης;","αντίγραφα_αδειών_δόμησης_μετά_2018"
"Είναι ηλεκτρονικά όλα μετά το 2018;","αντίγραφα_αδειών_δόμησης_μετά_2018"
"Ήρθα και μου είπαν ότι λείπει χαρτί για την άδεια δόμησης.","αντίγραφα_αδειών_δόμησης_μετά_2018"
"Ποιος υπογράφει την αίτηση για τα αντίγραφα άδειας δόμησης;","αντίγραφα_αδειών_δόμησης_μετά_2018"
"Βιάζομαι, έχω συμβόλαιο την άλλη βδομάδα και θέλω τα σχέδια.","αντίγραφα_αδειών_δόμησης_μετά_2018"
"Η άδεια δόμησης είναι στο e-Άδειες, γιατί να έρθω;","αντίγραφα_αδειών_δόμησης_μετά_2018"
"Πόσα αντίγραφα άδειας δόμησης δικαιούμαι;","αντίγραφα_αδειών_δόμησης_μετά_2018"
"Χρειάζεται ταυτότητα για να πάρω την άδεια δόμησης;","αντίγραφα_αδειών_δόμησης_μετά_2018"
"Ο συμβολαιογράφος ζητάει την άδεια δόμησης για τη μεταβίβαση.","αντίγραφα_αδειών_δόμησης_μετά_2018"
"Έκανα προσθήκη ορόφου το 2019, θέλω τον φάκελο.","αντίγραφα_αδειών_δόμησης_μετά_2018"
"Πόσο γρήγορα βγαίνουν τα αντίγραφα άδειας δόμησης;","αντίγραφα_αδειών_δόμησης_μετά_2018"
"Μου στέλνετε την άδεια δόμησης με email;","αντίγραφα_αδειών_δόμησης_μετά_2018"
"Πού είναι το αρχείο με τις άδειες δόμησης;","αντίγραφα_αδειών_δόμησης_μετά_2018"
"Θέλω τη στατική μελέτη από την άδεια δόμησης.","αντίγραφα_αδειών_δόμησης_μετά_2018"
"Είμαι ο ιδιοκτήτης, τι χρειάζομαι για την άδεια δόμησης;","αντίγραφα_αδειών_δόμησης_μετά_2018"
"Ποια η διαφορά με τις παλιές άδειες πριν το 2018;","αντίγραφα_αδειών_δόμησης_μετά_2018"
"Θέλω αντίγραφα οικοδομικής άδειας από την πολεοδομία.","αντίγραφα_άδειας_πολεοδομίας"
"Πού ζητάω αντίγραφα στοιχείων οικοδομικών αδειών;","αντίγραφα_άδειας_πολεοδομίας"
"Ποια δικαιολογητικά χρειάζονται για αντίγραφα οικοδομικής άδειας;","αντίγραφα_άδειας_πολεοδομίας"
"Πόσο κοστίζουν τα αντίγραφα οικοδομικής άδειας;","αντίγραφα_άδειας_πολεοδομίας"
"Η οικοδομική άδεια είναι του 1985, υπάρχει ακόμα;","αντίγραφα_άδειας_πολεοδομίας"
"Ποιο τμήμα κρατάει τις παλιές οικοδομικές άδειες;","αντίγραφα_άδειας_πολεοδομίας"
"Πόσο καιρό παίρνουν τα αντίγραφα οικοδομικής άδειας;","αντίγραφα_άδειας_πολεοδομίας"
"Γίνεται ηλεκτρονικά η αίτηση για οικοδομική άδεια;","αντίγραφα_άδειας_πολεοδομίας"
"Χρειάζεται εξουσιοδότηση για αντίγραφα οικοδομικής άδειας;","αντίγραφα_άδειας_πολεοδομίας"
"Μπορεί ο μηχανικός να ζητήσει την οικοδομική άδεια;","αντίγραφα_άδειας_πολεοδομίας"
"Ποια στοιχεία περιλαμβάνει ο φάκελος της οικοδομικής άδειας;","αντίγραφα_άδειας_πολεοδομίας"
"Χρειάζεται τίτλος ιδιοκτησίας για την οικοδομική άδεια;","αντίγραφα_άδειας_πολεοδομίας"
"Πόσα αντίγραφα οικοδομικής άδειας μπορώ να πάρω;","αντίγραφα_άδειας_πολεοδομίας"
"Οι οικοδομικές άδειες έως το 2018 είναι σε έντυπο αρχείο;","αντίγραφα_άδειας_πολεοδομίας"
"Ζητώ αντίγραφο στελέχους οικοδομικής άδειας.","αντίγραφα_άδειας_πολεοδομίας"
"Χρειάζεται παράβολο για αντίγραφα οικοδομικής άδειας;","αντίγραφα_άδειας_πολεοδομίας"
"Ποιος υπογράφει την αίτηση για οικοδομική άδεια;","αντίγραφα_άδειας_πολεοδομίας"
"Έκανα αίτηση για αντίγραφα οικοδομικής άδειας και περιμένω.","αντίγραφα_άδειας_πολεοδομίας"
"Δεν βρίσκω την παλιά οικοδομική άδεια, τι κάνω;","αντίγραφα_άδειας_πολεοδομίας"
"Πού βρίσκω το έντυπο για αντίγραφα οικοδομικής άδειας;","αντίγραφα_άδειας_πολεοδομίας"
"Χρειάζομαι την οικοδομική άδεια για τακτοποίηση αυθαιρέτου.","αντίγραφα_άδειας_πολεοδομίας"
"Μπορώ να ζητήσω μόνο τα σχέδια της οικοδομικής άδειας;","αντίγραφα_άδειας_πολεοδομίας"
"Ποιος δικαιούται αντίγραφα οικοδομικής άδειας;","αντίγραφα_άδειας_πολεοδομίας"
"Η οικοδομική άδεια του 1970 σώζεται στο αρχείο;","αντίγραφα_άδειας_πολεοδομίας"
"Χρειάζεται αίτηση του ιδιοκτήτη για την οικοδομική άδεια;","αντίγραφα_άδειας_πολεοδομίας"
"Πόσο γρήγορα χορηγούνται τα αντίγραφα οικοδομικής άδειας;","αντίγραφα_άδειας_πολεοδομίας"
"Τα αντίγραφα οικοδομικής άδειας δίνονται σε ψηφιακή μορφή;","αντίγραφα_άδειας_πολεοδομίας"
"Ζητώ οικοδομική άδεια για μεταβίβαση παλιού ακινήτου.","αντίγραφα_άδειας_πολεοδομίας"
"Χρειάζεται ταυτότητα για την παραλαβή της οικοδομικής άδειας;","αντίγραφα_άδειας_πολεοδομίας"
"Η οικοδομική άδεια αφορά κτίριο του 1990.","αντίγραφα_άδειας_πολεοδομίας"
"Πού αρχειοθετούνται οι οικοδομικές άδειες έως το 2018;","αντίγραφα_άδειας_πολεοδομίας"
"Μπορεί ο συμβολαιογράφος να ζητήσει την οικοδομική άδεια;","αντίγραφα_άδειας_πολεοδομίας"
"Χρειάζομαι τα σχέδια της οικοδομικής άδειας για τον μηχανικό.","αντίγραφα_άδειας_πολεοδομίας"
"Η οικοδομική άδεια έχει αναθεωρηθεί κάποτε;","αντίγραφα_άδειας_πολεοδομίας"
"Πόσο παλιές οικοδομικές άδειες κρατάτε στο αρχείο;","αντίγραφα_άδειας_πολεοδομίας"
"Θέλω αντίγραφα από παλιά άδεια του 1985.","αντίγραφα_άδειας_πολεοδομίας"
"Πού βρίσκω τον φάκελο μιας άδειας πριν το 2018;","αντίγραφα_άδειας_πολεοδομίας"
"Ποια δικαιολογητικά χρειάζονται για αντίγραφα από το παλιό αρχείο;","αντίγραφα_άδειας_πολεοδομίας"
"Πόσο κοστίζουν τα αντίγραφα από το παλιό αρχείο της πολεοδομίας;","αντίγραφα_άδειας_πολεοδομίας"
"Η άδεια είναι της δεκαετίας του 70, σώζεται;","αντίγραφα_άδειας_πολεοδομίας"
"Ποιο τμήμα κρατάει τα παλιά αρχεία της πολεοδομίας;","αντίγραφα_άδειας_πολεοδομίας"
"Πόσο καιρό παίρνει η αναζήτηση στο παλιό αρχείο;","αντίγραφα_άδειας_πολεοδομίας"
"Γίνεται ηλεκτρονικά η αίτηση για παλιά άδεια;","αντίγραφα_άδειας_πολεοδομίας"
"Χρειάζεται εξουσιοδότηση για τον παλιό φάκελο;","αντίγραφα_άδειας_πολεοδομίας"
"Μπορεί ο μηχανικός να ψάξει το παλιό αρχείο;","αντίγραφα_άδειας_πολεοδομίας"
"Ποια στοιχεία περιλαμβάνει ο παλιός φάκελος;","αντίγραφα_άδειας_πολεοδομίας"
"Χρειάζεται τίτλος ιδιοκτησίας για το παλιό αρχείο;","αντίγραφα_άδειας_πολεοδομίας"
"Πόσα αντίγραφα από το παλιό αρχείο μπορώ να πάρω;","αντίγραφα_άδειας_πολεοδομίας"
"Οι παλιοί φάκελοι είναι σε χαρτί;","αντίγραφα_άδειας_πολεοδομίας"
"Ζητώ αντίγραφο του στελέχους της παλιάς άδειας.","αντίγραφα_άδειας_πολεοδομίας"
"Χρειάζεται παράβολο για την αναζήτηση στο παλιό αρχείο;","αντίγραφα_άδειας_πολεοδομίας"
"Ποιος υπογράφει την αίτηση για τον παλιό φάκελο;","αντίγραφα_άδειας_πολεοδομίας"
"Έκανα αίτηση για την παλιά άδεια και περιμένω.","αντίγραφα_άδειας_πολεοδομίας"
"Δεν βρίσκω την άδεια του σπιτιού, είναι πολύ παλιά.","αντίγραφα_άδειας_πολεοδομίας"
"Πού βρίσκω το έντυπο για την παλιά άδεια;","αντίγραφα_άδειας_πολεοδομίας"
"Τη χρειάζομαι για τακτοποίηση αυθαιρέτου.","αντίγραφα_άδειας_πολεοδομίας"
"Μπορώ να ζητήσω μόνο τα σχέδια από τον παλιό φάκελο;","αντίγραφα_άδειας_πολεοδομίας"
"Ποιος δικαιούται πρόσβαση στο παλιό αρχείο;","αντίγραφα_άδειας_πολεοδομίας"
"Το κτίριο είναι του 1970, υπάρχει φάκελος;","αντίγραφα_άδειας_πολεοδομίας"
"Χρειάζεται αίτηση του ιδιοκτήτη για το παλιό αρχείο;","αντίγραφα_άδειας_πολεοδομίας"
"Πόσο γρήγορα βρίσκετε έναν παλιό φάκελο;","αντίγραφα_άδειας_πολεοδομίας"
"Δίνονται σε ψηφιακή μορφή τα παλιά σχέδια;","αντίγραφα_άδειας_πολεοδομίας"
"Τη χρειάζομαι για μεταβίβαση παλιού ακινήτου.","αντίγραφα_άδειας_πολεοδομίας"
"Χρειάζεται ταυτότητα για την παραλαβή από το παλιό αρχείο;","αντίγραφα_άδειας_πολεοδομίας"
"Το κτίσμα ανεγέρθηκε το 1990.","αντίγραφα_άδειας_πολεοδομίας"
"Πού φυλάσσονται τα αρχεία της πολεοδομίας πριν το 2018;","αντίγραφα_άδειας_πολεοδομίας"
"Μπορεί ο συμβολαιογράφος να ζητήσει τον παλιό φάκελο;","αντίγραφα_άδειας_πολεοδομίας"
"Χρειάζομαι τα παλιά σχέδια για τον μηχανικό μου.","αντίγραφα_άδειας_πολεοδομίας"
"Έχει αναθεωρηθεί ποτέ η παλιά άδεια;","αντίγραφα_άδειας_πολεοδομίας"
"Πόσο παλιά αρχεία κρατάτε στην πολεοδομία;","αντίγραφα_άδειας_πολεοδομίας"
"Θέλω την παλιά οικοδομική άδεια του σπιτιού μου.","αντίγραφα_άδειας_πολεοδομίας"
"Ρε παιδιά, πού βρίσκω οικοδομική άδεια του 1980;","αντίγραφα_άδειας_πολεοδομίας"
"Το σπίτι χτίστηκε το 1975, υπάρχει οικοδομική άδεια;","αντίγραφα_άδειας_πολεοδομίας"
"Πόσο κάνουν τα αντίγραφα οικοδομικής άδειας;","αντίγραφα_άδειας_πολεοδομίας"
"Ο μηχανικός θέλει την παλιά οικοδομική άδεια.","αντίγραφα_άδειας_πολεοδομίας"
"Πόσο θα περιμένω να βρείτε τον παλιό φάκελο;","αντίγραφα_άδειας_πολεοδομίας"
"Μου ζητάει ο συμβολαιογράφος την οικοδομική άδεια για τη μεταβίβαση.","αντίγραφα_άδειας_πολεοδομίας"
"Έχασα την οικοδομική άδεια, τι κάνω;","αντίγραφα_άδειας_πολεοδομίας"
"Γίνεται online η αίτηση για την οικοδομική άδεια;","αντίγραφα_άδειας_πολεοδομίας"
"Θέλει εξουσιοδότηση αν πάει ο μηχανικός στο παλιό αρχείο;","αντίγραφα_άδειας_πολεοδομίας"
"Πουλάω παλιό σπίτι και θέλω την οικοδομική άδεια.","αντίγραφα_άδειας_πολεοδομίας"
"Θέλει παράβολο η οικοδομική άδεια;","αντίγραφα_άδειας_πολεοδομίας"
"Πείτε μου τι χαρτιά θέλει για την παλιά άδεια.","αντίγραφα_άδειας_πολεοδομίας"
"Έκανα αίτηση για την οικοδομική άδεια και δεν με πήραν.","αντίγραφα_άδειας_πολεοδομίας"
"Μπορώ να πάρω μόνο τα σχέδια από τον παλιό φάκελο της άδειας;","αντίγραφα_άδειας_πολεοδομίας"
"Είναι όλα σε χαρτί τα παλιά αρχεία;","αντίγραφα_άδειας_πολεοδομίας"
"Ήρθα και μου είπαν ότι δεν βρίσκουν τον παλιό φάκελο.","αντίγραφα_άδειας_πολεοδομίας"
"Ποιος υπογράφει την αίτηση για την οικοδομική άδεια;","αντίγραφα_άδειας_πολεοδομίας"
"Βιάζομαι, έχω συμβόλαιο σε δέκα μέρες για το παλιό σπίτι.","αντίγραφα_άδειας_πολεοδομίας"
"Την οικοδομική άδεια τη θέλω για να τακτοποιήσω αυθαίρετο.","αντίγραφα_άδειας_πολεοδομίας"
"Πόσα αντίγραφα οικοδομικής άδειας δικαιούμαι;","αντίγραφα_άδειας_πολεοδομίας"
"Χρειάζεται ταυτότητα για να πάρω τα παλιά σχέδια;","αντίγραφα_άδειας_πολεοδομίας"
"Το κτίριο είναι προ του 1955, υπάρχει τίποτα στο αρχείο;","αντίγραφα_άδειας_πολεοδομίας"
"Ψάχνω άδεια από τη δεκαετία του 60.","αντίγραφα_άδειας_πολεοδομίας"
"Πόσο γρήγορα βρίσκετε μια παλιά οικοδομική άδεια;","αντίγραφα_άδειας_πολεοδομίας"
"Μου τα σκανάρετε τα παλιά σχέδια και τα στέλνετε;","αντίγραφα_άδειας_πολεοδομίας"
"Πού είναι το αρχείο με τις παλιές οικοδομικές άδειες;","αντίγραφα_άδειας_πολεοδομίας"
"Θέλω τα σχέδια από την οικοδομική άδεια για τον μηχανικό.","αντίγραφα_άδειας_πολεοδομίας"
"Είμαι ο ιδιοκτήτης, τι χρειάζομαι για την παλιά άδεια;","αντίγραφα_άδειας_πολεοδομίας"
"Αν δεν υπάρχει η οικοδομική άδεια τι γίνεται;","αντίγραφα_άδειας_πολεοδομίας"
"Θέλω αντίγραφα από τον φάκελο καταγεγραμμένου αυθαιρέτου.","αντίγραφα_φακέλου_αυθαιρέτου"
"Πού ζητάω αντίγραφα φακέλου αυθαιρέτου;","αντίγραφα_φακέλου_αυθαιρέτου"
"Ποια δικαιολογητικά χρειάζονται για τον φάκελο του αυθαιρέτου;","αντίγραφα_φακέλου_αυθαιρέτου"
"Πόσο κοστίζουν τα αντίγραφα φακέλου αυθαιρέτου;","αντίγραφα_φακέλου_αυθαιρέτου"
"Πόσο καιρό παίρνει η χορήγηση του φακέλου αυθαιρέτου;","αντίγραφα_φακέλου_αυθαιρέτου"
"Ποιο τμήμα κρατάει τους φακέλους των αυθαιρέτων;","αντίγραφα_φακέλου_αυθαιρέτου"
"Γίνεται ηλεκτρονικά η αίτηση για φάκελο αυθαιρέτου;","αντίγραφα_φακέλου_αυθαιρέτου"
"Το αυθαίρετο έχει καταγραφεί, πού βρίσκω τον φάκελο;","αντίγραφα_φακέλου_αυθαιρέτου"
"Χρειάζεται εξουσιοδότηση για τον φάκελο του αυθαιρέτου;","αντίγραφα_φακέλου_αυθαιρέτου"
"Μπορεί ο μηχανικός να ζητήσει τον φάκελο του αυθαιρέτου;","αντίγραφα_φακέλου_αυθαιρέτου"
"Ποια στοιχεία περιλαμβάνει ο φάκελος του αυθαιρέτου;","αντίγραφα_φακέλου_αυθαιρέτου"
"Χρειάζεται τίτλος ιδιοκτησίας για τον φάκελο αυθαιρέτου;","αντίγραφα_φακέλου_αυθαιρέτου"
"Πόσα αντίγραφα του φακέλου αυθαιρέτου μπορώ να πάρω;","αντίγραφα_φακέλου_αυθαιρέτου"
"Χρειάζομαι τον φάκελο του αυθαιρέτου για τακτοποίηση.","αντίγραφα_φακέλου_αυθαιρέτου"
"Ζητώ αντίγραφο της έκθεσης του αυθαιρέτου.","αντίγραφα_φακέλου_αυθαιρέτου"
"Χρειάζεται παράβολο για τον φάκελο του αυθαιρέτου;","αντίγραφα_φακέλου_αυθαιρέτου"
"Ποιος υπογράφει την αίτηση για τον φάκελο αυθαιρέτου;","αντίγραφα_φακέλου_αυθαιρέτου"
"Έκανα αίτηση για τον φάκελο αυθαιρέτου και περιμένω.","αντίγραφα_φακέλου_αυθαιρέτου"
"Το αυθαίρετο καταγράφηκε πριν χρόνια, υπάρχει ακόμα ο φάκελος;","αντίγραφα_φακέλου_αυθαιρέτου"
"Πού βρίσκω το έντυπο αίτησης για φάκελο αυθαιρέτου;","αντίγραφα_φακέλου_αυθαιρέτου"
"Χρειάζομαι τον φάκελο του αυθαιρέτου για τη μεταβίβαση.","αντίγραφα_φακέλου_αυθαιρέτου"
"Μπορώ να ζητήσω μόνο τα σχέδια από τον φάκελο του αυθαιρέτου;","αντίγραφα_φακέλου_αυθαιρέτου"
"Ποιος δικαιούται αντίγραφα φακέλου αυθαιρέτου;","αντίγραφα_φακέλου_αυθαιρέτου"
"Το αυθαίρετο έχει πρόστιμο, φαίνεται στον φάκελο;","αντίγραφα_φακέλου_αυθαιρέτου"
"Χρειάζεται αίτηση του ιδιοκτήτη για τον φάκελο του αυθαιρέτου;","αντίγραφα_φακέλου_αυθαιρέτου"
"Πόσο γρήγορα χορηγείται ο φάκελος του αυθαιρέτου;","αντίγραφα_φακέλου_αυθαιρέτου"
"Ο φάκελος του αυθαιρέτου δίνεται σε ψηφιακή μορφή;","αντίγραφα_φακέλου_αυθαιρέτου"
"Ζητώ φάκελο αυθαιρέτου για υπαγωγή στον νόμο τακτοποίησης.","αντίγραφα_φακέλου_αυθαιρέτου"
"Χρειάζεται ταυτότητα για την παραλαβή του φακέλου αυθαιρέτου;","αντίγραφα_φακέλου_αυθαιρέτου"
"Το αυθαίρετο αφορά προσθήκη χωρίς άδεια.","αντίγραφα_φακέλου_αυθαιρέτου"
"Πού αρχειοθετούνται οι φάκελοι των αυθαιρέτων;","αντίγραφα_φακέλου_αυθαιρέτου"
"Μπορεί ο συμβολαιογράφος να ζητήσει τον φάκελο του αυθαιρέτου;","αντίγραφα_φακέλου_αυθαιρέτου"
"Χρειάζομαι τα σχέδια του αυθαιρέτου για τον μηχανικό.","αντίγραφα_φακέλου_αυθαιρέτου"
"Το αυθαίρετο έχει ήδη τακτοποιηθεί, χρειάζομαι τον φάκελο;","αντίγραφα_φακέλου_αυθαιρέτου"
"Αν δεν βρεθεί ο φάκελος του αυθαιρέτου τι γίνεται;","αντίγραφα_φακέλου_αυθαιρέτου"
"Θέλω αντίγραφα από τον φάκελο της καταγραφής της κατασκευής.","αντίγραφα_φακέλου_αυθαιρέτου"
"Πού βρίσκω τα χαρτιά για την παράνομη κατασκευή στο ακίνητό μου;","αντίγραφα_φακέλου_αυθαιρέτου"
"Ποια δικαιολογητικά χρειάζονται για τον φάκελο της καταγραφής;","αντίγραφα_φακέλου_αυθαιρέτου"
"Πόσο κοστίζουν τα αντίγραφα από τον φάκελο της κατασκευής;","αντίγραφα_φακέλου_αυθαιρέτου"
"Πόσο καιρό παίρνει η χορήγηση αυτού του φακέλου;","αντίγραφα_φακέλου_αυθαιρέτου"
"Ποιο τμήμα κρατάει τις καταγραφές παράνομων κατασκευών;","αντίγραφα_φακέλου_αυθαιρέτου"
"Γίνεται ηλεκτρονικά η αίτηση για τα χαρτιά της καταγραφής;","αντίγραφα_φακέλου_αυθαιρέτου"
"Η κατασκευή καταγράφηκε το 2010, πού βρίσκω τα έγγραφα;","αντίγραφα_φακέλου_αυθαιρέτου"
"Χρειάζεται εξουσιοδότηση για τα έγγραφα της καταγραφής;","αντίγραφα_φακέλου_αυθαιρέτου"
"Μπορεί ο μηχανικός να ζητήσει τα έγγραφα της καταγραφής;","αντίγραφα_φακέλου_αυθαιρέτου"
"Ποια έγγραφα περιλαμβάνει ο φάκελος της καταγραφής;","αντίγραφα_φακέλου_αυθαιρέτου"
"Χρειάζεται τίτλος ιδιοκτησίας για τα έγγραφα της κατασκευής;","αντίγραφα_φακέλου_αυθαιρέτου"
"Πόσα αντίγραφα των εγγράφων μπορώ να πάρω;","αντίγραφα_φακέλου_αυθαιρέτου"
"Τα χρειάζομαι για την υπαγωγή στον νόμο τακτοποίησης.","αντίγραφα_φακέλου_αυθαιρέτου"
"Ζητώ αντίγραφο της έκθεσης της παράνομης κατασκευής.","αντίγραφα_φακέλου_αυθαιρέτου"
"Χρειάζεται παράβολο για τα έγγραφα της καταγραφής;","αντίγραφα_φακέλου_αυθαιρέτου"
"Ποιος υπογράφει την αίτηση για τα έγγραφα της κατασκευής;","αντίγραφα_φακέλου_αυθαιρέτου"
"Έκανα αίτηση για τα έγγραφα της καταγραφής και περιμένω.","αντίγραφα_φακέλου_αυθαιρέτου"
"Η καταγραφή έγινε πριν χρόνια, σώζονται τα έγγραφα;","αντίγραφα_φακέλου_αυθαιρέτου"
"Πού βρίσκω το έντυπο για τα έγγραφα της καταγραφής;","αντίγραφα_φακέλου_αυθαιρέτου"
"Τα χρειάζομαι για τη μεταβίβαση του ακινήτου.","αντίγραφα_φακέλου_αυθαιρέτου"
"Μπορώ να ζητήσω μόνο τα σχέδια της κατασκευής;","αντίγραφα_φακέλου_αυθαιρέτου"
"Ποιος δικαιούται πρόσβαση στα έγγραφα της καταγραφής;","αντίγραφα_φακέλου_αυθαιρέτου"
"Το πρόστιμο της κατασκευής φαίνεται στα έγγραφα;","αντίγραφα_φακέλου_αυθαιρέτου"
"Χρειάζεται αίτηση του ιδιοκτήτη για τα έγγραφα;","αντίγραφα_φακέλου_αυθαιρέτου"
"Πόσο γρήγορα χορηγούνται τα έγγραφα της καταγραφής;","αντίγραφα_φακέλου_αυθαιρέτου"
"Δίνονται σε ψηφιακή μορφή τα έγγραφα της κατασκευής;","αντίγραφα_φακέλου_αυθαιρέτου"
"Τα χρειάζομαι για την τακτοποίηση της κατασκευής.","αντίγραφα_φακέλου_αυθαιρέτου"
"Χρειάζεται ταυτότητα για την παραλαβή των εγγράφων;","αντίγραφα_φακέλου_αυθαιρέτου"
"Η κατασκευή είναι προσθήκη χωρίς άδεια στο δώμα.","αντίγραφα_φακέλου_αυθαιρέτου"
"Πού αρχειοθετούνται οι καταγραφές παράνομων κατασκευών;","αντίγραφα_φακέλου_αυθαιρέτου"
"Μπορεί ο συμβολαιογράφος να ζητήσει τα έγγραφα της καταγραφής;","αντίγραφα_φακέλου_αυθαιρέτου"
"Χρειάζομαι τα σχέδια της κατασκευής για τον μηχανικό μου.","αντίγραφα_φακέλου_αυθαιρέτου"
"Η κατασκευή τακτοποιήθηκε ήδη, χρειάζομαι τα έγγραφα;","αντίγραφα_φακέλου_αυθαιρέτου"
"Αν δεν βρεθούν τα έγγραφα της καταγραφής τι γίνεται;","αντίγραφα_φακέλου_αυθαιρέτου"
"Θέλω τον φάκελο του αυθαιρέτου μου.","αντίγραφα_φακέλου_αυθαιρέτου"
"Ρε παιδιά, πού βρίσκω τα χαρτιά του αυθαιρέτου;","αντίγραφα_φακέλου_αυθαιρέτου"
"Το αυθαίρετο καταγράφηκε το 2011, τι κάνω;","αντίγραφα_φακέλου_αυθαιρέτου"
"Πόσο κάνει ο φάκελος του αυθαιρέτου;","αντίγραφα_φακέλου_αυθαιρέτου"
"Ο μηχανικός θέλει τον φάκελο του αυθαιρέτου.","αντίγραφα_φακέλου_αυθαιρέτου"
"Πόσο θα περιμένω για τον φάκελο του αυθαιρέτου;","αντίγραφα_φακέλου_αυθαιρέτου"
"Τον θέλω για να τακτοποιήσω το αυθαίρετο.","αντίγραφα_φακέλου_αυθαιρέτου"
"Έχασα τα χαρτιά του αυθαιρέτου, τι κάνω;","αντίγραφα_φακέλου_αυθαιρέτου"
"Γίνεται online η αίτηση για τον φάκελο αυθαιρέτου;","αντίγραφα_φακέλου_αυθαιρέτου"
"Θέλει εξουσιοδότηση αν πάει ο μηχανικός για το αυθαίρετο;","αντίγραφα_φακέλου_αυθαιρέτου"
"Πουλάω το ακίνητο και θέλω τον φάκελο του αυθαιρέτου.","αντίγραφα_φακέλου_αυθαιρέτου"
"Θέλει παράβολο ο φάκελος του αυθαιρέτου;","αντίγραφα_φακέλου_αυθαιρέτου"
"Πείτε μου τι χαρτιά θέλει η αίτηση για το αυθαίρετο.","αντίγραφα_φακέλου_αυθαιρέτου"
"Έκανα αίτηση για το αυθαίρετο και δεν με πήραν.","αντίγραφα_φακέλου_αυθαιρέτου"
"Μπορώ να πάρω μόνο τα σχέδια του αυθαιρέτου;","αντίγραφα_φακέλου_αυθαιρέτου"
"Πόσα αντίγραφα του φακέλου αυθαιρέτου δικαιούμαι;","αντίγραφα_φακέλου_αυθαιρέτου"
"Ήρθα και μου είπαν ότι δεν βρίσκουν τον φάκελο του αυθαιρέτου.","αντίγραφα_φακέλου_αυθαιρέτου"
"Ποιος υπογράφει την αίτηση για το αυθαίρετο;","αντίγραφα_φακέλου_αυθαιρέτου"
"Βιάζομαι, λήγει η προθεσμία της τακτοποίησης του αυθαιρέτου.","αντίγραφα_φακέλου_αυθαιρέτου"
"Το αυθαίρετο έχει πρόστιμο, φαίνεται πουθενά;","αντίγραφα_φακέλου_αυθαιρέτου"
"Χρειάζεται ταυτότητα για να πάρω τον φάκελο του αυθαιρέτου;","αντίγραφα_φακέλου_αυθαιρέτου"
"Ο συμβολαιογράφος ζητάει τα χαρτιά του αυθαιρέτου.","αντίγραφα_φακέλου_αυθαιρέτου"
"Έκλεισα ημιυπαίθριο, είναι καταγεγραμμένο ως αυθαίρετο;","αντίγραφα_φακέλου_αυθαιρέτου"
"Πόσο γρήγορα βγαίνει ο φάκελος του αυθαιρέτου;","αντίγραφα_φακέλου_αυθαιρέτου"
"Μου τα σκανάρετε τα χαρτιά του αυθαιρέτου;","αντίγραφα_φακέλου_αυθαιρέτου"
"Πού είναι το αρχείο με τα αυθαίρετα;","αντίγραφα_φακέλου_αυθαιρέτου"
"Θέλω τα σχέδια του αυθαιρέτου για τη δήλωση.","αντίγραφα_φακέλου_αυθαιρέτου"
"Είμαι ο ιδιοκτήτης, τι χρειάζομαι για τον φάκελο του αυθαιρέτου;","αντίγραφα_φακέλου_αυθαιρέτου"
"Αγόρασα σπίτι με αυθαίρετο, θέλω τα χαρτιά.","αντίγραφα_φακέλου_αυθαιρέτου"
"Δεν ξέρω αν το σπίτι έχει καταγεγραμμένο αυθαίρετο, πώς το βρίσκω;","αντίγραφα_φακέλου_αυθαιρέτου"
"Θέλω να καταθέσω ένσταση για έκθεση αυτοψίας.","θέματα_εκθέσεων_αυτοψίας"
"Πού υποβάλλω αίτημα για θέματα εκθέσεων αυτοψίας;","θέματα_εκθέσεων_αυτοψίας"
"Ποια δικαιολογητικά χρειάζονται για ένσταση κατά έκθεσης αυτοψίας;","θέματα_εκθέσεων_αυτοψίας"
"Πόση προθεσμία έχω για ένσταση στην έκθεση αυτοψίας;","θέματα_εκθέσεων_αυτοψίας"
"Θέλω αποδοχή της έκθεσης αυτοψίας για μειωμένο πρόστιμο.","θέματα_εκθέσεων_αυτοψίας"
"Ποιο τμήμα εξετάζει τις εκθέσεις αυτοψίας;","θέματα_εκθέσεων_αυτοψίας"
"Γίνεται ηλεκτρονικά η αίτηση για έκθεση αυτοψίας;","θέματα_εκθέσεων_αυτοψίας"
"Ζητώ διαγραφή προστίμου από έκθεση αυτοψίας.","θέματα_εκθέσεων_αυτοψίας"
"Πόσο καιρό παίρνει η εξέταση της έκθεσης αυτοψίας;","θέματα_εκθέσεων_αυτοψίας"
"Μπορεί μηχανικός να καταθέσει την ένσταση για την αυτοψία;","θέματα_εκθέσεων_αυτοψίας"
"Θέλω αναστολή προστίμου μετά την έκθεση αυτοψίας.","θέματα_εκθέσεων_αυτοψίας"
"Πώς δηλώνω κατεδάφιση μετά από έκθεση αυτοψίας;","θέματα_εκθέσεων_αυτοψίας"
"Χρειάζεται τοπογραφικό για την ένσταση στην αυτοψία;","θέματα_εκθέσεων_αυτοψίας"
"Ποιος υπογράφει την αίτηση για την έκθεση αυτοψίας;","θέματα_εκθέσεων_αυτοψίας"
"Έλαβα έκθεση αυτοψίας με πρόστιμο, τι κάνω;","θέματα_εκθέσεων_αυτοψίας"
"Έκανα ένσταση για την έκθεση αυτοψίας και περιμένω.","θέματα_εκθέσεων_αυτοψίας"
"Η ένσταση αναστέλλει το πρόστιμο της έκθεσης αυτοψίας;","θέματα_εκθέσεων_αυτοψίας"
"Πόσες φορές μπορώ να προσβάλω την έκθεση αυτοψίας;","θέματα_εκθέσεων_αυτοψίας"
"Χρειάζεται δικηγόρος για την έκθεση αυτοψίας;","θέματα_εκθέσεων_αυτοψίας"
"Ποιος αποφασίζει για την ένσταση κατά της έκθεσης αυτοψίας;","θέματα_εκθέσεων_αυτοψίας"
"Χρειάζεται παράβολο για την ένσταση στην έκθεση αυτοψίας;","θέματα_εκθέσεων_αυτοψίας"
"Η έκθεση αυτοψίας αφορά αυθαίρετη κατασκευή στο μπαλκόνι.","θέματα_εκθέσεων_αυτοψίας"
"Η προθεσμία της έκθεσης αυτοψίας έληξε, τι κάνω;","θέματα_εκθέσεων_αυτοψίας"
"Πώς ενημερώνομαι για την απόφαση επί της έκθεσης αυτοψίας;","θέματα_εκθέσεων_αυτοψίας"
"Ζητώ διαγραφή της έκθεσης αυτοψίας γιατί τακτοποίησα το ακίνητο.","θέματα_εκθέσεων_αυτοψίας"
"Χρειάζεται τίτλος ιδιοκτησίας για την έκθεση αυτοψίας;","θέματα_εκθέσεων_αυτοψίας"
"Πού βρίσκω το έντυπο για θέματα εκθέσεων αυτοψίας;","θέματα_εκθέσεων_αυτοψίας"
"Η έκθεση αυτοψίας εξετάζεται από επιτροπή;","θέματα_εκθέσεων_αυτοψίας"
"Το πρόστιμο της έκθεσης αυτοψίας υπολογίστηκε λάθος.","θέματα_εκθέσεων_αυτοψίας"
"Πόσο γρήγορα απαντάτε σε ένσταση έκθεσης αυτοψίας;","θέματα_εκθέσεων_αυτοψίας"
"Η αποδοχή της έκθεσης αυτοψίας μειώνει το πρόστιμο;","θέματα_εκθέσεων_αυτοψίας"
"Ποια στοιχεία αναφέρω στην ένσταση για την αυτοψία;","θέματα_εκθέσεων_αυτοψίας"
"Μετά την έκθεση αυτοψίας μπορώ να προσφύγω δικαστικά;","θέματα_εκθέσεων_αυτοψίας"
"Κατεδάφισα την κατασκευή, πώς ακυρώνεται η έκθεση αυτοψίας;","θέματα_εκθέσεων_αυτοψίας"
"Ποιος συντάσσει την έκθεση αυτοψίας;","θέματα_εκθέσεων_αυτοψίας"
"Μου ήρθε πρόστιμο για αυθαίρετη κατασκευή, πώς το προσβάλλω;","θέματα_εκθέσεων_αυτοψίας"
"Πού καταθέτω αντιρρήσεις για το πρόστιμο της πολεοδομίας;","θέματα_εκθέσεων_αυτοψίας"
"Ποια δικαιολογητικά χρειάζονται για να προσβάλω το πρόστιμο;","θέματα_εκθέσεων_αυτοψίας"
"Πόση προθεσμία έχω για αντιρρήσεις στο πρόστιμο;","θέματα_εκθέσεων_αυτοψίας"
"Αν δεχτώ το πρόστιμο μειώνεται το ποσό;","θέματα_εκθέσεων_αυτοψίας"
"Ποιο τμήμα εξετάζει τα πρόστιμα αυθαιρέτων;","θέματα_εκθέσεων_αυτοψίας"
"Γίνεται ηλεκτρονικά η κατάθεση αντιρρήσεων για το πρόστιμο;","θέματα_εκθέσεων_αυτοψίας"
"Ζητώ διαγραφή του προστίμου γιατί τακτοποίησα την κατασκευή.","θέματα_εκθέσεων_αυτοψίας"
"Πόσο καιρό παίρνει η εξέταση των αντιρρήσεων για το πρόστιμο;","θέματα_εκθέσεων_αυτοψίας"
"Μπορεί ο μηχανικός να καταθέσει τις αντιρρήσεις για το πρόστιμο;","θέματα_εκθέσεων_αυτοψίας"
"Θέλω αναστολή της βεβαίωσης του προστίμου.","θέματα_εκθέσεων_αυτοψίας"
"Πώς δηλώνω ότι κατεδάφισα την παράνομη κατασκευή;","θέματα_εκθέσεων_αυτοψίας"
"Χρειάζεται τοπογραφικό για τις αντιρρήσεις στο πρόστιμο;","θέματα_εκθέσεων_αυτοψίας"
"Ποιος υπογράφει την αίτηση για το πρόστιμο της πολεοδομίας;","θέματα_εκθέσεων_αυτοψίας"
"Ήρθαν και έκαναν έλεγχο, μου κοινοποίησαν πρόστιμο.","θέματα_εκθέσεων_αυτοψίας"
"Κατέθεσα αντιρρήσεις για το πρόστιμο και περιμένω.","θέματα_εκθέσεων_αυτοψίας"
"Οι αντιρρήσεις σταματούν τη βεβαίωση του προστίμου;","θέματα_εκθέσεων_αυτοψίας"
"Πόσες φορές μπορώ να προσβάλω το πρόστιμο;","θέματα_εκθέσεων_αυτοψίας"
"Χρειάζεται δικηγόρος για τις αντιρρήσεις στο πρόστιμο;","θέματα_εκθέσεων_αυτοψίας"
"Ποιος αποφασίζει για τις αντιρρήσεις κατά του προστίμου;","θέματα_εκθέσεων_αυτοψίας"
"Χρειάζεται παράβολο για τις αντιρρήσεις στο πρόστιμο;","θέματα_εκθέσεων_αυτοψίας"
"Το πρόστιμο αφορά κλειστό ημιυπαίθριο χώρο.","θέματα_εκθέσεων_αυτοψίας"
"Η προθεσμία για τις αντιρρήσεις έληξε, τι κάνω;","θέματα_εκθέσεων_αυτοψίας"
"Πώς μαθαίνω την απόφαση για τις αντιρρήσεις μου στο πρόστιμο;","θέματα_εκθέσεων_αυτοψίας"
"Ζητώ ακύρωση του προστίμου μετά την τακτοποίηση.","θέματα_εκθέσεων_αυτοψίας"
"Χρειάζεται τίτλος ιδιοκτησίας για τις αντιρρήσεις στο πρόστιμο;","θέματα_εκθέσεων_αυτοψίας"
"Πού βρίσκω το έντυπο για αντιρρήσεις κατά προστίμου;","θέματα_εκθέσεων_αυτοψίας"
"Εξετάζονται από επιτροπή οι αντιρρήσεις για το πρόστιμο;","θέματα_εκθέσεων_αυτοψίας"
"Το ποσό του προστίμου υπολογίστηκε λάθος.","θέματα_εκθέσεων_αυτοψίας"
"Πόσο γρήγορα απαντάτε στις αντιρρήσεις για το πρόστιμο;","θέματα_εκθέσεων_αυτοψίας"
"Η αποδοχή του προστίμου μειώνει το ποσό που θα πληρώσω;","θέματα_εκθέσεων_αυτοψίας"
"Ποια στοιχεία αναφέρω στις αντιρρήσεις κατά του προστίμου;","θέματα_εκθέσεων_αυτοψίας"
"Μπορώ να προσφύγω δικαστικά κατά του προστίμου;","θέματα_εκθέσεων_αυτοψίας"
"Γκρέμισα την κατασκευή, ακυρώνεται το πρόστιμο;","θέματα_εκθέσεων_αυτοψίας"
"Ποιος συντάσσει το πρόστιμο για αυθαίρετη κατασκευή;","θέματα_εκθέσεων_αυτοψίας"
"Μου ήρθε έκθεση αυτοψίας, τι κάνω τώρα;","θέματα_εκθέσεων_αυτοψίας"
"Ρε παιδιά, πώς κάνω ένσταση στην έκθεση αυτοψίας;","θέματα_εκθέσεων_αυτοψίας"
"Πόσες μέρες έχω για την ένσταση στην αυτοψία;","θέματα_εκθέσεων_αυτοψίας"
"Μου έβαλαν πρόστιμο για το κλειστό μπαλκόνι.","θέματα_εκθέσεων_αυτοψίας"
"Ποιον ρωτάω για την έκθεση αυτοψίας;","θέματα_εκθέσεων_αυτοψίας"
"Ο μηχανικός λέει να κάνω ένσταση στην αυτοψία.","θέματα_εκθέσεων_αυτοψίας"
"Πόσο κάνει η ένσταση στην έκθεση αυτοψίας;","θέματα_εκθέσεων_αυτοψίας"
"Έκανα ένσταση για την αυτοψία και δεν πήρα απάντηση.","θέματα_εκθέσεων_αυτοψίας"
"Πέρασε η προθεσμία της έκθεσης αυτοψίας, χάθηκα;","θέματα_εκθέσεων_αυτοψίας"
"Θέλει δικηγόρο η ένσταση για το πρόστιμο;","θέματα_εκθέσεων_αυτοψίας"
"Αν δεχτώ την έκθεση αυτοψίας πληρώνω λιγότερα;","θέματα_εκθέσεων_αυτοψίας"
"Γκρέμισα ό,τι μου είπαν, φεύγει το πρόστιμο;","θέματα_εκθέσεων_αυτοψίας"
"Πόσο θα περιμένω για απάντηση στην έκθεση αυτοψίας;","θέματα_εκθέσεων_αυτοψίας"
"Το πρόστιμο μου φαίνεται υπερβολικό, τι κάνω;","θέματα_εκθέσεων_αυτοψίας"
"Ήρθαν χωρίς να με ειδοποιήσουν και έκαναν αυτοψία.","θέματα_εκθέσεων_αυτοψίας"
"Θέλει τοπογραφικό η ένσταση στην έκθεση αυτοψίας;","θέματα_εκθέσεων_αυτοψίας"
"Πείτε μου τι χαρτιά θέλει η ένσταση για την αυτοψία.","θέματα_εκθέσεων_αυτοψίας"
"Τακτοποίησα το αυθαίρετο, σβήνεται η έκθεση αυτοψίας;","θέματα_εκθέσεων_αυτοψίας"
"Αν απορριφθεί η ένσταση για την αυτοψία τι γίνεται;","θέματα_εκθέσεων_αυτοψίας"
"Ήρθα και μου είπαν ότι λείπει χαρτί για την έκθεση αυτοψίας.","θέματα_εκθέσεων_αυτοψίας"
"Θέλει παράβολο η ένσταση στην έκθεση αυτοψίας;","θέματα_εκθέσεων_αυτοψίας"
"Γίνεται online η ένσταση για την αυτοψία;","θέματα_εκθέσεων_αυτοψίας"
"Ποιος αποφασίζει τελικά για την έκθεση αυτοψίας;","θέματα_εκθέσεων_αυτοψίας"
"Θα σταματήσει το πρόστιμο μέχρι να δουν την ένσταση;","θέματα_εκθέσεων_αυτοψίας"
"Το πρόστιμο ήρθε στην εφορία, τι κάνω;","θέματα_εκθέσεων_αυτοψίας"
"Πού βρίσκω το έντυπο της ένστασης για την αυτοψία;","θέματα_εκθέσεων_αυτοψίας"
"Βιάζομαι, λήγει η προθεσμία της έκθεσης αυτοψίας.","θέματα_εκθέσεων_αυτοψίας"
"Μπορώ να πάω στο δικαστήριο για το πρόστιμο;","θέματα_εκθέσεων_αυτοψίας"
"Ο γείτονας με κατήγγειλε και ήρθε αυτοψία.","θέματα_εκθέσεων_αυτοψίας"
"Πόσο γρήγορα βγαίνει απόφαση για την έκθεση αυτοψίας;","θέματα_εκθέσεων_αυτοψίας"
"Θέλω αίτηση για τροποποίηση σχεδίου πόλης.","τροποποίηση_σχεδίου_πόλης"
"Πού υποβάλλω αίτημα τροποποίησης του σχεδίου πόλης;","τροποποίηση_σχεδίου_πόλης"
"Ποια δικαιολογητικά χρειάζονται για τροποποίηση σχεδίου πόλης;","τροποποίηση_σχεδίου_πόλης"
"Πόσο κοστίζει η αίτηση τροποποίησης σχεδίου πόλης;","τροποποίηση_σχεδίου_πόλης"
"Πόσο καιρό παίρνει η τροποποίηση του σχεδίου πόλης;","τροποποίηση_σχεδίου_πόλης"
"Ποιο τμήμα εξετάζει την τροποποίηση σχεδίου πόλης;","τροποποίηση_σχεδίου_πόλης"
"Γίνεται ηλεκτρονικά η αίτηση τροποποίησης σχεδίου πόλης;","τροποποίηση_σχεδίου_πόλης"
"Ποιος μπορεί να ζητήσει τροποποίηση σχεδίου πόλης;","τροποποίηση_σχεδίου_πόλης"
"Χρειάζεται τοπογραφικό για την τροποποίηση σχεδίου πόλης;","τροποποίηση_σχεδίου_πόλης"
"Μπορεί μηχανικός να καταθέσει την τροποποίηση σχεδίου πόλης;","τροποποίηση_σχεδίου_πόλης"
"Η τροποποίηση σχεδίου πόλης απαιτεί απόφαση Δημοτικού Συμβουλίου;","τροποποίηση_σχεδίου_πόλης"
"Ζητώ τροποποίηση σχεδίου πόλης για άρση ρυμοτομικής απαλλοτρίωσης.","τροποποίηση_σχεδίου_πόλης"
"Ποιος υπογράφει την αίτηση τροποποίησης σχεδίου πόλης;","τροποποίηση_σχεδίου_πόλης"
"Έκανα αίτηση τροποποίησης σχεδίου πόλης και περιμένω.","τροποποίηση_σχεδίου_πόλης"
"Η τροποποίηση σχεδίου πόλης δημοσιεύεται σε ΦΕΚ;","τροποποίηση_σχεδίου_πόλης"
"Χρειάζεται παράβολο για την τροποποίηση σχεδίου πόλης;","τροποποίηση_σχεδίου_πόλης"
"Πόσο διαρκεί η διαδικασία τροποποίησης σχεδίου πόλης;","τροποποίηση_σχεδίου_πόλης"
"Η τροποποίηση σχεδίου πόλης επηρεάζει τους όρους δόμησης;","τροποποίηση_σχεδίου_πόλης"
"Χρειάζεται τίτλος ιδιοκτησίας για την τροποποίηση σχεδίου πόλης;","τροποποίηση_σχεδίου_πόλης"
"Πού βρίσκω το έντυπο τροποποίησης σχεδίου πόλης;","τροποποίηση_σχεδίου_πόλης"
"Η τροποποίηση σχεδίου πόλης περνάει από δημόσια διαβούλευση;","τροποποίηση_σχεδίου_πόλης"
"Μπορούν πολλοί ιδιοκτήτες να ζητήσουν τροποποίηση σχεδίου πόλης;","τροποποίηση_σχεδίου_πόλης"
"Πόσο γρήγορα απαντάτε σε αίτημα τροποποίησης σχεδίου πόλης;","τροποποίηση_σχεδίου_πόλης"
"Η τροποποίηση σχεδίου πόλης αφορά τη διάνοιξη δρόμου.","τροποποίηση_σχεδίου_πόλης"
"Ποια στοιχεία αναφέρω στην αίτηση τροποποίησης σχεδίου πόλης;","τροποποίηση_σχεδίου_πόλης"
"Μετά την τροποποίηση σχεδίου πόλης αλλάζουν τα όρια του οικοπέδου;","τροποποίηση_σχεδίου_πόλης"
"Χρειάζεται μελέτη μηχανικού για την τροποποίηση σχεδίου πόλης;","τροποποίηση_σχεδίου_πόλης"
"Η τροποποίηση σχεδίου πόλης εγκρίνεται από την Περιφέρεια;","τροποποίηση_σχεδίου_πόλης"
"Πόσες φορές μπορεί να γίνει τροποποίηση σχεδίου πόλης;","τροποποίηση_σχεδίου_πόλης"
"Η τροποποίηση σχεδίου πόλης αφορά κοινόχρηστο χώρο;","τροποποίηση_σχεδίου_πόλης"
"Ζητώ τροποποίηση σχεδίου πόλης γιατί ο δρόμος περνάει από το σπίτι μου.","τροποποίηση_σχεδίου_πόλης"
"Ποιος αποφασίζει τελικά για την τροποποίηση σχεδίου πόλης;","τροποποίηση_σχεδίου_πόλης"
"Μπορώ να προσβάλω μια τροποποίηση σχεδίου πόλης;","τροποποίηση_σχεδίου_πόλης"
"Η τροποποίηση σχεδίου πόλης χρειάζεται γνωμοδότηση επιτροπής;","τροποποίηση_σχεδίου_πόλης"
"Πώς ενημερώνομαι για την πορεία της τροποποίησης σχεδίου πόλης;","τροποποίηση_σχεδίου_πόλης"
"Θέλω να αλλάξει το ρυμοτομικό στην περιοχή μου.","τροποποίηση_σχεδίου_πόλης"
"Πού υποβάλλω αίτημα για αλλαγή του ρυμοτομικού σχεδίου;","τροποποίηση_σχεδίου_πόλης"
"Ποια δικαιολογητικά χρειάζονται για αλλαγή στο ρυμοτομικό;","τροποποίηση_σχεδίου_πόλης"
"Πόσο κοστίζει το αίτημα για αλλαγή του ρυμοτομικού;","τροποποίηση_σχεδίου_πόλης"
"Πόσο καιρό παίρνει η αλλαγή στο ρυμοτομικό σχέδιο;","τροποποίηση_σχεδίου_πόλης"
"Ποιο τμήμα εξετάζει τα αιτήματα για το ρυμοτομικό;","τροποποίηση_σχεδίου_πόλης"
"Γίνεται ηλεκτρονικά η αίτηση για το ρυμοτομικό σχέδιο;","τροποποίηση_σχεδίου_πόλης"
"Ποιος μπορεί να ζητήσει αλλαγή στο ρυμοτομικό;","τροποποίηση_σχεδίου_πόλης"
"Χρειάζεται τοπογραφικό διάγραμμα για το ρυμοτομικό;","τροποποίηση_σχεδίου_πόλης"
"Μπορεί ο μηχανικός να καταθέσει το αίτημα για το ρυμοτομικό;","τροποποίηση_σχεδίου_πόλης"
"Απαιτείται απόφαση Δημοτικού Συμβουλίου για το ρυμοτομικό;","τροποποίηση_σχεδίου_πόλης"
"Ζητώ άρση ρυμοτομικής απαλλοτρίωσης στο οικόπεδό μου.","τροποποίηση_σχεδίου_πόλης"
"Ποιος υπογράφει το αίτημα για το ρυμοτομικό σχέδιο;","τροποποίηση_σχεδίου_πόλης"
"Έκανα αίτημα για το ρυμοτομικό και περιμένω απάντηση.","τροποποίηση_σχεδίου_πόλης"
"Η αλλαγή στο ρυμοτομικό δημοσιεύεται σε ΦΕΚ;","τροποποίηση_σχεδίου_πόλης"
"Χρειάζεται παράβολο για το αίτημα στο ρυμοτομικό;","τροποποίηση_σχεδίου_πόλης"
"Πόσο διαρκεί η διαδικασία αλλαγής του ρυμοτομικού;","τροποποίηση_σχεδίου_πόλης"
"Η αλλαγή στο ρυμοτομικό επηρεάζει τους όρους δόμησης;","τροποποίηση_σχεδίου_πόλης"
"Χρειάζεται τίτλος ιδιοκτησίας για το αίτημα στο ρυμοτομικό;","τροποποίηση_σχεδίου_πόλης"
"Πού βρίσκω το έντυπο για το ρυμοτομικό σχέδιο;","τροποποίηση_σχεδίου_πόλης"
"Το αίτημα για το ρυμοτομικό περνάει από διαβούλευση;","τροποποίηση_σχεδίου_πόλης"
"Μπορούμε πολλοί ιδιοκτήτες να ζητήσουμε αλλαγή στο ρυμοτομικό;","τροποποίηση_σχεδίου_πόλης"
"Πόσο γρήγορα απαντάτε σε αίτημα για το ρυμοτομικό;","τροποποίηση_σχεδίου_πόλης"
"Το αίτημα αφορά τη διάνοιξη δρόμου στη γειτονιά.","τροποποίηση_σχεδίου_πόλης"
"Ποια στοιχεία αναφέρω στο αίτημα για το ρυμοτομικό;","τροποποίηση_σχεδίου_πόλης"
"Μετά την αλλαγή στο ρυμοτομικό αλλάζουν τα όρια του οικοπέδου;","τροποποίηση_σχεδίου_πόλης"
"Χρειάζεται μελέτη μηχανικού για το αίτημα στο ρυμοτομικό;","τροποποίηση_σχεδίου_πόλης"
"Η αλλαγή στο ρυμοτομικό εγκρίνεται από την Περιφέρεια;","τροποποίηση_σχεδίου_πόλης"
"Πόσες φορές μπορεί να αλλάξει το ρυμοτομικό σχέδιο;","τροποποίηση_σχεδίου_πόλης"
"Το αίτημα αφορά χαρακτηρισμό κοινόχρηστου χώρου.","τροποποίηση_σχεδίου_πόλης"
"Ο δρόμος περνάει από το οικόπεδό μου, τι μπορώ να κάνω;","τροποποίηση_σχεδίου_πόλης"
"Ποιος αποφασίζει τελικά για το ρυμοτομικό σχέδιο;","τροποποίηση_σχεδίου_πόλης"
"Μπορώ να προσβάλω μια αλλαγή στο ρυμοτομικό;","τροποποίηση_σχεδίου_πόλης"
"Χρειάζεται γνωμοδότηση επιτροπής για το ρυμοτομικό;","τροποποίηση_σχεδίου_πόλης"
"Πώς ενημερώνομαι για την πορεία του αιτήματος στο ρυμοτομικό;","τροποποίηση_σχεδίου_πόλης"
"Θέλω να αλλάξει το σχέδιο πόλης στη γειτονιά μου.","τροποποίηση_σχεδίου_πόλης"
"Ρε παιδιά, πώς γίνεται τροποποίηση σχεδίου πόλης;","τροποποίηση_σχεδίου_πόλης"
"Ο δρόμος στο ρυμοτομικό περνάει μέσα από το σπίτι μου.","τροποποίηση_σχεδίου_πόλης"
"Πόσο κάνει η αίτηση τροποποίησης σχεδίου πόλης;","τροποποίηση_σχεδίου_πόλης"
"Ο μηχανικός λέει ότι θέλει τροποποίηση σχεδίου πόλης.","τροποποίηση_σχεδίου_πόλης"
"Πόσο θα περιμένω για την τροποποίηση σχεδίου πόλης;","τροποποίηση_σχεδίου_πόλης"
"Το οικόπεδό μου είναι δεσμευμένο για πλατεία εδώ και χρόνια.","τροποποίηση_σχεδίου_πόλης"
"Πού κάνω το αίτημα για το ρυμοτομικό;","τροποποίηση_σχεδίου_πόλης"
"Γίνεται online η αίτηση τροποποίησης σχεδίου πόλης;","τροποποίηση_σχεδίου_πόλης"
"Θέλει τοπογραφικό η τροποποίηση σχεδίου πόλης;","τροποποίηση_σχεδίου_πόλης"
"Μπορούμε να το ζητήσουμε όλοι οι γείτονες μαζί;","τροποποίηση_σχεδίου_πόλης"
"Θέλει παράβολο η τροποποίηση σχεδίου πόλης;","τροποποίηση_σχεδίου_πόλης"
"Πείτε μου τι χαρτιά θέλει η τροποποίηση σχεδίου πόλης.","τροποποίηση_σχεδίου_πόλης"
"Έκανα αίτηση για το σχέδιο πόλης και δεν με πήραν.","τροποποίηση_σχεδίου_πόλης"
"Πόσα χρόνια κρατάει αυτή η διαδικασία για το ρυμοτομικό;","τροποποίηση_σχεδίου_πόλης"
"Θα βγει σε ΦΕΚ η τροποποίηση σχεδίου πόλης;","τροποποίηση_σχεδίου_πόλης"
"Ήρθα και μου είπαν ότι λείπει χαρτί για το ρυμοτομικό.","τροποποίηση_σχεδίου_πόλης"
"Ποιος υπογράφει το αίτημα τροποποίησης σχεδίου πόλης;","τροποποίηση_σχεδίου_πόλης"
"Πάει στο Δημοτικό Συμβούλιο η τροποποίηση σχεδίου πόλης;","τροποποίηση_σχεδίου_πόλης"
"Μου δέσμευσαν το οικόπεδο για δρόμο, γίνεται άρση;","τροποποίηση_σχεδίου_πόλης"
"Πόσο γρήγορα βγαίνει απόφαση για την τροποποίηση σχεδίου πόλης;","τροποποίηση_σχεδίου_πόλης"
"Αν μου απορρίψουν την τροποποίηση σχεδίου πόλης τι γίνεται;","τροποποίηση_σχεδίου_πόλης"
"Θα αλλάξουν οι όροι δόμησης μετά την τροποποίηση σχεδίου πόλης;","τροποποίηση_σχεδίου_πόλης"
"Πού βρίσκω το έντυπο για την τροποποίηση σχεδίου πόλης;","τροποποίηση_σχεδίου_πόλης"
"Θα ρωτήσουν και τους κατοίκους για το ρυμοτομικό;","τροποποίηση_σχεδίου_πόλης"
"Ποιος εγκρίνει τελικά την τροποποίηση σχεδίου πόλης;","τροποποίηση_σχεδίου_πόλης"
"Το αίτημα για το ρυμοτομικό μου το απέρριψαν, τι κάνω;","τροποποίηση_σχεδίου_πόλης"
"Βιάζομαι, θέλω να χτίσω και με εμποδίζει το ρυμοτομικό.","τροποποίηση_σχεδίου_πόλης"
"Θέλω να μάθω αν αλλάζει το σχέδιο πόλης στην περιοχή μου.","τροποποίηση_σχεδίου_πόλης"
"Ποιος πληρώνει αν αλλάξει το ρυμοτομικό και χάσω μέτρα;","τροποποίηση_σχεδίου_πόλης"
"Θέλω να πληρώσω τον λογαριασμό της ΔΕΥΑΗ ηλεκτρονικά.","ηλεκτρονική_εξόφληση_λογαριασμού_δευαη"
"Πού βλέπω τον λογαριασμό ύδρευσης online;","ηλεκτρονική_εξόφληση_λογαριασμού_δευαη"
"Πώς εξοφλώ τον λογαριασμό νερού με κάρτα;","ηλεκτρονική_εξόφληση_λογαριασμού_δευαη"
"Ο λογαριασμός της ΔΕΥΑΗ δεν εμφανίζεται στο σύστημα.","ηλεκτρονική_εξόφληση_λογαριασμού_δευαη"
"Χρειάζομαι τον κωδικό καταναλωτή για τον λογαριασμό;","ηλεκτρονική_εξόφληση_λογαριασμού_δευαη"
"Μπορώ να δω παλιούς λογαριασμούς ύδρευσης;","ηλεκτρονική_εξόφληση_λογαριασμού_δευαη"
"Πλήρωσα τον λογαριασμό αλλά φαίνεται απλήρωτος.","ηλεκτρονική_εξόφληση_λογαριασμού_δευαη"
"Πόσο κοστίζει η ηλεκτρονική πληρωμή του λογαριασμού;","ηλεκτρονική_εξόφληση_λογαριασμού_δευαη"
"Ο λογαριασμός μου είναι πολύ υψηλός, τι κάνω;","ηλεκτρονική_εξόφληση_λογαριασμού_δευαη"
"Γίνεται σε δόσεις ο λογαριασμός της ΔΕΥΑΗ;","ηλεκτρονική_εξόφληση_λογαριασμού_δευαη"
"Πού βρίσκω τον αριθμό του λογαριασμού ύδρευσης;","ηλεκτρονική_εξόφληση_λογαριασμού_δευαη"
"Ο λογαριασμός ήρθε σε λάθος όνομα.","ηλεκτρονική_εξόφληση_λογαριασμού_δευαη"
"Μπορώ να πληρώσω τον λογαριασμό με IBAN;","ηλεκτρονική_εξόφληση_λογαριασμού_δευαη"
"Πότε λήγει ο λογαριασμός της ΔΕΥΑΗ;","ηλεκτρονική_εξόφληση_λογαριασμού_δευαη"
"Ο λογαριασμός είναι ληξιπρόθεσμος, τι γίνεται;","ηλεκτρονική_εξόφληση_λογαριασμού_δευαη"
"Πώς εγγράφομαι για ηλεκτρονικό λογαριασμό ύδρευσης;","ηλεκτρονική_εξόφληση_λογαριασμού_δευαη"
"Δεν λαμβάνω τον λογαριασμό στο email μου.","ηλεκτρονική_εξόφληση_λογαριασμού_δευαη"
"Ο λογαριασμός δείχνει λάθος κατανάλωση.","ηλεκτρονική_εξόφληση_λογαριασμού_δευαη"
"Μπορώ να πληρώσω τον λογαριασμό κάποιου άλλου;","ηλεκτρονική_εξόφληση_λογαριασμού_δευαη"
"Εκδίδεται απόδειξη μετά την πληρωμή του λογαριασμού;","ηλεκτρονική_εξόφληση_λογαριασμού_δευαη"
"Πόσο συχνά έρχεται ο λογαριασμός της ΔΕΥΑΗ;","ηλεκτρονική_εξόφληση_λογαριασμού_δευαη"
"Ο λογαριασμός μου έχει προσαυξήσεις.","ηλεκτρονική_εξόφληση_λογαριασμού_δευαη"
"Χάθηκε ο λογαριασμός, πώς τον ξαναβρίσκω;","ηλεκτρονική_εξόφληση_λογαριασμού_δευαη"
"Μπορώ να δω το ιστορικό των λογαριασμών μου;","ηλεκτρονική_εξόφληση_λογαριασμού_δευαη"
"Ο λογαριασμός αφορά ακίνητο που πούλησα.","ηλεκτρονική_εξόφληση_λογαριασμού_δευαη"
"Πώς αλλάζω τα στοιχεία στον λογαριασμό ύδρευσης;","ηλεκτρονική_εξόφληση_λογαριασμού_δευαη"
"Γίνεται πάγια εντολή για τον λογαριασμό της ΔΕΥΑΗ;","ηλεκτρονική_εξόφληση_λογαριασμού_δευαη"
"Ο λογαριασμός δεν πληρώνεται, βγάζει σφάλμα.","ηλεκτρονική_εξόφληση_λογαριασμού_δευαη"
"Πόσες μέρες έχω για να πληρώσω τον λογαριασμό;","ηλεκτρονική_εξόφληση_λογαριασμού_δευαη"
"Μπορώ να πληρώσω μέρος του λογαριασμού;","ηλεκτρονική_εξόφληση_λογαριασμού_δευαη"
"Ο λογαριασμός ήρθε διπλός αυτόν τον μήνα.","ηλεκτρονική_εξόφληση_λογαριασμού_δευαη"
"Πού δηλώνω αλλαγή διεύθυνσης για τον λογαριασμό;","ηλεκτρονική_εξόφληση_λογαριασμού_δευαη"
"Ο λογαριασμός εμφανίζει οφειλή που δεν αναγνωρίζω.","ηλεκτρονική_εξόφληση_λογαριασμού_δευαη"
"Μπορώ να πάρω αντίγραφο λογαριασμού ΔΕΥΑΗ;","ηλεκτρονική_εξόφληση_λογαριασμού_δευαη"
"Πληρώνω τον λογαριασμό στο ταμείο ή μόνο online;","ηλεκτρονική_εξόφληση_λογαριασμού_δευαη"
"Θέλω να πληρώσω το νερό ηλεκτρονικά.","ηλεκτρονική_εξόφληση_λογαριασμού_δευαη"
"Πού μπαίνω για να εξοφλήσω τη ΔΕΥΑΗ;","ηλεκτρονική_εξόφληση_λογαριασμού_δευαη"
"Πώς πληρώνω τη ΔΕΥΑΗ με πιστωτική κάρτα;","ηλεκτρονική_εξόφληση_λογαριασμού_δευαη"
"Δεν μπορώ να συνδεθώ στην πλατφόρμα της ΔΕΥΑΗ.","ηλεκτρονική_εξόφληση_λογαριασμού_δευαη"
"Χρειάζομαι κωδικό καταναλωτή για να μπω στη ΔΕΥΑΗ;","ηλεκτρονική_εξόφληση_λογαριασμού_δευαη"
"Μπορώ να δω τι χρωστάω στη ΔΕΥΑΗ;","ηλεκτρονική_εξόφληση_λογαριασμού_δευαη"
"Πλήρωσα το νερό αλλά δεν καταχωρήθηκε.","ηλεκτρονική_εξόφληση_λογαριασμού_δευαη"
"Υπάρχει χρέωση για την ηλεκτρονική πληρωμή στη ΔΕΥΑΗ;","ηλεκτρονική_εξόφληση_λογαριασμού_δευαη"
"Η χρέωση του νερού μου φαίνεται υπερβολική.","ηλεκτρονική_εξόφληση_λογαριασμού_δευαη"
"Γίνεται ρύθμιση σε δόσεις για τη ΔΕΥΑΗ;","ηλεκτρονική_εξόφληση_λογαριασμού_δευαη"
"Πού βρίσκω τον κωδικό πληρωμής για το νερό;","ηλεκτρονική_εξόφληση_λογαριασμού_δευαη"
"Η χρέωση της ΔΕΥΑΗ ήρθε σε λάθος όνομα.","ηλεκτρονική_εξόφληση_λογαριασμού_δευαη"
"Μπορώ να πληρώσω τη ΔΕΥΑΗ μέσω e-banking;","ηλεκτρονική_εξόφληση_λογαριασμού_δευαη"
"Πότε λήγει η προθεσμία πληρωμής του νερού;","ηλεκτρονική_εξόφληση_λογαριασμού_δευαη"
"Έχω ληξιπρόθεσμη οφειλή στη ΔΕΥΑΗ.","ηλεκτρονική_εξόφληση_λογαριασμού_δευαη"
"Πώς κάνω εγγραφή στην ηλεκτρονική πλατφόρμα της ΔΕΥΑΗ;","ηλεκτρονική_εξόφληση_λογαριασμού_δευαη"
"Δεν λαμβάνω ειδοποίηση από τη ΔΕΥΑΗ στο email μου.","ηλεκτρονική_εξόφληση_λογαριασμού_δευαη"
"Ο μετρητής του νερού δείχνει λάθος κατανάλωση.","ηλεκτρονική_εξόφληση_λογαριασμού_δευαη"
"Μπορώ να πληρώσω το νερό για τον γείτονά μου;","ηλεκτρονική_εξόφληση_λογαριασμού_δευαη"
"Εκδίδεται απόδειξη μετά την πληρωμή στη ΔΕΥΑΗ;","ηλεκτρονική_εξόφληση_λογαριασμού_δευαη"
"Πόσο συχνά χρεώνεται το νερό;","ηλεκτρονική_εξόφληση_λογαριασμού_δευαη"
"Μου έβαλαν προσαυξήσεις στη ΔΕΥΑΗ για καθυστέρηση.","ηλεκτρονική_εξόφληση_λογαριασμού_δευαη"
"Έχασα το χαρτί με τα στοιχεία πληρωμής του νερού.","ηλεκτρονική_εξόφληση_λογαριασμού_δευαη"
"Μπορώ να δω το ιστορικό των πληρωμών μου στη ΔΕΥΑΗ;","ηλεκτρονική_εξόφληση_λογαριασμού_δευαη"
"Η οφειλή στη ΔΕΥΑΗ αφορά ακίνητο που πούλησα.","ηλεκτρονική_εξόφληση_λογαριασμού_δευαη"
"Πώς αλλάζω τα στοιχεία μου στη ΔΕΥΑΗ;","ηλεκτρονική_εξόφληση_λογαριασμού_δευαη"
"Γίνεται πάγια εντολή στην τράπεζα για τη ΔΕΥΑΗ;","ηλεκτρονική_εξόφληση_λογαριασμού_δευαη"
"Η πληρωμή του νερού δεν ολοκληρώνεται, βγάζει σφάλμα.","ηλεκτρονική_εξόφληση_λογαριασμού_δευαη"
"Πόσες μέρες έχω για να πληρώσω το νερό;","ηλεκτρονική_εξόφληση_λογαριασμού_δευαη"
"Μπορώ να πληρώσω μέρος της οφειλής στη ΔΕΥΑΗ;","ηλεκτρονική_εξόφληση_λογαριασμού_δευαη"
"Μου ήρθε διπλή χρέωση νερού αυτόν τον μήνα.","ηλεκτρονική_εξόφληση_λογαριασμού_δευαη"
"Πού δηλώνω αλλαγή διεύθυνσης στη ΔΕΥΑΗ;","ηλεκτρονική_εξόφληση_λογαριασμού_δευαη"
"Εμφανίζεται οφειλή νερού που δεν αναγνωρίζω.","ηλεκτρονική_εξόφληση_λογαριασμού_δευαη"
"Μπορώ να πάρω αντίγραφο της απόδειξης από τη ΔΕΥΑΗ;","ηλεκτρονική_εξόφληση_λογαριασμού_δευαη"
"Πληρώνω στο ταμείο της ΔΕΥΑΗ ή μόνο online;","ηλεκτρονική_εξόφληση_λογαριασμού_δευαη"
"Ρε παιδιά, πώς πληρώνω το νερό από το κινητό;","ηλεκτρονική_εξόφληση_λογαριασμού_δευαη"
"Θέλω να πληρώσω τον λογαριασμό της ΔΕΥΑΗ, πού μπαίνω;","ηλεκτρονική_εξόφληση_λογαριασμού_δευαη"
"Δεν μπορώ να μπω στη σελίδα της ΔΕΥΑΗ.","ηλεκτρονική_εξόφληση_λογαριασμού_δευαη"
"Μου ήρθε τεράστιος λογαριασμός νερού, τι έγινε;","ηλεκτρονική_εξόφληση_λογαριασμού_δευαη"
"Πλήρωσα και μου λέει ότι χρωστάω ακόμα στη ΔΕΥΑΗ.","ηλεκτρονική_εξόφληση_λογαριασμού_δευαη"
"Πού βρίσκω τον κωδικό καταναλωτή;","ηλεκτρονική_εξόφληση_λογαριασμού_δευαη"
"Γίνεται να πληρώσω τον λογαριασμό με δόσεις;","ηλεκτρονική_εξόφληση_λογαριασμού_δευαη"
"Πόσο καιρό έχω μέχρι να μου κόψουν το νερό;","ηλεκτρονική_εξόφληση_λογαριασμού_δευαη"
"Μου ήρθε ο λογαριασμός του νερού σε λάθος όνομα.","ηλεκτρονική_εξόφληση_λογαριασμού_δευαη"
"Δέχεστε κάρτα για τον λογαριασμό της ΔΕΥΑΗ;","ηλεκτρονική_εξόφληση_λογαριασμού_δευαη"
"Δεν μου έρχεται ο λογαριασμός του νερού στο email.","ηλεκτρονική_εξόφληση_λογαριασμού_δευαη"
"Πούλησα το σπίτι και μου έρχεται ακόμα λογαριασμός νερού.","ηλεκτρονική_εξόφληση_λογαριασμού_δευαη"
"Βγάζει σφάλμα η πληρωμή του νερού, τι κάνω;","ηλεκτρονική_εξόφληση_λογαριασμού_δευαη"
"Θέλω αντίγραφο του λογαριασμού της ΔΕΥΑΗ.","ηλεκτρονική_εξόφληση_λογαριασμού_δευαη"
"Πόσο συχνά έρχεται ο λογαριασμός του νερού;","ηλεκτρονική_εξόφληση_λογαριασμού_δευαη"
"Μου χρέωσαν προσαυξήσεις στον λογαριασμό, γιατί;","ηλεκτρονική_εξόφληση_λογαριασμού_δευαη"
"Μπορώ να δω παλιούς λογαριασμούς νερού;","ηλεκτρονική_εξόφληση_λογαριασμού_δευαη"
"Έχασα το χαρτί, πώς πληρώνω το νερό;","ηλεκτρονική_εξόφληση_λογαριασμού_δευαη"
"Ο μετρητής δείχνει λάθος νούμερα στον λογαριασμό.","ηλεκτρονική_εξόφληση_λογαριασμού_δευαη"
"Γίνεται πάγια εντολή στην τράπεζα για το νερό;","ηλεκτρονική_εξόφληση_λογαριασμού_δευαη"
"Θέλω να πληρώσω μόνο ένα μέρος του λογαριασμού.","ηλεκτρονική_εξόφληση_λογαριασμού_δευαη"
"Μου ήρθαν δύο λογαριασμοί νερού τον ίδιο μήνα.","ηλεκτρονική_εξόφληση_λογαριασμού_δευαη"
"Πληρώνω τη ΔΕΥΑΗ στο ταμείο ή μόνο online;","ηλεκτρονική_εξόφληση_λογαριασμού_δευαη"
"Άλλαξα σπίτι, πού το δηλώνω για τον λογαριασμό του νερού;","ηλεκτρονική_εξόφληση_λογαριασμού_δευαη"
"Βλέπω οφειλή στη ΔΕΥΑΗ που δεν είναι δική μου.","ηλεκτρονική_εξόφληση_λογαριασμού_δευαη"
"Πόσο κάνει η ηλεκτρονική πληρωμή του νερού;","ηλεκτρονική_εξόφληση_λογαριασμού_δευαη"
"Θέλω απόδειξη για την πληρωμή του νερού.","ηλεκτρονική_εξόφληση_λογαριασμού_δευαη"
"Ο λογαριασμός είναι ληξιπρόθεσμος, θα μου κόψουν το νερό;","ηλεκτρονική_εξόφληση_λογαριασμού_δευαη"
"Πώς κάνω εγγραφή στην πλατφόρμα της ΔΕΥΑΗ;","ηλεκτρονική_εξόφληση_λογαριασμού_δευαη"
"Μπορεί να πληρώσει η γυναίκα μου τον λογαριασμό;","ηλεκτρονική_εξόφληση_λογαριασμού_δευαη"
"Θέλω άδεια για διοργάνωση έκθεσης ζώων συντροφιάς.","άδεια_έκθεσης_ζώων_συντροφιάς"
"Πού κάνω αίτηση για άδεια έκθεσης ζώων;","άδεια_έκθεσης_ζώων_συντροφιάς"
"Ποια δικαιολογητικά χρειάζονται για την έκθεση ζώων συντροφιάς;","άδεια_έκθεσης_ζώων_συντροφιάς"
"Πόσο κοστίζει η άδεια έκθεσης ζώων συντροφιάς;","άδεια_έκθεσης_ζώων_συντροφιάς"
"Πόσο καιρό πριν πρέπει να ζητήσω άδεια για την έκθεση;","άδεια_έκθεσης_ζώων_συντροφιάς"
"Ποιο τμήμα χορηγεί την άδεια έκθεσης ζώων;","άδεια_έκθεσης_ζώων_συντροφιάς"
"Γίνεται ηλεκτρονικά η αίτηση για έκθεση ζώων συντροφιάς;","άδεια_έκθεσης_ζώων_συντροφιάς"
"Χρειάζεται κτηνίατρος στην έκθεση ζώων;","άδεια_έκθεσης_ζώων_συντροφιάς"
"Ποιος υπογράφει την αίτηση για την έκθεση ζώων;","άδεια_έκθεσης_ζώων_συντροφιάς"
"Η έκθεση ζώων θα γίνει σε δημοτικό χώρο.","άδεια_έκθεσης_ζώων_συντροφιάς"
"Χρειάζεται ασφαλιστήριο για την έκθεση ζώων συντροφιάς;","άδεια_έκθεσης_ζώων_συντροφιάς"
"Πόσο διαρκεί η άδεια της έκθεσης ζώων;","άδεια_έκθεσης_ζώων_συντροφιάς"
"Έκανα αίτηση για την έκθεση ζώων και περιμένω.","άδεια_έκθεσης_ζώων_συντροφιάς"
"Μπορεί σύλλογος να διοργανώσει έκθεση ζώων συντροφιάς;","άδεια_έκθεσης_ζώων_συντροφιάς"
"Ποιες προδιαγραφές πρέπει να πληροί ο χώρος της έκθεσης;","άδεια_έκθεσης_ζώων_συντροφιάς"
"Χρειάζεται παράβολο για την άδεια έκθεσης ζώων;","άδεια_έκθεσης_ζώων_συντροφιάς"
"Τι γίνεται αν διοργανώσω έκθεση ζώων χωρίς άδεια;","άδεια_έκθεσης_ζώων_συντροφιάς"
"Η έκθεση ζώων περιλαμβάνει και διαγωνισμό ομορφιάς.","άδεια_έκθεσης_ζώων_συντροφιάς"
"Πόσα ζώα μπορούν να συμμετέχουν στην έκθεση;","άδεια_έκθεσης_ζώων_συντροφιάς"
"Χρειάζονται βιβλιάρια υγείας για τα ζώα της έκθεσης;","άδεια_έκθεσης_ζώων_συντροφιάς"
"Πού βρίσκω το έντυπο για την άδεια έκθεσης ζώων;","άδεια_έκθεσης_ζώων_συντροφιάς"
"Η έκθεση ζώων απαιτεί έγκριση κτηνιατρικής υπηρεσίας;","άδεια_έκθεσης_ζώων_συντροφιάς"
"Ζητώ άδεια έκθεσης ζώων συντροφιάς για το Σαββατοκύριακο.","άδεια_έκθεσης_ζώων_συντροφιάς"
"Ποιος ελέγχει την έκθεση ζώων κατά τη διάρκειά της;","άδεια_έκθεσης_ζώων_συντροφιάς"
"Χρειάζεται σχεδιάγραμμα του χώρου της έκθεσης;","άδεια_έκθεσης_ζώων_συντροφιάς"
"Η έκθεση ζώων μπορεί να γίνει σε πλατεία;","άδεια_έκθεσης_ζώων_συντροφιάς"
"Πόσο γρήγορα βγαίνει η άδεια έκθεσης ζώων;","άδεια_έκθεσης_ζώων_συντροφιάς"
"Στην έκθεση ζώων θα υπάρχουν και υιοθεσίες.","άδεια_έκθεσης_ζώων_συντροφιάς"
"Χρειάζεται άδεια αν η έκθεση ζώων είναι φιλανθρωπική;","άδεια_έκθεσης_ζώων_συντροφιάς"
"Ποια μέτρα ευζωίας απαιτούνται στην έκθεση ζώων;","άδεια_έκθεσης_ζώων_συντροφιάς"
"Η έκθεση ζώων συντροφιάς αφορά μόνο σκύλους;","άδεια_έκθεσης_ζώων_συντροφιάς"
"Μπορώ να ακυρώσω την άδεια της έκθεσης ζώων;","άδεια_έκθεσης_ζώων_συντροφιάς"
"Χρειάζεται ενημέρωση της αστυνομίας για την έκθεση ζώων;","άδεια_έκθεσης_ζώων_συντροφιάς"
"Πόσες φορές τον χρόνο επιτρέπεται έκθεση ζώων;","άδεια_έκθεσης_ζώων_συντροφιάς"
"Η έκθεση ζώων θα γίνει σε ιδιωτικό χώρο, χρειάζεται άδεια;","άδεια_έκθεσης_ζώων_συντροφιάς"
"Θέλω να διοργανώσω εκδήλωση με ζώα συντροφιάς.","άδεια_έκθεσης_ζώων_συντροφιάς"
"Πού κάνω αίτηση για διοργάνωση εκδήλωσης με σκύλους;","άδεια_έκθεσης_ζώων_συντροφιάς"
"Ποια δικαιολογητικά χρειάζονται για εκδήλωση με ζώα;","άδεια_έκθεσης_ζώων_συντροφιάς"
"Πόσο κοστίζει η άδεια για τέτοια διοργάνωση με ζώα;","άδεια_έκθεσης_ζώων_συντροφιάς"
"Πόσο νωρίτερα ζητάω την άδεια για την εκδήλωση με ζώα;","άδεια_έκθεσης_ζώων_συντροφιάς"
"Ποιο τμήμα δίνει άδεια για εκδηλώσεις με ζώα;","άδεια_έκθεσης_ζώων_συντροφιάς"
"Γίνεται ηλεκτρονικά η αίτηση για την εκδήλωση με ζώα;","άδεια_έκθεσης_ζώων_συντροφιάς"
"Χρειάζεται παρουσία κτηνιάτρου στην εκδήλωση;","άδεια_έκθεσης_ζώων_συντροφιάς"
"Ποιος υπογράφει την αίτηση για τη διοργάνωση με ζώα;","άδεια_έκθεσης_ζώων_συντροφιάς"
"Η εκδήλωση με τα ζώα θα γίνει σε κοινόχρηστο χώρο του Δήμου.","άδεια_έκθεσης_ζώων_συντροφιάς"
"Χρειάζεται ασφαλιστήριο για τη διοργάνωση με ζώα;","άδεια_έκθεσης_ζώων_συντροφιάς"
"Πόσο διαρκεί η άδεια της εκδήλωσης με ζώα;","άδεια_έκθεσης_ζώων_συντροφιάς"
"Έκανα αίτηση για τη διοργάνωση με ζώα και περιμένω.","άδεια_έκθεσης_ζώων_συντροφιάς"
"Μπορεί φιλοζωικός σύλλογος να κάνει τέτοια εκδήλωση;","άδεια_έκθεσης_ζώων_συντροφιάς"
"Ποιες προδιαγραφές πρέπει να πληροί ο χώρος για τα ζώα;","άδεια_έκθεσης_ζώων_συντροφιάς"
"Χρειάζεται παράβολο για την άδεια της διοργάνωσης με ζώα;","άδεια_έκθεσης_ζώων_συντροφιάς"
"Τι γίνεται αν κάνω την εκδήλωση με ζώα χωρίς άδεια;","άδεια_έκθεσης_ζώων_συντροφιάς"
"Θα υπάρχει και διαγωνισμός ομορφιάς σκύλων.","άδεια_έκθεσης_ζώων_συντροφιάς"
"Πόσα ζώα μπορούν να συμμετέχουν στη διοργάνωση;","άδεια_έκθεσης_ζώων_συντροφιάς"
"Χρειάζονται βιβλιάρια υγείας για τα ζώα που θα συμμετέχουν;","άδεια_έκθεσης_ζώων_συντροφιάς"
"Πού βρίσκω το έντυπο της αίτησης για τη διοργάνωση με ζώα;","άδεια_έκθεσης_ζώων_συντροφιάς"
"Απαιτείται έγκριση από την κτηνιατρική υπηρεσία;","άδεια_έκθεσης_ζώων_συντροφιάς"
"Ζητώ άδεια για διοργάνωση με ζώα το Σαββατοκύριακο.","άδεια_έκθεσης_ζώων_συντροφιάς"
"Ποιος ελέγχει τη διοργάνωση με τα ζώα κατά τη διάρκειά της;","άδεια_έκθεσης_ζώων_συντροφιάς"
"Χρειάζεται σχεδιάγραμμα του χώρου της διοργάνωσης με ζώα;","άδεια_έκθεσης_ζώων_συντροφιάς"
"Η εκδήλωση με τα ζώα μπορεί να γίνει σε πλατεία;","άδεια_έκθεσης_ζώων_συντροφιάς"
"Πόσο γρήγορα βγαίνει η άδεια της διοργάνωσης με ζώα;","άδεια_έκθεσης_ζώων_συντροφιάς"
"Θα γίνονται και υιοθεσίες ζώων στην εκδήλωση.","άδεια_έκθεσης_ζώων_συντροφιάς"
"Χρειάζεται άδεια αν η εκδήλωση με τα ζώα είναι φιλανθρωπική;","άδεια_έκθεσης_ζώων_συντροφιάς"
"Ποια μέτρα ευζωίας απαιτούνται για τα ζώα;","άδεια_έκθεσης_ζώων_συντροφιάς"
"Η διοργάνωση αφορά μόνο σκύλους ή και γάτες;","άδεια_έκθεσης_ζώων_συντροφιάς"
"Μπορώ να ακυρώσω την άδεια της διοργάνωσης με ζώα;","άδεια_έκθεσης_ζώων_συντροφιάς"
"Πρέπει να ενημερώσω την αστυνομία για την εκδήλωση με ζώα;","άδεια_έκθεσης_ζώων_συντροφιάς"
"Πόσες φορές τον χρόνο επιτρέπεται τέτοια διοργάνωση με ζώα;","άδεια_έκθεσης_ζώων_συντροφιάς"
"Η εκδήλωση με τα ζώα θα γίνει σε ιδιωτικό χώρο, θέλει άδεια;","άδεια_έκθεσης_ζώων_συντροφιάς"
"Θέλω να κάνω έκθεση σκύλων, τι άδεια χρειάζομαι;","άδεια_έκθεσης_ζώων_συντροφιάς"
"Ρε παιδιά, πού βγάζω άδεια για έκθεση ζώων;","άδεια_έκθεσης_ζώων_συντροφιάς"
"Ο σύλλογός μας θέλει να κάνει έκθεση ζώων συντροφιάς.","άδεια_έκθεσης_ζώων_συντροφιάς"
"Πόσο κάνει η άδεια για την έκθεση ζώων;","άδεια_έκθεσης_ζώων_συντροφιάς"
"Πόσο νωρίς πρέπει να ζητήσω την άδεια για την έκθεση ζώων;","άδεια_έκθεσης_ζώων_συντροφιάς"
"Θέλει κτηνίατρο η έκθεση ζώων;","άδεια_έκθεσης_ζώων_συντροφιάς"
"Θα κάνουμε την έκθεση ζώων στην πλατεία, γίνεται;","άδεια_έκθεσης_ζώων_συντροφιάς"
"Πόσο θα περιμένω για την άδεια της έκθεσης ζώων;","άδεια_έκθεσης_ζώων_συντροφιάς"
"Πείτε μου τι χαρτιά θέλει η έκθεση ζώων.","άδεια_έκθεσης_ζώων_συντροφιάς"
"Έκανα αίτηση για την έκθεση ζώων και δεν με πήραν.","άδεια_έκθεσης_ζώων_συντροφιάς"
"Θέλει παράβολο η άδεια της έκθεσης ζώων;","άδεια_έκθεσης_ζώων_συντροφιάς"
"Θα φάω πρόστιμο αν κάνω την έκθεση ζώων χωρίς άδεια;","άδεια_έκθεσης_ζώων_συντροφιάς"
"Θα έχουμε και υιοθεσίες αδέσποτων στην έκθεση.","άδεια_έκθεσης_ζώων_συντροφιάς"
"Πόσα σκυλιά μπορούν να έρθουν στην έκθεση;","άδεια_έκθεσης_ζώων_συντροφιάς"
"Θέλουν βιβλιάρια υγείας τα ζώα της έκθεσης;","άδεια_έκθεσης_ζώων_συντροφιάς"
"Γίνεται online η αίτηση για την έκθεση ζώων;","άδεια_έκθεσης_ζώων_συντροφιάς"
"Ήρθα και μου είπαν ότι λείπει χαρτί για την έκθεση ζώων.","άδεια_έκθεσης_ζώων_συντροφιάς"
"Είναι φιλανθρωπική η έκθεση ζώων, θέλει πάλι άδεια;","άδεια_έκθεσης_ζώων_συντροφιάς"
"Θέλει ασφάλεια η έκθεση ζώων;","άδεια_έκθεσης_ζώων_συντροφιάς"
"Ποιος υπογράφει την αίτηση για την έκθεση ζώων συντροφιάς;","άδεια_έκθεσης_ζώων_συντροφιάς"
"Θα κάνουμε και καλλιστεία σκύλων στην έκθεση.","άδεια_έκθεσης_ζώων_συντροφιάς"
"Βιάζομαι, η έκθεση ζώων είναι σε δύο βδομάδες.","άδεια_έκθεσης_ζώων_συντροφιάς"
"Μπορώ να ακυρώσω την έκθεση ζώων αν χαλάσει ο καιρός;","άδεια_έκθεσης_ζώων_συντροφιάς"
"Θέλει σχεδιάγραμμα του χώρου η έκθεση ζώων;","άδεια_έκθεσης_ζώων_συντροφιάς"
"Θα κάνουμε την έκθεση ζώων σε ιδιωτικό οικόπεδο, θέλει άδεια;","άδεια_έκθεσης_ζώων_συντροφιάς"
"Ποιος θα έρθει να ελέγξει την έκθεση ζώων;","άδεια_έκθεσης_ζώων_συντροφιάς"
"Πόσο γρήγορα βγαίνει η άδεια για την έκθεση ζώων;","άδεια_έκθεσης_ζώων_συντροφιάς"
"Πού βρίσκω το έντυπο για την έκθεση ζώων;","άδεια_έκθεσης_ζώων_συντροφιάς"
"Θα έχει και γάτες η έκθεση, αλλάζει κάτι;","άδεια_έκθεσης_ζώων_συντροφιάς"
"Κάθε πότε μπορούμε να κάνουμε έκθεση ζώων;","άδεια_έκθεσης_ζώων_συντροφιάς"
"Θέλω να υποβάλω γενική αίτηση για θέματα Κ.Ο.Κ.","γενική_αίτηση_κοκ"
"Πού κάνω αίτηση για θέματα Κ.Ο.Κ. στον Δήμο;","γενική_αίτηση_κοκ"
"Ποια δικαιολογητικά χρειάζονται για αίτηση Κ.Ο.Κ.;","γενική_αίτηση_κοκ"
"Πόσο κοστίζει η αίτηση για θέματα Κ.Ο.Κ.;","γενική_αίτηση_κοκ"
"Πόσο καιρό παίρνει η αίτηση Κ.Ο.Κ.;","γενική_αίτηση_κοκ"
"Ποιο τμήμα εξετάζει τις αιτήσεις Κ.Ο.Κ.;","γενική_αίτηση_κοκ"
"Γίνεται ηλεκτρονικά η αίτηση για θέματα Κ.Ο.Κ.;","γενική_αίτηση_κοκ"
"Ζητώ με αίτηση Κ.Ο.Κ. θέση φορτοεκφόρτωσης.","γενική_αίτηση_κοκ"
"Η αίτηση Κ.Ο.Κ. αφορά απαγόρευση στάθμευσης στον δρόμο μου.","γενική_αίτηση_κοκ"
"Ποιος υπογράφει την αίτηση για θέματα Κ.Ο.Κ.;","γενική_αίτηση_κοκ"
"Μπορεί επιχείρηση να κάνει αίτηση Κ.Ο.Κ.;","γενική_αίτηση_κοκ"
"Χρειάζεται τοπογραφικό για την αίτηση Κ.Ο.Κ.;","γενική_αίτηση_κοκ"
"Έκανα αίτηση Κ.Ο.Κ. και περιμένω απάντηση.","γενική_αίτηση_κοκ"
"Ζητώ με αίτηση Κ.Ο.Κ. τοποθέτηση καθρέφτη ορατότητας.","γενική_αίτηση_κοκ"
"Η αίτηση Κ.Ο.Κ. πάει στην Επιτροπή Κυκλοφορίας;","γενική_αίτηση_κοκ"
"Πού βρίσκω το έντυπο της αίτησης Κ.Ο.Κ.;","γενική_αίτηση_κοκ"
"Χρειάζεται παράβολο για την αίτηση Κ.Ο.Κ.;","γενική_αίτηση_κοκ"
"Ζητώ μονοδρόμηση του δρόμου με αίτηση Κ.Ο.Κ.","γενική_αίτηση_κοκ"
"Η αίτηση Κ.Ο.Κ. αφορά σήμανση σε επικίνδυνη στροφή.","γενική_αίτηση_κοκ"
"Πόσο γρήγορα απαντάτε σε αίτηση Κ.Ο.Κ.;","γενική_αίτηση_κοκ"
"Μπορούν πολλοί κάτοικοι να κάνουν κοινή αίτηση Κ.Ο.Κ.;","γενική_αίτηση_κοκ"
"Ποια στοιχεία αναφέρω στην αίτηση Κ.Ο.Κ.;","γενική_αίτηση_κοκ"
"Η αίτηση Κ.Ο.Κ. αφορά τοποθέτηση κολονακίων.","γενική_αίτηση_κοκ"
"Χρειάζεται φωτογραφία στην αίτηση Κ.Ο.Κ.;","γενική_αίτηση_κοκ"
"Ζητώ με αίτηση Κ.Ο.Κ. διαγράμμιση διάβασης πεζών.","γενική_αίτηση_κοκ"
"Απορρίφθηκε η αίτηση Κ.Ο.Κ., μπορώ να ξανακάνω;","γενική_αίτηση_κοκ"
"Η αίτηση Κ.Ο.Κ. αφορά περιορισμό ταχύτητας στη γειτονιά.","γενική_αίτηση_κοκ"
"Ποιος αποφασίζει για τα αιτήματα Κ.Ο.Κ.;","γενική_αίτηση_κοκ"
"Χρειάζεται αυτοψία μετά την αίτηση Κ.Ο.Κ.;","γενική_αίτηση_κοκ"
"Ζητώ με αίτηση Κ.Ο.Κ. απαγόρευση διέλευσης φορτηγών.","γενική_αίτηση_κοκ"
"Η αίτηση Κ.Ο.Κ. αφορά θέση στάθμευσης για φόρτωση εμπορευμάτων.","γενική_αίτηση_κοκ"
"Πόσες αιτήσεις Κ.Ο.Κ. μπορώ να καταθέσω;","γενική_αίτηση_κοκ"
"Ζητώ με αίτηση Κ.Ο.Κ. πινακίδα απαγόρευσης στάθμευσης.","γενική_αίτηση_κοκ"
"Χρειάζεται σκαρίφημα του δρόμου στην αίτηση Κ.Ο.Κ.;","γενική_αίτηση_κοκ"
"Πώς ενημερώνομαι για την πορεία της αίτησης Κ.Ο.Κ.;","γενική_αίτηση_κοκ"
"Θέλω να ζητήσω κυκλοφοριακή ρύθμιση στον δρόμο μου.","γενική_αίτηση_κοκ"
"Πού κάνω αίτημα για σήμανση στη γειτονιά;","γενική_αίτηση_κοκ"
"Ποια δικαιολογητικά χρειάζονται για κυκλοφοριακό αίτημα;","γενική_αίτηση_κοκ"
"Πόσο κοστίζει το αίτημα για κυκλοφοριακή ρύθμιση;","γενική_αίτηση_κοκ"
"Πόσο καιρό παίρνει ένα κυκλοφοριακό αίτημα;","γενική_αίτηση_κοκ"
"Ποιο τμήμα εξετάζει τα κυκλοφοριακά αιτήματα;","γενική_αίτηση_κοκ"
"Γίνεται ηλεκτρονικά το αίτημα για κυκλοφοριακή ρύθμιση;","γενική_αίτηση_κοκ"
"Ζητώ θέση φορτοεκφόρτωσης μπροστά στο κατάστημά μου.","γενική_αίτηση_κοκ"
"Θέλω απαγόρευση στάθμευσης έξω από την είσοδό μου.","γενική_αίτηση_κοκ"
"Ποιος υπογράφει το αίτημα για την κυκλοφορία;","γενική_αίτηση_κοκ"
"Μπορεί επιχείρηση να ζητήσει κυκλοφοριακή ρύθμιση;","γενική_αίτηση_κοκ"
"Χρειάζεται τοπογραφικό για το κυκλοφοριακό αίτημα;","γενική_αίτηση_κοκ"
"Έκανα αίτημα για τη σήμανση και περιμένω απάντηση.","γενική_αίτηση_κοκ"
"Ζητώ τοποθέτηση καθρέφτη σε τυφλή έξοδο.","γενική_αίτηση_κοκ"
"Το αίτημα για την κυκλοφορία πάει στην Επιτροπή;","γενική_αίτηση_κοκ"
"Πού βρίσκω το έντυπο για κυκλοφοριακό αίτημα;","γενική_αίτηση_κοκ"
"Χρειάζεται παράβολο για το κυκλοφοριακό αίτημα;","γενική_αίτηση_κοκ"
"Ζητώ μονοδρόμηση του στενού μας.","γενική_αίτηση_κοκ"
"Θέλω σήμανση σε επικίνδυνη στροφή.","γενική_αίτηση_κοκ"
"Πόσο γρήγορα απαντάτε σε κυκλοφοριακό αίτημα;","γενική_αίτηση_κοκ"
"Μπορούμε πολλοί κάτοικοι να ζητήσουμε κυκλοφοριακή ρύθμιση μαζί;","γενική_αίτηση_κοκ"
"Ποια στοιχεία αναφέρω στο κυκλοφοριακό αίτημα;","γενική_αίτηση_κοκ"
"Ζητώ τοποθέτηση κολονακίων στο πεζοδρόμιο.","γενική_αίτηση_κοκ"
"Χρειάζεται φωτογραφία στο αίτημα για τη σήμανση;","γενική_αίτηση_κοκ"
"Θέλω διαγράμμιση διάβασης πεζών μπροστά στο σχολείο.","γενική_αίτηση_κοκ"
"Απορρίφθηκε το κυκλοφοριακό αίτημά μου, μπορώ να το ξανακάνω;","γενική_αίτηση_κοκ"
"Ζητώ περιορισμό ταχύτητας στη γειτονιά.","γενική_αίτηση_κοκ"
"Ποιος αποφασίζει για τα κυκλοφοριακά αιτήματα;","γενική_αίτηση_κοκ"
"Χρειάζεται αυτοψία μετά το αίτημα για τη σήμανση;","γενική_αίτηση_κοκ"
"Θέλω απαγόρευση διέλευσης φορτηγών στον δρόμο.","γενική_αίτηση_κοκ"
"Ζητώ θέση στάθμευσης για φόρτωση εμπορευμάτων.","γενική_αίτηση_κοκ"
"Πόσα κυκλοφοριακά αιτήματα μπορώ να καταθέσω;","γενική_αίτηση_κοκ"
"Θέλω πινακίδα απαγόρευσης στάθμευσης στη γωνία.","γενική_αίτηση_κοκ"
"Χρειάζεται σκαρίφημα του δρόμου στο κυκλοφοριακό αίτημα;","γενική_αίτηση_κοκ"
"Πώς ενημερώνομαι για την πορεία του κυκλοφοριακού αιτήματος;","γενική_αίτηση_κοκ"
"Ρε παιδιά, πού κάνω αίτηση για θέματα Κ.Ο.Κ.;","γενική_αίτηση_κοκ"
"Θέλω να μου βάλετε πινακίδα απαγόρευσης στάθμευσης.","γενική_αίτηση_κοκ"
"Παρκάρουν συνέχεια μπροστά στο γκαράζ μου, θέλω σήμανση.","γενική_αίτηση_κοκ"
"Πόσο κάνει η αίτηση Κ.Ο.Κ.;","γενική_αίτηση_κοκ"
"Θέλω καθρέφτη στη στροφή, δεν βλέπω τίποτα.","γενική_αίτηση_κοκ"
"Πόσο θα περιμένω για την αίτηση Κ.Ο.Κ.;","γενική_αίτηση_κοκ"
"Ο δρόμος μας θέλει μονοδρόμηση επειγόντως.","γενική_αίτηση_κοκ"
"Πείτε μου τι χαρτιά θέλει η αίτηση Κ.Ο.Κ.","γενική_αίτηση_κοκ"
"Έκανα αίτηση Κ.Ο.Κ. και δεν με πήραν.","γενική_αίτηση_κοκ"
"Θέλω θέση φόρτωσης για το μαγαζί μου.","γενική_αίτηση_κοκ"
"Τρέχουν τα αυτοκίνητα στον δρόμο, θέλουμε σαμαράκια.","γενική_αίτηση_κοκ"
"Γίνεται online η αίτηση για θέματα Κ.Ο.Κ.;","γενική_αίτηση_κοκ"
"Δεν βλέπουμε βγαίνοντας από το στενό, θέλουμε καθρέφτη.","γενική_αίτηση_κοκ"
"Θέλει παράβολο η αίτηση Κ.Ο.Κ.;","γενική_αίτηση_κοκ"
"Μπορούμε να ζητήσουμε τη σήμανση όλοι οι κάτοικοι του δρόμου μαζί;","γενική_αίτηση_κοκ"
"Θέλω διάβαση πεζών μπροστά στο σχολείο.","γενική_αίτηση_κοκ"
"Ήρθα και μου είπαν ότι λείπει χαρτί για την αίτηση Κ.Ο.Κ.","γενική_αίτηση_κοκ"
"Ποιος αποφασίζει τελικά για την αίτηση Κ.Ο.Κ.;","γενική_αίτηση_κοκ"
"Μπαίνουν φορτηγά στο στενό και το χαλάνε, θέλω απαγόρευση.","γενική_αίτηση_κοκ"
"Θέλω κολονάκια να μην παρκάρουν στο πεζοδρόμιο.","γενική_αίτηση_κοκ"
"Πόσο γρήγορα βγαίνει απάντηση για την αίτηση Κ.Ο.Κ.;","γενική_αίτηση_κοκ"
"Μου απέρριψαν το κυκλοφοριακό αίτημα, τι κάνω τώρα;","γενική_αίτηση_κοκ"
"Θα έρθει κανείς να δει τον δρόμο για τη σήμανση;","γενική_αίτηση_κοκ"
"Από πού κατεβάζω το έντυπο της αίτησης Κ.Ο.Κ.;","γενική_αίτηση_κοκ"
"Θέλω να μπει πινακίδα στοπ στη διασταύρωση.","γενική_αίτηση_κοκ"
"Βιάζομαι, γίνονται τροχαία κάθε βδομάδα σε αυτή τη γωνία.","γενική_αίτηση_κοκ"
"Πρέπει να επισυνάψω φωτογραφία στην αίτηση Κ.Ο.Κ.;","γενική_αίτηση_κοκ"
"Πάει στην επιτροπή η αίτηση Κ.Ο.Κ.;","γενική_αίτηση_κοκ"
"Θέλω απαγόρευση στάθμευσης στη γωνία του δρόμου.","γενική_αίτηση_κοκ"
"Ποιος υπογράφει την αίτηση Κ.Ο.Κ.;","γενική_αίτηση_κοκ"
"Θέλω να κάνω καταγγελία στη δημοτική αστυνομία.","καταγγελία_άλλα_θέματα"
"Πού υποβάλλω καταγγελία για άλλα θέματα;","καταγγελία_άλλα_θέματα"
"Ποια δικαιολογητικά χρειάζονται για την καταγγελία;","καταγγελία_άλλα_θέματα"
"Γίνεται ηλεκτρονικά η καταγγελία στον Δήμο;","καταγγελία_άλλα_θέματα"
"Η καταγγελία μου αφορά θόρυβο από κατάστημα.","καταγγελία_άλλα_θέματα"
"Ποιο τμήμα εξετάζει τις καταγγελίες πολιτών;","καταγγελία_άλλα_θέματα"
"Μπορώ να κάνω ανώνυμη καταγγελία;","καταγγελία_άλλα_θέματα"
"Πόσο καιρό παίρνει η εξέταση της καταγγελίας;","καταγγελία_άλλα_θέματα"
"Η καταγγελία αφορά τραπεζοκαθίσματα στο πεζοδρόμιο.","καταγγελία_άλλα_θέματα"
"Ποιος υπογράφει την καταγγελία;","καταγγελία_άλλα_θέματα"
"Χρειάζονται φωτογραφίες για την καταγγελία;","καταγγελία_άλλα_θέματα"
"Έκανα καταγγελία και δεν έγινε τίποτα.","καταγγελία_άλλα_θέματα"
"Η καταγγελία αφορά μουσική μετά τις δώδεκα.","καταγγελία_άλλα_θέματα"
"Πώς ενημερώνομαι για την πορεία της καταγγελίας;","καταγγελία_άλλα_θέματα"
"Μπορώ να κάνω καταγγελία για παράνομη διαφήμιση;","καταγγελία_άλλα_θέματα"
"Πού βρίσκω το έντυπο της καταγγελίας;","καταγγελία_άλλα_θέματα"
"Η καταγγελία αφορά κατάστημα που δεν τηρεί το ωράριο.","καταγγελία_άλλα_θέματα"
"Χρειάζεται παράβολο για την καταγγελία;","καταγγελία_άλλα_θέματα"
"Πόσες καταγγελίες μπορώ να κάνω;","καταγγελία_άλλα_θέματα"
"Η καταγγελία μου αφορά κατάληψη κοινόχρηστου χώρου.","καταγγελία_άλλα_θέματα"
"Ποιος ελέγχει μετά την καταγγελία;","καταγγελία_άλλα_θέματα"
"Γίνεται τηλεφωνικά η καταγγελία;","καταγγελία_άλλα_θέματα"
"Η καταγγελία αφορά σκουπίδια έξω από κατάστημα.","καταγγελία_άλλα_θέματα"
"Θα με ειδοποιήσετε για το αποτέλεσμα της καταγγελίας;","καταγγελία_άλλα_θέματα"
"Μπορεί να γίνει καταγγελία από πολλούς κατοίκους μαζί;","καταγγελία_άλλα_θέματα"
"Η καταγγελία αφορά παράνομη τοποθέτηση πινακίδας.","καταγγελία_άλλα_θέματα"
"Πόσο γρήγορα ενεργείτε μετά από καταγγελία;","καταγγελία_άλλα_θέματα"
"Χρειάζεται να δώσω τα στοιχεία μου στην καταγγελία;","καταγγελία_άλλα_θέματα"
"Η καταγγελία αφορά όχημα που εμποδίζει την είσοδο.","καταγγελία_άλλα_θέματα"
"Ζητώ έλεγχο μετά την καταγγελία μου.","καταγγελία_άλλα_θέματα"
"Η καταγγελία αφορά κατάστημα που πουλάει έξω από τον χώρο του.","καταγγελία_άλλα_θέματα"
"Ποια στοιχεία πρέπει να αναφέρω στην καταγγελία;","καταγγελία_άλλα_θέματα"
"Έκανα καταγγελία πριν έναν μήνα και περιμένω.","καταγγελία_άλλα_θέματα"
"Μπορώ να ανακαλέσω την καταγγελία μου;","καταγγελία_άλλα_θέματα"
"Η καταγγελία θα φτάσει στον καταγγελλόμενο;","καταγγελία_άλλα_θέματα"
"Θέλω να αναφέρω πρόβλημα στη δημοτική αστυνομία.","καταγγελία_άλλα_θέματα"
"Πού δηλώνω παράπονο για κατάστημα της γειτονιάς;","καταγγελία_άλλα_θέματα"
"Ποια στοιχεία χρειάζονται για να γίνει έλεγχος σε κατάστημα;","καταγγελία_άλλα_θέματα"
"Γίνεται ηλεκτρονικά η αναφορά στη δημοτική αστυνομία;","καταγγελία_άλλα_θέματα"
"Έχω θόρυβο από μπαρ κάθε βράδυ.","καταγγελία_άλλα_θέματα"
"Ποιο τμήμα ελέγχει τα καταστήματα;","καταγγελία_άλλα_θέματα"
"Μπορώ να αναφέρω το κατάστημα χωρίς να δώσω το όνομά μου;","καταγγελία_άλλα_θέματα"
"Πόσο καιρό παίρνει ο έλεγχος στο κατάστημα;","καταγγελία_άλλα_θέματα"
"Το κατάστημα έχει βγάλει τραπεζοκαθίσματα στο πεζοδρόμιο.","καταγγελία_άλλα_θέματα"
"Ποιος υπογράφει την αναφορά προς τη δημοτική αστυνομία;","καταγγελία_άλλα_θέματα"
"Χρειάζονται φωτογραφίες για την αναφορά;","καταγγελία_άλλα_θέματα"
"Ανέφερα το πρόβλημα στη δημοτική αστυνομία και δεν έγινε τίποτα.","καταγγελία_άλλα_θέματα"
"Παίζει μουσική μετά τις δώδεκα το μαγαζί.","καταγγελία_άλλα_θέματα"
"Πώς ενημερώνομαι για την πορεία της αναφοράς;","καταγγελία_άλλα_θέματα"
"Μπορώ να αναφέρω παράνομη διαφήμιση σε κολόνα;","καταγγελία_άλλα_θέματα"
"Πού βρίσκω το έντυπο της αναφοράς;","καταγγελία_άλλα_θέματα"
"Το κατάστημα λειτουργεί εκτός ωραρίου.","καταγγελία_άλλα_θέματα"
"Χρειάζεται παράβολο για την αναφορά;","καταγγελία_άλλα_θέματα"
"Πόσες αναφορές μπορώ να κάνω στη δημοτική αστυνομία;","καταγγελία_άλλα_θέματα"
"Έχουν πιάσει τον κοινόχρηστο χώρο με εμπορεύματα.","καταγγελία_άλλα_θέματα"
"Ποιος κάνει τον έλεγχο μετά την αναφορά;","καταγγελία_άλλα_θέματα"
"Γίνεται τηλεφωνικά η αναφορά στη δημοτική αστυνομία;","καταγγελία_άλλα_θέματα"
"Το μαγαζί αφήνει σκουπίδια στον δρόμο.","καταγγελία_άλλα_θέματα"
"Θα με ειδοποιήσετε για το αποτέλεσμα του ελέγχου;","καταγγελία_άλλα_θέματα"
"Μπορούμε πολλοί κάτοικοι να αναφέρουμε μαζί τον θόρυβο;","καταγγελία_άλλα_θέματα"
"Έβαλαν πινακίδα παράνομα στο πεζοδρόμιο.","καταγγελία_άλλα_θέματα"
"Πόσο γρήγορα ενεργεί η δημοτική αστυνομία;","καταγγελία_άλλα_θέματα"
"Χρειάζεται να δώσω τα στοιχεία μου στη δημοτική αστυνομία;","καταγγελία_άλλα_θέματα"
"Ένα όχημα εμποδίζει την είσοδο της πολυκατοικίας.","καταγγελία_άλλα_θέματα"
"Ζητώ έλεγχο από τη δημοτική αστυνομία.","καταγγελία_άλλα_θέματα"
"Το κατάστημα πουλάει έξω από τον χώρο του.","καταγγελία_άλλα_θέματα"
"Ποια στοιχεία πρέπει να αναφέρω στη δημοτική αστυνομία;","καταγγελία_άλλα_θέματα"
"Το ανέφερα πριν έναν μήνα στη δημοτική αστυνομία και περιμένω.","καταγγελία_άλλα_θέματα"
"Μπορώ να αποσύρω την αναφορά μου;","καταγγελία_άλλα_θέματα"
"Θα μάθει ο ιδιοκτήτης του καταστήματος ποιος τον ανέφερε;","καταγγελία_άλλα_θέματα"
"Θέλω να κάνω καταγγελία, πού πάω;","καταγγελία_άλλα_θέματα"
"Ρε παιδιά, το μαγαζί από κάτω μας τρελαίνει με τη μουσική.","καταγγελία_άλλα_θέματα"
"Γίνεται ανώνυμη η καταγγελία;","καταγγελία_άλλα_θέματα"
"Έχουν πιάσει όλο το πεζοδρόμιο με τραπέζια.","καταγγελία_άλλα_θέματα"
"Ποιον καλώ για τη δημοτική αστυνομία;","καταγγελία_άλλα_θέματα"
"Έκανα καταγγελία και δεν ήρθε κανείς.","καταγγελία_άλλα_θέματα"
"Δεν κοιμόμαστε από τον θόρυβο, κάντε κάτι.","καταγγελία_άλλα_θέματα"
"Πόσο θα περιμένω μετά την καταγγελία;","καταγγελία_άλλα_θέματα"
"Γίνεται online η καταγγελία;","καταγγελία_άλλα_θέματα"
"Θέλω να στείλω φωτογραφίες με την καταγγελία.","καταγγελία_άλλα_θέματα"
"Θα μάθει ο μαγαζάτορας ότι τον κατήγγειλα;","καταγγελία_άλλα_θέματα"
"Πείτε μου τι χρειάζεται η καταγγελία.","καταγγελία_άλλα_θέματα"
"Πουλάνε στον δρόμο χωρίς άδεια, θέλω να το καταγγείλω.","καταγγελία_άλλα_θέματα"
"Το μαγαζί δουλεύει μέχρι τις τρεις το πρωί.","καταγγελία_άλλα_θέματα"
"Ήρθα και μου είπαν ότι θέλει άλλο έντυπο για την καταγγελία.","καταγγελία_άλλα_θέματα"
"Πόσο γρήγορα έρχεται η δημοτική αστυνομία;","καταγγελία_άλλα_θέματα"
"Μας έκλεισαν την είσοδο με τα εμπορεύματα του καταστήματος.","καταγγελία_άλλα_θέματα"
"Μπορώ να πάρω πίσω την καταγγελία μου;","καταγγελία_άλλα_θέματα"
"Έβαλαν αφίσες παντού παράνομα, το καταγγέλλω;","καταγγελία_άλλα_θέματα"
"Θα μου πείτε τι έγινε με την καταγγελία;","καταγγελία_άλλα_θέματα"
"Το ζητήσαμε όλη η πολυκατοικία με καταγγελία και τίποτα.","καταγγελία_άλλα_θέματα"
"Πόσες φορές πρέπει να το καταγγείλω;","καταγγελία_άλλα_θέματα"
"Θέλει παράβολο η καταγγελία;","καταγγελία_άλλα_θέματα"
"Πετάνε τα σκουπίδια τους στον δρόμο, θέλω έλεγχο.","καταγγελία_άλλα_θέματα"
"Ένα αμάξι μας κλείνει το γκαράζ, ποιον καταγγέλλω;","καταγγελία_άλλα_θέματα"
"Από πού κατεβάζω το έντυπο της καταγγελίας;","καταγγελία_άλλα_θέματα"
"Πρέπει να δώσω το όνομά μου στην καταγγελία;","καταγγελία_άλλα_θέματα"
"Βιάζομαι, γίνεται χαμός με τον θόρυβο κάθε Σαββατοκύριακο.","καταγγελία_άλλα_θέματα"
"Ποιος θα έρθει να ελέγξει το κατάστημα;","καταγγελία_άλλα_θέματα"
"Καταγγελία θέλω να κάνω, όχι αίτηση.","καταγγελία_άλλα_θέματα"
"Θέλω να απομακρύνετε ογκώδη αντικείμενα από το πεζοδρόμιο.","ογκοδέματα"
"Πού δηλώνω ογκώδη αντικείμενα προς αποκομιδή;","ογκοδέματα"
"Πώς κλείνω ραντεβού για ογκώδη αντικείμενα;","ογκοδέματα"
"Πόσο κοστίζει η απομάκρυνση ογκωδών αντικειμένων;","ογκοδέματα"
"Πόσο καιρό παίρνει η αποκομιδή ογκωδών αντικειμένων;","ογκοδέματα"
"Ποιο τμήμα μαζεύει τα ογκώδη αντικείμενα;","ογκοδέματα"
"Γίνεται ηλεκτρονικά η δήλωση για ογκώδη αντικείμενα;","ογκοδέματα"
"Πόσα ογκώδη αντικείμενα μπορώ να βγάλω κάθε φορά;","ογκοδέματα"
"Τα ογκώδη αντικείμενα μένουν μέρες στο πεζοδρόμιο.","ογκοδέματα"
"Ποιες μέρες μαζεύετε ογκώδη αντικείμενα;","ογκοδέματα"
"Μπορώ να βγάλω ογκώδη αντικείμενα χωρίς ραντεβού;","ογκοδέματα"
"Υπάρχει πρόστιμο αν αφήσω ογκώδη αντικείμενα στον δρόμο;","ογκοδέματα"
"Τα ογκώδη αντικείμενα περιλαμβάνουν και ηλεκτρικές συσκευές;","ογκοδέματα"
"Δήλωσα ογκώδη αντικείμενα και δεν ήρθε κανείς.","ογκοδέματα"
"Πού αφήνω τα ογκώδη αντικείμενα μέχρι να έρθετε;","ογκοδέματα"
"Χρειάζεται να είμαι παρών όταν πάρετε τα ογκώδη αντικείμενα;","ογκοδέματα"
"Ποια ογκώδη αντικείμενα δεν παραλαμβάνετε;","ογκοδέματα"
"Πόσο γρήγορα μαζεύετε τα ογκώδη αντικείμενα;","ογκοδέματα"
"Τα ογκώδη αντικείμενα είναι από ανακαίνιση σπιτιού.","ογκοδέματα"
"Μπορεί η πολυκατοικία να δηλώσει ογκώδη αντικείμενα μαζί;","ογκοδέματα"
"Ποιο τηλέφωνο καλώ για ογκώδη αντικείμενα;","ογκοδέματα"
"Τα ογκώδη αντικείμενα εμποδίζουν τη διέλευση πεζών.","ογκοδέματα"
"Χρεώνεται η αποκομιδή ογκωδών αντικειμένων για επιχειρήσεις;","ογκοδέματα"
"Πόσο μεγάλα ογκώδη αντικείμενα παίρνετε;","ογκοδέματα"
"Δηλώνω ογκώδη αντικείμενα για συγκεκριμένη ημερομηνία.","ογκοδέματα"
"Τα ογκώδη αντικείμενα πρέπει να είναι δεμένα;","ογκοδέματα"
"Μπορώ να ακυρώσω τη δήλωση για ογκώδη αντικείμενα;","ογκοδέματα"
"Ποιος πληρώνει αν τα ογκώδη αντικείμενα δεν είναι δικά μου;","ογκοδέματα"
"Τα ογκώδη αντικείμενα ανακυκλώνονται;","ογκοδέματα"
"Πού βρίσκω το έντυπο για ογκώδη αντικείμενα;","ογκοδέματα"
"Τα ογκώδη αντικείμενα βγήκαν από μετακόμιση.","ογκοδέματα"
"Πόσες φορές τον μήνα μαζεύετε ογκώδη αντικείμενα;","ογκοδέματα"
"Κάποιος πέταξε ογκώδη αντικείμενα έξω από το σπίτι μου.","ογκοδέματα"
"Χρειάζεται να δηλώσω τι ογκώδη αντικείμενα θα βγάλω;","ογκοδέματα"
"Η αποκομιδή ογκωδών αντικειμένων γίνεται και Σαββατοκύριακο;","ογκοδέματα"
"Θέλω να μαζέψετε ένα παλιό ψυγείο από το πεζοδρόμιο.","ογκοδέματα"
"Πού δηλώνω έναν καναπέ για αποκομιδή;","ογκοδέματα"
"Πώς κλείνω ραντεβού για να πάρετε τα παλιά έπιπλα;","ογκοδέματα"
"Πόσο κοστίζει να πάρετε ένα στρώμα;","ογκοδέματα"
"Πόσο καιρό παίρνει να έρθει το φορτηγό για τα έπιπλα;","ογκοδέματα"
"Ποιο τμήμα μαζεύει τα παλιά έπιπλα;","ογκοδέματα"
"Γίνεται ηλεκτρονικά η δήλωση για τα παλιά αντικείμενα;","ογκοδέματα"
"Πόσα κομμάτια επίπλων μπορώ να βγάλω κάθε φορά;","ογκοδέματα"
"Το παλιό πλυντήριο μένει μέρες στο πεζοδρόμιο.","ογκοδέματα"
"Ποιες μέρες περνάει το συνεργείο για τα μεγάλα αντικείμενα;","ογκοδέματα"
"Μπορώ να βγάλω το ντουλάπι χωρίς ραντεβού;","ογκοδέματα"
"Υπάρχει πρόστιμο αν αφήσω παλιά έπιπλα στον δρόμο;","ογκοδέματα"
"Παίρνετε και ηλεκτρικές συσκευές;","ογκοδέματα"
"Δήλωσα το ψυγείο και δεν ήρθε κανείς.","ογκοδέματα"
"Πού αφήνω τον καναπέ μέχρι να έρθετε;","ογκοδέματα"
"Χρειάζεται να είμαι παρών όταν έρθει το συνεργείο για τα έπιπλα;","ογκοδέματα"
"Ποια αντικείμενα δεν παραλαμβάνετε;","ογκοδέματα"
"Πόσο γρήγορα έρχεται το συνεργείο για το στρώμα;","ογκοδέματα"
"Τα έπιπλα είναι από ανακαίνιση σπιτιού.","ογκοδέματα"
"Μπορεί η πολυκατοικία να δηλώσει τα έπιπλα όλα μαζί;","ογκοδέματα"
"Ποιο τηλέφωνο καλώ για να πάρετε το ψυγείο;","ογκοδέματα"
"Τα παλιά έπιπλα εμποδίζουν τη διέλευση πεζών.","ογκοδέματα"
"Χρεώνεται η αποκομιδή επίπλων για επιχειρήσεις;","ογκοδέματα"
"Πόσο μεγάλα αντικείμενα παίρνετε;","ογκοδέματα"
"Δηλώνω τα έπιπλα για συγκεκριμένη ημερομηνία.","ογκοδέματα"
"Πρέπει να είναι δεμένα τα παλιά χαλιά;","ογκοδέματα"
"Μπορώ να ακυρώσω τη δήλωση για τον καναπέ;","ογκοδέματα"
"Ποιος πληρώνει αν τα έπιπλα δεν είναι δικά μου;","ογκοδέματα"
"Ανακυκλώνονται οι παλιές συσκευές;","ογκοδέματα"
"Πού βρίσκω το έντυπο για την αποκομιδή επίπλων;","ογκοδέματα"
"Τα έπιπλα βγήκαν από μετακόμιση.","ογκοδέματα"
"Πόσες φορές τον μήνα περνάει το συνεργείο για τα έπιπλα;","ογκοδέματα"
"Κάποιος πέταξε ένα στρώμα έξω από το σπίτι μου.","ογκοδέματα"
"Χρειάζεται να δηλώσω τι ακριβώς έπιπλα θα βγάλω;","ογκοδέματα"
"Η αποκομιδή επίπλων γίνεται και Σαββατοκύριακο;","ογκοδέματα"
"Ρε παιδιά, έχω ένα ψυγείο να πετάξω, τι κάνω;","ογκοδέματα"
"Πότε θα έρθετε να πάρετε τα ογκώδη;","ογκοδέματα"
"Έβγαλα καναπέ και κάθεται μια βδομάδα στο πεζοδρόμιο.","ογκοδέματα"
"Πόσο κάνει να πάρετε τα ογκώδη αντικείμενα;","ογκοδέματα"
"Ποιον παίρνω τηλέφωνο για τα παλιά έπιπλα;","ογκοδέματα"
"Άλλαξα κουζίνα, πού τα πάω τα παλιά ντουλάπια;","ογκοδέματα"
"Θα φάω πρόστιμο αν αφήσω τα έπιπλα έξω;","ογκοδέματα"
"Δήλωσα τα ογκώδη και δεν ήρθε κανείς.","ογκοδέματα"
"Γίνεται online το ραντεβού για τα ογκώδη;","ογκοδέματα"
"Πόσα ογκώδη πράγματα μπορώ να βγάλω μαζί;","ογκοδέματα"
"Παίρνετε και πλυντήρια;","ογκοδέματα"
"Μετακομίζω και έχω πολλά ογκώδη.","ογκοδέματα"
"Πού να ακουμπήσω τα έπιπλα μέχρι να έρθετε;","ογκοδέματα"
"Κάποιος πέταξε στρώματα μπροστά στην πόρτα μου.","ογκοδέματα"
"Ποιες μέρες περνάτε για τα ογκώδη;","ογκοδέματα"
"Πρέπει να κατέβω κι εγώ όταν έρθετε για τα έπιπλα;","ογκοδέματα"
"Πόσο θα περιμένω για τα ογκώδη αντικείμενα;","ογκοδέματα"
"Έχω ένα τεράστιο ντουλάπι, το παίρνετε;","ογκοδέματα"
"Χρεώνεστε για το μαγαζί ή είναι δωρεάν η αποκομιδή;","ογκοδέματα"
"Πείτε μου τι πρέπει να κάνω για τα ογκώδη.","ογκοδέματα"
"Ανακυκλώνετε τις παλιές ηλεκτρικές συσκευές;","ογκοδέματα"
"Ήρθαν και πήραν τα μισά έπιπλα μόνο.","ογκοδέματα"
"Μπορώ να ακυρώσω το ραντεβού για τα ογκώδη;","ογκοδέματα"
"Έχει γεμίσει το πεζοδρόμιο με ογκώδη αντικείμενα.","ογκοδέματα"
"Δουλεύετε και Σάββατο για τα ογκώδη;","ογκοδέματα"
"Πού βρίσκω το έντυπο για τα ογκώδη;","ογκοδέματα"
"Να δέσω τα χαλιά ή να τα αφήσω έτσι;","ογκοδέματα"
"Βιάζομαι, παραδίδω το σπίτι την Παρασκευή και έχω έπιπλα.","ογκοδέματα"
"Πόσο μεγάλο αντικείμενο παίρνετε;","ογκοδέματα"
"Ο γείτονας πέταξε τα δικά του έπιπλα και κατηγορούν εμένα.","ογκοδέματα"
"Θέλω να καθαρίσετε ένα δημοτικό οικόπεδο δίπλα μου.","καθαρισμός_οικοπέδου_πυροπροστασία"
"Πού δηλώνω ακαθάριστο οικόπεδο του Δήμου;","καθαρισμός_οικοπέδου_πυροπροστασία"
"Ποια διαδικασία ακολουθώ για καθαρισμό οικοπέδου;","καθαρισμός_οικοπέδου_πυροπροστασία"
"Το οικόπεδο έχει γεμίσει ξερά χόρτα, κίνδυνος πυρκαγιάς.","καθαρισμός_οικοπέδου_πυροπροστασία"
"Πόσο καιρό παίρνει ο καθαρισμός του οικοπέδου;","καθαρισμός_οικοπέδου_πυροπροστασία"
"Ποιο τμήμα καθαρίζει τα δημοτικά οικόπεδα;","καθαρισμός_οικοπέδου_πυροπροστασία"
"Γίνεται ηλεκτρονικά η αίτηση για καθαρισμό οικοπέδου;","καθαρισμός_οικοπέδου_πυροπροστασία"
"Το οικόπεδο δίπλα μου είναι εγκαταλελειμμένο και επικίνδυνο.","καθαρισμός_οικοπέδου_πυροπροστασία"
"Ποιος ευθύνεται αν καεί ένα ακαθάριστο οικόπεδο;","καθαρισμός_οικοπέδου_πυροπροστασία"
"Δήλωσα το οικόπεδο και δεν ήρθε κανείς.","καθαρισμός_οικοπέδου_πυροπροστασία"
"Πρέπει να καθαρίσω εγώ το οικόπεδό μου για πυροπροστασία;","καθαρισμός_οικοπέδου_πυροπροστασία"
"Πόσο κοστίζει ο καθαρισμός δημοτικού οικοπέδου;","καθαρισμός_οικοπέδου_πυροπροστασία"
"Το οικόπεδο έχει φίδια και τρωκτικά από τα χόρτα.","καθαρισμός_οικοπέδου_πυροπροστασία"
"Μέχρι πότε πρέπει να καθαριστούν τα οικόπεδα;","καθαρισμός_οικοπέδου_πυροπροστασία"
"Υπάρχει πρόστιμο για ακαθάριστο οικόπεδο;","καθαρισμός_οικοπέδου_πυροπροστασία"
"Ζητώ αποψίλωση σε δημοτικό οικόπεδο της γειτονιάς.","καθαρισμός_οικοπέδου_πυροπροστασία"
"Ποιος ελέγχει αν καθαρίστηκε το οικόπεδο;","καθαρισμός_οικοπέδου_πυροπροστασία"
"Το οικόπεδο ανήκει στον Δήμο ή σε ιδιώτη;","καθαρισμός_οικοπέδου_πυροπροστασία"
"Πόσο γρήγορα καθαρίζετε ένα οικόπεδο μετά τη δήλωση;","καθαρισμός_οικοπέδου_πυροπροστασία"
"Χρειάζεται φωτογραφία του οικοπέδου στην αίτηση;","καθαρισμός_οικοπέδου_πυροπροστασία"
"Το οικόπεδο είναι δίπλα σε σχολείο, επείγει.","καθαρισμός_οικοπέδου_πυροπροστασία"
"Ποια στοιχεία δίνω για να βρείτε το οικόπεδο;","καθαρισμός_οικοπέδου_πυροπροστασία"
"Το οικόπεδο έχει και σκουπίδια εκτός από χόρτα.","καθαρισμός_οικοπέδου_πυροπροστασία"
"Κάθε πότε καθαρίζονται τα δημοτικά οικόπεδα;","καθαρισμός_οικοπέδου_πυροπροστασία"
"Δήλωσα ακαθάριστο οικόπεδο πέρσι και πάλι τα ίδια.","καθαρισμός_οικοπέδου_πυροπροστασία"
"Μπορούμε πολλοί κάτοικοι να δηλώσουμε το ίδιο οικόπεδο;","καθαρισμός_οικοπέδου_πυροπροστασία"
"Το οικόπεδο έπιασε φωτιά πέρσι το καλοκαίρι.","καθαρισμός_οικοπέδου_πυροπροστασία"
"Πού βρίσκω το έντυπο για τον καθαρισμό οικοπέδου;","καθαρισμός_οικοπέδου_πυροπροστασία"
"Ο ιδιοκτήτης του οικοπέδου δεν το καθαρίζει ποτέ.","καθαρισμός_οικοπέδου_πυροπροστασία"
"Το οικόπεδο εφάπτεται με το σπίτι μου.","καθαρισμός_οικοπέδου_πυροπροστασία"
"Ζητώ έλεγχο για ακαθάριστο οικόπεδο.","καθαρισμός_οικοπέδου_πυροπροστασία"
"Πόσα οικόπεδα μπορώ να δηλώσω μαζί;","καθαρισμός_οικοπέδου_πυροπροστασία"
"Το οικόπεδο έχει χόρτα δύο μέτρα ύψος.","καθαρισμός_οικοπέδου_πυροπροστασία"
"Χρειάζεται να δώσω τη διεύθυνση του οικοπέδου;","καθαρισμός_οικοπέδου_πυροπροστασία"
"Ποιος πληρώνει τον καθαρισμό αν το οικόπεδο είναι ιδιωτικό;","καθαρισμός_οικοπέδου_πυροπροστασία"
"Θέλω αποψίλωση σε δημοτικό χώρο δίπλα στο σπίτι μου.","καθαρισμός_οικοπέδου_πυροπροστασία"
"Πού δηλώνω ένα ακαθάριστο χωράφι του Δήμου;","καθαρισμός_οικοπέδου_πυροπροστασία"
"Ποια διαδικασία ακολουθώ για να κοπούν τα ξερά χόρτα;","καθαρισμός_οικοπέδου_πυροπροστασία"
"Έχει γεμίσει ξερά χόρτα και φοβάμαι για πυρκαγιά.","καθαρισμός_οικοπέδου_πυροπροστασία"
"Πόσο καιρό παίρνει η αποψίλωση;","καθαρισμός_οικοπέδου_πυροπροστασία"
"Ποιο τμήμα κάνει την αποψίλωση;","καθαρισμός_οικοπέδου_πυροπροστασία"
"Γίνεται ηλεκτρονικά η αίτηση για αποψίλωση;","καθαρισμός_οικοπέδου_πυροπροστασία"
"Ο χώρος δίπλα μου είναι εγκαταλελειμμένος και επικίνδυνος.","καθαρισμός_οικοπέδου_πυροπροστασία"
"Ποιος ευθύνεται αν καεί ο ακαθάριστος χώρος;","καθαρισμός_οικοπέδου_πυροπροστασία"
"Το δήλωσα και δεν ήρθε κανείς για την αποψίλωση.","καθαρισμός_οικοπέδου_πυροπροστασία"
"Πρέπει να κόψω εγώ τα χόρτα για πυροπροστασία;","καθαρισμός_οικοπέδου_πυροπροστασία"
"Πόσο κοστίζει η αποψίλωση από τον Δήμο;","καθαρισμός_οικοπέδου_πυροπροστασία"
"Έχει φίδια και τρωκτικά από τα ψηλά χόρτα.","καθαρισμός_οικοπέδου_πυροπροστασία"
"Μέχρι πότε πρέπει να γίνει η αποψίλωση;","καθαρισμός_οικοπέδου_πυροπροστασία"
"Υπάρχει πρόστιμο αν δεν κοπούν τα χόρτα;","καθαρισμός_οικοπέδου_πυροπροστασία"
"Ζητώ αποψίλωση σε δημοτικό χώρο της γειτονιάς.","καθαρισμός_οικοπέδου_πυροπροστασία"
"Ποιος ελέγχει αν έγινε η αποψίλωση;","καθαρισμός_οικοπέδου_πυροπροστασία"
"Ο χώρος με τα χόρτα ανήκει στον Δήμο ή σε ιδιώτη;","καθαρισμός_οικοπέδου_πυροπροστασία"
"Πόσο γρήγορα γίνεται η αποψίλωση μετά τη δήλωση;","καθαρισμός_οικοπέδου_πυροπροστασία"
"Χρειάζεται φωτογραφία στην αίτηση για αποψίλωση;","καθαρισμός_οικοπέδου_πυροπροστασία"
"Ο χώρος με τα χόρτα είναι δίπλα σε σχολείο, επείγει.","καθαρισμός_οικοπέδου_πυροπροστασία"
"Ποια στοιχεία δίνω για να βρείτε τον χώρο με τα χόρτα;","καθαρισμός_οικοπέδου_πυροπροστασία"
"Έχει και σκουπίδια εκτός από ξερά χόρτα.","καθαρισμός_οικοπέδου_πυροπροστασία"
"Κάθε πότε γίνεται αποψίλωση στους δημοτικούς χώρους;","καθαρισμός_οικοπέδου_πυροπροστασία"
"Το δήλωσα πέρσι για αποψίλωση και πάλι τα ίδια.","καθαρισμός_οικοπέδου_πυροπροστασία"
"Μπορούμε πολλοί κάτοικοι να δηλώσουμε τον ίδιο ακαθάριστο χώρο;","καθαρισμός_οικοπέδου_πυροπροστασία"
"Έπιασε φωτιά πέρσι το καλοκαίρι από τα ξερά χόρτα.","καθαρισμός_οικοπέδου_πυροπροστασία"
"Πού βρίσκω το έντυπο για την αποψίλωση;","καθαρισμός_οικοπέδου_πυροπροστασία"
"Ο ιδιοκτήτης δεν κόβει ποτέ τα χόρτα.","καθαρισμός_οικοπέδου_πυροπροστασία"
"Ο ακαθάριστος χώρος εφάπτεται με το σπίτι μου.","καθαρισμός_οικοπέδου_πυροπροστασία"
"Ζητώ έλεγχο για τα ξερά χόρτα.","καθαρισμός_οικοπέδου_πυροπροστασία"
"Πόσους χώρους με χόρτα μπορώ να δηλώσω μαζί;","καθαρισμός_οικοπέδου_πυροπροστασία"
"Τα χόρτα έχουν φτάσει δύο μέτρα ύψος.","καθαρισμός_οικοπέδου_πυροπροστασία"
"Χρειάζεται να δώσω τη διεύθυνση για την αποψίλωση;","καθαρισμός_οικοπέδου_πυροπροστασία"
"Ποιος πληρώνει την αποψίλωση αν ο χώρος είναι ιδιωτικός;","καθαρισμός_οικοπέδου_πυροπροστασία"
"Ρε παιδιά, το οικόπεδο δίπλα μου είναι ζούγκλα.","καθαρισμός_οικοπέδου_πυροπροστασία"
"Θα καεί η γειτονιά από τα ξερά χόρτα.","καθαρισμός_οικοπέδου_πυροπροστασία"
"Πότε θα έρθετε να καθαρίσετε το οικόπεδο;","καθαρισμός_οικοπέδου_πυροπροστασία"
"Ποιον παίρνω για ακαθάριστο οικόπεδο;","καθαρισμός_οικοπέδου_πυροπροστασία"
"Βγαίνουν φίδια από τα χόρτα, φοβάμαι.","καθαρισμός_οικοπέδου_πυροπροστασία"
"Πέρσι κάηκε το οικόπεδο και φέτος τα ίδια.","καθαρισμός_οικοπέδου_πυροπροστασία"
"Το δήλωσα το οικόπεδο και δεν ήρθε κανείς.","καθαρισμός_οικοπέδου_πυροπροστασία"
"Πόσο θα περιμένω για τον καθαρισμό του οικοπέδου;","καθαρισμός_οικοπέδου_πυροπροστασία"
"Ο ιδιοκτήτης δεν καθαρίζει ποτέ το οικόπεδο, τι κάνουμε;","καθαρισμός_οικοπέδου_πυροπροστασία"
"Γίνεται online η δήλωση για το οικόπεδο;","καθαρισμός_οικοπέδου_πυροπροστασία"
"Το οικόπεδο είναι δίπλα στο σχολείο, θα γίνει κακό.","καθαρισμός_οικοπέδου_πυροπροστασία"
"Πρέπει να καθαρίσω εγώ το οικόπεδό μου;","καθαρισμός_οικοπέδου_πυροπροστασία"
"Θα φάω πρόστιμο αν δεν κόψω τα χόρτα;","καθαρισμός_οικοπέδου_πυροπροστασία"
"Πείτε μου πού δηλώνω το ακαθάριστο οικόπεδο.","καθαρισμός_οικοπέδου_πυροπροστασία"
"Τα χόρτα έχουν φτάσει μέχρι τον φράχτη μου.","καθαρισμός_οικοπέδου_πυροπροστασία"
"Έχει και σκουπίδια μέσα το οικόπεδο.","καθαρισμός_οικοπέδου_πυροπροστασία"
"Ποιος πληρώνει τον καθαρισμό του οικοπέδου;","καθαρισμός_οικοπέδου_πυροπροστασία"
"Μπορούμε να δηλώσουμε το οικόπεδο όλοι οι γείτονες μαζί;","καθαρισμός_οικοπέδου_πυροπροστασία"
"Πόσο γρήγορα έρχεται το συνεργείο για την αποψίλωση;","καθαρισμός_οικοπέδου_πυροπροστασία"
"Το οικόπεδο είναι του Δήμου, γιατί δεν το καθαρίζετε;","καθαρισμός_οικοπέδου_πυροπροστασία"
"Έχει γεμίσει κουνούπια και τρωκτικά από τα χόρτα.","καθαρισμός_οικοπέδου_πυροπροστασία"
"Βιάζομαι, μπαίνει το καλοκαίρι και τα χόρτα είναι ψηλά.","καθαρισμός_οικοπέδου_πυροπροστασία"
"Πού βρίσκω το έντυπο για τον καθαρισμό του οικοπέδου;","καθαρισμός_οικοπέδου_πυροπροστασία"
"Χρειάζεται φωτογραφία του οικοπέδου;","καθαρισμός_οικοπέδου_πυροπροστασία"
"Ήρθαν, έκοψαν τα μισά χόρτα και έφυγαν.","καθαρισμός_οικοπέδου_πυροπροστασία"
"Κάθε καλοκαίρι τα ίδια με αυτό το οικόπεδο.","καθαρισμός_οικοπέδου_πυροπροστασία"
"Θέλω να δώσω τη διεύθυνση του οικοπέδου.","καθαρισμός_οικοπέδου_πυροπροστασία"
"Ποιος ελέγχει αν καθαρίστηκε τελικά το οικόπεδο;","καθαρισμός_οικοπέδου_πυροπροστασία"
"Το οικόπεδο ακουμπάει στην αυλή μου.","καθαρισμός_οικοπέδου_πυροπροστασία"
"Πόσα οικόπεδα μπορώ να δηλώσω;","καθαρισμός_οικοπέδου_πυροπροστασία"
